series_id,title,description,frequency,time_index_start,time_index_end,units,dataset_title,publisher_name,source,theme
149.1_SOR_PRIADO_OCTU_0_25,indice_salarios_registrado_sector_privado,Índice de Salarios. Empleo registrado. Sector privado.,R/P1M,2015-10-01,2026-04-01,Índice,Índice de salarios. Base octubre 2016,Subsecretaría de Programación Macroeconómica,Instituto Nacional de Estadística y Censos (INDEC),Empleo e Ingresos
149.1_SOR_PRIADO_OCTU_0_28,indice_salarios_no_registrado_sector_privado,Índice de Salarios. Empleo no registrado. Sector privado.,R/P1M,2016-10-01,2026-04-01,Índice,Índice de salarios. Base octubre 2016,Subsecretaría de Programación Macroeconómica,Instituto Nacional de Estadística y Censos (INDEC),Empleo e Ingresos
149.1_SOR_PUBICO_OCTU_0_14,indice_salarios_registrado_sector_publico,Índice de Salarios. Empleo registrado. Sector público.,R/P1M,2015-10-01,2026-04-01,Índice,Índice de salarios. Base octubre 2016,Subsecretaría de Programación Macroeconómica,Instituto Nacional de Estadística y Censos (INDEC),Empleo e Ingresos
149.1_TL_INDIIOS_OCTU_0_21,indice_salarios,Índice de Salarios,R/P1M,2016-10-01,2026-04-01,Índice,Índice de salarios. Base octubre 2016,Subsecretaría de Programación Macroeconómica,Instituto Nacional de Estadística y Censos (INDEC),Empleo e Ingresos
149.1_TL_REGIADO_OCTU_0_16,indice_salarios_registrado,Índice de Salarios. Empleo registrado.,R/P1M,2015-10-01,2026-04-01,Índice,Índice de salarios. Base octubre 2016,Subsecretaría de Programación Macroeconómica,Instituto Nacional de Estadística y Censos (INDEC),Empleo e Ingresos
151.1_AARIADODAD_2012_M_30,asalariados_pub_estacionalidad,Asalariados. Sector público. Con estacionalidad.,R/P1M,2012-01-01,2026-05-01,Miles de Personas,Trabajadores registrados según modalidad ocupacional principal. Base 2012,Subsecretaría de Programación Macroeconómica,"Secretaría de Trabajo, Empleo y Seguridad Social, Ministerio de Capital Humano",Empleo e Ingresos
151.1_AARIADODAD_2012_M_31,asalariados_priv_estacionalidad,Asalariados. Sector privado. Con estacionalidad.,R/P1M,2012-01-01,2026-05-01,Miles de Personas,Trabajadores registrados según modalidad ocupacional principal. Base 2012,Subsecretaría de Programación Macroeconómica,"Secretaría de Trabajo, Empleo y Seguridad Social, Ministerio de Capital Humano",Empleo e Ingresos
151.1_AARIADODAD_2012_M_45,asalariados_casas_particulares_estacionalidad,Asalariados. Casas particulares. Con estacionalidad.,R/P1M,2012-01-01,2026-05-01,Miles de Personas,Trabajadores registrados según modalidad ocupacional principal. Base 2012,Subsecretaría de Programación Macroeconómica,"Secretaría de Trabajo, Empleo y Seguridad Social, Ministerio de Capital Humano",Empleo e Ingresos
151.1_AARIADOTAC_2012_M_25,asalariados_pub_sin_estac,Asalariados. Sector público. Sin estacionalidad.,R/P1M,2012-01-01,2026-05-01,Miles de Personas,Trabajadores registrados según modalidad ocupacional principal. Base 2012,Subsecretaría de Programación Macroeconómica,"Secretaría de Trabajo, Empleo y Seguridad Social, Ministerio de Capital Humano",Empleo e Ingresos
151.1_AARIADOTAC_2012_M_26,asalariados_priv_sin_estac,Asalariados. Sector privado. Sin estacionalidad.,R/P1M,2012-01-01,2026-05-01,Miles de Personas,Trabajadores registrados según modalidad ocupacional principal. Base 2012,Subsecretaría de Programación Macroeconómica,"Secretaría de Trabajo, Empleo y Seguridad Social, Ministerio de Capital Humano",Empleo e Ingresos
151.1_AARIADOTAC_2012_M_40,asalariados_casas_particulares_sin_estac,Asalariados. Casas particulares. Sin estacionalidad.,R/P1M,2012-01-01,2026-05-01,Miles de Personas,Trabajadores registrados según modalidad ocupacional principal. Base 2012,Subsecretaría de Programación Macroeconómica,"Secretaría de Trabajo, Empleo y Seguridad Social, Ministerio de Capital Humano",Empleo e Ingresos
151.1_IPENDIEDAD_2012_M_39,independientes_autonomos_estacionalidad,Independientes autónomos. Con estacionalidad.,R/P1M,2012-01-01,2026-05-01,Miles de Personas,Trabajadores registrados según modalidad ocupacional principal. Base 2012,Subsecretaría de Programación Macroeconómica,"Secretaría de Trabajo, Empleo y Seguridad Social, Ministerio de Capital Humano",Empleo e Ingresos
151.1_IPENDIEDAD_2012_M_41,independientes_monotributo_estacionalidad,Independientes monotributo. Con estacionalidad.,R/P1M,2012-01-01,2026-05-01,Miles de Personas,Trabajadores registrados según modalidad ocupacional principal. Base 2012,Subsecretaría de Programación Macroeconómica,"Secretaría de Trabajo, Empleo y Seguridad Social, Ministerio de Capital Humano",Empleo e Ingresos
151.1_IPENDIEDAD_2012_M_48,independientes_monotributo_social_estacionalidad,Independientes monotributo social. Con estacionalidad.,R/P1M,2012-01-01,2026-05-01,Miles de Personas,Trabajadores registrados según modalidad ocupacional principal. Base 2012,Subsecretaría de Programación Macroeconómica,"Secretaría de Trabajo, Empleo y Seguridad Social, Ministerio de Capital Humano",Empleo e Ingresos
151.1_IPENDIETAC_2012_M_34,independientes_autonomos_sin_estac,Independientes autónomos. Sin estacionalidad.,R/P1M,2012-01-01,2026-05-01,Miles de Personas,Trabajadores registrados según modalidad ocupacional principal. Base 2012,Subsecretaría de Programación Macroeconómica,"Secretaría de Trabajo, Empleo y Seguridad Social, Ministerio de Capital Humano",Empleo e Ingresos
151.1_IPENDIETAC_2012_M_36,independientes_monotributo_sin_estac,Independientes con monotributo. Sin estacionalidad.,R/P1M,2012-01-01,2026-05-01,Miles de Personas,Trabajadores registrados según modalidad ocupacional principal. Base 2012,Subsecretaría de Programación Macroeconómica,"Secretaría de Trabajo, Empleo y Seguridad Social, Ministerio de Capital Humano",Empleo e Ingresos
151.1_IPENDIETAC_2012_M_43,independientes_monotributo_social_sin_estac,Independientes con monotributo social. Sin estacionalidad.,R/P1M,2012-01-01,2026-05-01,Miles de Personas,Trabajadores registrados según modalidad ocupacional principal. Base 2012,Subsecretaría de Programación Macroeconómica,"Secretaría de Trabajo, Empleo y Seguridad Social, Ministerio de Capital Humano",Empleo e Ingresos
151.1_TL_ESTADAD_2012_M_20,total_estacionalidad,Total de trabajadores. Con estacionalidad.,R/P1M,2012-01-01,2026-05-01,Miles de Personas,Trabajadores registrados según modalidad ocupacional principal. Base 2012,Subsecretaría de Programación Macroeconómica,"Secretaría de Trabajo, Empleo y Seguridad Social, Ministerio de Capital Humano",Empleo e Ingresos
151.1_TL_SIN_TAC_2012_M_15,total_sin_estac,Total de trabajadores. Sin estacionalidad.,R/P1M,2012-01-01,2026-05-01,Miles de Personas,Trabajadores registrados según modalidad ocupacional principal. Base 2012,Subsecretaría de Programación Macroeconómica,"Secretaría de Trabajo, Empleo y Seguridad Social, Ministerio de Capital Humano",Empleo e Ingresos
152.1_ACULTUREST_2009_M_43,agricultura_ganaderia_caza_silvicultura_est,"Asalariados. Sector privado. Agricultura, ganadería y caza. Con estacionalidad.",R/P1M,2009-01-01,2026-05-01,Miles de Personas,"Asalariados registrados del sector privado, por rama de actividad de la ocupación principal.",Subsecretaría de Programación Macroeconómica,"Secretaría de Trabajo, Empleo y Seguridad Social, Ministerio de Capital Humano",Empleo e Ingresos
152.1_ACULTUREST_2009_M_47,agricultura_ganaderia_caza_silvicultura_sin_est,"Asalariados. Sector privado. Agricultura, ganadería y caza. Sin estacionalidad.",R/P1M,2009-01-01,2026-05-01,Miles de Personas,"Asalariados registrados del sector privado, por rama de actividad de la ocupación principal.",Subsecretaría de Programación Macroeconómica,"Secretaría de Trabajo, Empleo y Seguridad Social, Ministerio de Capital Humano",Empleo e Ingresos
152.1_AVIDADEEST_2009_M_52,actividades_inmobiliarias_empresariales_alquiler_est,"Asalariados. Sector privado. Actividades inmobiliarias, empresariales y de alquiler. Con estacionalidad.",R/P1M,2009-01-01,2026-05-01,Miles de Personas,"Asalariados registrados del sector privado, por rama de actividad de la ocupación principal.",Subsecretaría de Programación Macroeconómica,"Secretaría de Trabajo, Empleo y Seguridad Social, Ministerio de Capital Humano",Empleo e Ingresos
152.1_AVIDADEEST_2009_M_56,actividades_inmobiliarias_empresariales_alquiler_sin_est,"Asalariados. Sector privado. Actividades inmobiliarias, empresariales y de alquiler. Sin estacionalidad.",R/P1M,2009-01-01,2026-05-01,Miles de Personas,"Asalariados registrados del sector privado, por rama de actividad de la ocupación principal.",Subsecretaría de Programación Macroeconómica,"Secretaría de Trabajo, Empleo y Seguridad Social, Ministerio de Capital Humano",Empleo e Ingresos
152.1_CRCIO_REST_2009_M_25,comercio_reparaciones_est,Asalariados. Sector privado. Comercio y reparaciones. Con estacionalidad.,R/P1M,2009-01-01,2026-05-01,Miles de Personas,"Asalariados registrados del sector privado, por rama de actividad de la ocupación principal.",Subsecretaría de Programación Macroeconómica,"Secretaría de Trabajo, Empleo y Seguridad Social, Ministerio de Capital Humano",Empleo e Ingresos
152.1_CRCIO_REST_2009_M_29,comercio_reparaciones_sin_est,Asalariados. Sector privado. Comercio y reparaciones. Sin estacionalidad.,R/P1M,2009-01-01,2026-05-01,Miles de Personas,"Asalariados registrados del sector privado, por rama de actividad de la ocupación principal.",Subsecretaría de Programación Macroeconómica,"Secretaría de Trabajo, Empleo y Seguridad Social, Ministerio de Capital Humano",Empleo e Ingresos
152.1_CTRUCCIEST_2009_M_16,construccion_est,Asalariados. Sector privado. Construcción. Con estacionalidad.,R/P1M,2009-01-01,2026-05-01,Miles de Personas,"Asalariados registrados del sector privado, por rama de actividad de la ocupación principal.",Subsecretaría de Programación Macroeconómica,"Secretaría de Trabajo, Empleo y Seguridad Social, Ministerio de Capital Humano",Empleo e Ingresos
152.1_CTRUCCIEST_2009_M_20,construccion_sin_est,Asalariados. Sector privado. sinstrucción. Sin estacionalidad.,R/P1M,2009-01-01,2026-05-01,Miles de Personas,"Asalariados registrados del sector privado, por rama de actividad de la ocupación principal.",Subsecretaría de Programación Macroeconómica,"Secretaría de Trabajo, Empleo y Seguridad Social, Ministerio de Capital Humano",Empleo e Ingresos
152.1_ENANZA_EST_2009_M_13,ensenanza_est,Asalariados. Sector privado. Enseñanza. Con estacionalidad.,R/P1M,2009-01-01,2026-05-01,Miles de Personas,"Asalariados registrados del sector privado, por rama de actividad de la ocupación principal.",Subsecretaría de Programación Macroeconómica,"Secretaría de Trabajo, Empleo y Seguridad Social, Ministerio de Capital Humano",Empleo e Ingresos
152.1_ENANZA_EST_2009_M_17,ensenanza_sin_est,Asalariados. Sector privado. Enseñanza. Sin estacionalidad.,R/P1M,2009-01-01,2026-05-01,Miles de Personas,"Asalariados registrados del sector privado, por rama de actividad de la ocupación principal.",Subsecretaría de Programación Macroeconómica,"Secretaría de Trabajo, Empleo y Seguridad Social, Ministerio de Capital Humano",Empleo e Ingresos
152.1_EOTACIOEST_2009_M_30,explotacion_minas_canteras_est,Asalariados. Sector privado. Explotación de minas y canteras. Con estacionalidad.,R/P1M,2009-01-01,2026-05-01,Miles de Personas,"Asalariados registrados del sector privado, por rama de actividad de la ocupación principal.",Subsecretaría de Programación Macroeconómica,"Secretaría de Trabajo, Empleo y Seguridad Social, Ministerio de Capital Humano",Empleo e Ingresos
152.1_EOTACIOEST_2009_M_34,explotacion_minas_canteras_sin_est,Asalariados. Sector privado. Explotación de minas y canteras. Sin estacionalidad.,R/P1M,2009-01-01,2026-05-01,Miles de Personas,"Asalariados registrados del sector privado, por rama de actividad de la ocupación principal.",Subsecretaría de Programación Macroeconómica,"Secretaría de Trabajo, Empleo y Seguridad Social, Ministerio de Capital Humano",Empleo e Ingresos
152.1_HLES_REEST_2009_M_24,hoteles_restaurantes_est,Asalariados. Sector privado. Hoteles y restaurantes. Con estacionalidad.,R/P1M,2009-01-01,2026-05-01,Miles de Personas,"Asalariados registrados del sector privado, por rama de actividad de la ocupación principal.",Subsecretaría de Programación Macroeconómica,"Secretaría de Trabajo, Empleo y Seguridad Social, Ministerio de Capital Humano",Empleo e Ingresos
152.1_HLES_REEST_2009_M_28,hoteles_restaurantes_sin_est,Asalariados. Sector privado. Hoteles y restaurantes. Sin estacionalidad.,R/P1M,2009-01-01,2026-05-01,Miles de Personas,"Asalariados registrados del sector privado, por rama de actividad de la ocupación principal.",Subsecretaría de Programación Macroeconómica,"Secretaría de Trabajo, Empleo y Seguridad Social, Ministerio de Capital Humano",Empleo e Ingresos
152.1_IRMEDIAEST_2009_M_29,intermediacion_financiera_est,Asalariados. Sector privado. Intermediación financiera. Con estacionalidad.,R/P1M,2009-01-01,2026-05-01,Miles de Personas,"Asalariados registrados del sector privado, por rama de actividad de la ocupación principal.",Subsecretaría de Programación Macroeconómica,"Secretaría de Trabajo, Empleo y Seguridad Social, Ministerio de Capital Humano",Empleo e Ingresos
152.1_IRMEDIAEST_2009_M_33,intermediacion_financiera_sin_est,Asalariados. Sector privado. Intermediación financiera. Sin estacionalidad.,R/P1M,2009-01-01,2026-05-01,Miles de Personas,"Asalariados registrados del sector privado, por rama de actividad de la ocupación principal.",Subsecretaría de Programación Macroeconómica,"Secretaría de Trabajo, Empleo y Seguridad Social, Ministerio de Capital Humano",Empleo e Ingresos
152.1_ISTRIASEST_2009_M_29,industrias_manufactureras_est,Asalariados. Sector privado. Industrias manufactureras. Con estacionalidad.,R/P1M,2009-01-01,2026-05-01,Miles de Personas,"Asalariados registrados del sector privado, por rama de actividad de la ocupación principal.",Subsecretaría de Programación Macroeconómica,"Secretaría de Trabajo, Empleo y Seguridad Social, Ministerio de Capital Humano",Empleo e Ingresos
152.1_ISTRIASEST_2009_M_33,industrias_manufactureras_sin_est,Asalariados. Sector privado. Industrias manufactureras. Sin estacionalidad.,R/P1M,2009-01-01,2026-05-01,Miles de Personas,"Asalariados registrados del sector privado, por rama de actividad de la ocupación principal.",Subsecretaría de Programación Macroeconómica,"Secretaría de Trabajo, Empleo y Seguridad Social, Ministerio de Capital Humano",Empleo e Ingresos
152.1_PA_ESTEST_2009_M_9,pesca_est,Asalariados. Sector privado. Pesca. Con estacionalidad.,R/P1M,2009-01-01,2026-05-01,Miles de Personas,"Asalariados registrados del sector privado, por rama de actividad de la ocupación principal.",Subsecretaría de Programación Macroeconómica,"Secretaría de Trabajo, Empleo y Seguridad Social, Ministerio de Capital Humano",Empleo e Ingresos
152.1_PA_SIN_EST_2009_M_13,pesca_sin_est,Asalariados. Sector privado. Pesca. Sin estacionalidad.,R/P1M,2009-01-01,2026-05-01,Miles de Personas,"Asalariados registrados del sector privado, por rama de actividad de la ocupación principal.",Subsecretaría de Programación Macroeconómica,"Secretaría de Trabajo, Empleo y Seguridad Social, Ministerio de Capital Humano",Empleo e Ingresos
152.1_SESPECIEST_2009_M_19,sin_especificar_est,Asalariados. Sector privado. Sin especificar. Con estacionalidad.,R/P1M,2009-01-01,2026-05-01,Miles de Personas,"Asalariados registrados del sector privado, por rama de actividad de la ocupación principal.",Subsecretaría de Programación Macroeconómica,"Secretaría de Trabajo, Empleo y Seguridad Social, Ministerio de Capital Humano",Empleo e Ingresos
152.1_SESPECIEST_2009_M_23,sin_especificar_sin_est,Asalariados. Sector privado. Sin especificar. Sin estacionalidad.,R/P1M,2009-01-01,2026-05-01,Miles de Personas,"Asalariados registrados del sector privado, por rama de actividad de la ocupación principal.",Subsecretaría de Programación Macroeconómica,"Secretaría de Trabajo, Empleo y Seguridad Social, Ministerio de Capital Humano",Empleo e Ingresos
152.1_SICIOS_EST_2009_M_28,servicios_sociales_salud_est,Asalariados. Sector privado. Servicios sociales y de salud. Con estacionalidad.,R/P1M,2009-01-01,2026-05-01,Miles de Personas,"Asalariados registrados del sector privado, por rama de actividad de la ocupación principal.",Subsecretaría de Programación Macroeconómica,"Secretaría de Trabajo, Empleo y Seguridad Social, Ministerio de Capital Humano",Empleo e Ingresos
152.1_SICIOS_EST_2009_M_32,servicios_sociales_salud_sin_est,Asalariados. Sector privado. Servicios sociales y de salud. Sin estacionalidad.,R/P1M,2009-01-01,2026-05-01,Miles de Personas,"Asalariados registrados del sector privado, por rama de actividad de la ocupación principal.",Subsecretaría de Programación Macroeconómica,"Secretaría de Trabajo, Empleo y Seguridad Social, Ministerio de Capital Humano",Empleo e Ingresos
152.1_SICIOS_EST_2009_M_46,servicios_comunitarios_sociales_personales_est,"Asalariados. Sector privado. Servicios comunitarios, sociales y personales. Con estacionalidad.",R/P1M,2009-01-01,2026-05-01,Miles de Personas,"Asalariados registrados del sector privado, por rama de actividad de la ocupación principal.",Subsecretaría de Programación Macroeconómica,"Secretaría de Trabajo, Empleo y Seguridad Social, Ministerio de Capital Humano",Empleo e Ingresos
152.1_SICIOS_EST_2009_M_50,servicios_comunitarios_sociales_personales_sin_est,"Asalariados. Sector privado. Servicios comunitarios, sociales y personales. Sin estacionalidad.",R/P1M,2009-01-01,2026-05-01,Miles de Personas,"Asalariados registrados del sector privado, por rama de actividad de la ocupación principal.",Subsecretaría de Programación Macroeconómica,"Secretaría de Trabajo, Empleo y Seguridad Social, Ministerio de Capital Humano",Empleo e Ingresos
152.1_SNISTROEST_2009_M_36,suministro_electricidad_gas_agua_est,"Asalariados. Sector privado. Suministro de electricidad, gas y agua. Con estacionalidad.",R/P1M,2009-01-01,2026-05-01,Miles de Personas,"Asalariados registrados del sector privado, por rama de actividad de la ocupación principal.",Subsecretaría de Programación Macroeconómica,"Secretaría de Trabajo, Empleo y Seguridad Social, Ministerio de Capital Humano",Empleo e Ingresos
152.1_SNISTROEST_2009_M_40,suministro_electricidad_gas_agua_sin_est,"Asalariados. Sector privado. Suministro de electricidad, gas y agua. Sin estacionalidad.",R/P1M,2009-01-01,2026-05-01,Miles de Personas,"Asalariados registrados del sector privado, por rama de actividad de la ocupación principal.",Subsecretaría de Programación Macroeconómica,"Secretaría de Trabajo, Empleo y Seguridad Social, Ministerio de Capital Humano",Empleo e Ingresos
152.1_TL_ESTEST_2009_M_9,total_est,Asalariados. Sector privado. Total. Con estacionalidad.,R/P1M,2009-01-01,2026-05-01,Miles de Personas,"Asalariados registrados del sector privado, por rama de actividad de la ocupación principal.",Subsecretaría de Programación Macroeconómica,"Secretaría de Trabajo, Empleo y Seguridad Social, Ministerio de Capital Humano",Empleo e Ingresos
152.1_TL_SIN_EST_2009_M_13,total_sin_est,Asalariados. Sector privado. Total. Sin estacionalidad.,R/P1M,2009-01-01,2026-05-01,Miles de Personas,"Asalariados registrados del sector privado, por rama de actividad de la ocupación principal.",Subsecretaría de Programación Macroeconómica,"Secretaría de Trabajo, Empleo y Seguridad Social, Ministerio de Capital Humano",Empleo e Ingresos
152.1_TSPORTEEST_2009_M_35,transporte_almacen_comunicacion_est,"Asalariados. Sector privado. Transporte, almacen y comunicación. Con estacionalidad.",R/P1M,2009-01-01,2026-05-01,Miles de Personas,"Asalariados registrados del sector privado, por rama de actividad de la ocupación principal.",Subsecretaría de Programación Macroeconómica,"Secretaría de Trabajo, Empleo y Seguridad Social, Ministerio de Capital Humano",Empleo e Ingresos
152.1_TSPORTEEST_2009_M_39,transporte_almacen_comunicacion_sin_est,"Asalariados. Sector privado. Transporte, almacen y comunicación. Sin estacionalidad.",R/P1M,2009-01-01,2026-05-01,Miles de Personas,"Asalariados registrados del sector privado, por rama de actividad de la ocupación principal.",Subsecretaría de Programación Macroeconómica,"Secretaría de Trabajo, Empleo y Seguridad Social, Ministerio de Capital Humano",Empleo e Ingresos
153.1_RNERACIANA_2009_M_20,asalariados_priv_remuneracion_mediana,Asalariados. Sector privado. Remuneracion mediana.,R/P1M,1995-01-01,2026-05-01,Pesos,Remuneración bruta de los asalariados registrados del sector privado,Subsecretaría de Programación Macroeconómica,"Secretaría de Trabajo, Empleo y Seguridad Social, Ministerio de Capital Humano",Empleo e Ingresos
153.1_RNERACIDIO_2009_M_21,asalariados_priv_remuneracion_promedio,Asalariados. Sector privado. Remuneracion promedio.,R/P1M,1995-01-01,2026-05-01,Pesos,Remuneración bruta de los asalariados registrados del sector privado,Subsecretaría de Programación Macroeconómica,"Secretaría de Trabajo, Empleo y Seguridad Social, Ministerio de Capital Humano",Empleo e Ingresos
154.1_BOS_AIRRES_C_0_0_12,asalariados_priv_buenos_aires,Asalariados. Sector privado. Provincia de Buenos Aires.,R/P1M,2009-01-01,2026-05-01,Miles de personas,"Asalariados registrados del sector privado, por provincia.",Subsecretaría de Programación Macroeconómica,"Secretaría de Trabajo, Empleo y Seguridad Social, Ministerio de Capital Humano",Empleo e Ingresos
154.1_CABA_C_0_0_4,asalariados_priv_caba,Asalariados. Sector privado. Ciudad Autónoma de Buenos Aires.,R/P1M,2009-01-01,2026-05-01,Miles de personas,"Asalariados registrados del sector privado, por provincia.",Subsecretaría de Programación Macroeconómica,"Secretaría de Trabajo, Empleo y Seguridad Social, Ministerio de Capital Humano",Empleo e Ingresos
154.1_CIENTESTES_C_0_0_10,asalariados_priv_corrientes,Asalariados. Sector privado. Provincia de Corrientes.,R/P1M,2009-01-01,2026-05-01,Miles de personas,"Asalariados registrados del sector privado, por provincia.",Subsecretaría de Programación Macroeconómica,"Secretaría de Trabajo, Empleo y Seguridad Social, Ministerio de Capital Humano",Empleo e Ingresos
154.1_CMARCARCA_C_0_0_9,asalariados_priv_catamarca,Asalariados. Sector privado. Provincia de Catamarca.,R/P1M,2009-01-01,2026-05-01,Miles de personas,"Asalariados registrados del sector privado, por provincia.",Subsecretaría de Programación Macroeconómica,"Secretaría de Trabajo, Empleo y Seguridad Social, Ministerio de Capital Humano",Empleo e Ingresos
154.1_COACO_C_0_0_5,asalariados_priv_chaco,Asalariados. Sector privado. Provincia de Chaco.,R/P1M,2009-01-01,2026-05-01,Miles de personas,"Asalariados registrados del sector privado, por provincia.",Subsecretaría de Programación Macroeconómica,"Secretaría de Trabajo, Empleo y Seguridad Social, Ministerio de Capital Humano",Empleo e Ingresos
154.1_COBAOBA_C_0_0_7,asalariados_priv_cordoba,Asalariados. Sector privado. Provincia de Córdoba.,R/P1M,2009-01-01,2026-05-01,Miles de personas,"Asalariados registrados del sector privado, por provincia.",Subsecretaría de Programación Macroeconómica,"Secretaría de Trabajo, Empleo y Seguridad Social, Ministerio de Capital Humano",Empleo e Ingresos
154.1_CUTBUT_C_0_0_6,asalariados_priv_chubut,Asalariados. Sector privado. Provincia de Chubut.,R/P1M,2009-01-01,2026-05-01,Miles de personas,"Asalariados registrados del sector privado, por provincia.",Subsecretaría de Programación Macroeconómica,"Secretaría de Trabajo, Empleo y Seguridad Social, Ministerio de Capital Humano",Empleo e Ingresos
154.1_EE_RIOSIOS_C_0_0_10,asalariados_priv_entre_rios,Asalariados. Sector privado. Provincia de Entre Ríos.,R/P1M,2009-01-01,2026-05-01,Miles de personas,"Asalariados registrados del sector privado, por provincia.",Subsecretaría de Programación Macroeconómica,"Secretaría de Trabajo, Empleo y Seguridad Social, Ministerio de Capital Humano",Empleo e Ingresos
154.1_FOSAOSA_C_0_0_7,asalariados_priv_formosa,Asalariados. Sector privado. Provincia de Formosa.,R/P1M,2009-01-01,2026-05-01,Miles de personas,"Asalariados registrados del sector privado, por provincia.",Subsecretaría de Programación Macroeconómica,"Secretaría de Trabajo, Empleo y Seguridad Social, Ministerio de Capital Humano",Empleo e Ingresos
154.1_JYJUY_C_0_0_5,asalariados_priv_jujuy,Asalariados. Sector privado. Provincia de Jujuy.,R/P1M,2009-01-01,2026-05-01,Miles de personas,"Asalariados registrados del sector privado, por provincia.",Subsecretaría de Programación Macroeconómica,"Secretaría de Trabajo, Empleo y Seguridad Social, Ministerio de Capital Humano",Empleo e Ingresos
154.1_LAMPAMPA_C_0_0_8,asalariados_priv_la_pampa,Asalariados. Sector privado. Provincia de La Pampa.,R/P1M,2009-01-01,2026-05-01,Miles de personas,"Asalariados registrados del sector privado, por provincia.",Subsecretaría de Programación Macroeconómica,"Secretaría de Trabajo, Empleo y Seguridad Social, Ministerio de Capital Humano",Empleo e Ingresos
154.1_LIOJAOJA_C_0_0_8,asalariados_priv_la_rioja,Asalariados. Sector privado. Provincia de La Rioja.,R/P1M,2009-01-01,2026-05-01,Miles de personas,"Asalariados registrados del sector privado, por provincia.",Subsecretaría de Programación Macroeconómica,"Secretaría de Trabajo, Empleo y Seguridad Social, Ministerio de Capital Humano",Empleo e Ingresos
154.1_MONESNES_C_0_0_8,asalariados_priv_misiones,Asalariados. Sector privado. Provincia de Misiones.,R/P1M,2009-01-01,2026-05-01,Miles de personas,"Asalariados registrados del sector privado, por provincia.",Subsecretaría de Programación Macroeconómica,"Secretaría de Trabajo, Empleo y Seguridad Social, Ministerio de Capital Humano",Empleo e Ingresos
154.1_MOZAOZA_C_0_0_7,asalariados_priv_mendoza,Asalariados. Sector privado. Provincia de Mendoza.,R/P1M,2009-01-01,2026-05-01,Miles de personas,"Asalariados registrados del sector privado, por provincia.",Subsecretaría de Programación Macroeconómica,"Secretaría de Trabajo, Empleo y Seguridad Social, Ministerio de Capital Humano",Empleo e Ingresos
154.1_NUENUEN_C_0_0_7,asalariados_priv_neuquen,Asalariados. Sector privado. Provincia de Neuquén.,R/P1M,2009-01-01,2026-05-01,Miles de personas,"Asalariados registrados del sector privado, por provincia.",Subsecretaría de Programación Macroeconómica,"Secretaría de Trabajo, Empleo y Seguridad Social, Ministerio de Capital Humano",Empleo e Ingresos
154.1_RNEGROGRO_C_0_0_9,asalariados_priv_rio_negro,Asalariados. Sector privado. Provincia de Río Negro.,R/P1M,2009-01-01,2026-05-01,Miles de personas,"Asalariados registrados del sector privado, por provincia.",Subsecretaría de Programación Macroeconómica,"Secretaría de Trabajo, Empleo y Seguridad Social, Ministerio de Capital Humano",Empleo e Ingresos
154.1_SALTA_C_0_0_5,asalariados_priv_salta,Asalariados. Sector privado. Provincia de Salta.,R/P1M,2009-01-01,2026-05-01,Miles de personas,"Asalariados registrados del sector privado, por provincia.",Subsecretaría de Programación Macroeconómica,"Secretaría de Trabajo, Empleo y Seguridad Social, Ministerio de Capital Humano",Empleo e Ingresos
154.1_SA_CRUZRUZ_C_0_0_10,asalariados_priv_santa_cruz,Asalariados. Sector privado. Provincia de Santa Cruz.,R/P1M,2009-01-01,2026-05-01,Miles de personas,"Asalariados registrados del sector privado, por provincia.",Subsecretaría de Programación Macroeconómica,"Secretaría de Trabajo, Empleo y Seguridad Social, Ministerio de Capital Humano",Empleo e Ingresos
154.1_SA_FE_FE_C_0_0_8,asalariados_priv_santa_fe,Asalariados. Sector privado. Provincia de Santa Fé.,R/P1M,2009-01-01,2026-05-01,Miles de personas,"Asalariados registrados del sector privado, por provincia.",Subsecretaría de Programación Macroeconómica,"Secretaría de Trabajo, Empleo y Seguridad Social, Ministerio de Capital Humano",Empleo e Ingresos
154.1_SIAGO_EERO_C_0_0_15,asalariados_priv_santiago_estero,Asalariados. Sector privado. Provincia de Santiago del Estero.,R/P1M,2009-01-01,2026-05-01,Miles de personas,"Asalariados registrados del sector privado, por provincia.",Subsecretaría de Programación Macroeconómica,"Secretaría de Trabajo, Empleo y Seguridad Social, Ministerio de Capital Humano",Empleo e Ingresos
154.1_SJUANUAN_C_0_0_8,asalariados_priv_san_juan,Asalariados. Sector privado. Provincia de San Juan.,R/P1M,2009-01-01,2026-05-01,Miles de personas,"Asalariados registrados del sector privado, por provincia.",Subsecretaría de Programación Macroeconómica,"Secretaría de Trabajo, Empleo y Seguridad Social, Ministerio de Capital Humano",Empleo e Ingresos
154.1_SLUISUIS_C_0_0_8,asalariados_priv_san_luis,Asalariados. Sector privado. Provincia de San Luis.,R/P1M,2009-01-01,2026-05-01,Miles de personas,"Asalariados registrados del sector privado, por provincia.",Subsecretaría de Programación Macroeconómica,"Secretaría de Trabajo, Empleo y Seguridad Social, Ministerio de Capital Humano",Empleo e Ingresos
154.1_TMANMAN_C_0_0_7,asalariados_priv_tucuman,Asalariados. Sector privado. Provincia de Tucumán.,R/P1M,2009-01-01,2026-05-01,Miles de personas,"Asalariados registrados del sector privado, por provincia.",Subsecretaría de Programación Macroeconómica,"Secretaría de Trabajo, Empleo y Seguridad Social, Ministerio de Capital Humano",Empleo e Ingresos
154.1_TRA_FUEEGO_C_0_0_12,asalariados_priv_tierra_fuego,"Asalariados. Sector privado. Provincia de Tierra del Fuego, Antártida e Islas del Atlántico Sur.",R/P1M,2009-01-01,2026-05-01,Miles de personas,"Asalariados registrados del sector privado, por provincia.",Subsecretaría de Programación Macroeconómica,"Secretaría de Trabajo, Empleo y Seguridad Social, Ministerio de Capital Humano",Empleo e Ingresos
154.2_BOS_AIRRES_S_0_0_12,asalariados_priv_sin_estac_buenos_aires,Asalariados. Sector privado. Sin Estacionalidad. Provincia de Buenos Aires.,R/P1M,2009-01-01,2026-05-01,Miles de personas,"Asalariados registrados del sector privado, por provincia.",Subsecretaría de Programación Macroeconómica,"Secretaría de Trabajo, Empleo y Seguridad Social, Ministerio de Capital Humano",Empleo e Ingresos
154.2_CABA_S_0_0_4,asalariados_priv_sin_estac_caba,Asalariados. Sector privado. Sin Estacionalidad. Ciudad Autónoma de Buenos Aires.,R/P1M,2009-01-01,2026-05-01,Miles de personas,"Asalariados registrados del sector privado, por provincia.",Subsecretaría de Programación Macroeconómica,"Secretaría de Trabajo, Empleo y Seguridad Social, Ministerio de Capital Humano",Empleo e Ingresos
154.2_CIENTESTES_S_0_0_10,asalariados_priv_sin_estac_corrientes,Asalariados. Sector privado. Sin Estacionalidad. Provincia de Corrientes.,R/P1M,2009-01-01,2026-05-01,Miles de personas,"Asalariados registrados del sector privado, por provincia.",Subsecretaría de Programación Macroeconómica,"Secretaría de Trabajo, Empleo y Seguridad Social, Ministerio de Capital Humano",Empleo e Ingresos
154.2_CMARCARCA_S_0_0_9,asalariados_priv_sin_estac_catamarca,Asalariados. Sector privado. Sin Estacionalidad. Provincia de Catamarca.,R/P1M,2009-01-01,2026-05-01,Miles de personas,"Asalariados registrados del sector privado, por provincia.",Subsecretaría de Programación Macroeconómica,"Secretaría de Trabajo, Empleo y Seguridad Social, Ministerio de Capital Humano",Empleo e Ingresos
154.2_COACO_S_0_0_5,asalariados_priv_sin_estac_chaco,Asalariados. Sector privado. Sin Estacionalidad. Provincia de Chaco.,R/P1M,2009-01-01,2026-05-01,Miles de personas,"Asalariados registrados del sector privado, por provincia.",Subsecretaría de Programación Macroeconómica,"Secretaría de Trabajo, Empleo y Seguridad Social, Ministerio de Capital Humano",Empleo e Ingresos
154.2_COBAOBA_S_0_0_7,asalariados_priv_sin_estac_cordoba,Asalariados. Sector privado. Sin Estacionalidad. Provincia de Córdoba.,R/P1M,2009-01-01,2026-05-01,Miles de personas,"Asalariados registrados del sector privado, por provincia.",Subsecretaría de Programación Macroeconómica,"Secretaría de Trabajo, Empleo y Seguridad Social, Ministerio de Capital Humano",Empleo e Ingresos
154.2_CUTBUT_S_0_0_6,asalariados_priv_sin_estac_chubut,Asalariados. Sector privado. Sin Estacionalidad. Provincia de Chubut.,R/P1M,2009-01-01,2026-05-01,Miles de personas,"Asalariados registrados del sector privado, por provincia.",Subsecretaría de Programación Macroeconómica,"Secretaría de Trabajo, Empleo y Seguridad Social, Ministerio de Capital Humano",Empleo e Ingresos
154.2_EE_RIOSIOS_S_0_0_10,asalariados_priv_sin_estac_entre_rios,Asalariados. Sector privado. Sin Estacionalidad. Provincia de Entre Ríos.,R/P1M,2009-01-01,2026-05-01,Miles de personas,"Asalariados registrados del sector privado, por provincia.",Subsecretaría de Programación Macroeconómica,"Secretaría de Trabajo, Empleo y Seguridad Social, Ministerio de Capital Humano",Empleo e Ingresos
154.2_FOSAOSA_S_0_0_7,asalariados_priv_sin_estac_formosa,Asalariados. Sector privado. Sin Estacionalidad. Provincia de Formosa.,R/P1M,2009-01-01,2026-05-01,Miles de personas,"Asalariados registrados del sector privado, por provincia.",Subsecretaría de Programación Macroeconómica,"Secretaría de Trabajo, Empleo y Seguridad Social, Ministerio de Capital Humano",Empleo e Ingresos
154.2_JYJUY_S_0_0_5,asalariados_priv_sin_estac_jujuy,Asalariados. Sector privado. Sin Estacionalidad. Provincia de Jujuy.,R/P1M,2009-01-01,2026-05-01,Miles de personas,"Asalariados registrados del sector privado, por provincia.",Subsecretaría de Programación Macroeconómica,"Secretaría de Trabajo, Empleo y Seguridad Social, Ministerio de Capital Humano",Empleo e Ingresos
154.2_LAMPAMPA_S_0_0_8,asalariados_priv_sin_estac_la_pampa,Asalariados. Sector privado. Sin Estacionalidad. Provincia de La Pampa.,R/P1M,2009-01-01,2026-05-01,Miles de personas,"Asalariados registrados del sector privado, por provincia.",Subsecretaría de Programación Macroeconómica,"Secretaría de Trabajo, Empleo y Seguridad Social, Ministerio de Capital Humano",Empleo e Ingresos
154.2_LIOJAOJA_S_0_0_8,asalariados_priv_sin_estac_la_rioja,Asalariados. Sector privado. Sin Estacionalidad. Provincia de La Rioja.,R/P1M,2009-01-01,2026-05-01,Miles de personas,"Asalariados registrados del sector privado, por provincia.",Subsecretaría de Programación Macroeconómica,"Secretaría de Trabajo, Empleo y Seguridad Social, Ministerio de Capital Humano",Empleo e Ingresos
154.2_MONESNES_S_0_0_8,asalariados_priv_sin_estac_misiones,Asalariados. Sector privado. Sin Estacionalidad. Provincia de Misiones.,R/P1M,2009-01-01,2026-05-01,Miles de personas,"Asalariados registrados del sector privado, por provincia.",Subsecretaría de Programación Macroeconómica,"Secretaría de Trabajo, Empleo y Seguridad Social, Ministerio de Capital Humano",Empleo e Ingresos
154.2_MOZAOZA_S_0_0_7,asalariados_priv_sin_estac_mendoza,Asalariados. Sector privado. Sin Estacionalidad. Provincia de Mendoza.,R/P1M,2009-01-01,2026-05-01,Miles de personas,"Asalariados registrados del sector privado, por provincia.",Subsecretaría de Programación Macroeconómica,"Secretaría de Trabajo, Empleo y Seguridad Social, Ministerio de Capital Humano",Empleo e Ingresos
154.2_NUENUEN_S_0_0_7,asalariados_priv_sin_estac_neuquen,Asalariados. Sector privado. Sin Estacionalidad. Provincia de Neuquén.,R/P1M,2009-01-01,2026-05-01,Miles de personas,"Asalariados registrados del sector privado, por provincia.",Subsecretaría de Programación Macroeconómica,"Secretaría de Trabajo, Empleo y Seguridad Social, Ministerio de Capital Humano",Empleo e Ingresos
154.2_RNEGROGRO_S_0_0_9,asalariados_priv_sin_estac_rio_negro,Asalariados. Sector privado. Sin Estacionalidad. Provincia de Río Negro.,R/P1M,2009-01-01,2026-05-01,Miles de personas,"Asalariados registrados del sector privado, por provincia.",Subsecretaría de Programación Macroeconómica,"Secretaría de Trabajo, Empleo y Seguridad Social, Ministerio de Capital Humano",Empleo e Ingresos
154.2_SALTA_S_0_0_5,asalariados_priv_sin_estac_salta,Asalariados. Sector privado. Sin Estacionalidad. Provincia de Salta.,R/P1M,2009-01-01,2026-05-01,Miles de personas,"Asalariados registrados del sector privado, por provincia.",Subsecretaría de Programación Macroeconómica,"Secretaría de Trabajo, Empleo y Seguridad Social, Ministerio de Capital Humano",Empleo e Ingresos
154.2_SA_CRUZRUZ_S_0_0_10,asalariados_priv_sin_estac_santa_cruz,Asalariados. Sector privado. Sin Estacionalidad. Provincia de Santa Cruz.,R/P1M,2009-01-01,2026-05-01,Miles de personas,"Asalariados registrados del sector privado, por provincia.",Subsecretaría de Programación Macroeconómica,"Secretaría de Trabajo, Empleo y Seguridad Social, Ministerio de Capital Humano",Empleo e Ingresos
154.2_SA_FE_FE_S_0_0_8,asalariados_priv_sin_estac_santa_fe,Asalariados. Sector privado. Sin Estacionalidad. Provincia de Santa Fé.,R/P1M,2009-01-01,2026-05-01,Miles de personas,"Asalariados registrados del sector privado, por provincia.",Subsecretaría de Programación Macroeconómica,"Secretaría de Trabajo, Empleo y Seguridad Social, Ministerio de Capital Humano",Empleo e Ingresos
154.2_SIAGO_EERO_S_0_0_15,asalariados_priv_sin_estac_santiago_estero,Asalariados. Sector privado. Sin Estacionalidad. Provincia de Santiago del Estero.,R/P1M,2009-01-01,2026-05-01,Miles de personas,"Asalariados registrados del sector privado, por provincia.",Subsecretaría de Programación Macroeconómica,"Secretaría de Trabajo, Empleo y Seguridad Social, Ministerio de Capital Humano",Empleo e Ingresos
154.2_SJUANUAN_S_0_0_8,asalariados_priv_sin_estac_san_juan,Asalariados. Sector privado. Sin Estacionalidad. Provincia de San Juan.,R/P1M,2009-01-01,2026-05-01,Miles de personas,"Asalariados registrados del sector privado, por provincia.",Subsecretaría de Programación Macroeconómica,"Secretaría de Trabajo, Empleo y Seguridad Social, Ministerio de Capital Humano",Empleo e Ingresos
154.2_SLUISUIS_S_0_0_8,asalariados_priv_sin_estac_san_luis,Asalariados. Sector privado. Sin Estacionalidad. Provincia de San Luis.,R/P1M,2009-01-01,2026-05-01,Miles de personas,"Asalariados registrados del sector privado, por provincia.",Subsecretaría de Programación Macroeconómica,"Secretaría de Trabajo, Empleo y Seguridad Social, Ministerio de Capital Humano",Empleo e Ingresos
154.2_TMANMAN_S_0_0_7,asalariados_priv_sin_estac_tucuman,Asalariados. Sector privado. Sin Estacionalidad. Provincia de Tucumán.,R/P1M,2009-01-01,2026-05-01,Miles de personas,"Asalariados registrados del sector privado, por provincia.",Subsecretaría de Programación Macroeconómica,"Secretaría de Trabajo, Empleo y Seguridad Social, Ministerio de Capital Humano",Empleo e Ingresos
154.2_TRA_FUEEGO_S_0_0_12,asalariados_priv_sin_estac_tierra_fuego,"Asalariados. Sector privado. Sin Estacionalidad. Provincia de Tierra del Fuego, Antártida e Islas del Atlántico Sur.",R/P1M,2009-01-01,2026-05-01,Miles de personas,"Asalariados registrados del sector privado, por provincia.",Subsecretaría de Programación Macroeconómica,"Secretaría de Trabajo, Empleo y Seguridad Social, Ministerio de Capital Humano",Empleo e Ingresos
155.1_ACULTURSCA_C_0_0_27,empleo_registrado_priv_agricultura_ganaderia_pesca,"Empleo registrado. Sector Privado. Agricultura, Ganadería y Pesca.",R/P3M,1996-01-01,2025-10-01,Puestos de trabajo,"Empleo registrado del sector privado, por sector de actividad.",Subsecretaría de Programación Macroeconómica,"Secretaría de Trabajo, Empleo y Seguridad Social, Ministerio de Capital Humano",Empleo e Ingresos
155.1_CRCIOCIO_C_0_0_8,empleo_registrado_priv_comercio,Empleo registrado. Sector Privado. Comercio.,R/P3M,1996-01-01,2025-10-01,Puestos de trabajo,"Empleo registrado del sector privado, por sector de actividad.",Subsecretaría de Programación Macroeconómica,"Secretaría de Trabajo, Empleo y Seguridad Social, Ministerio de Capital Humano",Empleo e Ingresos
155.1_CTRUCCIION_C_0_0_12,empleo_registrado_priv_construccion,Empleo registrado. Sector Privado. Construcción.,R/P3M,1996-01-01,2025-10-01,Puestos de trabajo,"Empleo registrado del sector privado, por sector de actividad.",Subsecretaría de Programación Macroeconómica,"Secretaría de Trabajo, Empleo y Seguridad Social, Ministerio de Capital Humano",Empleo e Ingresos
155.1_ETRICIDGUA_C_0_0_21,empleo_registrado_priv_electricidad_gas_agua,"Empleo registrado. Sector Privado. Electricidad, Gas y Agua.",R/P3M,1996-01-01,2025-10-01,Puestos de trabajo,"Empleo registrado del sector privado, por sector de actividad.",Subsecretaría de Programación Macroeconómica,"Secretaría de Trabajo, Empleo y Seguridad Social, Ministerio de Capital Humano",Empleo e Ingresos
155.1_ISTRIARIA_C_0_0_9,empleo_registrado_priv_industria,Empleo registrado. Sector Privado. Industria.,R/P3M,1996-01-01,2025-10-01,Puestos de trabajo,"Empleo registrado del sector privado, por sector de actividad.",Subsecretaría de Programación Macroeconómica,"Secretaría de Trabajo, Empleo y Seguridad Social, Ministerio de Capital Humano",Empleo e Ingresos
155.1_MRIA_PELEO_C_0_0_16,empleo_registrado_priv_mineria_petroleo,Empleo registrado. Sector Privado. Minería y Petróleo.,R/P3M,1996-01-01,2025-10-01,Puestos de trabajo,"Empleo registrado del sector privado, por sector de actividad.",Subsecretaría de Programación Macroeconómica,"Secretaría de Trabajo, Empleo y Seguridad Social, Ministerio de Capital Humano",Empleo e Ingresos
155.1_SICIOSIOS_C_0_0_9,empleo_registrado_priv_servicios,Empleo registrado. Sector Privado. Servicios.,R/P3M,1996-01-01,2025-10-01,Puestos de trabajo,"Empleo registrado del sector privado, por sector de actividad.",Subsecretaría de Programación Macroeconómica,"Secretaría de Trabajo, Empleo y Seguridad Social, Ministerio de Capital Humano",Empleo e Ingresos
155.1_TLTAL_C_0_0_5,empleo_registrado_priv_total,Empleo registrado. Sector Privado. Total.,R/P3M,1996-01-01,2025-10-01,Puestos de trabajo,"Empleo registrado del sector privado, por sector de actividad.",Subsecretaría de Programación Macroeconómica,"Secretaría de Trabajo, Empleo y Seguridad Social, Ministerio de Capital Humano",Empleo e Ingresos
155.2_ACULTURSCA_S_0_0_27,empleo_registrado_priv_sin_estac_agricultura_ganaderia_pesca,"Empleo registrado. Sector Privado. Sin Estacionalidad. Agricultura, Ganadería y Pesca.",R/P3M,1996-01-01,2025-10-01,Puestos de trabajo,"Empleo registrado del sector privado, por sector de actividad.",Subsecretaría de Programación Macroeconómica,"Secretaría de Trabajo, Empleo y Seguridad Social, Ministerio de Capital Humano",Empleo e Ingresos
155.2_CRCIOCIO_S_0_0_8,empleo_registrado_priv_sin_estac_comercio,Empleo registrado. Sector Privado. Sin Estacionalidad. Comercio.,R/P3M,1996-01-01,2025-10-01,Puestos de trabajo,"Empleo registrado del sector privado, por sector de actividad.",Subsecretaría de Programación Macroeconómica,"Secretaría de Trabajo, Empleo y Seguridad Social, Ministerio de Capital Humano",Empleo e Ingresos
155.2_CTRUCCIION_S_0_0_12,empleo_registrado_priv_sin_estac_construccion,Empleo registrado. Sector Privado. Sin Estacionalidad. Construcción.,R/P3M,1996-01-01,2025-10-01,Puestos de trabajo,"Empleo registrado del sector privado, por sector de actividad.",Subsecretaría de Programación Macroeconómica,"Secretaría de Trabajo, Empleo y Seguridad Social, Ministerio de Capital Humano",Empleo e Ingresos
155.2_ETRICIDGUA_S_0_0_21,empleo_registrado_priv_sin_estac_electricidad_gas_agua,"Empleo registrado. Sector Privado. Sin Estacionalidad. Electricidad, Gas y Agua.",R/P3M,1996-01-01,2025-10-01,Puestos de trabajo,"Empleo registrado del sector privado, por sector de actividad.",Subsecretaría de Programación Macroeconómica,"Secretaría de Trabajo, Empleo y Seguridad Social, Ministerio de Capital Humano",Empleo e Ingresos
155.2_ISTRIARIA_S_0_0_9,empleo_registrado_priv_sin_estac_industria,Empleo registrado. Sector Privado. Sin Estacionalidad. Industria.,R/P3M,1996-01-01,2025-10-01,Puestos de trabajo,"Empleo registrado del sector privado, por sector de actividad.",Subsecretaría de Programación Macroeconómica,"Secretaría de Trabajo, Empleo y Seguridad Social, Ministerio de Capital Humano",Empleo e Ingresos
155.2_MRIA_PELEO_S_0_0_16,empleo_registrado_priv_sin_estac_mineria_petroleo,Empleo registrado. Sector Privado. Sin Estacionalidad. Minería y Petróleo.,R/P3M,1996-01-01,2025-10-01,Puestos de trabajo,"Empleo registrado del sector privado, por sector de actividad.",Subsecretaría de Programación Macroeconómica,"Secretaría de Trabajo, Empleo y Seguridad Social, Ministerio de Capital Humano",Empleo e Ingresos
155.2_SICIOSIOS_S_0_0_9,empleo_registrado_priv_sin_estac_servicios,Empleo registrado. Sector Privado. Sin Estacionalidad. Servicios.,R/P3M,1996-01-01,2025-10-01,Puestos de trabajo,"Empleo registrado del sector privado, por sector de actividad.",Subsecretaría de Programación Macroeconómica,"Secretaría de Trabajo, Empleo y Seguridad Social, Ministerio de Capital Humano",Empleo e Ingresos
155.2_TLTAL_S_0_0_5,empleo_registrado_priv_sin_estac_total,Empleo registrado. Sector Privado. Sin Estacionalidad. Total.,R/P3M,1996-01-01,2025-10-01,Puestos de trabajo,"Empleo registrado del sector privado, por sector de actividad.",Subsecretaría de Programación Macroeconómica,"Secretaría de Trabajo, Empleo y Seguridad Social, Ministerio de Capital Humano",Empleo e Ingresos
156.1_ACULTURURA_0_0_39,agricultura_ganaderia_caza_silvicultura,Empleo registrado del sector agricultura_ganaderia_caza_silvicultura,R/P3M,1996-01-01,2019-01-01,Puestos de trabajo,"Empleo registrado del sector privado, por rama de actividad",Subsecretaría de Programación Macroeconómica,"Ministerio de Trabajo, Empleo y Seguridad Social",Empleo e Ingresos
156.1_CRCIO_PNOR_0_0_28,comercio_por_mayor_por_menor,Empleo registrado del sector comercio_por_mayor_por_menor,R/P3M,1996-01-01,2019-01-01,Puestos de trabajo,"Empleo registrado del sector privado, por rama de actividad",Subsecretaría de Programación Macroeconómica,"Ministerio de Trabajo, Empleo y Seguridad Social",Empleo e Ingresos
156.1_CTRUCCIION_0_0_12,construccion,Empleo registrado del sector construccion,R/P3M,1996-01-01,2019-01-01,Puestos de trabajo,"Empleo registrado del sector privado, por rama de actividad",Subsecretaría de Programación Macroeconómica,"Ministerio de Trabajo, Empleo y Seguridad Social",Empleo e Ingresos
156.1_ENIANZANZA_0_0_10,ensenianza,Empleo registrado del sector enseñanza,R/P3M,1996-01-01,2019-01-01,Puestos de trabajo,"Empleo registrado del sector privado, por rama de actividad",Subsecretaría de Programación Macroeconómica,"Ministerio de Trabajo, Empleo y Seguridad Social",Empleo e Ingresos
156.1_EOTACIORAS_0_0_26,explotacion_minas_canteras,Empleo registrado del sector explotacion_minas_canteras,R/P3M,1996-01-01,2019-01-01,Puestos de trabajo,"Empleo registrado del sector privado, por rama de actividad",Subsecretaría de Programación Macroeconómica,"Ministerio de Trabajo, Empleo y Seguridad Social",Empleo e Ingresos
156.1_ETRICIDGUA_0_0_21,electricidad_gas_agua,Empleo registrado del sector electricidad_gas_agua,R/P3M,1996-01-01,2019-01-01,Puestos de trabajo,"Empleo registrado del sector privado, por rama de actividad",Subsecretaría de Programación Macroeconómica,"Ministerio de Trabajo, Empleo y Seguridad Social",Empleo e Ingresos
156.1_HLERIA_TES_0_0_22,hoteleria_restaurantes,Empleo registrado del sector hotelería_restaurantes,R/P3M,1996-01-01,2019-01-01,Puestos de trabajo,"Empleo registrado del sector privado, por rama de actividad",Subsecretaría de Programación Macroeconómica,"Ministerio de Trabajo, Empleo y Seguridad Social",Empleo e Ingresos
156.1_IRMEDIANAN_0_0_41,intermediacion_financiera_otros_ser_finan,Empleo registrado del sector intermediacion_financiera_otros_ser_finan,R/P3M,1996-01-01,2019-01-01,Puestos de trabajo,"Empleo registrado del sector privado, por rama de actividad",Subsecretaría de Programación Macroeconómica,"Ministerio de Trabajo, Empleo y Seguridad Social",Empleo e Ingresos
156.1_ISTRIA_ERA_0_0_23,industria_manufacturera,Empleo registrado del sector industria_manufacturera,R/P3M,1996-01-01,2019-01-01,Puestos de trabajo,"Empleo registrado del sector privado, por rama de actividad",Subsecretaría de Programación Macroeconómica,"Ministerio de Trabajo, Empleo y Seguridad Social",Empleo e Ingresos
156.1_PA_SERVXOS_0_0_23,pesca_servicios_conexos,Empleo registrado del sector pesca_servicios_conexos,R/P3M,1996-01-01,2019-01-01,Puestos de trabajo,"Empleo registrado del sector privado, por rama de actividad",Subsecretaría de Programación Macroeconómica,"Ministerio de Trabajo, Empleo y Seguridad Social",Empleo e Ingresos
156.1_SICIOS_LER_0_0_46,servicios_inmobiliarios_empresariales_alquiler,Empleo registrado del sector servicios_inmobiliarios_empresariales_alquiler,R/P3M,1996-01-01,2019-01-01,Puestos de trabajo,"Empleo registrado del sector privado, por rama de actividad",Subsecretaría de Programación Macroeconómica,"Ministerio de Trabajo, Empleo y Seguridad Social",Empleo e Ingresos
156.1_SICIOS_LES_0_0_42,servicios_comunitarios_sociales_personales,Empleo registrado del sector servicios_comunitarios_sociales_personales,R/P3M,1996-01-01,2019-01-01,Puestos de trabajo,"Empleo registrado del sector privado, por rama de actividad",Subsecretaría de Programación Macroeconómica,"Ministerio de Trabajo, Empleo y Seguridad Social",Empleo e Ingresos
156.1_SICIOS_LUD_0_0_24,servicios_sociales_salud,Empleo registrado del sector servicios_sociales_salud,R/P3M,1996-01-01,2019-01-01,Puestos de trabajo,"Empleo registrado del sector privado, por rama de actividad",Subsecretaría de Programación Macroeconómica,"Ministerio de Trabajo, Empleo y Seguridad Social",Empleo e Ingresos
156.1_TLTAL_0_0_5,total,Total empleo registrado,R/P3M,1996-01-01,2019-01-01,Puestos de trabajo,"Empleo registrado del sector privado, por rama de actividad",Subsecretaría de Programación Macroeconómica,"Ministerio de Trabajo, Empleo y Seguridad Social",Empleo e Ingresos
156.1_TSPORTENES_0_0_40,transporte_almacenamiento_comunicaciones,Empleo registrado del sector transporte_almacenamiento_comunicaciones,R/P3M,1996-01-01,2019-01-01,Puestos de trabajo,"Empleo registrado del sector privado, por rama de actividad",Subsecretaría de Programación Macroeconómica,"Ministerio de Trabajo, Empleo y Seguridad Social",Empleo e Ingresos
157.1_ACULTURURA_C_0_0_39,rem_bruta_asal_agricultura_ganaderia_caza_silvicultura,"Rem. bruta promedio asalariados reg. Sector priv. Agricultura, Ganadería, Caza y Silvicultura.",R/P1M,1995-01-01,2026-03-01,Pesos corrientes,Remuneración bruta de los asalariados registrados del sector privado según rama de actividad,Subsecretaría de Programación Macroeconómica,"Secretaría de Trabajo, Empleo y Seguridad Social, Ministerio de Capital Humano",Empleo e Ingresos
157.1_AVIDADELER_C_0_0_48,rem_bruta_asal_acti_inmobiliarias_empresariales_alquiler,"Rem. bruta promedio asalariados reg. Sector priv. Serv. Inmobiliarios, Empresariales y de Alquiler.",R/P1M,1995-01-01,2026-03-01,Pesos corrientes,Remuneración bruta de los asalariados registrados del sector privado según rama de actividad,Subsecretaría de Programación Macroeconómica,"Secretaría de Trabajo, Empleo y Seguridad Social, Ministerio de Capital Humano",Empleo e Ingresos
157.1_CRCIO_RNES_C_0_0_21,rem_bruta_asal_comercio_reparaciones,Rem. bruta promedio asalariados reg. Sector priv. Comercio al por Mayor y Menor.,R/P1M,1995-01-01,2026-03-01,Pesos corrientes,Remuneración bruta de los asalariados registrados del sector privado según rama de actividad,Subsecretaría de Programación Macroeconómica,"Secretaría de Trabajo, Empleo y Seguridad Social, Ministerio de Capital Humano",Empleo e Ingresos
157.1_CTRUCCIION_C_0_0_12,rem_bruta_asal_construccion,Rem. bruta promedio asalariados reg. Sector priv. Construcción.,R/P1M,1995-01-01,2026-03-01,Pesos corrientes,Remuneración bruta de los asalariados registrados del sector privado según rama de actividad,Subsecretaría de Programación Macroeconómica,"Secretaría de Trabajo, Empleo y Seguridad Social, Ministerio de Capital Humano",Empleo e Ingresos
157.1_ENIANZANZA_C_0_0_10,rem_bruta_asal_ensenianza,Rem. bruta promedio asalariados reg. Sector priv. Enseñanza.,R/P1M,1995-04-01,2026-03-01,Pesos corrientes,Remuneración bruta de los asalariados registrados del sector privado según rama de actividad,Subsecretaría de Programación Macroeconómica,"Secretaría de Trabajo, Empleo y Seguridad Social, Ministerio de Capital Humano",Empleo e Ingresos
157.1_EOTACIORAS_C_0_0_26,rem_bruta_asal_explotacion_minas_canteras,Rem. bruta promedio asalariados reg. Sector priv. Explotación de Minas y Canteras.,R/P1M,1995-01-01,2026-03-01,Pesos corrientes,Remuneración bruta de los asalariados registrados del sector privado según rama de actividad,Subsecretaría de Programación Macroeconómica,"Secretaría de Trabajo, Empleo y Seguridad Social, Ministerio de Capital Humano",Empleo e Ingresos
157.1_HLES_RETES_C_0_0_20,rem_bruta_asal_hoteles_restaurantes,Rem. bruta promedio asalariados reg. Sector priv. Hotelería y Restaurantes.,R/P1M,1995-01-01,2026-03-01,Pesos corrientes,Remuneración bruta de los asalariados registrados del sector privado según rama de actividad,Subsecretaría de Programación Macroeconómica,"Secretaría de Trabajo, Empleo y Seguridad Social, Ministerio de Capital Humano",Empleo e Ingresos
157.1_IRMEDIAERA_C_0_0_25,rem_bruta_asal_intermediacion_financiera,Rem. bruta promedio asalariados reg. Sector priv. Intermediación Financ. y Otros Servicios Financ.,R/P1M,1995-01-01,2026-03-01,Pesos corrientes,Remuneración bruta de los asalariados registrados del sector privado según rama de actividad,Subsecretaría de Programación Macroeconómica,"Secretaría de Trabajo, Empleo y Seguridad Social, Ministerio de Capital Humano",Empleo e Ingresos
157.1_ISTRIASRAS_C_0_0_25,rem_bruta_asal_industrias_manufactureras,Rem. bruta promedio asalariados reg. Sector priv. Industria Manufacturera.,R/P1M,1995-01-01,2026-03-01,Pesos corrientes,Remuneración bruta de los asalariados registrados del sector privado según rama de actividad,Subsecretaría de Programación Macroeconómica,"Secretaría de Trabajo, Empleo y Seguridad Social, Ministerio de Capital Humano",Empleo e Ingresos
157.1_OS_ACTILES_C_0_0_55,rem_bruta_asal_otras_acti_comunitarias_soc_personales,"Rem. bruta promedio asalariados reg. Sector priv. Servicios Comunitarios, Sociales y Personales.",R/P1M,1995-01-01,2026-03-01,Pesos corrientes,Remuneración bruta de los asalariados registrados del sector privado según rama de actividad,Subsecretaría de Programación Macroeconómica,"Secretaría de Trabajo, Empleo y Seguridad Social, Ministerio de Capital Humano",Empleo e Ingresos
157.1_PASCA_C_0_0_5,rem_bruta_asal_pesca,Rem. bruta promedio asalariados reg. Sector priv. Pesca y Servicios Conexos.,R/P1M,1995-01-01,2026-03-01,Pesos corrientes,Remuneración bruta de los asalariados registrados del sector privado según rama de actividad,Subsecretaría de Programación Macroeconómica,"Secretaría de Trabajo, Empleo y Seguridad Social, Ministerio de Capital Humano",Empleo e Ingresos
157.1_SICIOS_LUD_C_0_0_24,rem_bruta_asal_servicios_sociales_salud,Rem. bruta promedio asalariados reg. Sector priv. Servicios Sociales y de Salud.,R/P1M,1995-01-01,2026-03-01,Pesos corrientes,Remuneración bruta de los asalariados registrados del sector privado según rama de actividad,Subsecretaría de Programación Macroeconómica,"Secretaría de Trabajo, Empleo y Seguridad Social, Ministerio de Capital Humano",Empleo e Ingresos
157.1_SNISTROGUA_C_0_0_32,rem_bruta_asal_suministro_electricidad_gas_agua,"Rem. bruta promedio asalariados reg. Sector priv. Electricidad, Gas y Agua.",R/P1M,1995-01-01,2026-03-01,Pesos corrientes,Remuneración bruta de los asalariados registrados del sector privado según rama de actividad,Subsecretaría de Programación Macroeconómica,"Secretaría de Trabajo, Empleo y Seguridad Social, Ministerio de Capital Humano",Empleo e Ingresos
157.1_TLTAL_C_0_0_5,rem_bruta_asal_total,Rem. bruta promedio asalariados reg. Sector priv. Total.,R/P1M,1995-01-01,2026-03-01,Pesos corrientes,Remuneración bruta de los asalariados registrados del sector privado según rama de actividad,Subsecretaría de Programación Macroeconómica,"Secretaría de Trabajo, Empleo y Seguridad Social, Ministerio de Capital Humano",Empleo e Ingresos
157.1_TSPORTENES_C_0_0_40,rem_bruta_asal_transporte_almacenamiento_comunicaciones,"Rem. bruta promedio asalariados reg. Sector priv. Transporte, Almacenamiento y Comunicaciones.",R/P1M,1995-01-01,2026-03-01,Pesos corrientes,Remuneración bruta de los asalariados registrados del sector privado según rama de actividad,Subsecretaría de Programación Macroeconómica,"Secretaría de Trabajo, Empleo y Seguridad Social, Ministerio de Capital Humano",Empleo e Ingresos
157.2_ACULTURURA_S_0_0_39,rem_bruta_asal_sin_est_agric_ganaderia_caza_silvicultura,"Rem. bruta promedio asal. reg. Priv. Sin Estac. Agricultura, Ganadería, Caza y Silvicultura.",R/P1M,1995-01-01,2026-03-01,Pesos corrientes,Remuneración bruta de los asalariados registrados del sector privado según rama de actividad,Subsecretaría de Programación Macroeconómica,"Secretaría de Trabajo, Empleo y Seguridad Social, Ministerio de Capital Humano",Empleo e Ingresos
157.2_AVIDADELER_S_0_0_48,rem_bruta_asal_sin_est_acti_inmo_empresariales_alquiler,"Rem. bruta promedio asal. reg. Priv. Sin Estac. Serv. Inmobiliarios, Empresariales y de Alquiler.",R/P1M,1995-01-01,2026-03-01,Pesos corrientes,Remuneración bruta de los asalariados registrados del sector privado según rama de actividad,Subsecretaría de Programación Macroeconómica,"Secretaría de Trabajo, Empleo y Seguridad Social, Ministerio de Capital Humano",Empleo e Ingresos
157.2_CRCIO_RNES_S_0_0_21,rem_bruta_asal_sin_est_comercio_reparaciones,Rem. bruta promedio asal. reg. Priv. Sin Estac. Comercio al por Mayor y Menor.,R/P1M,1995-01-01,2026-03-01,Pesos corrientes,Remuneración bruta de los asalariados registrados del sector privado según rama de actividad,Subsecretaría de Programación Macroeconómica,"Secretaría de Trabajo, Empleo y Seguridad Social, Ministerio de Capital Humano",Empleo e Ingresos
157.2_CTRUCCIION_S_0_0_12,rem_bruta_asal_sin_est_construccion,Rem. bruta promedio asal. reg. Priv. Sin Estac. Construcción.,R/P1M,1995-01-01,2026-03-01,Pesos corrientes,Remuneración bruta de los asalariados registrados del sector privado según rama de actividad,Subsecretaría de Programación Macroeconómica,"Secretaría de Trabajo, Empleo y Seguridad Social, Ministerio de Capital Humano",Empleo e Ingresos
157.2_ENIANZANZA_S_0_0_10,rem_bruta_asal_sin_est_ensenianza,Rem. bruta promedio asal. reg. Priv. Sin Estac. Enseñanza.,R/P1M,1995-01-01,2026-03-01,Pesos corrientes,Remuneración bruta de los asalariados registrados del sector privado según rama de actividad,Subsecretaría de Programación Macroeconómica,"Secretaría de Trabajo, Empleo y Seguridad Social, Ministerio de Capital Humano",Empleo e Ingresos
157.2_EOTACIORAS_S_0_0_26,rem_bruta_asal_sin_est_explotacion_minas_canteras,Rem. bruta promedio asal. reg. Priv. Sin Estac. Explotación de Minas y Canteras.,R/P1M,1995-01-01,2026-03-01,Pesos corrientes,Remuneración bruta de los asalariados registrados del sector privado según rama de actividad,Subsecretaría de Programación Macroeconómica,"Secretaría de Trabajo, Empleo y Seguridad Social, Ministerio de Capital Humano",Empleo e Ingresos
157.2_HLES_RETES_S_0_0_20,rem_bruta_asal_sin_est_hoteles_restaurantes,Rem. bruta promedio asal. reg. Priv. Sin Estac. Hotelería y Restaurantes.,R/P1M,1995-01-01,2026-03-01,Pesos corrientes,Remuneración bruta de los asalariados registrados del sector privado según rama de actividad,Subsecretaría de Programación Macroeconómica,"Secretaría de Trabajo, Empleo y Seguridad Social, Ministerio de Capital Humano",Empleo e Ingresos
157.2_IRMEDIAERA_S_0_0_25,rem_bruta_asal_sin_est_intermediacion_financiera,Rem. bruta promedio asal. reg. Priv. Sin Estac. Intermediación Financ. y Otros Servicios Financ.,R/P1M,1995-01-01,2026-03-01,Pesos corrientes,Remuneración bruta de los asalariados registrados del sector privado según rama de actividad,Subsecretaría de Programación Macroeconómica,"Secretaría de Trabajo, Empleo y Seguridad Social, Ministerio de Capital Humano",Empleo e Ingresos
157.2_ISTRIASRAS_S_0_0_25,rem_bruta_asal_sin_est_industrias_manufactureras,Rem. bruta promedio asal. reg. Priv. Sin Estac. Industria Manufacturera.,R/P1M,1995-01-01,2026-03-01,Pesos corrientes,Remuneración bruta de los asalariados registrados del sector privado según rama de actividad,Subsecretaría de Programación Macroeconómica,"Secretaría de Trabajo, Empleo y Seguridad Social, Ministerio de Capital Humano",Empleo e Ingresos
157.2_OS_ACTILES_S_0_0_55,rem_bruta_asal_sin_est_otras_acti_comun_soc_personales,"Rem. bruta promedio asal. reg. Priv. Sin Estac. Servicios Comunitarios, Sociales y Personales.",R/P1M,1995-01-01,2026-03-01,Pesos corrientes,Remuneración bruta de los asalariados registrados del sector privado según rama de actividad,Subsecretaría de Programación Macroeconómica,"Secretaría de Trabajo, Empleo y Seguridad Social, Ministerio de Capital Humano",Empleo e Ingresos
157.2_PASCA_S_0_0_5,rem_bruta_asal_sin_est_pesca,Rem. bruta promedio asal. reg. Priv. Sin Estac. Pesca y Servicios Conexos.,R/P1M,1995-01-01,2026-03-01,Pesos corrientes,Remuneración bruta de los asalariados registrados del sector privado según rama de actividad,Subsecretaría de Programación Macroeconómica,"Secretaría de Trabajo, Empleo y Seguridad Social, Ministerio de Capital Humano",Empleo e Ingresos
157.2_SICIOS_LUD_S_0_0_24,rem_bruta_asal_sin_est_servicios_sociales_salud,Rem. bruta promedio asal. reg. Priv. Sin Estac. Servicios Sociales y de Salud.,R/P1M,1995-01-01,2026-03-01,Pesos corrientes,Remuneración bruta de los asalariados registrados del sector privado según rama de actividad,Subsecretaría de Programación Macroeconómica,"Secretaría de Trabajo, Empleo y Seguridad Social, Ministerio de Capital Humano",Empleo e Ingresos
157.2_SNISTROGUA_S_0_0_32,rem_bruta_asal_sin_est_suministro_electricidad_gas_agua,"Rem. bruta promedio asal. reg. Priv. Sin Estac. Electricidad, Gas y Agua.",R/P1M,1995-01-01,2026-03-01,Pesos corrientes,Remuneración bruta de los asalariados registrados del sector privado según rama de actividad,Subsecretaría de Programación Macroeconómica,"Secretaría de Trabajo, Empleo y Seguridad Social, Ministerio de Capital Humano",Empleo e Ingresos
157.2_TLTAL_S_0_0_5,rem_bruta_asal_sin_est_total,Rem. bruta promedio asal. reg. Priv. Sin Estac. Total.,R/P1M,1995-01-01,2026-03-01,Pesos corrientes,Remuneración bruta de los asalariados registrados del sector privado según rama de actividad,Subsecretaría de Programación Macroeconómica,"Secretaría de Trabajo, Empleo y Seguridad Social, Ministerio de Capital Humano",Empleo e Ingresos
157.2_TSPORTENES_S_0_0_40,rem_bruta_asal_sin_est_transporte_almacenamiento_comunic,"Rem. bruta promedio asal. reg. Priv. Sin Estac. Transporte, Almacenamiento y Comunicaciones.",R/P1M,1995-01-01,2026-03-01,Pesos corrientes,Remuneración bruta de los asalariados registrados del sector privado según rama de actividad,Subsecretaría de Programación Macroeconómica,"Secretaría de Trabajo, Empleo y Seguridad Social, Ministerio de Capital Humano",Empleo e Ingresos
158.1_REPTE_0_0_5,ripte,Remuneración imponible promedio de los trabajadores estables (RIPTE),R/P1M,1994-07-01,2026-06-01,Pesos corrientes,Remuneración imponible promedio de los trabajadores estables (RIPTE),Subsecretaría de Programación Macroeconómica,"Secretaría de Trabajo, Empleo y Seguridad Social, Ministerio de Capital Humano",Empleo e Ingresos
165.1_AAUH_0_0_3,auh,"Asignación Universal por Hijo, en pesos corrientes",R/P1M,2009-11-01,2026-08-01,Pesos,Asignación Universal por Hijo,Subsecretaría de Programación Macroeconómica,Administración Nacional de la Seguridad Social (ANSES),Empleo e Ingresos
301.1_DECIL_10_IPCF_0_T_13,decil_10_ipcf,Distribución personal del ingreso. En pesos corrientes por deciles del ingreso per capita familiar (IPCF). Trimestral. Decil 10,R/P3M,2003-07-01,2026-01-01,En pesos corrientes.,Distribución personal del ingreso por  deciles,Subsecretaría de Programación Macroeconómica,Instituto Nacional de Estadística y Censos (INDEC),Empleo e Ingresos
301.1_DECIL_10_OOIP_0_T_12,decil_10_oip,Distribución personal del ingreso. En pesos corrientes por deciles de la ocupación principal (IOP). Trimestral. Decil 10,R/P3M,2003-07-01,2026-01-01,En pesos corrientes.,Distribución personal del ingreso por  deciles,Subsecretaría de Programación Macroeconómica,Instituto Nacional de Estadística y Censos (INDEC),Empleo e Ingresos
301.1_DECIL_1_IPPCF_0_T_12,decil_1_ipcf,Distribución personal del ingreso. En pesos corrientes por deciles del ingreso per capita familiar (IPCF). Trimestral. Decil 1,R/P3M,2003-07-01,2026-01-01,En pesos corrientes.,Distribución personal del ingreso por  deciles,Subsecretaría de Programación Macroeconómica,Instituto Nacional de Estadística y Censos (INDEC),Empleo e Ingresos
301.1_DECIL_1_OIOIP_0_T_11,decil_1_oip,Distribución personal del ingreso. En pesos corrientes por deciles de la ocupación principal (IOP). Trimestral. Decil 1,R/P3M,2003-07-01,2026-01-01,En pesos corrientes.,Distribución personal del ingreso por  deciles,Subsecretaría de Programación Macroeconómica,Instituto Nacional de Estadística y Censos (INDEC),Empleo e Ingresos
301.1_DECIL_2_IPPCF_0_T_12,decil_2_ipcf,Distribución personal del ingreso. En pesos corrientes por deciles del ingreso per capita familiar (IPCF). Trimestral. Decil 2,R/P3M,2003-07-01,2026-01-01,En pesos corrientes.,Distribución personal del ingreso por  deciles,Subsecretaría de Programación Macroeconómica,Instituto Nacional de Estadística y Censos (INDEC),Empleo e Ingresos
301.1_DECIL_2_OIOIP_0_T_11,decil_2_oip,Distribución personal del ingreso. En pesos corrientes por deciles de la ocupación principal (IOP). Trimestral. Decil 2,R/P3M,2003-07-01,2026-01-01,En pesos corrientes.,Distribución personal del ingreso por  deciles,Subsecretaría de Programación Macroeconómica,Instituto Nacional de Estadística y Censos (INDEC),Empleo e Ingresos
301.1_DECIL_3_IPPCF_0_T_12,decil_3_ipcf,Distribución personal del ingreso. En pesos corrientes por deciles del ingreso per capita familiar (IPCF). Trimestral. Decil 3,R/P3M,2003-07-01,2026-01-01,En pesos corrientes.,Distribución personal del ingreso por  deciles,Subsecretaría de Programación Macroeconómica,Instituto Nacional de Estadística y Censos (INDEC),Empleo e Ingresos
301.1_DECIL_3_OIOIP_0_T_11,decil_3_oip,Distribución personal del ingreso. En pesos corrientes por deciles de la ocupación principal (IOP). Trimestral. Decil 3,R/P3M,2003-07-01,2026-01-01,En pesos corrientes.,Distribución personal del ingreso por  deciles,Subsecretaría de Programación Macroeconómica,Instituto Nacional de Estadística y Censos (INDEC),Empleo e Ingresos
301.1_DECIL_4_IPPCF_0_T_12,decil_4_ipcf,Distribución personal del ingreso. En pesos corrientes por deciles del ingreso per capita familiar (IPCF). Trimestral. Decil 4,R/P3M,2003-07-01,2026-01-01,En pesos corrientes.,Distribución personal del ingreso por  deciles,Subsecretaría de Programación Macroeconómica,Instituto Nacional de Estadística y Censos (INDEC),Empleo e Ingresos
301.1_DECIL_4_OIOIP_0_T_11,decil_4_oip,Distribución personal del ingreso. En pesos corrientes por deciles de la ocupación principal (IOP). Trimestral. Decil 4,R/P3M,2003-07-01,2026-01-01,En pesos corrientes.,Distribución personal del ingreso por  deciles,Subsecretaría de Programación Macroeconómica,Instituto Nacional de Estadística y Censos (INDEC),Empleo e Ingresos
301.1_DECIL_5_IPPCF_0_T_12,decil_5_ipcf,Distribución personal del ingreso. En pesos corrientes por deciles del ingreso per capita familiar (IPCF). Trimestral. Decil 5,R/P3M,2003-07-01,2026-01-01,En pesos corrientes.,Distribución personal del ingreso por  deciles,Subsecretaría de Programación Macroeconómica,Instituto Nacional de Estadística y Censos (INDEC),Empleo e Ingresos
301.1_DECIL_5_OIOIP_0_T_11,decil_5_oip,Distribución personal del ingreso. En pesos corrientes por deciles de la ocupación principal (IOP). Trimestral. Decil 5,R/P3M,2003-07-01,2026-01-01,En pesos corrientes.,Distribución personal del ingreso por  deciles,Subsecretaría de Programación Macroeconómica,Instituto Nacional de Estadística y Censos (INDEC),Empleo e Ingresos
301.1_DECIL_6_IPPCF_0_T_12,decil_6_ipcf,Distribución personal del ingreso. En pesos corrientes por deciles del ingreso per capita familiar (IPCF). Trimestral. Decil 6,R/P3M,2003-07-01,2026-01-01,En pesos corrientes.,Distribución personal del ingreso por  deciles,Subsecretaría de Programación Macroeconómica,Instituto Nacional de Estadística y Censos (INDEC),Empleo e Ingresos
301.1_DECIL_6_OIOIP_0_T_11,decil_6_oip,Distribución personal del ingreso. En pesos corrientes por deciles de la ocupación principal (IOP). Trimestral. Decil 6,R/P3M,2003-07-01,2026-01-01,En pesos corrientes.,Distribución personal del ingreso por  deciles,Subsecretaría de Programación Macroeconómica,Instituto Nacional de Estadística y Censos (INDEC),Empleo e Ingresos
301.1_DECIL_7_IPPCF_0_T_12,decil_7_ipcf,Distribución personal del ingreso. En pesos corrientes por deciles del ingreso per capita familiar (IPCF). Trimestral. Decil 7,R/P3M,2003-07-01,2026-01-01,En pesos corrientes.,Distribución personal del ingreso por  deciles,Subsecretaría de Programación Macroeconómica,Instituto Nacional de Estadística y Censos (INDEC),Empleo e Ingresos
301.1_DECIL_7_OIOIP_0_T_11,decil_7_oip,Distribución personal del ingreso. En pesos corrientes por deciles de la ocupación principal (IOP). Trimestral. Decil 7,R/P3M,2003-07-01,2026-01-01,En pesos corrientes.,Distribución personal del ingreso por  deciles,Subsecretaría de Programación Macroeconómica,Instituto Nacional de Estadística y Censos (INDEC),Empleo e Ingresos
301.1_DECIL_8_IPPCF_0_T_12,decil_8_ipcf,Distribución personal del ingreso. En pesos corrientes por deciles del ingreso per capita familiar (IPCF). Trimestral. Decil 8,R/P3M,2003-07-01,2026-01-01,En pesos corrientes.,Distribución personal del ingreso por  deciles,Subsecretaría de Programación Macroeconómica,Instituto Nacional de Estadística y Censos (INDEC),Empleo e Ingresos
301.1_DECIL_8_OIOIP_0_T_11,decil_8_oip,Distribución personal del ingreso. En pesos corrientes por deciles de la ocupación principal (IOP). Trimestral. Decil 8,R/P3M,2003-07-01,2026-01-01,En pesos corrientes.,Distribución personal del ingreso por  deciles,Subsecretaría de Programación Macroeconómica,Instituto Nacional de Estadística y Censos (INDEC),Empleo e Ingresos
301.1_DECIL_9_IPPCF_0_T_12,decil_9_ipcf,Distribución personal del ingreso. En pesos corrientes por deciles del ingreso per capita familiar (IPCF). Trimestral. Decil 9,R/P3M,2003-07-01,2026-01-01,En pesos corrientes.,Distribución personal del ingreso por  deciles,Subsecretaría de Programación Macroeconómica,Instituto Nacional de Estadística y Censos (INDEC),Empleo e Ingresos
301.1_DECIL_9_OIOIP_0_T_11,decil_9_oip,Distribución personal del ingreso. En pesos corrientes por deciles de la ocupación principal (IOP). Trimestral. Decil 9,R/P3M,2003-07-01,2026-01-01,En pesos corrientes.,Distribución personal del ingreso por  deciles,Subsecretaría de Programación Macroeconómica,Instituto Nacional de Estadística y Censos (INDEC),Empleo e Ingresos
301.1_TOTAL_IPCFPCF_0_T_10,total_ipcf,Distribución personal del ingreso. En pesos corrientes por deciles del ingreso per capita familiar (IPCF). Trimestral. Total deciles,R/P3M,2003-07-01,2026-01-01,En pesos corrientes.,Distribución personal del ingreso por  deciles,Subsecretaría de Programación Macroeconómica,Instituto Nacional de Estadística y Censos (INDEC),Empleo e Ingresos
301.1_TOTAL_OIPOIP_0_T_9,total_oip,Distribución personal del ingreso. En pesos corrientes por deciles de la ocupación principal (IOP). Trimestral. Total decil,R/P3M,2003-07-01,2026-01-01,En pesos corrientes.,Distribución personal del ingreso por  deciles,Subsecretaría de Programación Macroeconómica,Instituto Nacional de Estadística y Censos (INDEC),Empleo e Ingresos
303.1_ASALARIADOANA_0_T_58,asalariados_sin_desc_jubilat_aglo_int_pais_region_pampeana,Evolución de la tasa de asalariados sin descuento jubilatorio. EPH Continua. Trimestral.Region Pampeana.,R/P3M,2016-04-01,2020-01-01,Porcentaje,Tasa de asalarización y de asalariados sin descuento jubilatorio. EPH Continua.,Subsecretaría de Programación Macroeconómica,Instituto Nacional de Estadística y Censos (INDEC),Empleo e Ingresos
303.1_ASALARIADOGBA_0_T_53,asalariados_sin_descuento_jubilatorio_aglomerados_gba,Evolución de la tasa de asalariados sin descuento jubilatorio. EPH Continua. Trimestral. Gran Buenos Aires,R/P3M,2016-04-01,2020-01-01,Porcentaje,Tasa de asalarización y de asalariados sin descuento jubilatorio. EPH Continua.,Subsecretaría de Programación Macroeconómica,Instituto Nacional de Estadística y Censos (INDEC),Empleo e Ingresos
303.1_ASALARIADOHAB_0_T_48,asalariados_sin_desc_jubilat_aglo_500000_mas_hab,Evolución de la tasa de asalariados sin descuento jubilatorio. EPH Continua. Trimestral. Aglomeradosde mas de 500.000 habitantes .,R/P3M,2016-04-01,2020-01-01,Porcentaje,Tasa de asalarización y de asalariados sin descuento jubilatorio. EPH Continua.,Subsecretaría de Programación Macroeconómica,Instituto Nacional de Estadística y Censos (INDEC),Empleo e Ingresos
303.1_ASALARIADOHAB_0_T_50,asalariados_sin_desc_jubilat_aglo_menos_500000_hab,Evolución de la tasa de asalariados sin descuento jubilatorio. EPH Continua. Trimestral. Aglomeradosde menos de 500.000 habitantes .,R/P3M,2016-04-01,2020-01-01,Porcentaje,Tasa de asalarización y de asalariados sin descuento jubilatorio. EPH Continua.,Subsecretaría de Programación Macroeconómica,Instituto Nacional de Estadística y Censos (INDEC),Empleo e Ingresos
303.1_ASALARIADONIA_0_T_59,asalariados_sin_desc_jubilat_aglo_int_pais_region_patagonia,Evolución de la tasa de asalariados sin descuento jubilatorio. EPH Continua. Trimestral.Region Patagonia .,R/P3M,2016-04-01,2020-01-01,Porcentaje,Tasa de asalarización y de asalariados sin descuento jubilatorio. EPH Continua.,Subsecretaría de Programación Macroeconómica,Instituto Nacional de Estadística y Censos (INDEC),Empleo e Ingresos
303.1_ASALARIADOSTE_0_T_58,asalariados_sin_desc_jubilat_aglo_int_pais_region_nordeste,Evolución de la tasa de asalariados sin descuento jubilatorio. EPH Continua. Trimestral.Region Nordeste,R/P3M,2016-04-01,2020-01-01,Porcentaje,Tasa de asalarización y de asalariados sin descuento jubilatorio. EPH Continua.,Subsecretaría de Programación Macroeconómica,Instituto Nacional de Estadística y Censos (INDEC),Empleo e Ingresos
303.1_ASALARIADOSTE_NOA_0_T_58,asalariados_sin_desc_jubilat_aglo_int_pais_region_noroeste,Evolución de la tasa de asalariados sin descuento jubilatorio. EPH Continua. Trimestral.Region Noroeste,R/P3M,2016-04-01,2020-01-01,Porcentaje,Tasa de asalarización y de asalariados sin descuento jubilatorio. EPH Continua.,Subsecretaría de Programación Macroeconómica,Instituto Nacional de Estadística y Censos (INDEC),Empleo e Ingresos
303.1_ASALARIADOTAL_0_T_48,asalariados_sin_desc_jubilat_aglo_int_pais_total,Evolución de la tasa de asalariados sin descuento jubilatorio. EPH Continua. Trimestral.Total Aglomerados Interior del Pais,R/P3M,2016-04-01,2020-01-01,Porcentaje,Tasa de asalarización y de asalariados sin descuento jubilatorio. EPH Continua.,Subsecretaría de Programación Macroeconómica,Instituto Nacional de Estadística y Censos (INDEC),Empleo e Ingresos
303.1_ASALARIADOTAL_0_T_55,asalariados_sin_descuento_jubilatorio_aglomerados_total,Evolución de la tasa de asalariados sin descuento jubilatorio. EPH Continua. Trimestral.Total Aglomerados .,R/P3M,2016-04-01,2020-01-01,Porcentaje,Tasa de asalarización y de asalariados sin descuento jubilatorio. EPH Continua.,Subsecretaría de Programación Macroeconómica,Instituto Nacional de Estadística y Censos (INDEC),Empleo e Ingresos
303.1_ASALARIADOUYO_0_T_54,asalariados_sin_desc_jubilat_aglo_int_pais_region_cuyo,Evolución de la tasa de asalariados sin descuento jubilatorio. EPH Continua. Trimestral.. Region Cuyo,R/P3M,2016-04-01,2020-01-01,Porcentaje,Tasa de asalarización y de asalariados sin descuento jubilatorio. EPH Continua.,Subsecretaría de Programación Macroeconómica,Instituto Nacional de Estadística y Censos (INDEC),Empleo e Ingresos
303.1_TASA_ASALAANA_0_T_60,tasa_asalarizacion_aglomerados_interior_pais_region_pampeana,Evolución de la tasa de asalarizacion. EPH Continua. Trimestral.Region Pampeana.,R/P3M,2016-04-01,2020-01-01,Porcentaje,Tasa de asalarización y de asalariados sin descuento jubilatorio. EPH Continua.,Subsecretaría de Programación Macroeconómica,Instituto Nacional de Estadística y Censos (INDEC),Empleo e Ingresos
303.1_TASA_ASALAGBA_0_T_34,tasa_asalarizacion_aglomerados_gba,Evolución de la tasa de asalarizacion. EPH Continua. Trimestral. Gran Buenos Aires,R/P3M,2016-04-01,2020-01-01,Porcentaje,Tasa de asalarización y de asalariados sin descuento jubilatorio. EPH Continua.,Subsecretaría de Programación Macroeconómica,Instituto Nacional de Estadística y Censos (INDEC),Empleo e Ingresos
303.1_TASA_ASALANIA_0_T_56,tasa_asalarizacion_aglomerados_int_pais_region_patagonia,Evolución de la tasa de asalarizacion. EPH Continua. Trimestral.Region Patagonia .,R/P3M,2016-04-01,2020-01-01,Porcentaje,Tasa de asalarización y de asalariados sin descuento jubilatorio. EPH Continua.,Subsecretaría de Programación Macroeconómica,Instituto Nacional de Estadística y Censos (INDEC),Empleo e Ingresos
303.1_TASA_ASALASTE_0_T_60,tasa_asalarizacion_aglomerados_interior_pais_region_nordeste,Evolución de la tasa de asalarizacion. EPH Continua. Trimestral.Region Nordeste,R/P3M,2016-04-01,2020-01-01,Porcentaje,Tasa de asalarización y de asalariados sin descuento jubilatorio. EPH Continua.,Subsecretaría de Programación Macroeconómica,Instituto Nacional de Estadística y Censos (INDEC),Empleo e Ingresos
303.1_TASA_ASALASTE_NOA_0_T_60,tasa_asalarizacion_aglomerados_interior_pais_region_noroeste,Evolución de la tasa de asalarizacion. EPH Continua. Trimestral.Region Noroeste,R/P3M,2016-04-01,2020-01-01,Porcentaje,Tasa de asalarización y de asalariados sin descuento jubilatorio. EPH Continua.,Subsecretaría de Programación Macroeconómica,Instituto Nacional de Estadística y Censos (INDEC),Empleo e Ingresos
303.1_TASA_ASALATAL_0_T_36,tasa_asalarizacion_aglomerados_total,Evolución de la tasa de asalarizacion. EPH Continua. Trimestral.Total Aglomerados .,R/P3M,2016-04-01,2020-01-01,Porcentaje,Tasa de asalarización y de asalariados sin descuento jubilatorio. EPH Continua.,Subsecretaría de Programación Macroeconómica,Instituto Nacional de Estadística y Censos (INDEC),Empleo e Ingresos
303.1_TASA_ASALATAL_0_T_50,tasa_asalarizacion_aglomerados_interior_pais_total,Evolución de la tasa de asalarizacion. EPH Continua. Trimestral.Total Aglomerados Interior del Pais,R/P3M,2016-04-01,2020-01-01,Porcentaje,Tasa de asalarización y de asalariados sin descuento jubilatorio. EPH Continua.,Subsecretaría de Programación Macroeconómica,Instituto Nacional de Estadística y Censos (INDEC),Empleo e Ingresos
303.1_TASA_ASALATES_0_T_52,tasa_asalarizacion_aglomerados_500000_mas_habitantes,Evolución de la tasa de asalarizacion. EPH Continua. Trimestral. Aglomeradosde mas de 500.000 habitantes .,R/P3M,2016-04-01,2020-01-01,Porcentaje,Tasa de asalarización y de asalariados sin descuento jubilatorio. EPH Continua.,Subsecretaría de Programación Macroeconómica,Instituto Nacional de Estadística y Censos (INDEC),Empleo e Ingresos
303.1_TASA_ASALATES_0_T_54,tasa_asalarizacion_aglomerados_menos_500000_habitantes,Evolución de la tasa de asalarizacion. EPH Continua. Trimestral. Aglomeradosde menos de 500.000 habitantes .,R/P3M,2016-04-01,2020-01-01,Porcentaje,Tasa de asalarización y de asalariados sin descuento jubilatorio. EPH Continua.,Subsecretaría de Programación Macroeconómica,Instituto Nacional de Estadística y Censos (INDEC),Empleo e Ingresos
303.1_TASA_ASALAUYO_0_T_56,tasa_asalarizacion_aglomerados_interior_pais_region_cuyo,Evolución de la tasa de asalarizacion. EPH Continua. Trimestral.. Region Cuyo,R/P3M,2016-04-01,2020-01-01,Porcentaje,Tasa de asalarización y de asalariados sin descuento jubilatorio. EPH Continua.,Subsecretaría de Programación Macroeconómica,Instituto Nacional de Estadística y Censos (INDEC),Empleo e Ingresos
341.1_BUENOS_AIRION__52,buenos_aires_santa_fe_san_nicolas_villa_constitucion,Buenos Aires - Santa Fe San Nicolás - Villa Constitución,R/P6M,2002-11-01,2003-05-01,Porcentaje de población,Tasa de Actividad por aglomerado 1974-2003,Subsecretaría de Programación Macroeconómica,Instituto Nacional de Estadística y Censos (INDEC),Empleo e Ingresos
341.1_CHUBUT_RALEW__21,chubut_rawson_trelew,Chubut Rawson - Trelew,R/P6M,2002-11-01,2003-05-01,Porcentaje de población,Tasa de Actividad por aglomerado 1974-2003,Subsecretaría de Programación Macroeconómica,Instituto Nacional de Estadística y Censos (INDEC),Empleo e Ingresos
341.1_CIUDAD_BUERES__19,ciudad_buenos_aires,Ciudad de Buenos Aires,R/P6M,1981-05-01,2003-05-01,Porcentaje de población,Tasa de Actividad por aglomerado 1974-2003,Subsecretaría de Programación Macroeconómica,Instituto Nacional de Estadística y Censos (INDEC),Empleo e Ingresos
341.1_GRAN_BUENORES__17,gran_buenos_aires,Gran Buenos Aires,R/P6M,1974-05-01,2003-05-01,Porcentaje de población,Tasa de Actividad por aglomerado 1974-2003,Subsecretaría de Programación Macroeconómica,Instituto Nacional de Estadística y Censos (INDEC),Empleo e Ingresos
341.1_PARTIDOS_A_98__24,partidos_a_partir_del_98,Partidos a partir del 98,R/P6M,1998-05-01,2003-05-01,Porcentaje de población,Tasa de Actividad por aglomerado 1974-2003,Subsecretaría de Programación Macroeconómica,Instituto Nacional de Estadística y Censos (INDEC),Empleo e Ingresos
341.1_PARTIDOS_DANO__22,partidos_del_conurbano,Partidos del Conurbano,R/P6M,1981-05-01,2003-05-01,Porcentaje de población,Tasa de Actividad por aglomerado 1974-2003,Subsecretaría de Programación Macroeconómica,Instituto Nacional de Estadística y Censos (INDEC),Empleo e Ingresos
341.1_PROVINCIA_ALA__42,provincia_jujuy_san_salvador_jujuy_palpala,Provincia Jujuy San Salvador de Jujuy - Palpalá,R/P6M,1977-11-01,2003-05-01,Porcentaje de población,Tasa de Actividad por aglomerado 1974-2003,Subsecretaría de Programación Macroeconómica,Instituto Nacional de Estadística y Censos (INDEC),Empleo e Ingresos
341.1_PROVINCIA_ANA__32,provincia_entre_rios_gran_parana,Provincia Entre Ríos Gran Paraná,R/P6M,1974-11-01,2003-05-01,Porcentaje de población,Tasa de Actividad por aglomerado 1974-2003,Subsecretaría de Programación Macroeconómica,Instituto Nacional de Estadística y Censos (INDEC),Empleo e Ingresos
341.1_PROVINCIA_ATA__36,provincia_buenos_aires_gran_la_plata,Provincia Buenos Aires Gran La Plata,R/P6M,1974-05-01,2003-05-01,Porcentaje de población,Tasa de Actividad por aglomerado 1974-2003,Subsecretaría de Programación Macroeconómica,Instituto Nacional de Estadística y Censos (INDEC),Empleo e Ingresos
341.1_PROVINCIA_CIA__32,provincia_chaco_gran_resistencia,Provincia Chaco Gran Resistencia,R/P6M,1974-11-01,2003-05-01,Porcentaje de población,Tasa de Actividad por aglomerado 1974-2003,Subsecretaría de Programación Macroeconómica,Instituto Nacional de Estadística y Censos (INDEC),Empleo e Ingresos
341.1_PROVINCIA_DAS__26,provincia_misiones_posadas,Provincia Misiones Posadas,R/P6M,1974-05-01,2003-05-01,Porcentaje de población,Tasa de Actividad por aglomerado 1974-2003,Subsecretaría de Programación Macroeconómica,Instituto Nacional de Estadística y Censos (INDEC),Empleo e Ingresos
341.1_PROVINCIA_DIA__30,provincia_entre_rios_concordia,Provincia Entre Ríos Concordia,R/P6M,1975-05-01,2003-05-01,Porcentaje de población,Tasa de Actividad por aglomerado 1974-2003,Subsecretaría de Programación Macroeconómica,Instituto Nacional de Estadística y Censos (INDEC),Empleo e Ingresos
341.1_PROVINCIA_EJO__52,provincia_tucuman_gran_san_martin_tucuman_tafi_viejo,Provincia Tucumán Gran San Martín de Tucumán - Tafí Viejo,R/P6M,1974-05-01,2003-05-01,Porcentaje de población,Tasa de Actividad por aglomerado 1974-2003,Subsecretaría de Programación Macroeconómica,Instituto Nacional de Estadística y Censos (INDEC),Empleo e Ingresos
341.1_PROVINCIA_FE__32,provincia_santa_fe_gran_santa_fe,Provincia Santa Fe Gran Santa Fe,R/P6M,1974-11-01,2003-05-01,Porcentaje de población,Tasa de Actividad por aglomerado 1974-2003,Subsecretaría de Programación Macroeconómica,Instituto Nacional de Estadística y Censos (INDEC),Empleo e Ingresos
341.1_PROVINCIA_GOS__33,provincia_santa_cruz_rio_gallegos,Provincia Santa Cruz Rio Gallegos,R/P6M,1979-05-01,2003-05-01,Porcentaje de población,Tasa de Actividad por aglomerado 1974-2003,Subsecretaría de Programación Macroeconómica,Instituto Nacional de Estadística y Censos (INDEC),Empleo e Ingresos
341.1_PROVINCIA_IER__34,provincia_neuquen_nuequen_plottier,Provincia Neuquén Nuequén - Plottier,R/P6M,1976-05-01,2003-05-01,Porcentaje de población,Tasa de Actividad por aglomerado 1974-2003,Subsecretaría de Programación Macroeconómica,Instituto Nacional de Estadística y Censos (INDEC),Empleo e Ingresos
341.1_PROVINCIA_LLO__40,provincia_san_luis_san_luis_el_chorrillo,Provincia San Luis San Luis - El Chorrillo,R/P6M,1979-05-01,2003-05-01,Porcentaje de población,Tasa de Actividad por aglomerado 1974-2003,Subsecretaría de Programación Macroeconómica,Instituto Nacional de Estadística y Censos (INDEC),Empleo e Ingresos
341.1_PROVINCIA_LLY__46,provincia_chubut_comodoro_rivadavia_rada_tilly,Provincia Chubut Comodoro Rivadavia - Rada Tilly,R/P6M,1974-05-01,2003-05-01,Porcentaje de población,Tasa de Actividad por aglomerado 1974-2003,Subsecretaría de Programación Macroeconómica,Instituto Nacional de Estadística y Censos (INDEC),Empleo e Ingresos
341.1_PROVINCIA_LTA__21,provincia_salta_salta,Provincia Salta Salta,R/P6M,1979-05-01,2003-05-01,Porcentaje de población,Tasa de Actividad por aglomerado 1974-2003,Subsecretaría de Programación Macroeconómica,Instituto Nacional de Estadística y Censos (INDEC),Empleo e Ingresos
341.1_PROVINCIA_NDA__58,provincia_santiago_del_estero_santiago_del_estero_la_banda,Provincia Santiago del Estero Santiago del Estero - La Banda,R/P6M,1976-11-01,2003-05-01,Porcentaje de población,Tasa de Actividad por aglomerado 1974-2003,Subsecretaría de Programación Macroeconómica,Instituto Nacional de Estadística y Censos (INDEC),Empleo e Ingresos
341.1_PROVINCIA_NDE__45,provincia_tierra_del_fuego_ushuaia_rio_grande,Provincia Tierra del Fuego Ushuaia - Río Grande,R/P6M,1988-05-01,2003-05-01,Porcentaje de población,Tasa de Actividad por aglomerado 1974-2003,Subsecretaría de Programación Macroeconómica,Instituto Nacional de Estadística y Censos (INDEC),Empleo e Ingresos
341.1_PROVINCIA_OAY__34,provincia_la_pampa_santa_rosa_toay,Provincia La Pampa Santa Rosa - Toay,R/P6M,1983-05-01,2003-05-01,Porcentaje de población,Tasa de Actividad por aglomerado 1974-2003,Subsecretaría de Programación Macroeconómica,Instituto Nacional de Estadística y Censos (INDEC),Empleo e Ingresos
341.1_PROVINCIA_OBA__30,provincia_cordoba_gran_cordoba,Provincia Córdoba Gran Córdoba,R/P6M,1974-05-01,2003-05-01,Porcentaje de población,Tasa de Actividad por aglomerado 1974-2003,Subsecretaría de Programación Macroeconómica,Instituto Nacional de Estadística y Censos (INDEC),Empleo e Ingresos
341.1_PROVINCIA_OJA__27,provincia_la_rioja_la_rioja,Provincia La Rioja La Rioja,R/P6M,1979-05-01,2003-05-01,Porcentaje de población,Tasa de Actividad por aglomerado 1974-2003,Subsecretaría de Programación Macroeconómica,Instituto Nacional de Estadística y Censos (INDEC),Empleo e Ingresos
341.1_PROVINCIA_OSA__25,provincia_formosa_formosa,Provincia Formosa Formosa,R/P6M,1975-11-01,2003-05-01,Porcentaje de población,Tasa de Actividad por aglomerado 1974-2003,Subsecretaría de Programación Macroeconómica,Instituto Nacional de Estadística y Censos (INDEC),Empleo e Ingresos
341.1_PROVINCIA_OZA__30,provincia_mendoza_gran_mendoza,Provincia Mendoza Gran Mendoza,R/P6M,1974-05-01,2003-05-01,Porcentaje de población,Tasa de Actividad por aglomerado 1974-2003,Subsecretaría de Programación Macroeconómica,Instituto Nacional de Estadística y Censos (INDEC),Empleo e Ingresos
341.1_PROVINCIA_RCA__34,provincia_catamarca_gran_catamarca,Provincia Catamarca Gran Catamarca,R/P6M,1978-11-01,2003-05-01,Porcentaje de población,Tasa de Actividad por aglomerado 1974-2003,Subsecretaría de Programación Macroeconómica,Instituto Nacional de Estadística y Censos (INDEC),Empleo e Ingresos
341.1_PROVINCIA_RIO__31,provincia_santa_fe_gran_rosario,Provincia Santa Fe Gran Rosario,R/P6M,1974-05-01,2003-05-01,Porcentaje de población,Tasa de Actividad por aglomerado 1974-2003,Subsecretaría de Programación Macroeconómica,Instituto Nacional de Estadística y Censos (INDEC),Empleo e Ingresos
341.1_PROVINCIA_RRI__41,provincia_buenos_aires_bahia_blanca_cerri,Provincia Buenos Aires Bahía Blanca - Cerri,R/P6M,1985-05-01,2003-05-01,Porcentaje de población,Tasa de Actividad por aglomerado 1974-2003,Subsecretaría de Programación Macroeconómica,Instituto Nacional de Estadística y Censos (INDEC),Empleo e Ingresos
341.1_PROVINCIA_RTO__28,provincia_cordoba_rio_cuarto,Provincia Córdoba Río Cuarto,R/P6M,1995-11-01,2003-05-01,Porcentaje de población,Tasa de Actividad por aglomerado 1974-2003,Subsecretaría de Programación Macroeconómica,Instituto Nacional de Estadística y Censos (INDEC),Empleo e Ingresos
341.1_PROVINCIA_TAN__42,provincia_buenos_aires_mar_del_plata_batan,Provincia Buenos Aires Mar del Plata y Batán,R/P6M,1995-11-01,2003-05-01,Porcentaje de población,Tasa de Actividad por aglomerado 1974-2003,Subsecretaría de Programación Macroeconómica,Instituto Nacional de Estadística y Censos (INDEC),Empleo e Ingresos
341.1_PROVINCIA_TES__31,provincia_corrientes_corrientes,Provincia Corrientes Corrientes,R/P6M,1976-11-01,2003-05-01,Porcentaje de población,Tasa de Actividad por aglomerado 1974-2003,Subsecretaría de Programación Macroeconómica,Instituto Nacional de Estadística y Censos (INDEC),Empleo e Ingresos
341.1_PROVINCIA_UAN__32,provincia_san_juan_gran_san_juan,Provincia San Juan Gran San Juan,R/P6M,1979-11-01,2003-05-01,Porcentaje de población,Tasa de Actividad por aglomerado 1974-2003,Subsecretaría de Programación Macroeconómica,Instituto Nacional de Estadística y Censos (INDEC),Empleo e Ingresos
341.1_RIO_NEGRO_NES__46,rio_negro_buenos_aires_viedma_carmen_patagones,Río Negro - Buenos Aires Viedma - Carmen de Patagones,R/P6M,2002-11-01,2003-05-01,Porcentaje de población,Tasa de Actividad por aglomerado 1974-2003,Subsecretaría de Programación Macroeconómica,Instituto Nacional de Estadística y Censos (INDEC),Empleo e Ingresos
341.1_TOTAL_AGLOIOR__30,total_aglomerados_del_interior,Total aglomerados del Interior,R/P6M,1974-05-01,2003-05-01,Porcentaje de población,Tasa de Actividad por aglomerado 1974-2003,Subsecretaría de Programación Macroeconómica,Instituto Nacional de Estadística y Censos (INDEC),Empleo e Ingresos
341.1_TOTAL_AGLONOS__25,total_aglomerados_urbanos,Total aglomerados urbanos,R/P6M,1974-05-01,2003-05-01,Porcentaje de población,Tasa de Actividad por aglomerado 1974-2003,Subsecretaría de Programación Macroeconómica,Instituto Nacional de Estadística y Censos (INDEC),Empleo e Ingresos
342.1_BUENOS_AIRION__52,buenos_aires_santa_fe_san_nicolas_villa_constitucion,Buenos Aires - Santa Fe San Nicolás - Villa Constitución,R/P6M,2002-11-01,2003-05-01,Porcentaje de población,Tasa de Empleo por aglomerado 1974-2003,Subsecretaría de Programación Macroeconómica,Instituto Nacional de Estadística y Censos (INDEC),Empleo e Ingresos
342.1_CHUBUT_RALEW__21,chubut_rawson_trelew,Chubut Rawson - Trelew,R/P6M,2002-11-01,2003-05-01,Porcentaje de población,Tasa de Empleo por aglomerado 1974-2003,Subsecretaría de Programación Macroeconómica,Instituto Nacional de Estadística y Censos (INDEC),Empleo e Ingresos
342.1_CIUDAD_BUERES__19,ciudad_buenos_aires,Ciudad de Buenos Aires,R/P6M,1981-05-01,2003-05-01,Porcentaje de población,Tasa de Empleo por aglomerado 1974-2003,Subsecretaría de Programación Macroeconómica,Instituto Nacional de Estadística y Censos (INDEC),Empleo e Ingresos
342.1_GRAN_BUENORES__17,gran_buenos_aires,Gran Buenos Aires,R/P6M,1974-05-01,2003-05-01,Porcentaje de población,Tasa de Empleo por aglomerado 1974-2003,Subsecretaría de Programación Macroeconómica,Instituto Nacional de Estadística y Censos (INDEC),Empleo e Ingresos
342.1_PARTIDOS_A_98__24,partidos_a_partir_del_98,Partidos a partir del 98,R/P6M,1998-05-01,2003-05-01,Porcentaje de población,Tasa de Empleo por aglomerado 1974-2003,Subsecretaría de Programación Macroeconómica,Instituto Nacional de Estadística y Censos (INDEC),Empleo e Ingresos
342.1_PARTIDOS_DANO__22,partidos_del_conurbano,Partidos del Conurbano,R/P6M,1981-05-01,2003-05-01,Porcentaje de población,Tasa de Empleo por aglomerado 1974-2003,Subsecretaría de Programación Macroeconómica,Instituto Nacional de Estadística y Censos (INDEC),Empleo e Ingresos
342.1_PROVINCIA_ALA__42,provincia_jujuy_san_salvador_jujuy_palpala,Provincia Jujuy San Salvador de Jujuy - Palpalá,R/P6M,1977-11-01,2003-05-01,Porcentaje de población,Tasa de Empleo por aglomerado 1974-2003,Subsecretaría de Programación Macroeconómica,Instituto Nacional de Estadística y Censos (INDEC),Empleo e Ingresos
342.1_PROVINCIA_ANA__32,provincia_entre_rios_gran_parana,Provincia Entre Ríos Gran Paraná,R/P6M,1974-11-01,2003-05-01,Porcentaje de población,Tasa de Empleo por aglomerado 1974-2003,Subsecretaría de Programación Macroeconómica,Instituto Nacional de Estadística y Censos (INDEC),Empleo e Ingresos
342.1_PROVINCIA_ATA__36,provincia_buenos_aires_gran_la_plata,Provincia Buenos Aires Gran La Plata,R/P6M,1974-05-01,2003-05-01,Porcentaje de población,Tasa de Empleo por aglomerado 1974-2003,Subsecretaría de Programación Macroeconómica,Instituto Nacional de Estadística y Censos (INDEC),Empleo e Ingresos
342.1_PROVINCIA_CIA__32,provincia_chaco_gran_resistencia,Provincia Chaco Gran Resistencia,R/P6M,1974-11-01,2003-05-01,Porcentaje de población,Tasa de Empleo por aglomerado 1974-2003,Subsecretaría de Programación Macroeconómica,Instituto Nacional de Estadística y Censos (INDEC),Empleo e Ingresos
342.1_PROVINCIA_DAS__26,provincia_misiones_posadas,Provincia Misiones Posadas,R/P6M,1974-05-01,2003-05-01,Porcentaje de población,Tasa de Empleo por aglomerado 1974-2003,Subsecretaría de Programación Macroeconómica,Instituto Nacional de Estadística y Censos (INDEC),Empleo e Ingresos
342.1_PROVINCIA_DIA__30,provincia_entre_rios_concordia,Provincia Entre Ríos Concordia,R/P6M,1975-05-01,2003-05-01,Porcentaje de población,Tasa de Empleo por aglomerado 1974-2003,Subsecretaría de Programación Macroeconómica,Instituto Nacional de Estadística y Censos (INDEC),Empleo e Ingresos
342.1_PROVINCIA_EJO__52,provincia_tucuman_gran_san_martin_tucuman_tafi_viejo,Provincia Tucumán Gran San Martín de Tucumán - Tafí Viejo,R/P6M,1974-05-01,2003-05-01,Porcentaje de población,Tasa de Empleo por aglomerado 1974-2003,Subsecretaría de Programación Macroeconómica,Instituto Nacional de Estadística y Censos (INDEC),Empleo e Ingresos
342.1_PROVINCIA_FE__32,provincia_santa_fe_gran_santa_fe,Provincia Santa Fe Gran Santa Fe,R/P6M,1974-11-01,2002-11-01,Porcentaje de población,Tasa de Empleo por aglomerado 1974-2003,Subsecretaría de Programación Macroeconómica,Instituto Nacional de Estadística y Censos (INDEC),Empleo e Ingresos
342.1_PROVINCIA_GOS__33,provincia_santa_cruz_rio_gallegos,Provincia Santa Cruz Rio Gallegos,R/P6M,1979-05-01,2003-05-01,Porcentaje de población,Tasa de Empleo por aglomerado 1974-2003,Subsecretaría de Programación Macroeconómica,Instituto Nacional de Estadística y Censos (INDEC),Empleo e Ingresos
342.1_PROVINCIA_IER__34,provincia_neuquen_nuequen_plottier,Provincia Neuquén Nuequén - Plottier,R/P6M,1976-05-01,2003-05-01,Porcentaje de población,Tasa de Empleo por aglomerado 1974-2003,Subsecretaría de Programación Macroeconómica,Instituto Nacional de Estadística y Censos (INDEC),Empleo e Ingresos
342.1_PROVINCIA_LLO__40,provincia_san_luis_san_luis_el_chorrillo,Provincia San Luis San Luis - El Chorrillo,R/P6M,1979-05-01,2003-05-01,Porcentaje de población,Tasa de Empleo por aglomerado 1974-2003,Subsecretaría de Programación Macroeconómica,Instituto Nacional de Estadística y Censos (INDEC),Empleo e Ingresos
342.1_PROVINCIA_LLY__46,provincia_chubut_comodoro_rivadavia_rada_tilly,Provincia Chubut Comodoro Rivadavia - Rada Tilly,R/P6M,1974-05-01,2003-05-01,Porcentaje de población,Tasa de Empleo por aglomerado 1974-2003,Subsecretaría de Programación Macroeconómica,Instituto Nacional de Estadística y Censos (INDEC),Empleo e Ingresos
342.1_PROVINCIA_LTA__21,provincia_salta_salta,Provincia Salta Salta,R/P6M,1979-05-01,2003-05-01,Porcentaje de población,Tasa de Empleo por aglomerado 1974-2003,Subsecretaría de Programación Macroeconómica,Instituto Nacional de Estadística y Censos (INDEC),Empleo e Ingresos
342.1_PROVINCIA_NDA__58,provincia_santiago_del_estero_santiago_del_estero_la_banda,Provincia Santiago del Estero Santiago del Estero - La Banda,R/P6M,1976-11-01,2003-05-01,Porcentaje de población,Tasa de Empleo por aglomerado 1974-2003,Subsecretaría de Programación Macroeconómica,Instituto Nacional de Estadística y Censos (INDEC),Empleo e Ingresos
342.1_PROVINCIA_NDE__45,provincia_tierra_del_fuego_ushuaia_rio_grande,Provincia Tierra del Fuego Ushuaia - Río Grande,R/P6M,1988-05-01,2003-05-01,Porcentaje de población,Tasa de Empleo por aglomerado 1974-2003,Subsecretaría de Programación Macroeconómica,Instituto Nacional de Estadística y Censos (INDEC),Empleo e Ingresos
342.1_PROVINCIA_OAY__34,provincia_la_pampa_santa_rosa_toay,Provincia La Pampa Santa Rosa - Toay,R/P6M,1983-05-01,2003-05-01,Porcentaje de población,Tasa de Empleo por aglomerado 1974-2003,Subsecretaría de Programación Macroeconómica,Instituto Nacional de Estadística y Censos (INDEC),Empleo e Ingresos
342.1_PROVINCIA_OBA__30,provincia_cordoba_gran_cordoba,Provincia Córdoba Gran Córdoba,R/P6M,1974-05-01,2003-05-01,Porcentaje de población,Tasa de Empleo por aglomerado 1974-2003,Subsecretaría de Programación Macroeconómica,Instituto Nacional de Estadística y Censos (INDEC),Empleo e Ingresos
342.1_PROVINCIA_OJA__27,provincia_la_rioja_la_rioja,Provincia La Rioja La Rioja,R/P6M,1979-05-01,2003-05-01,Porcentaje de población,Tasa de Empleo por aglomerado 1974-2003,Subsecretaría de Programación Macroeconómica,Instituto Nacional de Estadística y Censos (INDEC),Empleo e Ingresos
342.1_PROVINCIA_OSA__25,provincia_formosa_formosa,Provincia Formosa Formosa,R/P6M,1975-11-01,2003-05-01,Porcentaje de población,Tasa de Empleo por aglomerado 1974-2003,Subsecretaría de Programación Macroeconómica,Instituto Nacional de Estadística y Censos (INDEC),Empleo e Ingresos
342.1_PROVINCIA_OZA__30,provincia_mendoza_gran_mendoza,Provincia Mendoza Gran Mendoza,R/P6M,1974-05-01,2003-05-01,Porcentaje de población,Tasa de Empleo por aglomerado 1974-2003,Subsecretaría de Programación Macroeconómica,Instituto Nacional de Estadística y Censos (INDEC),Empleo e Ingresos
342.1_PROVINCIA_RCA__34,provincia_catamarca_gran_catamarca,Provincia Catamarca Gran Catamarca,R/P6M,1978-11-01,2003-05-01,Porcentaje de población,Tasa de Empleo por aglomerado 1974-2003,Subsecretaría de Programación Macroeconómica,Instituto Nacional de Estadística y Censos (INDEC),Empleo e Ingresos
342.1_PROVINCIA_RIO__31,provincia_santa_fe_gran_rosario,Provincia Santa Fe Gran Rosario,R/P6M,1974-05-01,2003-05-01,Porcentaje de población,Tasa de Empleo por aglomerado 1974-2003,Subsecretaría de Programación Macroeconómica,Instituto Nacional de Estadística y Censos (INDEC),Empleo e Ingresos
342.1_PROVINCIA_RRI__41,provincia_buenos_aires_bahia_blanca_cerri,Provincia Buenos Aires Bahía Blanca - Cerri,R/P6M,1985-05-01,2003-05-01,Porcentaje de población,Tasa de Empleo por aglomerado 1974-2003,Subsecretaría de Programación Macroeconómica,Instituto Nacional de Estadística y Censos (INDEC),Empleo e Ingresos
342.1_PROVINCIA_RTO__28,provincia_cordoba_rio_cuarto,Provincia Córdoba Río Cuarto,R/P6M,1995-11-01,2003-05-01,Porcentaje de población,Tasa de Empleo por aglomerado 1974-2003,Subsecretaría de Programación Macroeconómica,Instituto Nacional de Estadística y Censos (INDEC),Empleo e Ingresos
342.1_PROVINCIA_TAN__42,provincia_buenos_aires_mar_del_plata_batan,Provincia Buenos Aires Mar del Plata y Batán,R/P6M,1995-11-01,2003-05-01,Porcentaje de población,Tasa de Empleo por aglomerado 1974-2003,Subsecretaría de Programación Macroeconómica,Instituto Nacional de Estadística y Censos (INDEC),Empleo e Ingresos
342.1_PROVINCIA_TES__31,provincia_corrientes_corrientes,Provincia Corrientes Corrientes,R/P6M,1976-11-01,2003-05-01,Porcentaje de población,Tasa de Empleo por aglomerado 1974-2003,Subsecretaría de Programación Macroeconómica,Instituto Nacional de Estadística y Censos (INDEC),Empleo e Ingresos
342.1_PROVINCIA_UAN__32,provincia_san_juan_gran_san_juan,Provincia San Juan Gran San Juan,R/P6M,1979-11-01,2003-05-01,Porcentaje de población,Tasa de Empleo por aglomerado 1974-2003,Subsecretaría de Programación Macroeconómica,Instituto Nacional de Estadística y Censos (INDEC),Empleo e Ingresos
342.1_RIO_NEGRO_NES__46,rio_negro_buenos_aires_viedma_carmen_patagones,Río Negro - Buenos Aires Viedma - Carmen de Patagones,R/P6M,2002-11-01,2003-05-01,Porcentaje de población,Tasa de Empleo por aglomerado 1974-2003,Subsecretaría de Programación Macroeconómica,Instituto Nacional de Estadística y Censos (INDEC),Empleo e Ingresos
342.1_TOTAL_AGLOIOR__30,total_aglomerados_del_interior,Total aglomerados del Interior,R/P6M,1974-05-01,2003-05-01,Porcentaje de población,Tasa de Empleo por aglomerado 1974-2003,Subsecretaría de Programación Macroeconómica,Instituto Nacional de Estadística y Censos (INDEC),Empleo e Ingresos
342.1_TOTAL_AGLONOS__25,total_aglomerados_urbanos,Total aglomerados urbanos,R/P6M,1974-05-01,2003-05-01,Porcentaje de población,Tasa de Empleo por aglomerado 1974-2003,Subsecretaría de Programación Macroeconómica,Instituto Nacional de Estadística y Censos (INDEC),Empleo e Ingresos
343.1_BUENOS_AIRION__52,buenos_aires_santa_fe_san_nicolas_villa_constitucion,Buenos Aires - Santa Fe San Nicolás - Villa Constitución,R/P6M,2002-11-01,2003-05-01,Porcentaje de población,Tasa de Desocupación por aglomerado 1974-2003,Subsecretaría de Programación Macroeconómica,Instituto Nacional de Estadística y Censos (INDEC),Empleo e Ingresos
343.1_CHUBUT_RALEW__21,chubut_rawson_trelew,Chubut Rawson - Trelew,R/P6M,2002-11-01,2003-05-01,Porcentaje de población,Tasa de Desocupación por aglomerado 1974-2003,Subsecretaría de Programación Macroeconómica,Instituto Nacional de Estadística y Censos (INDEC),Empleo e Ingresos
343.1_CIUDAD_BUERES__19,ciudad_buenos_aires,Ciudad de Buenos Aires,R/P6M,1981-05-01,2003-05-01,Porcentaje de población,Tasa de Desocupación por aglomerado 1974-2003,Subsecretaría de Programación Macroeconómica,Instituto Nacional de Estadística y Censos (INDEC),Empleo e Ingresos
343.1_GRAN_BUENORES__17,gran_buenos_aires,Gran Buenos Aires,R/P6M,1974-05-01,2003-05-01,Porcentaje de población,Tasa de Desocupación por aglomerado 1974-2003,Subsecretaría de Programación Macroeconómica,Instituto Nacional de Estadística y Censos (INDEC),Empleo e Ingresos
343.1_PARTIDOS_A_98__24,partidos_a_partir_del_98,Partidos a partir del 98,R/P6M,1998-05-01,2003-05-01,Porcentaje de población,Tasa de Desocupación por aglomerado 1974-2003,Subsecretaría de Programación Macroeconómica,Instituto Nacional de Estadística y Censos (INDEC),Empleo e Ingresos
343.1_PARTIDOS_DANO__22,partidos_del_conurbano,Partidos del Conurbano,R/P6M,1981-05-01,2003-05-01,Porcentaje de población,Tasa de Desocupación por aglomerado 1974-2003,Subsecretaría de Programación Macroeconómica,Instituto Nacional de Estadística y Censos (INDEC),Empleo e Ingresos
343.1_PROVINCIA_ALA__42,provincia_jujuy_san_salvador_jujuy_palpala,Provincia Jujuy San Salvador de Jujuy - Palpalá,R/P6M,1977-11-01,2003-05-01,Porcentaje de población,Tasa de Desocupación por aglomerado 1974-2003,Subsecretaría de Programación Macroeconómica,Instituto Nacional de Estadística y Censos (INDEC),Empleo e Ingresos
343.1_PROVINCIA_ANA__32,provincia_entre_rios_gran_parana,Provincia Entre Ríos Gran Paraná,R/P6M,1974-11-01,2003-05-01,Porcentaje de población,Tasa de Desocupación por aglomerado 1974-2003,Subsecretaría de Programación Macroeconómica,Instituto Nacional de Estadística y Censos (INDEC),Empleo e Ingresos
343.1_PROVINCIA_ATA__36,provincia_buenos_aires_gran_la_plata,Provincia Buenos Aires Gran La Plata,R/P6M,1974-05-01,2003-05-01,Porcentaje de población,Tasa de Desocupación por aglomerado 1974-2003,Subsecretaría de Programación Macroeconómica,Instituto Nacional de Estadística y Censos (INDEC),Empleo e Ingresos
343.1_PROVINCIA_CIA__32,provincia_chaco_gran_resistencia,Provincia Chaco Gran Resistencia,R/P6M,1974-11-01,2003-05-01,Porcentaje de población,Tasa de Desocupación por aglomerado 1974-2003,Subsecretaría de Programación Macroeconómica,Instituto Nacional de Estadística y Censos (INDEC),Empleo e Ingresos
343.1_PROVINCIA_DAS__26,provincia_misiones_posadas,Provincia Misiones Posadas,R/P6M,1974-05-01,2003-05-01,Porcentaje de población,Tasa de Desocupación por aglomerado 1974-2003,Subsecretaría de Programación Macroeconómica,Instituto Nacional de Estadística y Censos (INDEC),Empleo e Ingresos
343.1_PROVINCIA_DIA__30,provincia_entre_rios_concordia,Provincia Entre Ríos Concordia,R/P6M,1975-05-01,2003-05-01,Porcentaje de población,Tasa de Desocupación por aglomerado 1974-2003,Subsecretaría de Programación Macroeconómica,Instituto Nacional de Estadística y Censos (INDEC),Empleo e Ingresos
343.1_PROVINCIA_EJO__52,provincia_tucuman_gran_san_martin_tucuman_tafi_viejo,Provincia Tucumán Gran San Martín de Tucumán - Tafí Viejo,R/P6M,1974-05-01,2003-05-01,Porcentaje de población,Tasa de Desocupación por aglomerado 1974-2003,Subsecretaría de Programación Macroeconómica,Instituto Nacional de Estadística y Censos (INDEC),Empleo e Ingresos
343.1_PROVINCIA_FE__32,provincia_santa_fe_gran_santa_fe,Provincia Santa Fe Gran Santa Fe,R/P6M,1974-11-01,2003-05-01,Porcentaje de población,Tasa de Desocupación por aglomerado 1974-2003,Subsecretaría de Programación Macroeconómica,Instituto Nacional de Estadística y Censos (INDEC),Empleo e Ingresos
343.1_PROVINCIA_GOS__33,provincia_santa_cruz_rio_gallegos,Provincia Santa Cruz Rio Gallegos,R/P6M,1979-05-01,2003-05-01,Porcentaje de población,Tasa de Desocupación por aglomerado 1974-2003,Subsecretaría de Programación Macroeconómica,Instituto Nacional de Estadística y Censos (INDEC),Empleo e Ingresos
343.1_PROVINCIA_IER__34,provincia_neuquen_nuequen_plottier,Provincia Neuquén Nuequén - Plottier,R/P6M,1976-05-01,2003-05-01,Porcentaje de población,Tasa de Desocupación por aglomerado 1974-2003,Subsecretaría de Programación Macroeconómica,Instituto Nacional de Estadística y Censos (INDEC),Empleo e Ingresos
343.1_PROVINCIA_LLO__40,provincia_san_luis_san_luis_el_chorrillo,Provincia San Luis San Luis - El Chorrillo,R/P6M,1979-05-01,2003-05-01,Porcentaje de población,Tasa de Desocupación por aglomerado 1974-2003,Subsecretaría de Programación Macroeconómica,Instituto Nacional de Estadística y Censos (INDEC),Empleo e Ingresos
343.1_PROVINCIA_LLY__46,provincia_chubut_comodoro_rivadavia_rada_tilly,Provincia Chubut Comodoro Rivadavia - Rada Tilly,R/P6M,1974-05-01,2003-05-01,Porcentaje de población,Tasa de Desocupación por aglomerado 1974-2003,Subsecretaría de Programación Macroeconómica,Instituto Nacional de Estadística y Censos (INDEC),Empleo e Ingresos
343.1_PROVINCIA_LTA__21,provincia_salta_salta,Provincia Salta Salta,R/P6M,1979-05-01,2003-05-01,Porcentaje de población,Tasa de Desocupación por aglomerado 1974-2003,Subsecretaría de Programación Macroeconómica,Instituto Nacional de Estadística y Censos (INDEC),Empleo e Ingresos
343.1_PROVINCIA_NDA__58,provincia_santiago_del_estero_santiago_del_estero_la_banda,Provincia Santiago del Estero Santiago del Estero - La Banda,R/P6M,1976-11-01,2003-05-01,Porcentaje de población,Tasa de Desocupación por aglomerado 1974-2003,Subsecretaría de Programación Macroeconómica,Instituto Nacional de Estadística y Censos (INDEC),Empleo e Ingresos
343.1_PROVINCIA_NDE__45,provincia_tierra_del_fuego_ushuaia_rio_grande,Provincia Tierra del Fuego Ushuaia - Río Grande,R/P6M,1988-05-01,2003-05-01,Porcentaje de población,Tasa de Desocupación por aglomerado 1974-2003,Subsecretaría de Programación Macroeconómica,Instituto Nacional de Estadística y Censos (INDEC),Empleo e Ingresos
343.1_PROVINCIA_OAY__34,provincia_la_pampa_santa_rosa_toay,Provincia La Pampa Santa Rosa - Toay,R/P6M,1983-05-01,2003-05-01,Porcentaje de población,Tasa de Desocupación por aglomerado 1974-2003,Subsecretaría de Programación Macroeconómica,Instituto Nacional de Estadística y Censos (INDEC),Empleo e Ingresos
343.1_PROVINCIA_OBA__30,provincia_cordoba_gran_cordoba,Provincia Córdoba Gran Córdoba,R/P6M,1974-05-01,2003-05-01,Porcentaje de población,Tasa de Desocupación por aglomerado 1974-2003,Subsecretaría de Programación Macroeconómica,Instituto Nacional de Estadística y Censos (INDEC),Empleo e Ingresos
343.1_PROVINCIA_OJA__27,provincia_la_rioja_la_rioja,Provincia La Rioja La Rioja,R/P6M,1979-05-01,2003-05-01,Porcentaje de población,Tasa de Desocupación por aglomerado 1974-2003,Subsecretaría de Programación Macroeconómica,Instituto Nacional de Estadística y Censos (INDEC),Empleo e Ingresos
343.1_PROVINCIA_OSA__25,provincia_formosa_formosa,Provincia Formosa Formosa,R/P6M,1975-11-01,2003-05-01,Porcentaje de población,Tasa de Desocupación por aglomerado 1974-2003,Subsecretaría de Programación Macroeconómica,Instituto Nacional de Estadística y Censos (INDEC),Empleo e Ingresos
343.1_PROVINCIA_OZA__30,provincia_mendoza_gran_mendoza,Provincia Mendoza Gran Mendoza,R/P6M,1974-05-01,2003-05-01,Porcentaje de población,Tasa de Desocupación por aglomerado 1974-2003,Subsecretaría de Programación Macroeconómica,Instituto Nacional de Estadística y Censos (INDEC),Empleo e Ingresos
343.1_PROVINCIA_RCA__34,provincia_catamarca_gran_catamarca,Provincia Catamarca Gran Catamarca,R/P6M,1978-11-01,2003-05-01,Porcentaje de población,Tasa de Desocupación por aglomerado 1974-2003,Subsecretaría de Programación Macroeconómica,Instituto Nacional de Estadística y Censos (INDEC),Empleo e Ingresos
343.1_PROVINCIA_RIO__31,provincia_santa_fe_gran_rosario,Provincia Santa Fe Gran Rosario,R/P6M,1974-05-01,2003-05-01,Porcentaje de población,Tasa de Desocupación por aglomerado 1974-2003,Subsecretaría de Programación Macroeconómica,Instituto Nacional de Estadística y Censos (INDEC),Empleo e Ingresos
343.1_PROVINCIA_RRI__41,provincia_buenos_aires_bahia_blanca_cerri,Provincia Buenos Aires Bahía Blanca - Cerri,R/P6M,1985-05-01,2003-05-01,Porcentaje de población,Tasa de Desocupación por aglomerado 1974-2003,Subsecretaría de Programación Macroeconómica,Instituto Nacional de Estadística y Censos (INDEC),Empleo e Ingresos
343.1_PROVINCIA_RTO__28,provincia_cordoba_rio_cuarto,Provincia Córdoba Río Cuarto,R/P6M,1995-11-01,2003-05-01,Porcentaje de población,Tasa de Desocupación por aglomerado 1974-2003,Subsecretaría de Programación Macroeconómica,Instituto Nacional de Estadística y Censos (INDEC),Empleo e Ingresos
343.1_PROVINCIA_TAN__42,provincia_buenos_aires_mar_del_plata_batan,Provincia Buenos Aires Mar del Plata y Batán,R/P6M,1995-11-01,2003-05-01,Porcentaje de población,Tasa de Desocupación por aglomerado 1974-2003,Subsecretaría de Programación Macroeconómica,Instituto Nacional de Estadística y Censos (INDEC),Empleo e Ingresos
343.1_PROVINCIA_TES__31,provincia_corrientes_corrientes,Provincia Corrientes Corrientes,R/P6M,1976-11-01,2003-05-01,Porcentaje de población,Tasa de Desocupación por aglomerado 1974-2003,Subsecretaría de Programación Macroeconómica,Instituto Nacional de Estadística y Censos (INDEC),Empleo e Ingresos
343.1_PROVINCIA_UAN__32,provincia_san_juan_gran_san_juan,Provincia San Juan Gran San Juan,R/P6M,1979-11-01,2003-05-01,Porcentaje de población,Tasa de Desocupación por aglomerado 1974-2003,Subsecretaría de Programación Macroeconómica,Instituto Nacional de Estadística y Censos (INDEC),Empleo e Ingresos
343.1_RIO_NEGRO_NES__46,rio_negro_buenos_aires_viedma_carmen_patagones,Río Negro - Buenos Aires Viedma - Carmen de Patagones,R/P6M,2002-11-01,2003-05-01,Porcentaje de población,Tasa de Desocupación por aglomerado 1974-2003,Subsecretaría de Programación Macroeconómica,Instituto Nacional de Estadística y Censos (INDEC),Empleo e Ingresos
343.1_TOTAL_AGLOIOR__30,total_aglomerados_del_interior,Total aglomerados del Interior,R/P6M,1974-05-01,2003-05-01,Porcentaje de población,Tasa de Desocupación por aglomerado 1974-2003,Subsecretaría de Programación Macroeconómica,Instituto Nacional de Estadística y Censos (INDEC),Empleo e Ingresos
343.1_TOTAL_AGLONOS__25,total_aglomerados_urbanos,Total aglomerados urbanos,R/P6M,1974-05-01,2003-05-01,Porcentaje de población,Tasa de Desocupación por aglomerado 1974-2003,Subsecretaría de Programación Macroeconómica,Instituto Nacional de Estadística y Censos (INDEC),Empleo e Ingresos
344.1_BUENOS_AIRION__52,buenos_aires_santa_fe_san_nicolas_villa_constitucion,Buenos Aires - Santa Fe San Nicolás - Villa Constitución,R/P6M,2002-11-01,2003-05-01,Porcentaje de población,Tasa de Subocupación por aglomerado 1974-2003,Subsecretaría de Programación Macroeconómica,Instituto Nacional de Estadística y Censos (INDEC),Empleo e Ingresos
344.1_CHUBUT_RALEW__21,chubut_rawson_trelew,Chubut Rawson - Trelew,R/P6M,2002-11-01,2003-05-01,Porcentaje de población,Tasa de Subocupación por aglomerado 1974-2003,Subsecretaría de Programación Macroeconómica,Instituto Nacional de Estadística y Censos (INDEC),Empleo e Ingresos
344.1_CIUDAD_BUERES__19,ciudad_buenos_aires,Ciudad de Buenos Aires,R/P6M,1981-05-01,2003-05-01,Porcentaje de población,Tasa de Subocupación por aglomerado 1974-2003,Subsecretaría de Programación Macroeconómica,Instituto Nacional de Estadística y Censos (INDEC),Empleo e Ingresos
344.1_GRAN_BUENORES__17,gran_buenos_aires,Gran Buenos Aires,R/P6M,1974-05-01,2003-05-01,Porcentaje de población,Tasa de Subocupación por aglomerado 1974-2003,Subsecretaría de Programación Macroeconómica,Instituto Nacional de Estadística y Censos (INDEC),Empleo e Ingresos
344.1_PARTIDOS_A_98__24,partidos_a_partir_del_98,Partidos a partir del 98,R/P6M,1998-05-01,2003-05-01,Porcentaje de población,Tasa de Subocupación por aglomerado 1974-2003,Subsecretaría de Programación Macroeconómica,Instituto Nacional de Estadística y Censos (INDEC),Empleo e Ingresos
344.1_PARTIDOS_DANO__22,partidos_del_conurbano,Partidos del Conurbano,R/P6M,1981-05-01,2003-05-01,Porcentaje de población,Tasa de Subocupación por aglomerado 1974-2003,Subsecretaría de Programación Macroeconómica,Instituto Nacional de Estadística y Censos (INDEC),Empleo e Ingresos
344.1_PROVINCIA_ALA__42,provincia_jujuy_san_salvador_jujuy_palpala,Provincia Jujuy San Salvador de Jujuy - Palpalá,R/P6M,1977-11-01,2003-05-01,Porcentaje de población,Tasa de Subocupación por aglomerado 1974-2003,Subsecretaría de Programación Macroeconómica,Instituto Nacional de Estadística y Censos (INDEC),Empleo e Ingresos
344.1_PROVINCIA_ANA__32,provincia_entre_rios_gran_parana,Provincia Entre Ríos Gran Paraná,R/P6M,1974-11-01,2003-05-01,Porcentaje de población,Tasa de Subocupación por aglomerado 1974-2003,Subsecretaría de Programación Macroeconómica,Instituto Nacional de Estadística y Censos (INDEC),Empleo e Ingresos
344.1_PROVINCIA_ATA__36,provincia_buenos_aires_gran_la_plata,Provincia Buenos Aires Gran La Plata,R/P6M,1974-05-01,2003-05-01,Porcentaje de población,Tasa de Subocupación por aglomerado 1974-2003,Subsecretaría de Programación Macroeconómica,Instituto Nacional de Estadística y Censos (INDEC),Empleo e Ingresos
344.1_PROVINCIA_CIA__32,provincia_chaco_gran_resistencia,Provincia Chaco Gran Resistencia,R/P6M,1974-11-01,2003-05-01,Porcentaje de población,Tasa de Subocupación por aglomerado 1974-2003,Subsecretaría de Programación Macroeconómica,Instituto Nacional de Estadística y Censos (INDEC),Empleo e Ingresos
344.1_PROVINCIA_DAS__26,provincia_misiones_posadas,Provincia Misiones Posadas,R/P6M,1974-05-01,2003-05-01,Porcentaje de población,Tasa de Subocupación por aglomerado 1974-2003,Subsecretaría de Programación Macroeconómica,Instituto Nacional de Estadística y Censos (INDEC),Empleo e Ingresos
344.1_PROVINCIA_DIA__30,provincia_entre_rios_concordia,Provincia Entre Ríos Concordia,R/P6M,1975-05-01,2003-05-01,Porcentaje de población,Tasa de Subocupación por aglomerado 1974-2003,Subsecretaría de Programación Macroeconómica,Instituto Nacional de Estadística y Censos (INDEC),Empleo e Ingresos
344.1_PROVINCIA_EJO__52,provincia_tucuman_gran_san_martin_tucuman_tafi_viejo,Provincia Tucumán Gran San Martín de Tucumán - Tafí Viejo,R/P6M,1974-05-01,2003-05-01,Porcentaje de población,Tasa de Subocupación por aglomerado 1974-2003,Subsecretaría de Programación Macroeconómica,Instituto Nacional de Estadística y Censos (INDEC),Empleo e Ingresos
344.1_PROVINCIA_FE__32,provincia_santa_fe_gran_santa_fe,Provincia Santa Fe Gran Santa Fe,R/P6M,1974-11-01,2003-05-01,Porcentaje de población,Tasa de Subocupación por aglomerado 1974-2003,Subsecretaría de Programación Macroeconómica,Instituto Nacional de Estadística y Censos (INDEC),Empleo e Ingresos
344.1_PROVINCIA_GOS__33,provincia_santa_cruz_rio_gallegos,Provincia Santa Cruz Rio Gallegos,R/P6M,1979-05-01,2003-05-01,Porcentaje de población,Tasa de Subocupación por aglomerado 1974-2003,Subsecretaría de Programación Macroeconómica,Instituto Nacional de Estadística y Censos (INDEC),Empleo e Ingresos
344.1_PROVINCIA_IER__34,provincia_neuquen_nuequen_plottier,Provincia Neuquén Nuequén - Plottier,R/P6M,1976-05-01,2003-05-01,Porcentaje de población,Tasa de Subocupación por aglomerado 1974-2003,Subsecretaría de Programación Macroeconómica,Instituto Nacional de Estadística y Censos (INDEC),Empleo e Ingresos
344.1_PROVINCIA_LLO__40,provincia_san_luis_san_luis_el_chorrillo,Provincia San Luis San Luis - El Chorrillo,R/P6M,1979-05-01,2003-05-01,Porcentaje de población,Tasa de Subocupación por aglomerado 1974-2003,Subsecretaría de Programación Macroeconómica,Instituto Nacional de Estadística y Censos (INDEC),Empleo e Ingresos
344.1_PROVINCIA_LLY__46,provincia_chubut_comodoro_rivadavia_rada_tilly,Provincia Chubut Comodoro Rivadavia - Rada Tilly,R/P6M,1974-05-01,2003-05-01,Porcentaje de población,Tasa de Subocupación por aglomerado 1974-2003,Subsecretaría de Programación Macroeconómica,Instituto Nacional de Estadística y Censos (INDEC),Empleo e Ingresos
344.1_PROVINCIA_LTA__21,provincia_salta_salta,Provincia Salta Salta,R/P6M,1979-05-01,2003-05-01,Porcentaje de población,Tasa de Subocupación por aglomerado 1974-2003,Subsecretaría de Programación Macroeconómica,Instituto Nacional de Estadística y Censos (INDEC),Empleo e Ingresos
344.1_PROVINCIA_NDA__58,provincia_santiago_del_estero_santiago_del_estero_la_banda,Provincia Santiago del Estero Santiago del Estero - La Banda,R/P6M,1976-11-01,2003-05-01,Porcentaje de población,Tasa de Subocupación por aglomerado 1974-2003,Subsecretaría de Programación Macroeconómica,Instituto Nacional de Estadística y Censos (INDEC),Empleo e Ingresos
344.1_PROVINCIA_NDE__45,provincia_tierra_del_fuego_ushuaia_rio_grande,Provincia Tierra del Fuego Ushuaia - Río Grande,R/P6M,1988-05-01,2003-05-01,Porcentaje de población,Tasa de Subocupación por aglomerado 1974-2003,Subsecretaría de Programación Macroeconómica,Instituto Nacional de Estadística y Censos (INDEC),Empleo e Ingresos
344.1_PROVINCIA_OAY__34,provincia_la_pampa_santa_rosa_toay,Provincia La Pampa Santa Rosa - Toay,R/P6M,1983-05-01,2003-05-01,Porcentaje de población,Tasa de Subocupación por aglomerado 1974-2003,Subsecretaría de Programación Macroeconómica,Instituto Nacional de Estadística y Censos (INDEC),Empleo e Ingresos
344.1_PROVINCIA_OBA__30,provincia_cordoba_gran_cordoba,Provincia Córdoba Gran Córdoba,R/P6M,1974-05-01,2003-05-01,Porcentaje de población,Tasa de Subocupación por aglomerado 1974-2003,Subsecretaría de Programación Macroeconómica,Instituto Nacional de Estadística y Censos (INDEC),Empleo e Ingresos
344.1_PROVINCIA_OSA__25,provincia_formosa_formosa,Provincia Formosa Formosa,R/P6M,1975-11-01,2003-05-01,Porcentaje de población,Tasa de Subocupación por aglomerado 1974-2003,Subsecretaría de Programación Macroeconómica,Instituto Nacional de Estadística y Censos (INDEC),Empleo e Ingresos
344.1_PROVINCIA_OZA__30,provincia_mendoza_gran_mendoza,Provincia Mendoza Gran Mendoza,R/P6M,1974-05-01,2003-05-01,Porcentaje de población,Tasa de Subocupación por aglomerado 1974-2003,Subsecretaría de Programación Macroeconómica,Instituto Nacional de Estadística y Censos (INDEC),Empleo e Ingresos
344.1_PROVINCIA_RCA__34,provincia_catamarca_gran_catamarca,Provincia Catamarca Gran Catamarca,R/P6M,1978-11-01,2003-05-01,Porcentaje de población,Tasa de Subocupación por aglomerado 1974-2003,Subsecretaría de Programación Macroeconómica,Instituto Nacional de Estadística y Censos (INDEC),Empleo e Ingresos
344.1_PROVINCIA_RIO__31,provincia_santa_fe_gran_rosario,Provincia Santa Fe Gran Rosario,R/P6M,1974-05-01,2003-05-01,Porcentaje de población,Tasa de Subocupación por aglomerado 1974-2003,Subsecretaría de Programación Macroeconómica,Instituto Nacional de Estadística y Censos (INDEC),Empleo e Ingresos
344.1_PROVINCIA_RRI__41,provincia_buenos_aires_bahia_blanca_cerri,Provincia Buenos Aires Bahía Blanca - Cerri,R/P6M,1985-05-01,2003-05-01,Porcentaje de población,Tasa de Subocupación por aglomerado 1974-2003,Subsecretaría de Programación Macroeconómica,Instituto Nacional de Estadística y Censos (INDEC),Empleo e Ingresos
344.1_PROVINCIA_RTO__28,provincia_cordoba_rio_cuarto,Provincia Córdoba Río Cuarto,R/P6M,1995-11-01,2003-05-01,Porcentaje de población,Tasa de Subocupación por aglomerado 1974-2003,Subsecretaría de Programación Macroeconómica,Instituto Nacional de Estadística y Censos (INDEC),Empleo e Ingresos
344.1_PROVINCIA_TAL__35,provincia_la_rioja_la_rioja_capital,Provincia La Rioja. La Rioja capital,R/P6M,1979-05-01,2003-05-01,Porcentaje de población,Tasa de Subocupación por aglomerado 1974-2003,Subsecretaría de Programación Macroeconómica,Instituto Nacional de Estadística y Censos (INDEC),Empleo e Ingresos
344.1_PROVINCIA_TAN__42,provincia_buenos_aires_mar_del_plata_batan,Provincia Buenos Aires Mar del Plata y Batán,R/P6M,1995-11-01,2003-05-01,Porcentaje de población,Tasa de Subocupación por aglomerado 1974-2003,Subsecretaría de Programación Macroeconómica,Instituto Nacional de Estadística y Censos (INDEC),Empleo e Ingresos
344.1_PROVINCIA_TES__31,provincia_corrientes_corrientes,Provincia Corrientes Corrientes,R/P6M,1976-11-01,2003-05-01,Porcentaje de población,Tasa de Subocupación por aglomerado 1974-2003,Subsecretaría de Programación Macroeconómica,Instituto Nacional de Estadística y Censos (INDEC),Empleo e Ingresos
344.1_PROVINCIA_UAN__32,provincia_san_juan_gran_san_juan,Provincia San Juan Gran San Juan,R/P6M,1979-11-01,2003-05-01,Porcentaje de población,Tasa de Subocupación por aglomerado 1974-2003,Subsecretaría de Programación Macroeconómica,Instituto Nacional de Estadística y Censos (INDEC),Empleo e Ingresos
344.1_RIO_NEGRO_NES__46,rio_negro_buenos_aires_viedma_carmen_patagones,Río Negro - Buenos Aires Viedma - Carmen de Patagones,R/P6M,2002-11-01,2003-05-01,Porcentaje de población,Tasa de Subocupación por aglomerado 1974-2003,Subsecretaría de Programación Macroeconómica,Instituto Nacional de Estadística y Censos (INDEC),Empleo e Ingresos
344.1_TOTAL_AGLOIOR__30,total_aglomerados_del_interior,Total aglomerados del Interior,R/P6M,1974-05-01,2003-05-01,Porcentaje de población,Tasa de Subocupación por aglomerado 1974-2003,Subsecretaría de Programación Macroeconómica,Instituto Nacional de Estadística y Censos (INDEC),Empleo e Ingresos
344.1_TOTAL_AGLONOS__25,total_aglomerados_urbanos,Total aglomerados urbanos,R/P6M,1974-05-01,2003-05-01,Porcentaje de población,Tasa de Subocupación por aglomerado 1974-2003,Subsecretaría de Programación Macroeconómica,Instituto Nacional de Estadística y Censos (INDEC),Empleo e Ingresos
351.1_BASICO_CONNIO__15,basico_convenio,De básico de convenio,R/P1Y,1962-01-01,1967-01-01,Indice,Índices de salarios industriales básicos de convenios en la Capital Federal desde 1962,Subsecretaría de Programación Macroeconómica,Instituto Nacional de Estadística y Censos (INDEC),Empleo e Ingresos
351.1_OFICIALESLES__9,oficiales,De oficiales,R/P1Y,1962-01-01,1967-01-01,Indice,Índices de salarios industriales básicos de convenios en la Capital Federal desde 1962,Subsecretaría de Programación Macroeconómica,Instituto Nacional de Estadística y Censos (INDEC),Empleo e Ingresos
351.1_PEONESNES__6,peones,De peones,R/P1Y,1962-01-01,1967-01-01,Indice,Índices de salarios industriales básicos de convenios en la Capital Federal desde 1962,Subsecretaría de Programación Macroeconómica,Instituto Nacional de Estadística y Censos (INDEC),Empleo e Ingresos
351.2_BASICO_CONNIO__15,basico_convenio,De básico de convenio,R/P3M,1966-01-01,1967-10-01,Indice,Índices de salarios industriales básicos de convenios en la Capital Federal desde 1962,Subsecretaría de Programación Macroeconómica,Instituto Nacional de Estadística y Censos (INDEC),Empleo e Ingresos
351.2_OFICIALESLES__9,oficiales,De oficiales,R/P3M,1966-01-01,1967-10-01,Indice,Índices de salarios industriales básicos de convenios en la Capital Federal desde 1962,Subsecretaría de Programación Macroeconómica,Instituto Nacional de Estadística y Censos (INDEC),Empleo e Ingresos
351.2_PEONESNES__6,peones,De peones,R/P3M,1966-01-01,1967-10-01,Indice,Índices de salarios industriales básicos de convenios en la Capital Federal desde 1962,Subsecretaría de Programación Macroeconómica,Instituto Nacional de Estadística y Censos (INDEC),Empleo e Ingresos
352.1_BASICO_CONNIO__15,basico_convenio,De básico de convenio,R/P1Y,1965-01-01,1966-01-01,Indice,Índices de salarios industriales básicos de convenios en la Capital Federal.,Subsecretaría de Programación Macroeconómica,Instituto Nacional de Estadística y Censos (INDEC),Empleo e Ingresos
352.1_REAL_SIN_BNIO__24,real_sin_basico_convenio,De real sin el básico de convenio,R/P1Y,1965-01-01,1966-01-01,Indice,Índices de salarios industriales básicos de convenios en la Capital Federal.,Subsecretaría de Programación Macroeconómica,Instituto Nacional de Estadística y Censos (INDEC),Empleo e Ingresos
352.2_BASICO_CONNIO__15,basico_convenio,De básico de convenio,R/P3M,1965-01-01,1966-10-01,Indice,Índices de salarios industriales básicos de convenios en la Capital Federal.,Subsecretaría de Programación Macroeconómica,Instituto Nacional de Estadística y Censos (INDEC),Empleo e Ingresos
352.2_REAL_SIN_BNIO__24,real_sin_basico_convenio,De real sin el básico de convenio,R/P3M,1965-01-01,1966-10-01,Indice,Índices de salarios industriales básicos de convenios en la Capital Federal.,Subsecretaría de Programación Macroeconómica,Instituto Nacional de Estadística y Censos (INDEC),Empleo e Ingresos
353.1_ALIMENTACIION__12,alimentacion,Salario del sector alimentacion,R/P1Y,1960-01-01,1975-01-01,Índice,Salarios básicos de convenio del peón de la industria manufacturera,Subsecretaría de Programación Macroeconómica,Instituto Nacional de Estadística y Censos (INDEC),Empleo e Ingresos
353.1_CALZADOADO__7,calzado,Salario del sector calzado,R/P1Y,1960-01-01,1975-01-01,Índice,Salarios básicos de convenio del peón de la industria manufacturera,Subsecretaría de Programación Macroeconómica,Instituto Nacional de Estadística y Censos (INDEC),Empleo e Ingresos
353.1_CARNERNE__5,carne,Salario del sector carne,R/P1Y,1960-01-01,1975-01-01,Índice,Salarios básicos de convenio del peón de la industria manufacturera,Subsecretaría de Programación Macroeconómica,Instituto Nacional de Estadística y Censos (INDEC),Empleo e Ingresos
353.1_CAUCHOCHO__6,caucho,Salario del sector caucho,R/P1Y,1960-01-01,1975-01-01,Índice,Salarios básicos de convenio del peón de la industria manufacturera,Subsecretaría de Programación Macroeconómica,Instituto Nacional de Estadística y Censos (INDEC),Empleo e Ingresos
353.1_CERAMISTASTAS__10,ceramistas,Salario del sector ceramistas,R/P1Y,1960-01-01,1975-01-01,Índice,Salarios básicos de convenio del peón de la industria manufacturera,Subsecretaría de Programación Macroeconómica,Instituto Nacional de Estadística y Censos (INDEC),Empleo e Ingresos
353.1_CONFECCIONION__10,confeccion,Salario del sector confeccion,R/P1Y,1960-01-01,1975-01-01,Índice,Salarios básicos de convenio del peón de la industria manufacturera,Subsecretaría de Programación Macroeconómica,Instituto Nacional de Estadística y Censos (INDEC),Empleo e Ingresos
353.1_CUEROSROS__6,cueros,Salario del sector cueros,R/P1Y,1960-01-01,1975-01-01,Índice,Salarios básicos de convenio del peón de la industria manufacturera,Subsecretaría de Programación Macroeconómica,Instituto Nacional de Estadística y Censos (INDEC),Empleo e Ingresos
353.1_GRAFICOSCOS__8,graficos,Salario del sector graficos,R/P1Y,1960-01-01,1975-01-01,Índice,Salarios básicos de convenio del peón de la industria manufacturera,Subsecretaría de Programación Macroeconómica,Instituto Nacional de Estadística y Censos (INDEC),Empleo e Ingresos
353.1_LECHERAERA__7,lechera,Salario del sector lechera,R/P1Y,1960-01-01,1975-01-01,Índice,Salarios básicos de convenio del peón de la industria manufacturera,Subsecretaría de Programación Macroeconómica,Instituto Nacional de Estadística y Censos (INDEC),Empleo e Ingresos
353.1_MADERASRAS__7,maderas,Salario del sector maderas,R/P1Y,1960-01-01,1975-01-01,Índice,Salarios básicos de convenio del peón de la industria manufacturera,Subsecretaría de Programación Macroeconómica,Instituto Nacional de Estadística y Censos (INDEC),Empleo e Ingresos
353.1_MECANICOS_TOR__30,mecanicos_transporte_automotor,"Salario del sector mecanicos, transporte y automotor",R/P1Y,1960-01-01,1975-01-01,Índice,Salarios básicos de convenio del peón de la industria manufacturera,Subsecretaría de Programación Macroeconómica,Instituto Nacional de Estadística y Censos (INDEC),Empleo e Ingresos
353.1_METALURGICCOS__12,metalurgicos,Salario del sector metalurgicos,R/P1Y,1960-01-01,1975-01-01,Índice,Salarios básicos de convenio del peón de la industria manufacturera,Subsecretaría de Programación Macroeconómica,Instituto Nacional de Estadística y Censos (INDEC),Empleo e Ingresos
353.1_MOSAISTASTAS__9,mosaistas,Salario del sector mosaistas,R/P1Y,1960-01-01,1975-01-01,Índice,Salarios básicos de convenio del peón de la industria manufacturera,Subsecretaría de Programación Macroeconómica,Instituto Nacional de Estadística y Censos (INDEC),Empleo e Ingresos
353.1_PAPEL_CARTNES__28,papel_carton_quimicos_afines,"Salario del sector papel, carton, quimicos y afines",R/P1Y,1960-01-01,1975-01-01,Índice,Salarios básicos de convenio del peón de la industria manufacturera,Subsecretaría de Programación Macroeconómica,Instituto Nacional de Estadística y Censos (INDEC),Empleo e Ingresos
353.1_PROMEDIODIO__8,promedio,Salario promedio,R/P1Y,1960-01-01,1968-01-01,Índice,Salarios básicos de convenio del peón de la industria manufacturera,Subsecretaría de Programación Macroeconómica,Instituto Nacional de Estadística y Censos (INDEC),Empleo e Ingresos
353.1_QUIMICOSCOS__8,quimicos,Salario del sector quimicos,R/P1Y,1960-01-01,1975-01-01,Índice,Salarios básicos de convenio del peón de la industria manufacturera,Subsecretaría de Programación Macroeconómica,Instituto Nacional de Estadística y Censos (INDEC),Empleo e Ingresos
353.1_TABACOACO__6,tabaco,Salario del sector tabaco,R/P1Y,1960-01-01,1975-01-01,Índice,Salarios básicos de convenio del peón de la industria manufacturera,Subsecretaría de Programación Macroeconómica,Instituto Nacional de Estadística y Censos (INDEC),Empleo e Ingresos
353.1_TEXTIL_ALGDON__14,textil_algodon,Salario del sector textil_algodon,R/P1Y,1960-01-01,1975-01-01,Índice,Salarios básicos de convenio del peón de la industria manufacturera,Subsecretaría de Programación Macroeconómica,Instituto Nacional de Estadística y Censos (INDEC),Empleo e Ingresos
353.1_TEXTIL_LANANA__11,textil_lana,Salario del sector textil y lana,R/P1Y,1960-01-01,1975-01-01,Índice,Salarios básicos de convenio del peón de la industria manufacturera,Subsecretaría de Programación Macroeconómica,Instituto Nacional de Estadística y Censos (INDEC),Empleo e Ingresos
353.1_VIDRIORIO__6,vidrio,Salario del sector vidrio,R/P1Y,1960-01-01,1975-01-01,Índice,Salarios básicos de convenio del peón de la industria manufacturera,Subsecretaría de Programación Macroeconómica,Instituto Nacional de Estadística y Censos (INDEC),Empleo e Ingresos
353.1_VITIVINICOOLA__12,vitivinicola,Salario del sector vitivinicola,R/P1Y,1960-01-01,1975-01-01,Índice,Salarios básicos de convenio del peón de la industria manufacturera,Subsecretaría de Programación Macroeconómica,Instituto Nacional de Estadística y Censos (INDEC),Empleo e Ingresos
353.2_ALIMENTACIION__12,alimentacion,Salario del sector alimentacion,R/P3M,1968-01-01,1975-10-01,Índice,Salarios básicos de convenio del peón de la industria manufacturera,Subsecretaría de Programación Macroeconómica,Instituto Nacional de Estadística y Censos (INDEC),Empleo e Ingresos
353.2_CALZADOADO__7,calzado,Salario del sector calzado,R/P3M,1968-01-01,1975-10-01,Índice,Salarios básicos de convenio del peón de la industria manufacturera,Subsecretaría de Programación Macroeconómica,Instituto Nacional de Estadística y Censos (INDEC),Empleo e Ingresos
353.2_CARNERNE__5,carne,Salario del sector carne,R/P3M,1968-01-01,1975-10-01,Índice,Salarios básicos de convenio del peón de la industria manufacturera,Subsecretaría de Programación Macroeconómica,Instituto Nacional de Estadística y Censos (INDEC),Empleo e Ingresos
353.2_CAUCHOCHO__6,caucho,Salario del sector caucho,R/P3M,1968-01-01,1975-10-01,Índice,Salarios básicos de convenio del peón de la industria manufacturera,Subsecretaría de Programación Macroeconómica,Instituto Nacional de Estadística y Censos (INDEC),Empleo e Ingresos
353.2_CERAMISTASTAS__10,ceramistas,Salario del sector ceramistas,R/P3M,1968-01-01,1975-10-01,Índice,Salarios básicos de convenio del peón de la industria manufacturera,Subsecretaría de Programación Macroeconómica,Instituto Nacional de Estadística y Censos (INDEC),Empleo e Ingresos
353.2_CONFECCIONION__10,confeccion,Salario del sector confeccion,R/P3M,1968-01-01,1975-10-01,Índice,Salarios básicos de convenio del peón de la industria manufacturera,Subsecretaría de Programación Macroeconómica,Instituto Nacional de Estadística y Censos (INDEC),Empleo e Ingresos
353.2_CUEROSROS__6,cueros,Salario del sector cueros,R/P3M,1968-01-01,1975-10-01,Índice,Salarios básicos de convenio del peón de la industria manufacturera,Subsecretaría de Programación Macroeconómica,Instituto Nacional de Estadística y Censos (INDEC),Empleo e Ingresos
353.2_GRAFICOSCOS__8,graficos,Salario del sector graficos,R/P3M,1968-01-01,1975-10-01,Índice,Salarios básicos de convenio del peón de la industria manufacturera,Subsecretaría de Programación Macroeconómica,Instituto Nacional de Estadística y Censos (INDEC),Empleo e Ingresos
353.2_LECHERAERA__7,lechera,Salario del sector lechera,R/P3M,1968-01-01,1975-10-01,Índice,Salarios básicos de convenio del peón de la industria manufacturera,Subsecretaría de Programación Macroeconómica,Instituto Nacional de Estadística y Censos (INDEC),Empleo e Ingresos
353.2_MADERASRAS__7,maderas,Salario del sector maderas,R/P3M,1968-01-01,1975-10-01,Índice,Salarios básicos de convenio del peón de la industria manufacturera,Subsecretaría de Programación Macroeconómica,Instituto Nacional de Estadística y Censos (INDEC),Empleo e Ingresos
353.2_MECANICOS_TOR__30,mecanicos_transporte_automotor,"Salario del sector mecanicos, transporte y automotor",R/P3M,1968-01-01,1975-10-01,Índice,Salarios básicos de convenio del peón de la industria manufacturera,Subsecretaría de Programación Macroeconómica,Instituto Nacional de Estadística y Censos (INDEC),Empleo e Ingresos
353.2_METALURGICCOS__12,metalurgicos,Salario del sector metalurgicos,R/P3M,1968-01-01,1975-10-01,Índice,Salarios básicos de convenio del peón de la industria manufacturera,Subsecretaría de Programación Macroeconómica,Instituto Nacional de Estadística y Censos (INDEC),Empleo e Ingresos
353.2_MOSAISTASTAS__9,mosaistas,Salario del sector mosaistas,R/P3M,1968-01-01,1975-10-01,Índice,Salarios básicos de convenio del peón de la industria manufacturera,Subsecretaría de Programación Macroeconómica,Instituto Nacional de Estadística y Censos (INDEC),Empleo e Ingresos
353.2_PAPEL_CARTNES__28,papel_carton_quimicos_afines,"Salario del sector papel, carton, quimicos y afines",R/P3M,1968-01-01,1975-10-01,Índice,Salarios básicos de convenio del peón de la industria manufacturera,Subsecretaría de Programación Macroeconómica,Instituto Nacional de Estadística y Censos (INDEC),Empleo e Ingresos
353.2_PROMEDIODIO__8,promedio,Salario promedio,R/P3M,1968-01-01,1973-10-01,Índice,Salarios básicos de convenio del peón de la industria manufacturera,Subsecretaría de Programación Macroeconómica,Instituto Nacional de Estadística y Censos (INDEC),Empleo e Ingresos
353.2_QUIMICOSCOS__8,quimicos,Salario del sector quimicos,R/P3M,1968-01-01,1975-10-01,Índice,Salarios básicos de convenio del peón de la industria manufacturera,Subsecretaría de Programación Macroeconómica,Instituto Nacional de Estadística y Censos (INDEC),Empleo e Ingresos
353.2_TABACOACO__6,tabaco,Salario del sector tabaco,R/P3M,1968-01-01,1975-10-01,Índice,Salarios básicos de convenio del peón de la industria manufacturera,Subsecretaría de Programación Macroeconómica,Instituto Nacional de Estadística y Censos (INDEC),Empleo e Ingresos
353.2_TEXTIL_ALGDON__14,textil_algodon,Salario del sector textil_algodon,R/P3M,1968-01-01,1975-10-01,Índice,Salarios básicos de convenio del peón de la industria manufacturera,Subsecretaría de Programación Macroeconómica,Instituto Nacional de Estadística y Censos (INDEC),Empleo e Ingresos
353.2_TEXTIL_LANANA__11,textil_lana,Salario del sector textil y lana,R/P3M,1968-01-01,1975-10-01,Índice,Salarios básicos de convenio del peón de la industria manufacturera,Subsecretaría de Programación Macroeconómica,Instituto Nacional de Estadística y Censos (INDEC),Empleo e Ingresos
353.2_VIDRIORIO__6,vidrio,Salario del sector vidrio,R/P3M,1968-01-01,1975-10-01,Índice,Salarios básicos de convenio del peón de la industria manufacturera,Subsecretaría de Programación Macroeconómica,Instituto Nacional de Estadística y Censos (INDEC),Empleo e Ingresos
353.2_VITIVINICOOLA__12,vitivinicola,Salario del sector vitivinicola,R/P3M,1968-01-01,1975-10-01,Índice,Salarios básicos de convenio del peón de la industria manufacturera,Subsecretaría de Programación Macroeconómica,Instituto Nacional de Estadística y Censos (INDEC),Empleo e Ingresos
354.1_ALIMENTACIION__12,alimentacion,Salario del sector alimentacion,R/P1Y,1960-01-01,1975-01-01,Índice,Salarios básicos de convenio del oficial de la industria manufacturera.,Subsecretaría de Programación Macroeconómica,Instituto Nacional de Estadística y Censos (INDEC),Empleo e Ingresos
354.1_CALZADOADO__7,calzado,Salario del sector calzado,R/P1Y,1960-01-01,1975-01-01,Índice,Salarios básicos de convenio del oficial de la industria manufacturera.,Subsecretaría de Programación Macroeconómica,Instituto Nacional de Estadística y Censos (INDEC),Empleo e Ingresos
354.1_CARNERNE__5,carne,Salario del sector carne,R/P1Y,1960-01-01,1975-01-01,Índice,Salarios básicos de convenio del oficial de la industria manufacturera.,Subsecretaría de Programación Macroeconómica,Instituto Nacional de Estadística y Censos (INDEC),Empleo e Ingresos
354.1_CAUCHOCHO__6,caucho,Salario del sector caucho,R/P1Y,1960-01-01,1975-01-01,Índice,Salarios básicos de convenio del oficial de la industria manufacturera.,Subsecretaría de Programación Macroeconómica,Instituto Nacional de Estadística y Censos (INDEC),Empleo e Ingresos
354.1_CERAMISTASTAS__10,ceramistas,Salario del sector ceramistas,R/P1Y,1960-01-01,1975-01-01,Índice,Salarios básicos de convenio del oficial de la industria manufacturera.,Subsecretaría de Programación Macroeconómica,Instituto Nacional de Estadística y Censos (INDEC),Empleo e Ingresos
354.1_CONFECCIONION__10,confeccion,Salario del sector confeccion,R/P1Y,1960-01-01,1975-01-01,Índice,Salarios básicos de convenio del oficial de la industria manufacturera.,Subsecretaría de Programación Macroeconómica,Instituto Nacional de Estadística y Censos (INDEC),Empleo e Ingresos
354.1_CUEROSROS__6,cueros,Salario del sector cueros,R/P1Y,1960-01-01,1975-01-01,Índice,Salarios básicos de convenio del oficial de la industria manufacturera.,Subsecretaría de Programación Macroeconómica,Instituto Nacional de Estadística y Censos (INDEC),Empleo e Ingresos
354.1_GRAFICOSCOS__8,graficos,Salario del sector graficos,R/P1Y,1960-01-01,1975-01-01,Índice,Salarios básicos de convenio del oficial de la industria manufacturera.,Subsecretaría de Programación Macroeconómica,Instituto Nacional de Estadística y Censos (INDEC),Empleo e Ingresos
354.1_LECHERAERA__7,lechera,Salario del sector lechera,R/P1Y,1960-01-01,1975-01-01,Índice,Salarios básicos de convenio del oficial de la industria manufacturera.,Subsecretaría de Programación Macroeconómica,Instituto Nacional de Estadística y Censos (INDEC),Empleo e Ingresos
354.1_MADERASRAS__7,maderas,Salario del sector maderas,R/P1Y,1960-01-01,1975-01-01,Índice,Salarios básicos de convenio del oficial de la industria manufacturera.,Subsecretaría de Programación Macroeconómica,Instituto Nacional de Estadística y Censos (INDEC),Empleo e Ingresos
354.1_MECANICOS_TOR__30,mecanicos_transporte_automotor,"Salario del sector mecanicos, transporte y automotor",R/P1Y,1960-01-01,1975-01-01,Índice,Salarios básicos de convenio del oficial de la industria manufacturera.,Subsecretaría de Programación Macroeconómica,Instituto Nacional de Estadística y Censos (INDEC),Empleo e Ingresos
354.1_METALURGICCOS__12,metalurgicos,Salario del sector metalurgicos,R/P1Y,1960-01-01,1975-01-01,Índice,Salarios básicos de convenio del oficial de la industria manufacturera.,Subsecretaría de Programación Macroeconómica,Instituto Nacional de Estadística y Censos (INDEC),Empleo e Ingresos
354.1_MOSAISTASTAS__9,mosaistas,Salario del sector mosaistas,R/P1Y,1960-01-01,1975-01-01,Índice,Salarios básicos de convenio del oficial de la industria manufacturera.,Subsecretaría de Programación Macroeconómica,Instituto Nacional de Estadística y Censos (INDEC),Empleo e Ingresos
354.1_PAPEL_CARTNES__28,papel_carton_quimicos_afines,"Salario del sector papel, carton, quimicos y afines",R/P1Y,1960-01-01,1975-01-01,Índice,Salarios básicos de convenio del oficial de la industria manufacturera.,Subsecretaría de Programación Macroeconómica,Instituto Nacional de Estadística y Censos (INDEC),Empleo e Ingresos
354.1_PROMEDIODIO__8,promedio,Salario promedio,R/P1Y,1960-01-01,1973-01-01,Índice,Salarios básicos de convenio del oficial de la industria manufacturera.,Subsecretaría de Programación Macroeconómica,Instituto Nacional de Estadística y Censos (INDEC),Empleo e Ingresos
354.1_QUIMICOSCOS__8,quimicos,Salario del sector quimicos,R/P1Y,1960-01-01,1975-01-01,Índice,Salarios básicos de convenio del oficial de la industria manufacturera.,Subsecretaría de Programación Macroeconómica,Instituto Nacional de Estadística y Censos (INDEC),Empleo e Ingresos
354.1_TABACOACO__6,tabaco,Salario del sector tabaco,R/P1Y,1960-01-01,1975-01-01,Índice,Salarios básicos de convenio del oficial de la industria manufacturera.,Subsecretaría de Programación Macroeconómica,Instituto Nacional de Estadística y Censos (INDEC),Empleo e Ingresos
354.1_TEXTIL_ALGDON__14,textil_algodon,Salario del sector textil_algodon,R/P1Y,1960-01-01,1975-01-01,Índice,Salarios básicos de convenio del oficial de la industria manufacturera.,Subsecretaría de Programación Macroeconómica,Instituto Nacional de Estadística y Censos (INDEC),Empleo e Ingresos
354.1_TEXTIL_LANANA__11,textil_lana,Salario del sector textil y lana,R/P1Y,1960-01-01,1975-01-01,Índice,Salarios básicos de convenio del oficial de la industria manufacturera.,Subsecretaría de Programación Macroeconómica,Instituto Nacional de Estadística y Censos (INDEC),Empleo e Ingresos
354.1_VIDRIORIO__6,vidrio,Salario del sector vidrio,R/P1Y,1960-01-01,1975-01-01,Índice,Salarios básicos de convenio del oficial de la industria manufacturera.,Subsecretaría de Programación Macroeconómica,Instituto Nacional de Estadística y Censos (INDEC),Empleo e Ingresos
354.1_VITIVINICOOLA__12,vitivinicola,Salario del sector vitivinicola,R/P1Y,1960-01-01,1975-01-01,Índice,Salarios básicos de convenio del oficial de la industria manufacturera.,Subsecretaría de Programación Macroeconómica,Instituto Nacional de Estadística y Censos (INDEC),Empleo e Ingresos
354.2_ALIMENTACIION__12,alimentacion,Salario del sector alimentacion,R/P3M,1968-01-01,1975-10-01,Índice,Salarios básicos de convenio del oficial de la industria manufacturera.,Subsecretaría de Programación Macroeconómica,Instituto Nacional de Estadística y Censos (INDEC),Empleo e Ingresos
354.2_CALZADOADO__7,calzado,Salario del sector calzado,R/P3M,1968-01-01,1975-10-01,Índice,Salarios básicos de convenio del oficial de la industria manufacturera.,Subsecretaría de Programación Macroeconómica,Instituto Nacional de Estadística y Censos (INDEC),Empleo e Ingresos
354.2_CARNERNE__5,carne,Salario del sector carne,R/P3M,1968-01-01,1975-10-01,Índice,Salarios básicos de convenio del oficial de la industria manufacturera.,Subsecretaría de Programación Macroeconómica,Instituto Nacional de Estadística y Censos (INDEC),Empleo e Ingresos
354.2_CAUCHOCHO__6,caucho,Salario del sector caucho,R/P3M,1968-01-01,1975-10-01,Índice,Salarios básicos de convenio del oficial de la industria manufacturera.,Subsecretaría de Programación Macroeconómica,Instituto Nacional de Estadística y Censos (INDEC),Empleo e Ingresos
354.2_CERAMISTASTAS__10,ceramistas,Salario del sector ceramistas,R/P3M,1968-01-01,1975-10-01,Índice,Salarios básicos de convenio del oficial de la industria manufacturera.,Subsecretaría de Programación Macroeconómica,Instituto Nacional de Estadística y Censos (INDEC),Empleo e Ingresos
354.2_CONFECCIONION__10,confeccion,Salario del sector confeccion,R/P3M,1968-01-01,1975-10-01,Índice,Salarios básicos de convenio del oficial de la industria manufacturera.,Subsecretaría de Programación Macroeconómica,Instituto Nacional de Estadística y Censos (INDEC),Empleo e Ingresos
354.2_CUEROSROS__6,cueros,Salario del sector cueros,R/P3M,1968-01-01,1975-10-01,Índice,Salarios básicos de convenio del oficial de la industria manufacturera.,Subsecretaría de Programación Macroeconómica,Instituto Nacional de Estadística y Censos (INDEC),Empleo e Ingresos
354.2_GRAFICOSCOS__8,graficos,Salario del sector graficos,R/P3M,1968-01-01,1975-10-01,Índice,Salarios básicos de convenio del oficial de la industria manufacturera.,Subsecretaría de Programación Macroeconómica,Instituto Nacional de Estadística y Censos (INDEC),Empleo e Ingresos
354.2_LECHERAERA__7,lechera,Salario del sector lechera,R/P3M,1968-01-01,1975-10-01,Índice,Salarios básicos de convenio del oficial de la industria manufacturera.,Subsecretaría de Programación Macroeconómica,Instituto Nacional de Estadística y Censos (INDEC),Empleo e Ingresos
354.2_MADERASRAS__7,maderas,Salario del sector maderas,R/P3M,1968-01-01,1975-10-01,Índice,Salarios básicos de convenio del oficial de la industria manufacturera.,Subsecretaría de Programación Macroeconómica,Instituto Nacional de Estadística y Censos (INDEC),Empleo e Ingresos
354.2_MECANICOS_TOR__30,mecanicos_transporte_automotor,"Salario del sector mecanicos, transporte y automotor",R/P3M,1968-01-01,1975-10-01,Índice,Salarios básicos de convenio del oficial de la industria manufacturera.,Subsecretaría de Programación Macroeconómica,Instituto Nacional de Estadística y Censos (INDEC),Empleo e Ingresos
354.2_METALURGICCOS__12,metalurgicos,Salario del sector metalurgicos,R/P3M,1968-01-01,1975-10-01,Índice,Salarios básicos de convenio del oficial de la industria manufacturera.,Subsecretaría de Programación Macroeconómica,Instituto Nacional de Estadística y Censos (INDEC),Empleo e Ingresos
354.2_MOSAISTASTAS__9,mosaistas,Salario del sector mosaistas,R/P3M,1968-01-01,1975-10-01,Índice,Salarios básicos de convenio del oficial de la industria manufacturera.,Subsecretaría de Programación Macroeconómica,Instituto Nacional de Estadística y Censos (INDEC),Empleo e Ingresos
354.2_PAPEL_CARTNES__28,papel_carton_quimicos_afines,"Salario del sector papel, carton, quimicos y afines",R/P3M,1968-01-01,1975-10-01,Índice,Salarios básicos de convenio del oficial de la industria manufacturera.,Subsecretaría de Programación Macroeconómica,Instituto Nacional de Estadística y Censos (INDEC),Empleo e Ingresos
354.2_PROMEDIODIO__8,promedio,Salario promedio,R/P3M,1968-01-01,1973-10-01,Índice,Salarios básicos de convenio del oficial de la industria manufacturera.,Subsecretaría de Programación Macroeconómica,Instituto Nacional de Estadística y Censos (INDEC),Empleo e Ingresos
354.2_QUIMICOSCOS__8,quimicos,Salario del sector quimicos,R/P3M,1968-01-01,1975-10-01,Índice,Salarios básicos de convenio del oficial de la industria manufacturera.,Subsecretaría de Programación Macroeconómica,Instituto Nacional de Estadística y Censos (INDEC),Empleo e Ingresos
354.2_TABACOACO__6,tabaco,Salario del sector tabaco,R/P3M,1968-01-01,1975-10-01,Índice,Salarios básicos de convenio del oficial de la industria manufacturera.,Subsecretaría de Programación Macroeconómica,Instituto Nacional de Estadística y Censos (INDEC),Empleo e Ingresos
354.2_TEXTIL_ALGDON__14,textil_algodon,Salario del sector textil_algodon,R/P3M,1968-01-01,1975-10-01,Índice,Salarios básicos de convenio del oficial de la industria manufacturera.,Subsecretaría de Programación Macroeconómica,Instituto Nacional de Estadística y Censos (INDEC),Empleo e Ingresos
354.2_TEXTIL_LANANA__11,textil_lana,Salario del sector textil y lana,R/P3M,1968-01-01,1975-10-01,Índice,Salarios básicos de convenio del oficial de la industria manufacturera.,Subsecretaría de Programación Macroeconómica,Instituto Nacional de Estadística y Censos (INDEC),Empleo e Ingresos
354.2_VIDRIORIO__6,vidrio,Salario del sector vidrio,R/P3M,1968-01-01,1975-10-01,Índice,Salarios básicos de convenio del oficial de la industria manufacturera.,Subsecretaría de Programación Macroeconómica,Instituto Nacional de Estadística y Censos (INDEC),Empleo e Ingresos
354.2_VITIVINICOOLA__12,vitivinicola,Salario del sector vitivinicola,R/P3M,1968-01-01,1975-10-01,Índice,Salarios básicos de convenio del oficial de la industria manufacturera.,Subsecretaría de Programación Macroeconómica,Instituto Nacional de Estadística y Censos (INDEC),Empleo e Ingresos
355.1_NOMINAL_AL_A__9,nominal_a,Salario nominal,R/P1Y,1985-01-01,1989-01-01,Índice,Salario real y poder adquisitivo en la Industria.,Subsecretaría de Programación Macroeconómica,Instituto Nacional de Estadística y Censos (INDEC),Empleo e Ingresos
355.1_PODER_ADQU986__27,poder_adquisitivo_base_1986,Del poder adquisitvo 1986=100,R/P1Y,1985-01-01,1989-01-01,Índice,Salario real y poder adquisitivo en la Industria.,Subsecretaría de Programación Macroeconómica,Instituto Nacional de Estadística y Censos (INDEC),Empleo e Ingresos
355.1_REAL_BASE_986__14,real_base_1986,Salario real 1986=100,R/P1Y,1985-01-01,1989-01-01,Índice,Salario real y poder adquisitivo en la Industria.,Subsecretaría de Programación Macroeconómica,Instituto Nacional de Estadística y Censos (INDEC),Empleo e Ingresos
355.1_VARIACION_L_A__24,variacion_salario_real_a,Variación del salario real respecto del período anterior,R/P1Y,1985-01-01,1989-01-01,Índice,Salario real y poder adquisitivo en la Industria.,Subsecretaría de Programación Macroeconómica,Instituto Nacional de Estadística y Censos (INDEC),Empleo e Ingresos
355.1_VARIACION_L_B__24,variacion_salario_real_b,Variación del salario real respecto a igual período del año anterior,R/P1Y,1985-01-01,1989-01-01,Índice,Salario real y poder adquisitivo en la Industria.,Subsecretaría de Programación Macroeconómica,Instituto Nacional de Estadística y Censos (INDEC),Empleo e Ingresos
355.1_VARIACION_O_A__29,variacion_poder_adquisitivo_a,Variación del poder adquisitivo respecto del período anterior,R/P1Y,1985-01-01,1989-01-01,Índice,Salario real y poder adquisitivo en la Industria.,Subsecretaría de Programación Macroeconómica,Instituto Nacional de Estadística y Censos (INDEC),Empleo e Ingresos
355.1_VARIACION_O_B__29,variacion_poder_adquisitivo_b,Variación del poder adquisitivo respecto a igual período del año anterior,R/P1Y,1985-01-01,1989-01-01,Índice,Salario real y poder adquisitivo en la Industria.,Subsecretaría de Programación Macroeconómica,Instituto Nacional de Estadística y Censos (INDEC),Empleo e Ingresos
355.2_NOMINAL_AL_A__9,nominal_a,Salario nominal,R/P1M,1989-01-01,1990-07-01,Índice,Salario real y poder adquisitivo en la Industria.,Subsecretaría de Programación Macroeconómica,Instituto Nacional de Estadística y Censos (INDEC),Empleo e Ingresos
355.2_PODER_ADQU986__27,poder_adquisitivo_base_1986,Del poder adquisitvo 1986=100,R/P1M,1989-01-01,1990-07-01,Índice,Salario real y poder adquisitivo en la Industria.,Subsecretaría de Programación Macroeconómica,Instituto Nacional de Estadística y Censos (INDEC),Empleo e Ingresos
355.2_REAL_BASE_986__14,real_base_1986,Salario real 1986=100,R/P1M,1989-01-01,1990-07-01,Índice,Salario real y poder adquisitivo en la Industria.,Subsecretaría de Programación Macroeconómica,Instituto Nacional de Estadística y Censos (INDEC),Empleo e Ingresos
355.2_VARIACION_L_A__24,variacion_salario_real_a,Variación del salario real respecto del período anterior,R/P1M,1989-01-01,1990-07-01,Índice,Salario real y poder adquisitivo en la Industria.,Subsecretaría de Programación Macroeconómica,Instituto Nacional de Estadística y Censos (INDEC),Empleo e Ingresos
355.2_VARIACION_L_B__24,variacion_salario_real_b,Variación del salario real respecto a igual período del año anterior,R/P1M,1989-01-01,1990-07-01,Índice,Salario real y poder adquisitivo en la Industria.,Subsecretaría de Programación Macroeconómica,Instituto Nacional de Estadística y Censos (INDEC),Empleo e Ingresos
355.2_VARIACION_O_A__29,variacion_poder_adquisitivo_a,Variación del poder adquisitivo respecto del período anterior,R/P1M,1989-01-01,1990-07-01,Índice,Salario real y poder adquisitivo en la Industria.,Subsecretaría de Programación Macroeconómica,Instituto Nacional de Estadística y Censos (INDEC),Empleo e Ingresos
355.2_VARIACION_O_B__29,variacion_poder_adquisitivo_b,Variación del poder adquisitivo respecto a igual período del año anterior,R/P1M,1989-01-01,1990-07-01,Índice,Salario real y poder adquisitivo en la Industria.,Subsecretaría de Programación Macroeconómica,Instituto Nacional de Estadística y Censos (INDEC),Empleo e Ingresos
42.1_EPAA_0_A_25,eph_puntual_continua_actividad_aip,Tasa de actividad AIP. En porcentaje. EPH puntual desde 1982 hasta 2002. EPH continua desde 2003 en adelante. Valores anuales.,R/P1Y,1982-01-01,2025-01-01,Porcentaje,Principales variables ocupacionales. EPH puntual y continua.,Subsecretaría de Programación Macroeconómica,Instituto Nacional de Estadística y Censos (INDEC),Empleo e Ingresos
42.1_EPAG_0_A_25,eph_puntual_continua_actividad_gba,Tasa de actividad GBA. En porcentaje. EPH puntual desde 1982 hasta 2002. EPH continua desde 2003 en adelante. Valores anuales.,R/P1Y,1982-01-01,2025-01-01,Porcentaje,Principales variables ocupacionales. EPH puntual y continua.,Subsecretaría de Programación Macroeconómica,Instituto Nacional de Estadística y Censos (INDEC),Empleo e Ingresos
42.1_EPAT_0_A_27,eph_puntual_continua_actividad_total,Tasa de actividad total. En porcentaje. EPH puntual desde 1982 hasta 2002. EPH continua desde 2003 en adelante. Valores anuales.,R/P1Y,1982-01-01,2025-01-01,Porcentaje,Principales variables ocupacionales. EPH puntual y continua.,Subsecretaría de Programación Macroeconómica,Instituto Nacional de Estadística y Censos (INDEC),Empleo e Ingresos
42.1_EPDA_0_A_28,eph_puntual_continua_desocupacion_aip,Tasa de desocupación AIP. En porcentaje. EPH puntual desde 1982 hasta 2002. EPH continua desde 2003 en adelante. Valores anuales.,R/P1Y,1982-01-01,2025-01-01,Porcentaje,Principales variables ocupacionales. EPH puntual y continua.,Subsecretaría de Programación Macroeconómica,Instituto Nacional de Estadística y Censos (INDEC),Empleo e Ingresos
42.1_EPDG_0_A_28,eph_puntual_continua_desocupacion_gba,Tasa de desocupación GBA. En porcentaje. EPH puntual desde 1982 hasta 2002. EPH continua desde 2003 en adelante. Valores anuales.,R/P1Y,1982-01-01,2025-01-01,Porcentaje,Principales variables ocupacionales. EPH puntual y continua.,Subsecretaría de Programación Macroeconómica,Instituto Nacional de Estadística y Censos (INDEC),Empleo e Ingresos
42.1_EPDT_0_A_30,eph_puntual_continua_desocupacion_total,Tasa de desocupación total. En porcentaje. EPH puntual desde 1982 hasta 2002. EPH continua desde 2003 en adelante. Valores anuales.,R/P1Y,1982-01-01,2025-01-01,Porcentaje,Principales variables ocupacionales. EPH puntual y continua.,Subsecretaría de Programación Macroeconómica,Instituto Nacional de Estadística y Censos (INDEC),Empleo e Ingresos
42.1_EPEA_0_A_22,eph_puntual_continua_empleo_aip,Tasa de empleo AIP. En porcentaje. EPH puntual desde 1982 hasta 2002. EPH continua desde 2003 en adelante. Valores anuales.,R/P1Y,1982-01-01,2025-01-01,Porcentaje,Principales variables ocupacionales. EPH puntual y continua.,Subsecretaría de Programación Macroeconómica,Instituto Nacional de Estadística y Censos (INDEC),Empleo e Ingresos
42.1_EPEG_0_A_22,eph_puntual_continua_empleo_gba,Tasa de empleo GBA. En porcentaje. EPH puntual desde 1982 hasta 2002. EPH continua desde 2003 en adelante. Valores anuales.,R/P1Y,1982-01-01,2025-01-01,Porcentaje,Principales variables ocupacionales. EPH puntual y continua.,Subsecretaría de Programación Macroeconómica,Instituto Nacional de Estadística y Censos (INDEC),Empleo e Ingresos
42.1_EPET_0_A_24,eph_puntual_continua_empleo_total,Tasa de empleo total. En porcentaje. EPH puntual desde 1982 hasta 2002. EPH continua desde 2003 en adelante. Valores anuales.,R/P1Y,1982-01-01,2025-01-01,Porcentaje,Principales variables ocupacionales. EPH puntual y continua.,Subsecretaría de Programación Macroeconómica,Instituto Nacional de Estadística y Censos (INDEC),Empleo e Ingresos
42.1_EPSTA_0_A_34,eph_puntual_continua_subocupacion_total_aip,Tasa de subocupación total en AIP. En porcentaje. EPH puntual desde 1982 hasta 2002. EPH continua desde 2003 en adelante. Valores anuales.,R/P1Y,1982-01-01,2025-01-01,Porcentaje,Principales variables ocupacionales. EPH puntual y continua.,Subsecretaría de Programación Macroeconómica,Instituto Nacional de Estadística y Censos (INDEC),Empleo e Ingresos
42.1_EPSTDA_0_A_45,eph_puntual_continua_subocupacion_total_demandante_aip,Tasa de subocupación total demandante en AIP. En porcentaje. EPH puntual desde 1982 hasta 2002. EPH continua desde 2003 en adelante. Valores anuales.,R/P1Y,1995-01-01,2025-01-01,Porcentaje,Principales variables ocupacionales. EPH puntual y continua.,Subsecretaría de Programación Macroeconómica,Instituto Nacional de Estadística y Censos (INDEC),Empleo e Ingresos
42.1_EPSTDG_0_A_45,eph_puntual_continua_subocupacion_total_demandante_gba,Tasa de subocupación total demandante en GBA. En porcentaje. EPH puntual desde 1982 hasta 2002. EPH continua desde 2003 en adelante. Valores anuales.,R/P1Y,1995-01-01,2025-01-01,Porcentaje,Principales variables ocupacionales. EPH puntual y continua.,Subsecretaría de Programación Macroeconómica,Instituto Nacional de Estadística y Censos (INDEC),Empleo e Ingresos
42.1_EPSTD_0_A_41,eph_puntual_continua_subocupacion_total_demandante,Tasa de subocupación total demandante. En porcentaje. EPH puntual desde 1982 hasta 2002. EPH continua desde 2003 en adelante. Valores anuales.,R/P1Y,1995-01-01,2025-01-01,Porcentaje,Principales variables ocupacionales. EPH puntual y continua.,Subsecretaría de Programación Macroeconómica,Instituto Nacional de Estadística y Censos (INDEC),Empleo e Ingresos
42.1_EPSTG_0_A_34,eph_puntual_continua_subocupacion_total_gba,Tasa de subocupación total en GBA. En porcentaje. EPH puntual desde 1982 hasta 2002. EPH continua desde 2003 en adelante. Valores anuales.,R/P1Y,1982-01-01,2025-01-01,Porcentaje,Principales variables ocupacionales. EPH puntual y continua.,Subsecretaría de Programación Macroeconómica,Instituto Nacional de Estadística y Censos (INDEC),Empleo e Ingresos
42.1_EPSTNDA_0_A_48,eph_puntual_continua_subocupacion_total_no_demandante_aip,Tasa de subocupación total no demandanteen AIP. En porcentaje. EPH puntual desde 1982 hasta 2002. EPH continua desde 2003 en adelante. Valores anuales.,R/P1Y,1995-01-01,2025-01-01,Porcentaje,Principales variables ocupacionales. EPH puntual y continua.,Subsecretaría de Programación Macroeconómica,Instituto Nacional de Estadística y Censos (INDEC),Empleo e Ingresos
42.1_EPSTNDG_0_A_48,eph_puntual_continua_subocupacion_total_no_demandante_gba,Tasa de subocupación total no demandanteen GBA. En porcentaje. EPH puntual desde 1982 hasta 2002. EPH continua desde 2003 en adelante. Valores anuales.,R/P1Y,1995-01-01,2025-01-01,Porcentaje,Principales variables ocupacionales. EPH puntual y continua.,Subsecretaría de Programación Macroeconómica,Instituto Nacional de Estadística y Censos (INDEC),Empleo e Ingresos
42.1_EPSTND_0_A_44,eph_puntual_continua_subocupacion_total_no_demandante,Tasa de subocupación total no demandante. En porcentaje. EPH puntual desde 1982 hasta 2002. EPH continua desde 2003 en adelante. Valores anuales.,R/P1Y,1995-01-01,2025-01-01,Porcentaje,Principales variables ocupacionales. EPH puntual y continua.,Subsecretaría de Programación Macroeconómica,Instituto Nacional de Estadística y Censos (INDEC),Empleo e Ingresos
42.1_EPST_0_A_30,eph_puntual_continua_subocupacion_total,Tasa de subocupación total. En porcentaje. EPH puntual desde 1982 hasta 2002. EPH continua desde 2003 en adelante. Valores anuales.,R/P1Y,1982-01-01,2025-01-01,Porcentaje,Principales variables ocupacionales. EPH puntual y continua.,Subsecretaría de Programación Macroeconómica,Instituto Nacional de Estadística y Censos (INDEC),Empleo e Ingresos
42.2_EPAA_0_M_25,eph_puntual_actividad_aip,Tasa de actividad AIP. En porcentaje.,R/P6M,1982-05-01,2003-05-01,Porcentaje,Principales variables ocupacionales. EPH puntual y continua.,Subsecretaría de Programación Macroeconómica,Instituto Nacional de Estadística y Censos (INDEC),Empleo e Ingresos
42.2_EPAG_0_M_25,eph_puntual_actividad_gba,Tasa de actividad GBA. En porcentaje.,R/P6M,1982-05-01,2003-05-01,Porcentaje,Principales variables ocupacionales. EPH puntual y continua.,Subsecretaría de Programación Macroeconómica,Instituto Nacional de Estadística y Censos (INDEC),Empleo e Ingresos
42.2_EPAT_0_M_27,eph_puntual_actividad_total,Tasa de actividad total. En porcentaje.,R/P6M,1982-05-01,2003-05-01,Porcentaje,Principales variables ocupacionales. EPH puntual y continua.,Subsecretaría de Programación Macroeconómica,Instituto Nacional de Estadística y Censos (INDEC),Empleo e Ingresos
42.2_EPDA_0_M_28,eph_puntual_desocupacion_aip,Tasa de desocupación AIP. En porcentaje.,R/P6M,1982-05-01,2003-05-01,Porcentaje,Principales variables ocupacionales. EPH puntual y continua.,Subsecretaría de Programación Macroeconómica,Instituto Nacional de Estadística y Censos (INDEC),Empleo e Ingresos
42.2_EPDG_0_M_28,eph_puntual_desocupacion_gba,Tasa de desocupación GBA. En porcentaje.,R/P6M,1982-05-01,2003-05-01,Porcentaje,Principales variables ocupacionales. EPH puntual y continua.,Subsecretaría de Programación Macroeconómica,Instituto Nacional de Estadística y Censos (INDEC),Empleo e Ingresos
42.2_EPDT_0_M_30,eph_puntual_desocupacion_total,Tasa de desocupación total. En porcentaje.,R/P6M,1982-05-01,2003-05-01,Porcentaje,Principales variables ocupacionales. EPH puntual y continua.,Subsecretaría de Programación Macroeconómica,Instituto Nacional de Estadística y Censos (INDEC),Empleo e Ingresos
42.2_EPEA_0_M_22,eph_puntual_empleo_aip,Tasa de empleo AIP. En porcentaje.,R/P6M,1982-05-01,2003-05-01,Porcentaje,Principales variables ocupacionales. EPH puntual y continua.,Subsecretaría de Programación Macroeconómica,Instituto Nacional de Estadística y Censos (INDEC),Empleo e Ingresos
42.2_EPEG_0_M_22,eph_puntual_empleo_gba,Tasa de empleo GBA. En porcentaje.,R/P6M,1982-05-01,2003-05-01,Porcentaje,Principales variables ocupacionales. EPH puntual y continua.,Subsecretaría de Programación Macroeconómica,Instituto Nacional de Estadística y Censos (INDEC),Empleo e Ingresos
42.2_EPET_0_M_24,eph_puntual_empleo_total,Tasa de empleo total. En porcentaje.,R/P6M,1982-05-01,2003-05-01,Porcentaje,Principales variables ocupacionales. EPH puntual y continua.,Subsecretaría de Programación Macroeconómica,Instituto Nacional de Estadística y Censos (INDEC),Empleo e Ingresos
42.2_EPSTA_0_M_34,eph_puntual_subocupacion_total_aip,Tasa de subocupación total en AIP. En porcentaje.,R/P6M,1982-05-01,2003-05-01,Porcentaje,Principales variables ocupacionales. EPH puntual y continua.,Subsecretaría de Programación Macroeconómica,Instituto Nacional de Estadística y Censos (INDEC),Empleo e Ingresos
42.2_EPSTDA_0_M_45,eph_puntual_subocupacion_total_demandante_aip,Tasa de subocupación total demandante en AIP. En porcentaje.,R/P6M,1994-11-01,2003-05-01,Porcentaje,Principales variables ocupacionales. EPH puntual y continua.,Subsecretaría de Programación Macroeconómica,Instituto Nacional de Estadística y Censos (INDEC),Empleo e Ingresos
42.2_EPSTDG_0_M_45,eph_puntual_subocupacion_total_demandante_gba,Tasa de subocupación total demandante en GBA. En porcentaje.,R/P6M,1994-11-01,2003-05-01,Porcentaje,Principales variables ocupacionales. EPH puntual y continua.,Subsecretaría de Programación Macroeconómica,Instituto Nacional de Estadística y Censos (INDEC),Empleo e Ingresos
42.2_EPSTD_0_M_41,eph_puntual_subocupacion_total_demandante,Tasa de subocupación total demandante. En porcentaje.,R/P6M,1994-11-01,2003-05-01,Porcentaje,Principales variables ocupacionales. EPH puntual y continua.,Subsecretaría de Programación Macroeconómica,Instituto Nacional de Estadística y Censos (INDEC),Empleo e Ingresos
42.2_EPSTG_0_M_34,eph_puntual_subocupacion_total_gba,Tasa de subocupación total en GBA. En porcentaje.,R/P6M,1982-05-01,2003-05-01,Porcentaje,Principales variables ocupacionales. EPH puntual y continua.,Subsecretaría de Programación Macroeconómica,Instituto Nacional de Estadística y Censos (INDEC),Empleo e Ingresos
42.2_EPSTNDA_0_M_48,eph_puntual_subocupacion_total_no_demandante_aip,Tasa de subocupación total no demandanteen AIP. En porcentaje.,R/P6M,1994-11-01,2003-05-01,Porcentaje,Principales variables ocupacionales. EPH puntual y continua.,Subsecretaría de Programación Macroeconómica,Instituto Nacional de Estadística y Censos (INDEC),Empleo e Ingresos
42.2_EPSTNDG_0_M_48,eph_puntual_subocupacion_total_no_demandante_gba,Tasa de subocupación total no demandanteen GBA. En porcentaje.,R/P6M,1994-11-01,2003-05-01,Porcentaje,Principales variables ocupacionales. EPH puntual y continua.,Subsecretaría de Programación Macroeconómica,Instituto Nacional de Estadística y Censos (INDEC),Empleo e Ingresos
42.2_EPSTND_0_M_44,eph_puntual_subocupacion_total_no_demandante,Tasa de subocupación total no demandante. En porcentaje.,R/P6M,1994-11-01,2003-05-01,Porcentaje,Principales variables ocupacionales. EPH puntual y continua.,Subsecretaría de Programación Macroeconómica,Instituto Nacional de Estadística y Censos (INDEC),Empleo e Ingresos
42.2_EPST_0_M_30,eph_puntual_subocupacion_total,Tasa de subocupación total. En porcentaje.,R/P6M,1982-05-01,2003-05-01,Porcentaje,Principales variables ocupacionales. EPH puntual y continua.,Subsecretaría de Programación Macroeconómica,Instituto Nacional de Estadística y Censos (INDEC),Empleo e Ingresos
42.3_EPH_PUNTUAAIP_0_M_22,eph_continua_empleo_aip,Tasa de empleo AIP. En porcentaje.,R/P3M,2003-01-01,2026-01-01,Porcentaje,Principales variables ocupacionales. EPH puntual y continua.,Subsecretaría de Programación Macroeconómica,Instituto Nacional de Estadística y Censos (INDEC),Empleo e Ingresos
42.3_EPH_PUNTUAAIP_0_M_25,eph_continua_actividad_aip,Tasa de actividad AIP. En porcentaje.,R/P3M,2003-01-01,2026-01-01,Porcentaje,Principales variables ocupacionales. EPH puntual y continua.,Subsecretaría de Programación Macroeconómica,Instituto Nacional de Estadística y Censos (INDEC),Empleo e Ingresos
42.3_EPH_PUNTUAAIP_0_M_28,eph_continua_desocupacion_aip,Tasa de desocupación AIP. En porcentaje.,R/P3M,2003-01-01,2026-01-01,Porcentaje,Principales variables ocupacionales. EPH puntual y continua.,Subsecretaría de Programación Macroeconómica,Instituto Nacional de Estadística y Censos (INDEC),Empleo e Ingresos
42.3_EPH_PUNTUAAIP_0_M_34,eph_continua_subocupacion_total_aip,Tasa de subocupación total en AIP. En porcentaje.,R/P3M,2003-01-01,2026-01-01,Porcentaje,Principales variables ocupacionales. EPH puntual y continua.,Subsecretaría de Programación Macroeconómica,Instituto Nacional de Estadística y Censos (INDEC),Empleo e Ingresos
42.3_EPH_PUNTUAAIP_0_M_45,eph_continua_subocupacion_total_demandante_aip,Tasa de subocupación total demandante en AIP. En porcentaje.,R/P3M,2003-01-01,2026-01-01,Porcentaje,Principales variables ocupacionales. EPH puntual y continua.,Subsecretaría de Programación Macroeconómica,Instituto Nacional de Estadística y Censos (INDEC),Empleo e Ingresos
42.3_EPH_PUNTUAAIP_0_M_48,eph_continua_subocupacion_total_no_demandante_aip,Tasa de subocupación total no demandanteen AIP. En porcentaje.,R/P3M,2003-01-01,2026-01-01,Porcentaje,Principales variables ocupacionales. EPH puntual y continua.,Subsecretaría de Programación Macroeconómica,Instituto Nacional de Estadística y Censos (INDEC),Empleo e Ingresos
42.3_EPH_PUNTUAGBA_0_M_22,eph_continua_empleo_gba,Tasa de empleo GBA. En porcentaje.,R/P3M,2003-01-01,2026-01-01,Porcentaje,Principales variables ocupacionales. EPH puntual y continua.,Subsecretaría de Programación Macroeconómica,Instituto Nacional de Estadística y Censos (INDEC),Empleo e Ingresos
42.3_EPH_PUNTUAGBA_0_M_25,eph_continua_actividad_gba,Tasa de actividad GBA. En porcentaje.,R/P3M,2003-01-01,2026-01-01,Porcentaje,Principales variables ocupacionales. EPH puntual y continua.,Subsecretaría de Programación Macroeconómica,Instituto Nacional de Estadística y Censos (INDEC),Empleo e Ingresos
42.3_EPH_PUNTUAGBA_0_M_28,eph_continua_desocupacion_gba,Tasa de desocupación GBA. En porcentaje.,R/P3M,2003-01-01,2026-01-01,Porcentaje,Principales variables ocupacionales. EPH puntual y continua.,Subsecretaría de Programación Macroeconómica,Instituto Nacional de Estadística y Censos (INDEC),Empleo e Ingresos
42.3_EPH_PUNTUAGBA_0_M_34,eph_continua_subocupacion_total_gba,Tasa de subocupación total en GBA. En porcentaje.,R/P3M,2003-01-01,2026-01-01,Porcentaje,Principales variables ocupacionales. EPH puntual y continua.,Subsecretaría de Programación Macroeconómica,Instituto Nacional de Estadística y Censos (INDEC),Empleo e Ingresos
42.3_EPH_PUNTUAGBA_0_M_45,eph_continua_subocupacion_total_demandante_gba,Tasa de subocupación total demandante en GBA. En porcentaje.,R/P3M,2003-01-01,2026-01-01,Porcentaje,Principales variables ocupacionales. EPH puntual y continua.,Subsecretaría de Programación Macroeconómica,Instituto Nacional de Estadística y Censos (INDEC),Empleo e Ingresos
42.3_EPH_PUNTUAGBA_0_M_48,eph_continua_subocupacion_total_no_demandante_gba,Tasa de subocupación total no demandanteen GBA. En porcentaje.,R/P3M,2003-01-01,2026-01-01,Porcentaje,Principales variables ocupacionales. EPH puntual y continua.,Subsecretaría de Programación Macroeconómica,Instituto Nacional de Estadística y Censos (INDEC),Empleo e Ingresos
42.3_EPH_PUNTUANTE_0_M_41,eph_continua_subocupacion_total_demandante,Tasa de subocupación total demandante. En porcentaje.,R/P3M,2003-01-01,2026-01-01,Porcentaje,Principales variables ocupacionales. EPH puntual y continua.,Subsecretaría de Programación Macroeconómica,Instituto Nacional de Estadística y Censos (INDEC),Empleo e Ingresos
42.3_EPH_PUNTUANTE_0_M_44,eph_continua_subocupacion_total_no_demandante,Tasa de subocupación total no demandante. En porcentaje.,R/P3M,2003-01-01,2026-01-01,Porcentaje,Principales variables ocupacionales. EPH puntual y continua.,Subsecretaría de Programación Macroeconómica,Instituto Nacional de Estadística y Censos (INDEC),Empleo e Ingresos
42.3_EPH_PUNTUATAL_0_M_24,eph_continua_empleo_total,Tasa de empleo total. En porcentaje.,R/P3M,2003-01-01,2026-01-01,Porcentaje,Principales variables ocupacionales. EPH puntual y continua.,Subsecretaría de Programación Macroeconómica,Instituto Nacional de Estadística y Censos (INDEC),Empleo e Ingresos
42.3_EPH_PUNTUATAL_0_M_27,eph_continua_actividad_total,Tasa de actividad total. En porcentaje.,R/P3M,2003-01-01,2026-01-01,Porcentaje,Principales variables ocupacionales. EPH puntual y continua.,Subsecretaría de Programación Macroeconómica,Instituto Nacional de Estadística y Censos (INDEC),Empleo e Ingresos
42.3_EPH_PUNTUATAL_0_M_30,eph_continua_desocupacion_total,Tasa de desocupación total. En porcentaje.,R/P3M,2003-01-01,2026-01-01,Porcentaje,Principales variables ocupacionales. EPH puntual y continua.,Subsecretaría de Programación Macroeconómica,Instituto Nacional de Estadística y Censos (INDEC),Empleo e Ingresos
42.3_EPH_PUNTUATAL_II_0_M_30,eph_continua_subocupacion_total,Tasa de subocupación total. En porcentaje.,R/P3M,2003-01-01,2026-01-01,Porcentaje,Principales variables ocupacionales. EPH puntual y continua.,Subsecretaría de Programación Macroeconómica,Instituto Nacional de Estadística y Censos (INDEC),Empleo e Ingresos
43.1_ECTATBB_0_A_46,eph_continua_tasa_actividad_total_bahia_blanca,Tasa de actividad total Bahía Blanca. En porcentaje.,R/P1Y,2004-01-01,2025-01-01,Porcentaje,Principales variables ocupacionales. EPH continua. Actividad,Subsecretaría de Programación Macroeconómica,Instituto Nacional de Estadística y Censos (INDEC),Empleo e Ingresos
43.1_ECTATCR_0_A_52,eph_continua_tasa_actividad_total_comodoro_rivadavia,Tasa de actividad total Comodoro Rivadavia. En porcentaje.,R/P1Y,2004-01-01,2025-01-01,Porcentaje,Principales variables ocupacionales. EPH continua. Actividad,Subsecretaría de Programación Macroeconómica,Instituto Nacional de Estadística y Censos (INDEC),Empleo e Ingresos
43.1_ECTATCU_0_A_38,eph_continua_tasa_actividad_total_cuyo,Tasa de actividad total Cuyo. En porcentaje.,R/P1Y,2004-01-01,2025-01-01,Porcentaje,Principales variables ocupacionales. EPH continua. Actividad,Subsecretaría de Programación Macroeconómica,Instituto Nacional de Estadística y Censos (INDEC),Empleo e Ingresos
43.1_ECTATC_0_A_38,eph_continua_tasa_actividad_total_caba,Tasa de actividad total CABA. En porcentaje.,R/P1Y,2004-01-01,2025-01-01,Porcentaje,Principales variables ocupacionales. EPH continua. Actividad,Subsecretaría de Programación Macroeconómica,Instituto Nacional de Estadística y Censos (INDEC),Empleo e Ingresos
43.1_ECTATC_0_A_43,eph_continua_tasa_actividad_total_concordia,Tasa de actividad total Concordia. En porcentaje.,R/P1Y,2004-01-01,2025-01-01,Porcentaje,Principales variables ocupacionales. EPH continua. Actividad,Subsecretaría de Programación Macroeconómica,Instituto Nacional de Estadística y Censos (INDEC),Empleo e Ingresos
43.1_ECTATC_0_A_44,eph_continua_tasa_actividad_total_corrientes,Tasa de actividad total Corrientes. En porcentaje.,R/P1Y,2004-01-01,2025-01-01,Porcentaje,Principales variables ocupacionales. EPH continua. Actividad,Subsecretaría de Programación Macroeconómica,Instituto Nacional de Estadística y Censos (INDEC),Empleo e Ingresos
43.1_ECTATF_0_A_41,eph_continua_tasa_actividad_total_formosa,Tasa de actividad total Formosa. En porcentaje.,R/P1Y,2004-01-01,2025-01-01,Porcentaje,Principales variables ocupacionales. EPH continua. Actividad,Subsecretaría de Programación Macroeconómica,Instituto Nacional de Estadística y Censos (INDEC),Empleo e Ingresos
43.1_ECTATGC_0_A_46,eph_continua_tasa_actividad_total_gran_cordoba,Tasa de actividad total Gran Cordoba. En porcentaje.,R/P1Y,2004-01-01,2025-01-01,Porcentaje,Principales variables ocupacionales. EPH continua. Actividad,Subsecretaría de Programación Macroeconómica,Instituto Nacional de Estadística y Censos (INDEC),Empleo e Ingresos
43.1_ECTATGC_0_A_48,eph_continua_tasa_actividad_total_gran_catamarca,Tasa de actividad total Gran Catamarca. En porcentaje.,R/P1Y,2004-01-01,2025-01-01,Porcentaje,Principales variables ocupacionales. EPH continua. Actividad,Subsecretaría de Programación Macroeconómica,Instituto Nacional de Estadística y Censos (INDEC),Empleo e Ingresos
43.1_ECTATGLP_0_A_47,eph_continua_tasa_actividad_total_gran_la_plata,Tasa de actividad total Gran La Plata. En porcentaje.,R/P1Y,2004-01-01,2025-01-01,Porcentaje,Principales variables ocupacionales. EPH continua. Actividad,Subsecretaría de Programación Macroeconómica,Instituto Nacional de Estadística y Censos (INDEC),Empleo e Ingresos
43.1_ECTATGM_0_A_46,eph_continua_tasa_actividad_total_gran_mendoza,Tasa de actividad total Gran Mendoza. En porcentaje.,R/P1Y,2004-01-01,2025-01-01,Porcentaje,Principales variables ocupacionales. EPH continua. Actividad,Subsecretaría de Programación Macroeconómica,Instituto Nacional de Estadística y Censos (INDEC),Empleo e Ingresos
43.1_ECTATGP_0_A_45,eph_continua_tasa_actividad_total_gran_parana,Tasa de actividad total Gran Paraná. En porcentaje.,R/P1Y,2004-01-01,2025-01-01,Porcentaje,Principales variables ocupacionales. EPH continua. Actividad,Subsecretaría de Programación Macroeconómica,Instituto Nacional de Estadística y Censos (INDEC),Empleo e Ingresos
43.1_ECTATGR_0_A_46,eph_continua_tasa_actividad_total_gran_rosario,Tasa de actividad total Gran Rosario. En porcentaje.,R/P1Y,2004-01-01,2025-01-01,Porcentaje,Principales variables ocupacionales. EPH continua. Actividad,Subsecretaría de Programación Macroeconómica,Instituto Nacional de Estadística y Censos (INDEC),Empleo e Ingresos
43.1_ECTATGR_0_A_50,eph_continua_tasa_actividad_total_gran_resistencia,Tasa de actividad total Gran Resistencia. En porcentaje.,R/P1Y,2004-01-01,2025-01-01,Porcentaje,Principales variables ocupacionales. EPH continua. Actividad,Subsecretaría de Programación Macroeconómica,Instituto Nacional de Estadística y Censos (INDEC),Empleo e Ingresos
43.1_ECTATGSF_0_A_47,eph_continua_tasa_actividad_total_gran_santa_fe,Tasa de actividad total Gran Santa Fe. En porcentaje.,R/P1Y,2004-01-01,2025-01-01,Porcentaje,Principales variables ocupacionales. EPH continua. Actividad,Subsecretaría de Programación Macroeconómica,Instituto Nacional de Estadística y Censos (INDEC),Empleo e Ingresos
43.1_ECTATGSJ_0_A_47,eph_continua_tasa_actividad_total_gran_san_juan,Tasa de actividad total Gran San Juan. En porcentaje.,R/P1Y,2004-01-01,2025-01-01,Porcentaje,Principales variables ocupacionales. EPH continua. Actividad,Subsecretaría de Programación Macroeconómica,Instituto Nacional de Estadística y Censos (INDEC),Empleo e Ingresos
43.1_ECTATGT_0_A_46,eph_continua_tasa_actividad_total_gran_tucuman,Tasa de actividad total Gran Tucumán. En porcentaje.,R/P1Y,2004-01-01,2025-01-01,Porcentaje,Principales variables ocupacionales. EPH continua. Actividad,Subsecretaría de Programación Macroeconómica,Instituto Nacional de Estadística y Censos (INDEC),Empleo e Ingresos
43.1_ECTATG_0_A_37,eph_continua_tasa_actividad_total_gba,Tasa de actividad total Gran Buenos Aires. En porcentaje.,R/P1Y,2004-01-01,2025-01-01,Porcentaje,Principales variables ocupacionales. EPH continua. Actividad,Subsecretaría de Programación Macroeconómica,Instituto Nacional de Estadística y Censos (INDEC),Empleo e Ingresos
43.1_ECTATJ_0_A_39,eph_continua_tasa_actividad_total_jujuy,Tasa de actividad total Jujuy. En porcentaje.,R/P1Y,2004-01-01,2025-01-01,Porcentaje,Principales variables ocupacionales. EPH continua. Actividad,Subsecretaría de Programación Macroeconómica,Instituto Nacional de Estadística y Censos (INDEC),Empleo e Ingresos
43.1_ECTATLR_0_A_42,eph_continua_tasa_actividad_total_la_rioja,Tasa de actividad total La Rioja. En porcentaje.,R/P1Y,2004-01-01,2025-01-01,Porcentaje,Principales variables ocupacionales. EPH continua. Actividad,Subsecretaría de Programación Macroeconómica,Instituto Nacional de Estadística y Censos (INDEC),Empleo e Ingresos
43.1_ECTATMDP_0_A_47,eph_continua_tasa_actividad_total_mar_del_plata,Tasa de actividad total Mar del Plata. En porcentaje.,R/P1Y,2004-01-01,2025-01-01,Porcentaje,Principales variables ocupacionales. EPH continua. Actividad,Subsecretaría de Programación Macroeconómica,Instituto Nacional de Estadística y Censos (INDEC),Empleo e Ingresos
43.1_ECTATNE_0_A_42,eph_continua_tasa_actividad_total_nordeste,Tasa de actividad total región nordeste. En porcentaje.,R/P1Y,2004-01-01,2025-01-01,Porcentaje,Principales variables ocupacionales. EPH continua. Actividad,Subsecretaría de Programación Macroeconómica,Instituto Nacional de Estadística y Censos (INDEC),Empleo e Ingresos
43.1_ECTATNO_0_A_42,eph_continua_tasa_actividad_total_noroeste,Tasa de actividad total región noroeste. En porcentaje.,R/P1Y,2004-01-01,2025-01-01,Porcentaje,Principales variables ocupacionales. EPH continua. Actividad,Subsecretaría de Programación Macroeconómica,Instituto Nacional de Estadística y Censos (INDEC),Empleo e Ingresos
43.1_ECTATN_0_A_41,eph_continua_tasa_actividad_total_neuquen,Tasa de actividad total Neuquén. En porcentaje.,R/P1Y,2004-01-01,2025-01-01,Porcentaje,Principales variables ocupacionales. EPH continua. Actividad,Subsecretaría de Programación Macroeconómica,Instituto Nacional de Estadística y Censos (INDEC),Empleo e Ingresos
43.1_ECTATPG_0_A_46,eph_continua_tasa_actividad_total_partidos_gba,Tasa de actividad total partidos GBA. En porcentaje.,R/P1Y,2004-01-01,2025-01-01,Porcentaje,Principales variables ocupacionales. EPH continua. Actividad,Subsecretaría de Programación Macroeconómica,Instituto Nacional de Estadística y Censos (INDEC),Empleo e Ingresos
43.1_ECTATP_0_A_41,eph_continua_tasa_actividad_total_posadas,Tasa de actividad total Posadas. En porcentaje.,R/P1Y,2004-01-01,2025-01-01,Porcentaje,Principales variables ocupacionales. EPH continua. Actividad,Subsecretaría de Programación Macroeconómica,Instituto Nacional de Estadística y Censos (INDEC),Empleo e Ingresos
43.1_ECTATP_0_A_43,eph_continua_tasa_actividad_total_patagonia,Tasa de actividad total patagonia. En porcentaje.,R/P1Y,2004-01-01,2025-01-01,Porcentaje,Principales variables ocupacionales. EPH continua. Actividad,Subsecretaría de Programación Macroeconómica,Instituto Nacional de Estadística y Censos (INDEC),Empleo e Ingresos
43.1_ECTATRC_0_A_44,eph_continua_tasa_actividad_total_rio_cuarto,Tasa de actividad total Río Cuarto. En porcentaje.,R/P1Y,2004-01-01,2025-01-01,Porcentaje,Principales variables ocupacionales. EPH continua. Actividad,Subsecretaría de Programación Macroeconómica,Instituto Nacional de Estadística y Censos (INDEC),Empleo e Ingresos
43.1_ECTATRG_0_A_46,eph_continua_tasa_actividad_total_rio_gallegos,Tasa de actividad total Río Gallegos. En porcentaje.,R/P1Y,2004-01-01,2025-01-01,Porcentaje,Principales variables ocupacionales. EPH continua. Actividad,Subsecretaría de Programación Macroeconómica,Instituto Nacional de Estadística y Censos (INDEC),Empleo e Ingresos
43.1_ECTATRP_0_A_49,eph_continua_tasa_actividad_total_region_pampeana,Tasa de actividad total región pampeana. En porcentaje.,R/P1Y,2004-01-01,2025-01-01,Porcentaje,Principales variables ocupacionales. EPH continua. Actividad,Subsecretaría de Programación Macroeconómica,Instituto Nacional de Estadística y Censos (INDEC),Empleo e Ingresos
43.1_ECTATRT_0_A_47,eph_continua_tasa_actividad_total_rawson_trelew,Tasa de actividad total Rawson - Trelew. En porcentaje.,R/P1Y,2007-01-01,2025-01-01,Porcentaje,Principales variables ocupacionales. EPH continua. Actividad,Subsecretaría de Programación Macroeconómica,Instituto Nacional de Estadística y Censos (INDEC),Empleo e Ingresos
43.1_ECTATSDE_0_A_53,eph_continua_tasa_actividad_total_santiago_del_estero,Tasa de actividad total Santiago del Estero. En porcentaje.,R/P1Y,2004-01-01,2025-01-01,Porcentaje,Principales variables ocupacionales. EPH continua. Actividad,Subsecretaría de Programación Macroeconómica,Instituto Nacional de Estadística y Censos (INDEC),Empleo e Ingresos
43.1_ECTATSL_0_A_42,eph_continua_tasa_actividad_total_san_luis,Tasa de actividad total San Luis. En porcentaje.,R/P1Y,2004-01-01,2025-01-01,Porcentaje,Principales variables ocupacionales. EPH continua. Actividad,Subsecretaría de Programación Macroeconómica,Instituto Nacional de Estadística y Censos (INDEC),Empleo e Ingresos
43.1_ECTATSN_0_A_45,eph_continua_tasa_actividad_total_san_nicolas,Tasa de actividad total San Nicolás. En porcentaje.,R/P1Y,2007-01-01,2025-01-01,Porcentaje,Principales variables ocupacionales. EPH continua. Actividad,Subsecretaría de Programación Macroeconómica,Instituto Nacional de Estadística y Censos (INDEC),Empleo e Ingresos
43.1_ECTATSR_0_A_44,eph_continua_tasa_actividad_total_santa_rosa,Tasa de actividad total Santa Rosa. En porcentaje.,R/P1Y,2004-01-01,2025-01-01,Porcentaje,Principales variables ocupacionales. EPH continua. Actividad,Subsecretaría de Programación Macroeconómica,Instituto Nacional de Estadística y Censos (INDEC),Empleo e Ingresos
43.1_ECTATS_0_A_39,eph_continua_tasa_actividad_total_salta,Tasa de actividad total Salta. En porcentaje.,R/P1Y,2004-01-01,2025-01-01,Porcentaje,Principales variables ocupacionales. EPH continua. Actividad,Subsecretaría de Programación Macroeconómica,Instituto Nacional de Estadística y Censos (INDEC),Empleo e Ingresos
43.1_ECTATURG_0_A_52,eph_continua_tasa_actividad_total_ushuaia_rio_grande,Tasa de actividad total Ushuaia-Río Grande. En porcentaje.,R/P1Y,2004-01-01,2025-01-01,Porcentaje,Principales variables ocupacionales. EPH continua. Actividad,Subsecretaría de Programación Macroeconómica,Instituto Nacional de Estadística y Censos (INDEC),Empleo e Ingresos
43.1_ECTATVCP_0_A_57,eph_continua_tasa_actividad_total_viedma_carmen_patagones,Tasa de actividad total Viedma - Carmen de Patagones. En porcentaje.,R/P1Y,2007-01-01,2025-01-01,Porcentaje,Principales variables ocupacionales. EPH continua. Actividad,Subsecretaría de Programación Macroeconómica,Instituto Nacional de Estadística y Censos (INDEC),Empleo e Ingresos
43.1_ECTAT_0_A_33,eph_continua_tasa_actividad_total,Tasa de actividad total. En porcentaje.,R/P1Y,2004-01-01,2025-01-01,Porcentaje,Principales variables ocupacionales. EPH continua. Actividad,Subsecretaría de Programación Macroeconómica,Instituto Nacional de Estadística y Censos (INDEC),Empleo e Ingresos
43.2_ECTATBB_0_T_46,eph_continua_tasa_actividad_total_bahia_blanca,Tasa de actividad total Bahía Blanca. En porcentaje.,R/P3M,2003-07-01,2026-01-01,Porcentaje,Principales variables ocupacionales. EPH continua. Actividad,Subsecretaría de Programación Macroeconómica,Instituto Nacional de Estadística y Censos (INDEC),Empleo e Ingresos
43.2_ECTATCR_0_T_52,eph_continua_tasa_actividad_total_comodoro_rivadavia,Tasa de actividad total Comodoro Rivadavia. En porcentaje.,R/P3M,2003-07-01,2026-01-01,Porcentaje,Principales variables ocupacionales. EPH continua. Actividad,Subsecretaría de Programación Macroeconómica,Instituto Nacional de Estadística y Censos (INDEC),Empleo e Ingresos
43.2_ECTATCU_0_T_38,eph_continua_tasa_actividad_total_cuyo,Tasa de actividad total Cuyo. En porcentaje.,R/P3M,2003-01-01,2026-01-01,Porcentaje,Principales variables ocupacionales. EPH continua. Actividad,Subsecretaría de Programación Macroeconómica,Instituto Nacional de Estadística y Censos (INDEC),Empleo e Ingresos
43.2_ECTATC_0_T_38,eph_continua_tasa_actividad_total_caba,Tasa de actividad total CABA. En porcentaje.,R/P3M,2003-01-01,2026-01-01,Porcentaje,Principales variables ocupacionales. EPH continua. Actividad,Subsecretaría de Programación Macroeconómica,Instituto Nacional de Estadística y Censos (INDEC),Empleo e Ingresos
43.2_ECTATC_0_T_43,eph_continua_tasa_actividad_total_concordia,Tasa de actividad total Concordia. En porcentaje.,R/P3M,2003-07-01,2026-01-01,Porcentaje,Principales variables ocupacionales. EPH continua. Actividad,Subsecretaría de Programación Macroeconómica,Instituto Nacional de Estadística y Censos (INDEC),Empleo e Ingresos
43.2_ECTATC_0_T_44,eph_continua_tasa_actividad_total_corrientes,Tasa de actividad total Corrientes. En porcentaje.,R/P3M,2003-07-01,2026-01-01,Porcentaje,Principales variables ocupacionales. EPH continua. Actividad,Subsecretaría de Programación Macroeconómica,Instituto Nacional de Estadística y Censos (INDEC),Empleo e Ingresos
43.2_ECTATF_0_T_41,eph_continua_tasa_actividad_total_formosa,Tasa de actividad total Formosa. En porcentaje.,R/P3M,2003-07-01,2026-01-01,Porcentaje,Principales variables ocupacionales. EPH continua. Actividad,Subsecretaría de Programación Macroeconómica,Instituto Nacional de Estadística y Censos (INDEC),Empleo e Ingresos
43.2_ECTATGC_0_T_46,eph_continua_tasa_actividad_total_gran_cordoba,Tasa de actividad total Gran Cordoba. En porcentaje.,R/P3M,2003-01-01,2026-01-01,Porcentaje,Principales variables ocupacionales. EPH continua. Actividad,Subsecretaría de Programación Macroeconómica,Instituto Nacional de Estadística y Censos (INDEC),Empleo e Ingresos
43.2_ECTATGC_0_T_48,eph_continua_tasa_actividad_total_gran_catamarca,Tasa de actividad total Gran Catamarca. En porcentaje.,R/P3M,2003-07-01,2026-01-01,Porcentaje,Principales variables ocupacionales. EPH continua. Actividad,Subsecretaría de Programación Macroeconómica,Instituto Nacional de Estadística y Censos (INDEC),Empleo e Ingresos
43.2_ECTATGLP_0_T_47,eph_continua_tasa_actividad_total_gran_la_plata,Tasa de actividad total Gran La Plata. En porcentaje.,R/P3M,2003-01-01,2026-01-01,Porcentaje,Principales variables ocupacionales. EPH continua. Actividad,Subsecretaría de Programación Macroeconómica,Instituto Nacional de Estadística y Censos (INDEC),Empleo e Ingresos
43.2_ECTATGM_0_T_46,eph_continua_tasa_actividad_total_gran_mendoza,Tasa de actividad total Gran Mendoza. En porcentaje.,R/P3M,2003-01-01,2026-01-01,Porcentaje,Principales variables ocupacionales. EPH continua. Actividad,Subsecretaría de Programación Macroeconómica,Instituto Nacional de Estadística y Censos (INDEC),Empleo e Ingresos
43.2_ECTATGP_0_T_45,eph_continua_tasa_actividad_total_gran_parana,Tasa de actividad total Gran Paraná. En porcentaje.,R/P3M,2003-07-01,2026-01-01,Porcentaje,Principales variables ocupacionales. EPH continua. Actividad,Subsecretaría de Programación Macroeconómica,Instituto Nacional de Estadística y Censos (INDEC),Empleo e Ingresos
43.2_ECTATGR_0_T_46,eph_continua_tasa_actividad_total_gran_rosario,Tasa de actividad total Gran Rosario. En porcentaje.,R/P3M,2003-01-01,2026-01-01,Porcentaje,Principales variables ocupacionales. EPH continua. Actividad,Subsecretaría de Programación Macroeconómica,Instituto Nacional de Estadística y Censos (INDEC),Empleo e Ingresos
43.2_ECTATGR_0_T_50,eph_continua_tasa_actividad_total_gran_resistencia,Tasa de actividad total Gran Resistencia. En porcentaje.,R/P3M,2003-07-01,2026-01-01,Porcentaje,Principales variables ocupacionales. EPH continua. Actividad,Subsecretaría de Programación Macroeconómica,Instituto Nacional de Estadística y Censos (INDEC),Empleo e Ingresos
43.2_ECTATGSF_0_T_47,eph_continua_tasa_actividad_total_gran_santa_fe,Tasa de actividad total Gran Santa Fe. En porcentaje.,R/P3M,2003-07-01,2026-01-01,Porcentaje,Principales variables ocupacionales. EPH continua. Actividad,Subsecretaría de Programación Macroeconómica,Instituto Nacional de Estadística y Censos (INDEC),Empleo e Ingresos
43.2_ECTATGSJ_0_T_47,eph_continua_tasa_actividad_total_gran_san_juan,Tasa de actividad total Gran San Juan. En porcentaje.,R/P3M,2003-07-01,2026-01-01,Porcentaje,Principales variables ocupacionales. EPH continua. Actividad,Subsecretaría de Programación Macroeconómica,Instituto Nacional de Estadística y Censos (INDEC),Empleo e Ingresos
43.2_ECTATGT_0_T_46,eph_continua_tasa_actividad_total_gran_tucuman,Tasa de actividad total Gran Tucumán. En porcentaje.,R/P3M,2003-01-01,2026-01-01,Porcentaje,Principales variables ocupacionales. EPH continua. Actividad,Subsecretaría de Programación Macroeconómica,Instituto Nacional de Estadística y Censos (INDEC),Empleo e Ingresos
43.2_ECTATG_0_T_37,eph_continua_tasa_actividad_total_gba,Tasa de actividad total Gran Buenos Aires. En porcentaje.,R/P3M,2003-01-01,2026-01-01,Porcentaje,Principales variables ocupacionales. EPH continua. Actividad,Subsecretaría de Programación Macroeconómica,Instituto Nacional de Estadística y Censos (INDEC),Empleo e Ingresos
43.2_ECTATJ_0_T_39,eph_continua_tasa_actividad_total_jujuy,Tasa de actividad total Jujuy. En porcentaje.,R/P3M,2003-07-01,2026-01-01,Porcentaje,Principales variables ocupacionales. EPH continua. Actividad,Subsecretaría de Programación Macroeconómica,Instituto Nacional de Estadística y Censos (INDEC),Empleo e Ingresos
43.2_ECTATLR_0_T_42,eph_continua_tasa_actividad_total_la_rioja,Tasa de actividad total La Rioja. En porcentaje.,R/P3M,2003-07-01,2026-01-01,Porcentaje,Principales variables ocupacionales. EPH continua. Actividad,Subsecretaría de Programación Macroeconómica,Instituto Nacional de Estadística y Censos (INDEC),Empleo e Ingresos
43.2_ECTATMDP_0_T_47,eph_continua_tasa_actividad_total_mar_del_plata,Tasa de actividad total Mar del Plata. En porcentaje.,R/P3M,2003-01-01,2026-01-01,Porcentaje,Principales variables ocupacionales. EPH continua. Actividad,Subsecretaría de Programación Macroeconómica,Instituto Nacional de Estadística y Censos (INDEC),Empleo e Ingresos
43.2_ECTATNE_0_T_42,eph_continua_tasa_actividad_total_nordeste,Tasa de actividad total región nordeste. En porcentaje.,R/P3M,2003-01-01,2026-01-01,Porcentaje,Principales variables ocupacionales. EPH continua. Actividad,Subsecretaría de Programación Macroeconómica,Instituto Nacional de Estadística y Censos (INDEC),Empleo e Ingresos
43.2_ECTATNO_0_T_42,eph_continua_tasa_actividad_total_noroeste,Tasa de actividad total región noroeste. En porcentaje.,R/P3M,2003-01-01,2026-01-01,Porcentaje,Principales variables ocupacionales. EPH continua. Actividad,Subsecretaría de Programación Macroeconómica,Instituto Nacional de Estadística y Censos (INDEC),Empleo e Ingresos
43.2_ECTATN_0_T_41,eph_continua_tasa_actividad_total_neuquen,Tasa de actividad total Neuquén. En porcentaje.,R/P3M,2003-07-01,2026-01-01,Porcentaje,Principales variables ocupacionales. EPH continua. Actividad,Subsecretaría de Programación Macroeconómica,Instituto Nacional de Estadística y Censos (INDEC),Empleo e Ingresos
43.2_ECTATPG_0_T_46,eph_continua_tasa_actividad_total_partidos_gba,Tasa de actividad total partidos GBA. En porcentaje.,R/P3M,2003-01-01,2026-01-01,Porcentaje,Principales variables ocupacionales. EPH continua. Actividad,Subsecretaría de Programación Macroeconómica,Instituto Nacional de Estadística y Censos (INDEC),Empleo e Ingresos
43.2_ECTATP_0_T_41,eph_continua_tasa_actividad_total_posadas,Tasa de actividad total Posadas. En porcentaje.,R/P3M,2003-07-01,2026-01-01,Porcentaje,Principales variables ocupacionales. EPH continua. Actividad,Subsecretaría de Programación Macroeconómica,Instituto Nacional de Estadística y Censos (INDEC),Empleo e Ingresos
43.2_ECTATP_0_T_43,eph_continua_tasa_actividad_total_patagonia,Tasa de actividad total patagonia. En porcentaje.,R/P3M,2003-01-01,2026-01-01,Porcentaje,Principales variables ocupacionales. EPH continua. Actividad,Subsecretaría de Programación Macroeconómica,Instituto Nacional de Estadística y Censos (INDEC),Empleo e Ingresos
43.2_ECTATRC_0_T_44,eph_continua_tasa_actividad_total_rio_cuarto,Tasa de actividad total Río Cuarto. En porcentaje.,R/P3M,2003-07-01,2026-01-01,Porcentaje,Principales variables ocupacionales. EPH continua. Actividad,Subsecretaría de Programación Macroeconómica,Instituto Nacional de Estadística y Censos (INDEC),Empleo e Ingresos
43.2_ECTATRG_0_T_46,eph_continua_tasa_actividad_total_rio_gallegos,Tasa de actividad total Río Gallegos. En porcentaje.,R/P3M,2003-07-01,2026-01-01,Porcentaje,Principales variables ocupacionales. EPH continua. Actividad,Subsecretaría de Programación Macroeconómica,Instituto Nacional de Estadística y Censos (INDEC),Empleo e Ingresos
43.2_ECTATRP_0_T_49,eph_continua_tasa_actividad_total_region_pampeana,Tasa de actividad total región pampeana. En porcentaje.,R/P3M,2003-01-01,2026-01-01,Porcentaje,Principales variables ocupacionales. EPH continua. Actividad,Subsecretaría de Programación Macroeconómica,Instituto Nacional de Estadística y Censos (INDEC),Empleo e Ingresos
43.2_ECTATRT_0_T_47,eph_continua_tasa_actividad_total_rawson_trelew,Tasa de actividad total Rawson - Trelew. En porcentaje.,R/P3M,2006-10-01,2026-01-01,Porcentaje,Principales variables ocupacionales. EPH continua. Actividad,Subsecretaría de Programación Macroeconómica,Instituto Nacional de Estadística y Censos (INDEC),Empleo e Ingresos
43.2_ECTATSDE_0_T_53,eph_continua_tasa_actividad_total_santiago_del_estero,Tasa de actividad total Santiago del Estero. En porcentaje.,R/P3M,2003-07-01,2026-01-01,Porcentaje,Principales variables ocupacionales. EPH continua. Actividad,Subsecretaría de Programación Macroeconómica,Instituto Nacional de Estadística y Censos (INDEC),Empleo e Ingresos
43.2_ECTATSL_0_T_42,eph_continua_tasa_actividad_total_san_luis,Tasa de actividad total San Luis. En porcentaje.,R/P3M,2003-07-01,2026-01-01,Porcentaje,Principales variables ocupacionales. EPH continua. Actividad,Subsecretaría de Programación Macroeconómica,Instituto Nacional de Estadística y Censos (INDEC),Empleo e Ingresos
43.2_ECTATSN_0_T_45,eph_continua_tasa_actividad_total_san_nicolas,Tasa de actividad total San Nicolás. En porcentaje.,R/P3M,2006-10-01,2026-01-01,Porcentaje,Principales variables ocupacionales. EPH continua. Actividad,Subsecretaría de Programación Macroeconómica,Instituto Nacional de Estadística y Censos (INDEC),Empleo e Ingresos
43.2_ECTATSR_0_T_44,eph_continua_tasa_actividad_total_santa_rosa,Tasa de actividad total Santa Rosa. En porcentaje.,R/P3M,2003-07-01,2026-01-01,Porcentaje,Principales variables ocupacionales. EPH continua. Actividad,Subsecretaría de Programación Macroeconómica,Instituto Nacional de Estadística y Censos (INDEC),Empleo e Ingresos
43.2_ECTATS_0_T_39,eph_continua_tasa_actividad_total_salta,Tasa de actividad total Salta. En porcentaje.,R/P3M,2003-07-01,2026-01-01,Porcentaje,Principales variables ocupacionales. EPH continua. Actividad,Subsecretaría de Programación Macroeconómica,Instituto Nacional de Estadística y Censos (INDEC),Empleo e Ingresos
43.2_ECTATURG_0_T_52,eph_continua_tasa_actividad_total_ushuaia_rio_grande,Tasa de actividad total Ushuaia-Río Grande. En porcentaje.,R/P3M,2003-07-01,2026-01-01,Porcentaje,Principales variables ocupacionales. EPH continua. Actividad,Subsecretaría de Programación Macroeconómica,Instituto Nacional de Estadística y Censos (INDEC),Empleo e Ingresos
43.2_ECTATVCP_0_T_57,eph_continua_tasa_actividad_total_viedma_carmen_patagones,Tasa de actividad total Viedma - Carmen de Patagones. En porcentaje.,R/P3M,2006-10-01,2026-01-01,Porcentaje,Principales variables ocupacionales. EPH continua. Actividad,Subsecretaría de Programación Macroeconómica,Instituto Nacional de Estadística y Censos (INDEC),Empleo e Ingresos
43.2_ECTAT_0_T_33,eph_continua_tasa_actividad_total,Tasa de actividad total. En porcentaje.,R/P3M,2003-01-01,2026-01-01,Porcentaje,Principales variables ocupacionales. EPH continua. Actividad,Subsecretaría de Programación Macroeconómica,Instituto Nacional de Estadística y Censos (INDEC),Empleo e Ingresos
44.1_ECTETBB_0_A_43,eph_continua_tasa_empleo_total_bahia_blanca,Tasa de empleo total Bahía Blanca. En porcentaje.,R/P1Y,2004-01-01,2025-01-01,Porcentaje,Principales variables ocupacionales. EPH continua. Empleo,Subsecretaría de Programación Macroeconómica,Instituto Nacional de Estadística y Censos (INDEC),Empleo e Ingresos
44.1_ECTETCR_0_A_49,eph_continua_tasa_empleo_total_comodoro_rivadavia,Tasa de empleo total Comodoro Rivadavia. En porcentaje.,R/P1Y,2004-01-01,2025-01-01,Porcentaje,Principales variables ocupacionales. EPH continua. Empleo,Subsecretaría de Programación Macroeconómica,Instituto Nacional de Estadística y Censos (INDEC),Empleo e Ingresos
44.1_ECTETCU_0_A_35,eph_continua_tasa_empleo_total_cuyo,Tasa de empleo total Cuyo. En porcentaje.,R/P1Y,2004-01-01,2025-01-01,Porcentaje,Principales variables ocupacionales. EPH continua. Empleo,Subsecretaría de Programación Macroeconómica,Instituto Nacional de Estadística y Censos (INDEC),Empleo e Ingresos
44.1_ECTETC_0_A_35,eph_continua_tasa_empleo_total_caba,Tasa de empleo total CABA. En porcentaje.,R/P1Y,2004-01-01,2025-01-01,Porcentaje,Principales variables ocupacionales. EPH continua. Empleo,Subsecretaría de Programación Macroeconómica,Instituto Nacional de Estadística y Censos (INDEC),Empleo e Ingresos
44.1_ECTETC_0_A_40,eph_continua_tasa_empleo_total_concordia,Tasa de empleo total Concordia. En porcentaje.,R/P1Y,2004-01-01,2025-01-01,Porcentaje,Principales variables ocupacionales. EPH continua. Empleo,Subsecretaría de Programación Macroeconómica,Instituto Nacional de Estadística y Censos (INDEC),Empleo e Ingresos
44.1_ECTETC_0_A_41,eph_continua_tasa_empleo_total_corrientes,Tasa de empleo total Corrientes. En porcentaje.,R/P1Y,2004-01-01,2025-01-01,Porcentaje,Principales variables ocupacionales. EPH continua. Empleo,Subsecretaría de Programación Macroeconómica,Instituto Nacional de Estadística y Censos (INDEC),Empleo e Ingresos
44.1_ECTETF_0_A_38,eph_continua_tasa_empleo_total_formosa,Tasa de empleo total Formosa. En porcentaje.,R/P1Y,2004-01-01,2025-01-01,Porcentaje,Principales variables ocupacionales. EPH continua. Empleo,Subsecretaría de Programación Macroeconómica,Instituto Nacional de Estadística y Censos (INDEC),Empleo e Ingresos
44.1_ECTETGC_0_A_43,eph_continua_tasa_empleo_total_gran_cordoba,Tasa de empleo total Gran Cordoba. En porcentaje.,R/P1Y,2004-01-01,2025-01-01,Porcentaje,Principales variables ocupacionales. EPH continua. Empleo,Subsecretaría de Programación Macroeconómica,Instituto Nacional de Estadística y Censos (INDEC),Empleo e Ingresos
44.1_ECTETGC_0_A_45,eph_continua_tasa_empleo_total_gran_catamarca,Tasa de empleo total Gran Catamarca. En porcentaje.,R/P1Y,2004-01-01,2025-01-01,Porcentaje,Principales variables ocupacionales. EPH continua. Empleo,Subsecretaría de Programación Macroeconómica,Instituto Nacional de Estadística y Censos (INDEC),Empleo e Ingresos
44.1_ECTETGLP_0_A_44,eph_continua_tasa_empleo_total_gran_la_plata,Tasa de empleo total Gran La Plata. En porcentaje.,R/P1Y,2004-01-01,2025-01-01,Porcentaje,Principales variables ocupacionales. EPH continua. Empleo,Subsecretaría de Programación Macroeconómica,Instituto Nacional de Estadística y Censos (INDEC),Empleo e Ingresos
44.1_ECTETGM_0_A_43,eph_continua_tasa_empleo_total_gran_mendoza,Tasa de empleo total Gran Mendoza. En porcentaje.,R/P1Y,2004-01-01,2025-01-01,Porcentaje,Principales variables ocupacionales. EPH continua. Empleo,Subsecretaría de Programación Macroeconómica,Instituto Nacional de Estadística y Censos (INDEC),Empleo e Ingresos
44.1_ECTETGP_0_A_42,eph_continua_tasa_empleo_total_gran_parana,Tasa de empleo total Gran Paraná. En porcentaje.,R/P1Y,2004-01-01,2025-01-01,Porcentaje,Principales variables ocupacionales. EPH continua. Empleo,Subsecretaría de Programación Macroeconómica,Instituto Nacional de Estadística y Censos (INDEC),Empleo e Ingresos
44.1_ECTETGR_0_A_43,eph_continua_tasa_empleo_total_gran_rosario,Tasa de empleo total Gran Rosario. En porcentaje.,R/P1Y,2004-01-01,2025-01-01,Porcentaje,Principales variables ocupacionales. EPH continua. Empleo,Subsecretaría de Programación Macroeconómica,Instituto Nacional de Estadística y Censos (INDEC),Empleo e Ingresos
44.1_ECTETGR_0_A_47,eph_continua_tasa_empleo_total_gran_resistencia,Tasa de empleo total Gran Resistencia. En porcentaje.,R/P1Y,2004-01-01,2025-01-01,Porcentaje,Principales variables ocupacionales. EPH continua. Empleo,Subsecretaría de Programación Macroeconómica,Instituto Nacional de Estadística y Censos (INDEC),Empleo e Ingresos
44.1_ECTETGSF_0_A_44,eph_continua_tasa_empleo_total_gran_santa_fe,Tasa de empleo total Gran Santa Fe. En porcentaje.,R/P1Y,2004-01-01,2025-01-01,Porcentaje,Principales variables ocupacionales. EPH continua. Empleo,Subsecretaría de Programación Macroeconómica,Instituto Nacional de Estadística y Censos (INDEC),Empleo e Ingresos
44.1_ECTETGSJ_0_A_44,eph_continua_tasa_empleo_total_gran_san_juan,Tasa de empleo total Gran San Juan. En porcentaje.,R/P1Y,2004-01-01,2025-01-01,Porcentaje,Principales variables ocupacionales. EPH continua. Empleo,Subsecretaría de Programación Macroeconómica,Instituto Nacional de Estadística y Censos (INDEC),Empleo e Ingresos
44.1_ECTETGT_0_A_43,eph_continua_tasa_empleo_total_gran_tucuman,Tasa de empleo total Gran Tucumán. En porcentaje.,R/P1Y,2004-01-01,2025-01-01,Porcentaje,Principales variables ocupacionales. EPH continua. Empleo,Subsecretaría de Programación Macroeconómica,Instituto Nacional de Estadística y Censos (INDEC),Empleo e Ingresos
44.1_ECTETG_0_A_34,eph_continua_tasa_empleo_total_gba,Tasa de empleo total Gran Buenos Aires. En porcentaje.,R/P1Y,2004-01-01,2025-01-01,Porcentaje,Principales variables ocupacionales. EPH continua. Empleo,Subsecretaría de Programación Macroeconómica,Instituto Nacional de Estadística y Censos (INDEC),Empleo e Ingresos
44.1_ECTETJ_0_A_36,eph_continua_tasa_empleo_total_jujuy,Tasa de empleo total Jujuy. En porcentaje.,R/P1Y,2004-01-01,2025-01-01,Porcentaje,Principales variables ocupacionales. EPH continua. Empleo,Subsecretaría de Programación Macroeconómica,Instituto Nacional de Estadística y Censos (INDEC),Empleo e Ingresos
44.1_ECTETLR_0_A_39,eph_continua_tasa_empleo_total_la_rioja,Tasa de empleo total La Rioja. En porcentaje.,R/P1Y,2004-01-01,2025-01-01,Porcentaje,Principales variables ocupacionales. EPH continua. Empleo,Subsecretaría de Programación Macroeconómica,Instituto Nacional de Estadística y Censos (INDEC),Empleo e Ingresos
44.1_ECTETMDP_0_A_44,eph_continua_tasa_empleo_total_mar_del_plata,Tasa de empleo total Mar del Plata. En porcentaje.,R/P1Y,2004-01-01,2025-01-01,Porcentaje,Principales variables ocupacionales. EPH continua. Empleo,Subsecretaría de Programación Macroeconómica,Instituto Nacional de Estadística y Censos (INDEC),Empleo e Ingresos
44.1_ECTETNE_0_A_39,eph_continua_tasa_empleo_total_noroeste,Tasa de empleo total región noroeste. En porcentaje.,R/P1Y,2004-01-01,2025-01-01,Porcentaje,Principales variables ocupacionales. EPH continua. Empleo,Subsecretaría de Programación Macroeconómica,Instituto Nacional de Estadística y Censos (INDEC),Empleo e Ingresos
44.1_ECTETNO_0_A_39,eph_continua_tasa_empleo_total_nordeste,Tasa de empleo total región nordeste. En porcentaje.,R/P1Y,2004-01-01,2025-01-01,Porcentaje,Principales variables ocupacionales. EPH continua. Empleo,Subsecretaría de Programación Macroeconómica,Instituto Nacional de Estadística y Censos (INDEC),Empleo e Ingresos
44.1_ECTETN_0_A_38,eph_continua_tasa_empleo_total_neuquen,Tasa de empleo total Neuquén. En porcentaje.,R/P1Y,2004-01-01,2025-01-01,Porcentaje,Principales variables ocupacionales. EPH continua. Empleo,Subsecretaría de Programación Macroeconómica,Instituto Nacional de Estadística y Censos (INDEC),Empleo e Ingresos
44.1_ECTETPG_0_A_43,eph_continua_tasa_empleo_total_partidos_gba,Tasa de empleo total partidos GBA. En porcentaje.,R/P1Y,2004-01-01,2025-01-01,Porcentaje,Principales variables ocupacionales. EPH continua. Empleo,Subsecretaría de Programación Macroeconómica,Instituto Nacional de Estadística y Censos (INDEC),Empleo e Ingresos
44.1_ECTETP_0_A_38,eph_continua_tasa_empleo_total_posadas,Tasa de empleo total Posadas. En porcentaje.,R/P1Y,2004-01-01,2025-01-01,Porcentaje,Principales variables ocupacionales. EPH continua. Empleo,Subsecretaría de Programación Macroeconómica,Instituto Nacional de Estadística y Censos (INDEC),Empleo e Ingresos
44.1_ECTETP_0_A_40,eph_continua_tasa_empleo_total_patagonia,Tasa de empleo total patagonia. En porcentaje.,R/P1Y,2004-01-01,2025-01-01,Porcentaje,Principales variables ocupacionales. EPH continua. Empleo,Subsecretaría de Programación Macroeconómica,Instituto Nacional de Estadística y Censos (INDEC),Empleo e Ingresos
44.1_ECTETRC_0_A_41,eph_continua_tasa_empleo_total_rio_cuarto,Tasa de empleo total Río Cuarto. En porcentaje.,R/P1Y,2004-01-01,2025-01-01,Porcentaje,Principales variables ocupacionales. EPH continua. Empleo,Subsecretaría de Programación Macroeconómica,Instituto Nacional de Estadística y Censos (INDEC),Empleo e Ingresos
44.1_ECTETRG_0_A_43,eph_continua_tasa_empleo_total_rio_gallegos,Tasa de empleo total Río Gallegos. En porcentaje.,R/P1Y,2004-01-01,2025-01-01,Porcentaje,Principales variables ocupacionales. EPH continua. Empleo,Subsecretaría de Programación Macroeconómica,Instituto Nacional de Estadística y Censos (INDEC),Empleo e Ingresos
44.1_ECTETRP_0_A_46,eph_continua_tasa_empleo_total_region_pampeana,Tasa de empleo total región pampeana. En porcentaje.,R/P1Y,2004-01-01,2025-01-01,Porcentaje,Principales variables ocupacionales. EPH continua. Empleo,Subsecretaría de Programación Macroeconómica,Instituto Nacional de Estadística y Censos (INDEC),Empleo e Ingresos
44.1_ECTETRT_0_A_44,eph_continua_tasa_empleo_total_rawson_trelew,Tasa de empleo total Rawson - Trelew. En porcentaje.,R/P1Y,2007-01-01,2025-01-01,Porcentaje,Principales variables ocupacionales. EPH continua. Empleo,Subsecretaría de Programación Macroeconómica,Instituto Nacional de Estadística y Censos (INDEC),Empleo e Ingresos
44.1_ECTETSDE_0_A_50,eph_continua_tasa_empleo_total_santiago_del_estero,Tasa de empleo total Santiago del Estero. En porcentaje.,R/P1Y,2004-01-01,2025-01-01,Porcentaje,Principales variables ocupacionales. EPH continua. Empleo,Subsecretaría de Programación Macroeconómica,Instituto Nacional de Estadística y Censos (INDEC),Empleo e Ingresos
44.1_ECTETSL_0_A_39,eph_continua_tasa_empleo_total_san_luis,Tasa de empleo total San Luis. En porcentaje.,R/P1Y,2004-01-01,2025-01-01,Porcentaje,Principales variables ocupacionales. EPH continua. Empleo,Subsecretaría de Programación Macroeconómica,Instituto Nacional de Estadística y Censos (INDEC),Empleo e Ingresos
44.1_ECTETSN_0_A_42,eph_continua_tasa_empleo_total_san_nicolas,Tasa de empleo total San Nicolás. En porcentaje.,R/P1Y,2006-01-01,2025-01-01,Porcentaje,Principales variables ocupacionales. EPH continua. Empleo,Subsecretaría de Programación Macroeconómica,Instituto Nacional de Estadística y Censos (INDEC),Empleo e Ingresos
44.1_ECTETSR_0_A_41,eph_continua_tasa_empleo_total_santa_rosa,Tasa de empleo total Santa Rosa. En porcentaje.,R/P1Y,2004-01-01,2025-01-01,Porcentaje,Principales variables ocupacionales. EPH continua. Empleo,Subsecretaría de Programación Macroeconómica,Instituto Nacional de Estadística y Censos (INDEC),Empleo e Ingresos
44.1_ECTETS_0_A_36,eph_continua_tasa_empleo_total_salta,Tasa de empleo total Salta. En porcentaje.,R/P1Y,2004-01-01,2025-01-01,Porcentaje,Principales variables ocupacionales. EPH continua. Empleo,Subsecretaría de Programación Macroeconómica,Instituto Nacional de Estadística y Censos (INDEC),Empleo e Ingresos
44.1_ECTETURG_0_A_49,eph_continua_tasa_empleo_total_ushuaia_rio_grande,Tasa de empleo total Ushuaia-Río Grande. En porcentaje.,R/P1Y,2004-01-01,2025-01-01,Porcentaje,Principales variables ocupacionales. EPH continua. Empleo,Subsecretaría de Programación Macroeconómica,Instituto Nacional de Estadística y Censos (INDEC),Empleo e Ingresos
44.1_ECTETVCP_0_A_54,eph_continua_tasa_empleo_total_viedma_carmen_patagones,Tasa de empleo total Viedma - Carmen de Patagones. En porcentaje.,R/P1Y,2007-01-01,2025-01-01,Porcentaje,Principales variables ocupacionales. EPH continua. Empleo,Subsecretaría de Programación Macroeconómica,Instituto Nacional de Estadística y Censos (INDEC),Empleo e Ingresos
44.1_ECTET_0_A_30,eph_continua_tasa_empleo_total,Tasa de empleo total. En porcentaje.,R/P1Y,2004-01-01,2025-01-01,Porcentaje,Principales variables ocupacionales. EPH continua. Empleo,Subsecretaría de Programación Macroeconómica,Instituto Nacional de Estadística y Censos (INDEC),Empleo e Ingresos
44.2_ECTETBB_0_T_43,eph_continua_tasa_empleo_total_bahia_blanca,Tasa de empleo total Bahía Blanca. En porcentaje.,R/P3M,2003-07-01,2026-01-01,Porcentaje,Principales variables ocupacionales. EPH continua. Empleo,Subsecretaría de Programación Macroeconómica,Instituto Nacional de Estadística y Censos (INDEC),Empleo e Ingresos
44.2_ECTETCR_0_T_49,eph_continua_tasa_empleo_total_comodoro_rivadavia,Tasa de empleo total Comodoro Rivadavia. En porcentaje.,R/P3M,2003-07-01,2026-01-01,Porcentaje,Principales variables ocupacionales. EPH continua. Empleo,Subsecretaría de Programación Macroeconómica,Instituto Nacional de Estadística y Censos (INDEC),Empleo e Ingresos
44.2_ECTETCU_0_T_35,eph_continua_tasa_empleo_total_cuyo,Tasa de empleo total Cuyo. En porcentaje.,R/P3M,2003-01-01,2026-01-01,Porcentaje,Principales variables ocupacionales. EPH continua. Empleo,Subsecretaría de Programación Macroeconómica,Instituto Nacional de Estadística y Censos (INDEC),Empleo e Ingresos
44.2_ECTETC_0_T_35,eph_continua_tasa_empleo_total_caba,Tasa de empleo total CABA. En porcentaje.,R/P3M,2003-01-01,2026-01-01,Porcentaje,Principales variables ocupacionales. EPH continua. Empleo,Subsecretaría de Programación Macroeconómica,Instituto Nacional de Estadística y Censos (INDEC),Empleo e Ingresos
44.2_ECTETC_0_T_40,eph_continua_tasa_empleo_total_concordia,Tasa de empleo total Concordia. En porcentaje.,R/P3M,2003-07-01,2026-01-01,Porcentaje,Principales variables ocupacionales. EPH continua. Empleo,Subsecretaría de Programación Macroeconómica,Instituto Nacional de Estadística y Censos (INDEC),Empleo e Ingresos
44.2_ECTETC_0_T_41,eph_continua_tasa_empleo_total_corrientes,Tasa de empleo total Corrientes. En porcentaje.,R/P3M,2003-07-01,2026-01-01,Porcentaje,Principales variables ocupacionales. EPH continua. Empleo,Subsecretaría de Programación Macroeconómica,Instituto Nacional de Estadística y Censos (INDEC),Empleo e Ingresos
44.2_ECTETF_0_T_38,eph_continua_tasa_empleo_total_formosa,Tasa de empleo total Formosa. En porcentaje.,R/P3M,2003-07-01,2026-01-01,Porcentaje,Principales variables ocupacionales. EPH continua. Empleo,Subsecretaría de Programación Macroeconómica,Instituto Nacional de Estadística y Censos (INDEC),Empleo e Ingresos
44.2_ECTETGC_0_T_43,eph_continua_tasa_empleo_total_gran_cordoba,Tasa de empleo total Gran Cordoba. En porcentaje.,R/P3M,2003-01-01,2026-01-01,Porcentaje,Principales variables ocupacionales. EPH continua. Empleo,Subsecretaría de Programación Macroeconómica,Instituto Nacional de Estadística y Censos (INDEC),Empleo e Ingresos
44.2_ECTETGC_0_T_45,eph_continua_tasa_empleo_total_gran_catamarca,Tasa de empleo total Gran Catamarca. En porcentaje.,R/P3M,2003-07-01,2026-01-01,Porcentaje,Principales variables ocupacionales. EPH continua. Empleo,Subsecretaría de Programación Macroeconómica,Instituto Nacional de Estadística y Censos (INDEC),Empleo e Ingresos
44.2_ECTETGLP_0_T_44,eph_continua_tasa_empleo_total_gran_la_plata,Tasa de empleo total Gran La Plata. En porcentaje.,R/P3M,2003-01-01,2026-01-01,Porcentaje,Principales variables ocupacionales. EPH continua. Empleo,Subsecretaría de Programación Macroeconómica,Instituto Nacional de Estadística y Censos (INDEC),Empleo e Ingresos
44.2_ECTETGM_0_T_43,eph_continua_tasa_empleo_total_gran_mendoza,Tasa de empleo total Gran Mendoza. En porcentaje.,R/P3M,2003-01-01,2026-01-01,Porcentaje,Principales variables ocupacionales. EPH continua. Empleo,Subsecretaría de Programación Macroeconómica,Instituto Nacional de Estadística y Censos (INDEC),Empleo e Ingresos
44.2_ECTETGP_0_T_42,eph_continua_tasa_empleo_total_gran_parana,Tasa de empleo total Gran Paraná. En porcentaje.,R/P3M,2003-07-01,2026-01-01,Porcentaje,Principales variables ocupacionales. EPH continua. Empleo,Subsecretaría de Programación Macroeconómica,Instituto Nacional de Estadística y Censos (INDEC),Empleo e Ingresos
44.2_ECTETGR_0_T_43,eph_continua_tasa_empleo_total_gran_rosario,Tasa de empleo total Gran Rosario. En porcentaje.,R/P3M,2003-01-01,2026-01-01,Porcentaje,Principales variables ocupacionales. EPH continua. Empleo,Subsecretaría de Programación Macroeconómica,Instituto Nacional de Estadística y Censos (INDEC),Empleo e Ingresos
44.2_ECTETGR_0_T_47,eph_continua_tasa_empleo_total_gran_resistencia,Tasa de empleo total Gran Resistencia. En porcentaje.,R/P3M,2003-07-01,2026-01-01,Porcentaje,Principales variables ocupacionales. EPH continua. Empleo,Subsecretaría de Programación Macroeconómica,Instituto Nacional de Estadística y Censos (INDEC),Empleo e Ingresos
44.2_ECTETGSF_0_T_44,eph_continua_tasa_empleo_total_gran_santa_fe,Tasa de empleo total Gran Santa Fe. En porcentaje.,R/P3M,2003-07-01,2026-01-01,Porcentaje,Principales variables ocupacionales. EPH continua. Empleo,Subsecretaría de Programación Macroeconómica,Instituto Nacional de Estadística y Censos (INDEC),Empleo e Ingresos
44.2_ECTETGSJ_0_T_44,eph_continua_tasa_empleo_total_gran_san_juan,Tasa de empleo total Gran San Juan. En porcentaje.,R/P3M,2003-07-01,2026-01-01,Porcentaje,Principales variables ocupacionales. EPH continua. Empleo,Subsecretaría de Programación Macroeconómica,Instituto Nacional de Estadística y Censos (INDEC),Empleo e Ingresos
44.2_ECTETGT_0_T_43,eph_continua_tasa_empleo_total_gran_tucuman,Tasa de empleo total Gran Tucumán. En porcentaje.,R/P3M,2003-01-01,2026-01-01,Porcentaje,Principales variables ocupacionales. EPH continua. Empleo,Subsecretaría de Programación Macroeconómica,Instituto Nacional de Estadística y Censos (INDEC),Empleo e Ingresos
44.2_ECTETG_0_T_34,eph_continua_tasa_empleo_total_gba,Tasa de empleo total Gran Buenos Aires. En porcentaje.,R/P3M,2003-01-01,2026-01-01,Porcentaje,Principales variables ocupacionales. EPH continua. Empleo,Subsecretaría de Programación Macroeconómica,Instituto Nacional de Estadística y Censos (INDEC),Empleo e Ingresos
44.2_ECTETJ_0_T_36,eph_continua_tasa_empleo_total_jujuy,Tasa de empleo total Jujuy. En porcentaje.,R/P3M,2003-07-01,2026-01-01,Porcentaje,Principales variables ocupacionales. EPH continua. Empleo,Subsecretaría de Programación Macroeconómica,Instituto Nacional de Estadística y Censos (INDEC),Empleo e Ingresos
44.2_ECTETLR_0_T_39,eph_continua_tasa_empleo_total_la_rioja,Tasa de empleo total La Rioja. En porcentaje.,R/P3M,2003-07-01,2026-01-01,Porcentaje,Principales variables ocupacionales. EPH continua. Empleo,Subsecretaría de Programación Macroeconómica,Instituto Nacional de Estadística y Censos (INDEC),Empleo e Ingresos
44.2_ECTETMDP_0_T_44,eph_continua_tasa_empleo_total_mar_del_plata,Tasa de empleo total Mar del Plata. En porcentaje.,R/P3M,2003-01-01,2026-01-01,Porcentaje,Principales variables ocupacionales. EPH continua. Empleo,Subsecretaría de Programación Macroeconómica,Instituto Nacional de Estadística y Censos (INDEC),Empleo e Ingresos
44.2_ECTETNE_0_T_39,eph_continua_tasa_empleo_total_noroeste,Tasa de empleo total región noroeste. En porcentaje.,R/P3M,2003-01-01,2026-01-01,Porcentaje,Principales variables ocupacionales. EPH continua. Empleo,Subsecretaría de Programación Macroeconómica,Instituto Nacional de Estadística y Censos (INDEC),Empleo e Ingresos
44.2_ECTETNO_0_T_39,eph_continua_tasa_empleo_total_nordeste,Tasa de empleo total región nordeste. En porcentaje.,R/P3M,2003-01-01,2026-01-01,Porcentaje,Principales variables ocupacionales. EPH continua. Empleo,Subsecretaría de Programación Macroeconómica,Instituto Nacional de Estadística y Censos (INDEC),Empleo e Ingresos
44.2_ECTETN_0_T_38,eph_continua_tasa_empleo_total_neuquen,Tasa de empleo total Neuquén. En porcentaje.,R/P3M,2003-07-01,2026-01-01,Porcentaje,Principales variables ocupacionales. EPH continua. Empleo,Subsecretaría de Programación Macroeconómica,Instituto Nacional de Estadística y Censos (INDEC),Empleo e Ingresos
44.2_ECTETPG_0_T_43,eph_continua_tasa_empleo_total_partidos_gba,Tasa de empleo total partidos GBA. En porcentaje.,R/P3M,2003-01-01,2026-01-01,Porcentaje,Principales variables ocupacionales. EPH continua. Empleo,Subsecretaría de Programación Macroeconómica,Instituto Nacional de Estadística y Censos (INDEC),Empleo e Ingresos
44.2_ECTETP_0_T_38,eph_continua_tasa_empleo_total_posadas,Tasa de empleo total Posadas. En porcentaje.,R/P3M,2003-07-01,2026-01-01,Porcentaje,Principales variables ocupacionales. EPH continua. Empleo,Subsecretaría de Programación Macroeconómica,Instituto Nacional de Estadística y Censos (INDEC),Empleo e Ingresos
44.2_ECTETP_0_T_40,eph_continua_tasa_empleo_total_patagonia,Tasa de empleo total patagonia. En porcentaje.,R/P3M,2003-01-01,2026-01-01,Porcentaje,Principales variables ocupacionales. EPH continua. Empleo,Subsecretaría de Programación Macroeconómica,Instituto Nacional de Estadística y Censos (INDEC),Empleo e Ingresos
44.2_ECTETRC_0_T_41,eph_continua_tasa_empleo_total_rio_cuarto,Tasa de empleo total Río Cuarto. En porcentaje.,R/P3M,2003-07-01,2026-01-01,Porcentaje,Principales variables ocupacionales. EPH continua. Empleo,Subsecretaría de Programación Macroeconómica,Instituto Nacional de Estadística y Censos (INDEC),Empleo e Ingresos
44.2_ECTETRG_0_T_43,eph_continua_tasa_empleo_total_rio_gallegos,Tasa de empleo total Río Gallegos. En porcentaje.,R/P3M,2003-07-01,2026-01-01,Porcentaje,Principales variables ocupacionales. EPH continua. Empleo,Subsecretaría de Programación Macroeconómica,Instituto Nacional de Estadística y Censos (INDEC),Empleo e Ingresos
44.2_ECTETRP_0_T_46,eph_continua_tasa_empleo_total_region_pampeana,Tasa de empleo total región pampeana. En porcentaje.,R/P3M,2003-01-01,2026-01-01,Porcentaje,Principales variables ocupacionales. EPH continua. Empleo,Subsecretaría de Programación Macroeconómica,Instituto Nacional de Estadística y Censos (INDEC),Empleo e Ingresos
44.2_ECTETRT_0_T_44,eph_continua_tasa_empleo_total_rawson_trelew,Tasa de empleo total Rawson - Trelew. En porcentaje.,R/P3M,2006-10-01,2026-01-01,Porcentaje,Principales variables ocupacionales. EPH continua. Empleo,Subsecretaría de Programación Macroeconómica,Instituto Nacional de Estadística y Censos (INDEC),Empleo e Ingresos
44.2_ECTETSDE_0_T_50,eph_continua_tasa_empleo_total_santiago_del_estero,Tasa de empleo total Santiago del Estero. En porcentaje.,R/P3M,2003-07-01,2026-01-01,Porcentaje,Principales variables ocupacionales. EPH continua. Empleo,Subsecretaría de Programación Macroeconómica,Instituto Nacional de Estadística y Censos (INDEC),Empleo e Ingresos
44.2_ECTETSL_0_T_39,eph_continua_tasa_empleo_total_san_luis,Tasa de empleo total San Luis. En porcentaje.,R/P3M,2003-07-01,2026-01-01,Porcentaje,Principales variables ocupacionales. EPH continua. Empleo,Subsecretaría de Programación Macroeconómica,Instituto Nacional de Estadística y Censos (INDEC),Empleo e Ingresos
44.2_ECTETSN_0_T_42,eph_continua_tasa_empleo_total_san_nicolas,Tasa de empleo total San Nicolás. En porcentaje.,R/P3M,2006-10-01,2026-01-01,Porcentaje,Principales variables ocupacionales. EPH continua. Empleo,Subsecretaría de Programación Macroeconómica,Instituto Nacional de Estadística y Censos (INDEC),Empleo e Ingresos
44.2_ECTETSR_0_T_41,eph_continua_tasa_empleo_total_santa_rosa,Tasa de empleo total Santa Rosa. En porcentaje.,R/P3M,2003-07-01,2026-01-01,Porcentaje,Principales variables ocupacionales. EPH continua. Empleo,Subsecretaría de Programación Macroeconómica,Instituto Nacional de Estadística y Censos (INDEC),Empleo e Ingresos
44.2_ECTETS_0_T_36,eph_continua_tasa_empleo_total_salta,Tasa de empleo total Salta. En porcentaje.,R/P3M,2003-07-01,2026-01-01,Porcentaje,Principales variables ocupacionales. EPH continua. Empleo,Subsecretaría de Programación Macroeconómica,Instituto Nacional de Estadística y Censos (INDEC),Empleo e Ingresos
44.2_ECTETURG_0_T_49,eph_continua_tasa_empleo_total_ushuaia_rio_grande,Tasa de empleo total Ushuaia-Río Grande. En porcentaje.,R/P3M,2003-07-01,2026-01-01,Porcentaje,Principales variables ocupacionales. EPH continua. Empleo,Subsecretaría de Programación Macroeconómica,Instituto Nacional de Estadística y Censos (INDEC),Empleo e Ingresos
44.2_ECTETVCP_0_T_54,eph_continua_tasa_empleo_total_viedma_carmen_patagones,Tasa de empleo total Viedma - Carmen de Patagones. En porcentaje.,R/P3M,2006-10-01,2026-01-01,Porcentaje,Principales variables ocupacionales. EPH continua. Empleo,Subsecretaría de Programación Macroeconómica,Instituto Nacional de Estadística y Censos (INDEC),Empleo e Ingresos
44.2_ECTET_0_T_30,eph_continua_tasa_empleo_total,Tasa de empleo total. En porcentaje.,R/P3M,2003-01-01,2026-01-01,Porcentaje,Principales variables ocupacionales. EPH continua. Empleo,Subsecretaría de Programación Macroeconómica,Instituto Nacional de Estadística y Censos (INDEC),Empleo e Ingresos
444.1_CANASTA_BARIACuyo_0_0_26_47,cuyo,Canasta Básica Alimentaria. Cuyo,R/P1M,2016-04-01,2025-12-01,pesos,Canasta básica alimentaria. Regiones del país,Subsecretaría de Programación Macroeconómica,Instituto Nacional de Estadística y Censos (INDEC),Empleo e Ingresos
444.1_CANASTA_BARIAGBA_0_0_26_47,gran_buenos_aires,Canasta Básica Alimentaria. Gran Buenos Aires,R/P1M,2016-04-01,2025-12-01,pesos,Canasta básica alimentaria. Regiones del país,Subsecretaría de Programación Macroeconómica,Instituto Nacional de Estadística y Censos (INDEC),Empleo e Ingresos
444.1_CANASTA_BARIANoreste_0_0_26_47,noreste,Canasta Básica Alimentaria. Noreste,R/P1M,2016-04-01,2025-12-01,pesos,Canasta básica alimentaria. Regiones del país,Subsecretaría de Programación Macroeconómica,Instituto Nacional de Estadística y Censos (INDEC),Empleo e Ingresos
444.1_CANASTA_BARIANoroeste_0_0_26_47,noroeste,Canasta Básica Alimentaria. Noroeste,R/P1M,2016-04-01,2025-12-01,pesos,Canasta básica alimentaria. Regiones del país,Subsecretaría de Programación Macroeconómica,Instituto Nacional de Estadística y Censos (INDEC),Empleo e Ingresos
444.1_CANASTA_BARIAPampeana_0_0_26_47,pampeana,Canasta Básica Alimentaria. Pampeana,R/P1M,2016-04-01,2025-12-01,pesos,Canasta básica alimentaria. Regiones del país,Subsecretaría de Programación Macroeconómica,Instituto Nacional de Estadística y Censos (INDEC),Empleo e Ingresos
444.1_CANASTA_BARIAPatagonia_0_0_26_47,patagonia,Canasta Básica Alimentaria. Patagonia,R/P1M,2016-04-01,2025-12-01,pesos,Canasta básica alimentaria. Regiones del país,Subsecretaría de Programación Macroeconómica,Instituto Nacional de Estadística y Censos (INDEC),Empleo e Ingresos
444.1_CANASTA_BARIA_0_0_26_47,canasta_basica_alimentaria,Canasta Básica Alimentaria,R/P1M,2013-01-01,2025-02-01,pesos,Canasta básica alimentaria y total. Ciudad de Buenos Aires,Subsecretaría de Programación Macroeconómica,Instituto de Estadística y Censos - Ciudad Autónoma de Buenos Aires,Empleo e Ingresos
444.1_CANASTA_BATAL_0_0_20_94,canasta_basica_total,Canasta Básica Total,R/P1M,2013-01-01,2025-02-01,pesos,Canasta básica alimentaria y total. Ciudad de Buenos Aires,Subsecretaría de Programación Macroeconómica,Instituto de Estadística y Censos - Ciudad Autónoma de Buenos Aires,Empleo e Ingresos
444.1_CANASTA_batotCuyo_0_0_26_47,cuyo,Canasta Básica Total. Cuyo,R/P1M,2016-04-01,2025-12-01,pesos,Canasta básica total. Regiones del país,Subsecretaría de Programación Macroeconómica,Instituto Nacional de Estadística y Censos (INDEC),Empleo e Ingresos
444.1_CANASTA_batotGBA_0_0_26_47,gran_buenos_aires,Canasta Básica Total. Gran Buenos Aires,R/P1M,2016-04-01,2025-12-01,pesos,Canasta básica total. Regiones del país,Subsecretaría de Programación Macroeconómica,Instituto Nacional de Estadística y Censos (INDEC),Empleo e Ingresos
444.1_CANASTA_batotNoreste_0_0_26_47,noreste,Canasta Básica Total. Noreste,R/P1M,2016-04-01,2025-12-01,pesos,Canasta básica total. Regiones del país,Subsecretaría de Programación Macroeconómica,Instituto Nacional de Estadística y Censos (INDEC),Empleo e Ingresos
444.1_CANASTA_batotNoroeste_0_0_26_47,noroeste,Canasta Básica Total. Noroeste,R/P1M,2016-04-01,2025-12-01,pesos,Canasta básica total. Regiones del país,Subsecretaría de Programación Macroeconómica,Instituto Nacional de Estadística y Censos (INDEC),Empleo e Ingresos
444.1_CANASTA_batotPampeana_0_0_26_47,pampeana,Canasta Básica Total. Pampeana,R/P1M,2016-04-01,2025-12-01,pesos,Canasta básica total. Regiones del país,Subsecretaría de Programación Macroeconómica,Instituto Nacional de Estadística y Censos (INDEC),Empleo e Ingresos
444.1_CANASTA_batotPatagonia_0_0_26_47,patagonia,Canasta Básica Total. Patagonia,R/P1M,2016-04-01,2025-12-01,pesos,Canasta básica total. Regiones del país,Subsecretaría de Programación Macroeconómica,Instituto Nacional de Estadística y Censos (INDEC),Empleo e Ingresos
45.1_ECTDTBB_0_A_46,eph_continua_tasa_desempleo_total_bahia_blanca,Tasa de desempleo total Bahía Blanca. En porcentaje.,R/P1Y,2004-01-01,2025-01-01,Porcentaje,Principales variables ocupacionales. EPH continua. Desempleo,Subsecretaría de Programación Macroeconómica,Instituto Nacional de Estadística y Censos (INDEC),Empleo e Ingresos
45.1_ECTDTCR_0_A_52,eph_continua_tasa_desempleo_total_comodoro_rivadavia,Tasa de desempleo total Comodoro Rivadavia. En porcentaje.,R/P1Y,2004-01-01,2025-01-01,Porcentaje,Principales variables ocupacionales. EPH continua. Desempleo,Subsecretaría de Programación Macroeconómica,Instituto Nacional de Estadística y Censos (INDEC),Empleo e Ingresos
45.1_ECTDTCU_0_A_38,eph_continua_tasa_desempleo_total_cuyo,Tasa de desempleo total Cuyo. En porcentaje.,R/P1Y,2004-01-01,2025-01-01,Porcentaje,Principales variables ocupacionales. EPH continua. Desempleo,Subsecretaría de Programación Macroeconómica,Instituto Nacional de Estadística y Censos (INDEC),Empleo e Ingresos
45.1_ECTDTC_0_A_38,eph_continua_tasa_desempleo_total_caba,Tasa de desempleo total CABA. En porcentaje.,R/P1Y,2004-01-01,2025-01-01,Porcentaje,Principales variables ocupacionales. EPH continua. Desempleo,Subsecretaría de Programación Macroeconómica,Instituto Nacional de Estadística y Censos (INDEC),Empleo e Ingresos
45.1_ECTDTC_0_A_43,eph_continua_tasa_desempleo_total_concordia,Tasa de desempleo total Concordia. En porcentaje.,R/P1Y,2004-01-01,2025-01-01,Porcentaje,Principales variables ocupacionales. EPH continua. Desempleo,Subsecretaría de Programación Macroeconómica,Instituto Nacional de Estadística y Censos (INDEC),Empleo e Ingresos
45.1_ECTDTC_0_A_44,eph_continua_tasa_desempleo_total_corrientes,Tasa de desempleo total Corrientes. En porcentaje.,R/P1Y,2004-01-01,2025-01-01,Porcentaje,Principales variables ocupacionales. EPH continua. Desempleo,Subsecretaría de Programación Macroeconómica,Instituto Nacional de Estadística y Censos (INDEC),Empleo e Ingresos
45.1_ECTDTF_0_A_41,eph_continua_tasa_desempleo_total_formosa,Tasa de desempleo total Formosa. En porcentaje.,R/P1Y,2004-01-01,2025-01-01,Porcentaje,Principales variables ocupacionales. EPH continua. Desempleo,Subsecretaría de Programación Macroeconómica,Instituto Nacional de Estadística y Censos (INDEC),Empleo e Ingresos
45.1_ECTDTGC_0_A_46,eph_continua_tasa_desempleo_total_gran_cordoba,Tasa de desempleo total Gran Cordoba. En porcentaje.,R/P1Y,2004-01-01,2025-01-01,Porcentaje,Principales variables ocupacionales. EPH continua. Desempleo,Subsecretaría de Programación Macroeconómica,Instituto Nacional de Estadística y Censos (INDEC),Empleo e Ingresos
45.1_ECTDTGC_0_A_48,eph_continua_tasa_desempleo_total_gran_catamarca,Tasa de desempleo total Gran Catamarca. En porcentaje.,R/P1Y,2004-01-01,2025-01-01,Porcentaje,Principales variables ocupacionales. EPH continua. Desempleo,Subsecretaría de Programación Macroeconómica,Instituto Nacional de Estadística y Censos (INDEC),Empleo e Ingresos
45.1_ECTDTGLP_0_A_47,eph_continua_tasa_desempleo_total_gran_la_plata,Tasa de desempleo total Gran La Plata. En porcentaje.,R/P1Y,2004-01-01,2025-01-01,Porcentaje,Principales variables ocupacionales. EPH continua. Desempleo,Subsecretaría de Programación Macroeconómica,Instituto Nacional de Estadística y Censos (INDEC),Empleo e Ingresos
45.1_ECTDTGM_0_A_46,eph_continua_tasa_desempleo_total_gran_mendoza,Tasa de desempleo total Gran Mendoza. En porcentaje.,R/P1Y,2004-01-01,2025-01-01,Porcentaje,Principales variables ocupacionales. EPH continua. Desempleo,Subsecretaría de Programación Macroeconómica,Instituto Nacional de Estadística y Censos (INDEC),Empleo e Ingresos
45.1_ECTDTGP_0_A_45,eph_continua_tasa_desempleo_total_gran_parana,Tasa de desempleo total Gran Paraná. En porcentaje.,R/P1Y,2004-01-01,2025-01-01,Porcentaje,Principales variables ocupacionales. EPH continua. Desempleo,Subsecretaría de Programación Macroeconómica,Instituto Nacional de Estadística y Censos (INDEC),Empleo e Ingresos
45.1_ECTDTGR_0_A_46,eph_continua_tasa_desempleo_total_gran_rosario,Tasa de desempleo total Gran Rosario. En porcentaje.,R/P1Y,2004-01-01,2025-01-01,Porcentaje,Principales variables ocupacionales. EPH continua. Desempleo,Subsecretaría de Programación Macroeconómica,Instituto Nacional de Estadística y Censos (INDEC),Empleo e Ingresos
45.1_ECTDTGR_0_A_50,eph_continua_tasa_desempleo_total_gran_resistencia,Tasa de desempleo total Gran Resistencia. En porcentaje.,R/P1Y,2004-01-01,2025-01-01,Porcentaje,Principales variables ocupacionales. EPH continua. Desempleo,Subsecretaría de Programación Macroeconómica,Instituto Nacional de Estadística y Censos (INDEC),Empleo e Ingresos
45.1_ECTDTGSF_0_A_47,eph_continua_tasa_desempleo_total_gran_santa_fe,Tasa de desempleo total Gran Santa Fe. En porcentaje.,R/P1Y,2004-01-01,2025-01-01,Porcentaje,Principales variables ocupacionales. EPH continua. Desempleo,Subsecretaría de Programación Macroeconómica,Instituto Nacional de Estadística y Censos (INDEC),Empleo e Ingresos
45.1_ECTDTGSJ_0_A_47,eph_continua_tasa_desempleo_total_gran_san_juan,Tasa de desempleo total Gran San Juan. En porcentaje.,R/P1Y,2004-01-01,2025-01-01,Porcentaje,Principales variables ocupacionales. EPH continua. Desempleo,Subsecretaría de Programación Macroeconómica,Instituto Nacional de Estadística y Censos (INDEC),Empleo e Ingresos
45.1_ECTDTGT_0_A_46,eph_continua_tasa_desempleo_total_gran_tucuman,Tasa de desempleo total Gran Tucumán. En porcentaje.,R/P1Y,2004-01-01,2025-01-01,Porcentaje,Principales variables ocupacionales. EPH continua. Desempleo,Subsecretaría de Programación Macroeconómica,Instituto Nacional de Estadística y Censos (INDEC),Empleo e Ingresos
45.1_ECTDTG_0_A_37,eph_continua_tasa_desempleo_total_gba,Tasa de desempleo total Gran Buenos Aires. En porcentaje.,R/P1Y,2004-01-01,2025-01-01,Porcentaje,Principales variables ocupacionales. EPH continua. Desempleo,Subsecretaría de Programación Macroeconómica,Instituto Nacional de Estadística y Censos (INDEC),Empleo e Ingresos
45.1_ECTDTJ_0_A_39,eph_continua_tasa_desempleo_total_jujuy,Tasa de desempleo total Jujuy. En porcentaje.,R/P1Y,2004-01-01,2025-01-01,Porcentaje,Principales variables ocupacionales. EPH continua. Desempleo,Subsecretaría de Programación Macroeconómica,Instituto Nacional de Estadística y Censos (INDEC),Empleo e Ingresos
45.1_ECTDTLR_0_A_42,eph_continua_tasa_desempleo_total_la_rioja,Tasa de desempleo total La Rioja. En porcentaje.,R/P1Y,2004-01-01,2025-01-01,Porcentaje,Principales variables ocupacionales. EPH continua. Desempleo,Subsecretaría de Programación Macroeconómica,Instituto Nacional de Estadística y Censos (INDEC),Empleo e Ingresos
45.1_ECTDTMDP_0_A_47,eph_continua_tasa_desempleo_total_mar_del_plata,Tasa de desempleo total Mar del Plata. En porcentaje.,R/P1Y,2004-01-01,2025-01-01,Porcentaje,Principales variables ocupacionales. EPH continua. Desempleo,Subsecretaría de Programación Macroeconómica,Instituto Nacional de Estadística y Censos (INDEC),Empleo e Ingresos
45.1_ECTDTNE_0_A_42,eph_continua_tasa_desempleo_total_nordeste,Tasa de desempleo total región nordeste. En porcentaje.,R/P1Y,2004-01-01,2025-01-01,Porcentaje,Principales variables ocupacionales. EPH continua. Desempleo,Subsecretaría de Programación Macroeconómica,Instituto Nacional de Estadística y Censos (INDEC),Empleo e Ingresos
45.1_ECTDTNO_0_A_42,eph_continua_tasa_desempleo_total_noroeste,Tasa de desempleo total región noroeste. En porcentaje.,R/P1Y,2004-01-01,2025-01-01,Porcentaje,Principales variables ocupacionales. EPH continua. Desempleo,Subsecretaría de Programación Macroeconómica,Instituto Nacional de Estadística y Censos (INDEC),Empleo e Ingresos
45.1_ECTDTN_0_A_41,eph_continua_tasa_desempleo_total_neuquen,Tasa de desempleo total Neuquén. En porcentaje.,R/P1Y,2004-01-01,2025-01-01,Porcentaje,Principales variables ocupacionales. EPH continua. Desempleo,Subsecretaría de Programación Macroeconómica,Instituto Nacional de Estadística y Censos (INDEC),Empleo e Ingresos
45.1_ECTDTPG_0_A_46,eph_continua_tasa_desempleo_total_partidos_gba,Tasa de desempleo total partidos GBA. En porcentaje.,R/P1Y,2004-01-01,2025-01-01,Porcentaje,Principales variables ocupacionales. EPH continua. Desempleo,Subsecretaría de Programación Macroeconómica,Instituto Nacional de Estadística y Censos (INDEC),Empleo e Ingresos
45.1_ECTDTP_0_A_41,eph_continua_tasa_desempleo_total_posadas,Tasa de desempleo total Posadas. En porcentaje.,R/P1Y,2004-01-01,2025-01-01,Porcentaje,Principales variables ocupacionales. EPH continua. Desempleo,Subsecretaría de Programación Macroeconómica,Instituto Nacional de Estadística y Censos (INDEC),Empleo e Ingresos
45.1_ECTDTP_0_A_43,eph_continua_tasa_desempleo_total_patagonia,Tasa de desempleo total patagonia. En porcentaje.,R/P1Y,2004-01-01,2025-01-01,Porcentaje,Principales variables ocupacionales. EPH continua. Desempleo,Subsecretaría de Programación Macroeconómica,Instituto Nacional de Estadística y Censos (INDEC),Empleo e Ingresos
45.1_ECTDTRC_0_A_44,eph_continua_tasa_desempleo_total_rio_cuarto,Tasa de desempleo total Río Cuarto. En porcentaje.,R/P1Y,2004-01-01,2025-01-01,Porcentaje,Principales variables ocupacionales. EPH continua. Desempleo,Subsecretaría de Programación Macroeconómica,Instituto Nacional de Estadística y Censos (INDEC),Empleo e Ingresos
45.1_ECTDTRG_0_A_46,eph_continua_tasa_desempleo_total_rio_gallegos,Tasa de desempleo total Río Gallegos. En porcentaje.,R/P1Y,2004-01-01,2025-01-01,Porcentaje,Principales variables ocupacionales. EPH continua. Desempleo,Subsecretaría de Programación Macroeconómica,Instituto Nacional de Estadística y Censos (INDEC),Empleo e Ingresos
45.1_ECTDTRP_0_A_49,eph_continua_tasa_desempleo_total_region_pampeana,Tasa de desempleo total región pampeana. En porcentaje.,R/P1Y,2004-01-01,2025-01-01,Porcentaje,Principales variables ocupacionales. EPH continua. Desempleo,Subsecretaría de Programación Macroeconómica,Instituto Nacional de Estadística y Censos (INDEC),Empleo e Ingresos
45.1_ECTDTRT_0_A_47,eph_continua_tasa_desempleo_total_rawson_trelew,Tasa de desempleo total Rawson - Trelew. En porcentaje.,R/P1Y,2007-01-01,2025-01-01,Porcentaje,Principales variables ocupacionales. EPH continua. Desempleo,Subsecretaría de Programación Macroeconómica,Instituto Nacional de Estadística y Censos (INDEC),Empleo e Ingresos
45.1_ECTDTSDE_0_A_53,eph_continua_tasa_desempleo_total_santiago_del_estero,Tasa de desempleo total Santiago del Estero. En porcentaje.,R/P1Y,2004-01-01,2025-01-01,Porcentaje,Principales variables ocupacionales. EPH continua. Desempleo,Subsecretaría de Programación Macroeconómica,Instituto Nacional de Estadística y Censos (INDEC),Empleo e Ingresos
45.1_ECTDTSL_0_A_42,eph_continua_tasa_desempleo_total_san_luis,Tasa de desempleo total San Luis. En porcentaje.,R/P1Y,2004-01-01,2025-01-01,Porcentaje,Principales variables ocupacionales. EPH continua. Desempleo,Subsecretaría de Programación Macroeconómica,Instituto Nacional de Estadística y Censos (INDEC),Empleo e Ingresos
45.1_ECTDTSN_0_A_45,eph_continua_tasa_desempleo_total_san_nicolas,Tasa de desempleo total San Nicolás. En porcentaje.,R/P1Y,2007-01-01,2025-01-01,Porcentaje,Principales variables ocupacionales. EPH continua. Desempleo,Subsecretaría de Programación Macroeconómica,Instituto Nacional de Estadística y Censos (INDEC),Empleo e Ingresos
45.1_ECTDTSR_0_A_44,eph_continua_tasa_desempleo_total_santa_rosa,Tasa de desempleo total Santa Rosa. En porcentaje.,R/P1Y,2004-01-01,2025-01-01,Porcentaje,Principales variables ocupacionales. EPH continua. Desempleo,Subsecretaría de Programación Macroeconómica,Instituto Nacional de Estadística y Censos (INDEC),Empleo e Ingresos
45.1_ECTDTS_0_A_39,eph_continua_tasa_desempleo_total_salta,Tasa de desempleo total Salta. En porcentaje.,R/P1Y,2004-01-01,2025-01-01,Porcentaje,Principales variables ocupacionales. EPH continua. Desempleo,Subsecretaría de Programación Macroeconómica,Instituto Nacional de Estadística y Censos (INDEC),Empleo e Ingresos
45.1_ECTDTURG_0_A_52,eph_continua_tasa_desempleo_total_ushuaia_rio_grande,Tasa de desempleo total Ushuaia-Río Grande. En porcentaje.,R/P1Y,2004-01-01,2025-01-01,Porcentaje,Principales variables ocupacionales. EPH continua. Desempleo,Subsecretaría de Programación Macroeconómica,Instituto Nacional de Estadística y Censos (INDEC),Empleo e Ingresos
45.1_ECTDTVCP_0_A_57,eph_continua_tasa_desempleo_total_viedma_carmen_patagones,Tasa de desempleo total Viedma - Carmen de Patagones. En porcentaje.,R/P1Y,2007-01-01,2025-01-01,Porcentaje,Principales variables ocupacionales. EPH continua. Desempleo,Subsecretaría de Programación Macroeconómica,Instituto Nacional de Estadística y Censos (INDEC),Empleo e Ingresos
45.1_ECTDT_0_A_33,eph_continua_tasa_desempleo_total,Tasa de desempleo total. En porcentaje.,R/P1Y,2004-01-01,2025-01-01,Porcentaje,Principales variables ocupacionales. EPH continua. Desempleo,Subsecretaría de Programación Macroeconómica,Instituto Nacional de Estadística y Censos (INDEC),Empleo e Ingresos
45.2_ECTDTBB_0_T_46,eph_continua_tasa_desempleo_total_bahia_blanca,Tasa de desempleo total Bahía Blanca. En porcentaje.,R/P3M,2003-07-01,2026-01-01,Porcentaje,Principales variables ocupacionales. EPH continua. Desempleo,Subsecretaría de Programación Macroeconómica,Instituto Nacional de Estadística y Censos (INDEC),Empleo e Ingresos
45.2_ECTDTCR_0_T_52,eph_continua_tasa_desempleo_total_comodoro_rivadavia,Tasa de desempleo total Comodoro Rivadavia. En porcentaje.,R/P3M,2003-07-01,2026-01-01,Porcentaje,Principales variables ocupacionales. EPH continua. Desempleo,Subsecretaría de Programación Macroeconómica,Instituto Nacional de Estadística y Censos (INDEC),Empleo e Ingresos
45.2_ECTDTCU_0_T_38,eph_continua_tasa_desempleo_total_cuyo,Tasa de desempleo total Cuyo. En porcentaje.,R/P3M,2003-01-01,2026-01-01,Porcentaje,Principales variables ocupacionales. EPH continua. Desempleo,Subsecretaría de Programación Macroeconómica,Instituto Nacional de Estadística y Censos (INDEC),Empleo e Ingresos
45.2_ECTDTC_0_T_38,eph_continua_tasa_desempleo_total_caba,Tasa de desempleo total CABA. En porcentaje.,R/P3M,2003-01-01,2026-01-01,Porcentaje,Principales variables ocupacionales. EPH continua. Desempleo,Subsecretaría de Programación Macroeconómica,Instituto Nacional de Estadística y Censos (INDEC),Empleo e Ingresos
45.2_ECTDTC_0_T_43,eph_continua_tasa_desempleo_total_concordia,Tasa de desempleo total Concordia. En porcentaje.,R/P3M,2003-07-01,2026-01-01,Porcentaje,Principales variables ocupacionales. EPH continua. Desempleo,Subsecretaría de Programación Macroeconómica,Instituto Nacional de Estadística y Censos (INDEC),Empleo e Ingresos
45.2_ECTDTC_0_T_44,eph_continua_tasa_desempleo_total_corrientes,Tasa de desempleo total Corrientes. En porcentaje.,R/P3M,2003-07-01,2026-01-01,Porcentaje,Principales variables ocupacionales. EPH continua. Desempleo,Subsecretaría de Programación Macroeconómica,Instituto Nacional de Estadística y Censos (INDEC),Empleo e Ingresos
45.2_ECTDTF_0_T_41,eph_continua_tasa_desempleo_total_formosa,Tasa de desempleo total Formosa. En porcentaje.,R/P3M,2003-07-01,2026-01-01,Porcentaje,Principales variables ocupacionales. EPH continua. Desempleo,Subsecretaría de Programación Macroeconómica,Instituto Nacional de Estadística y Censos (INDEC),Empleo e Ingresos
45.2_ECTDTGC_0_T_46,eph_continua_tasa_desempleo_total_gran_cordoba,Tasa de desempleo total Gran Cordoba. En porcentaje.,R/P3M,2003-01-01,2026-01-01,Porcentaje,Principales variables ocupacionales. EPH continua. Desempleo,Subsecretaría de Programación Macroeconómica,Instituto Nacional de Estadística y Censos (INDEC),Empleo e Ingresos
45.2_ECTDTGC_0_T_48,eph_continua_tasa_desempleo_total_gran_catamarca,Tasa de desempleo total Gran Catamarca. En porcentaje.,R/P3M,2003-07-01,2026-01-01,Porcentaje,Principales variables ocupacionales. EPH continua. Desempleo,Subsecretaría de Programación Macroeconómica,Instituto Nacional de Estadística y Censos (INDEC),Empleo e Ingresos
45.2_ECTDTGLP_0_T_47,eph_continua_tasa_desempleo_total_gran_la_plata,Tasa de desempleo total Gran La Plata. En porcentaje.,R/P3M,2003-01-01,2026-01-01,Porcentaje,Principales variables ocupacionales. EPH continua. Desempleo,Subsecretaría de Programación Macroeconómica,Instituto Nacional de Estadística y Censos (INDEC),Empleo e Ingresos
45.2_ECTDTGM_0_T_46,eph_continua_tasa_desempleo_total_gran_mendoza,Tasa de desempleo total Gran Mendoza. En porcentaje.,R/P3M,2003-01-01,2026-01-01,Porcentaje,Principales variables ocupacionales. EPH continua. Desempleo,Subsecretaría de Programación Macroeconómica,Instituto Nacional de Estadística y Censos (INDEC),Empleo e Ingresos
45.2_ECTDTGP_0_T_45,eph_continua_tasa_desempleo_total_gran_parana,Tasa de desempleo total Gran Paraná. En porcentaje.,R/P3M,2003-07-01,2026-01-01,Porcentaje,Principales variables ocupacionales. EPH continua. Desempleo,Subsecretaría de Programación Macroeconómica,Instituto Nacional de Estadística y Censos (INDEC),Empleo e Ingresos
45.2_ECTDTGR_0_T_46,eph_continua_tasa_desempleo_total_gran_rosario,Tasa de desempleo total Gran Rosario. En porcentaje.,R/P3M,2003-01-01,2026-01-01,Porcentaje,Principales variables ocupacionales. EPH continua. Desempleo,Subsecretaría de Programación Macroeconómica,Instituto Nacional de Estadística y Censos (INDEC),Empleo e Ingresos
45.2_ECTDTGR_0_T_50,eph_continua_tasa_desempleo_total_gran_resistencia,Tasa de desempleo total Gran Resistencia. En porcentaje.,R/P3M,2003-07-01,2026-01-01,Porcentaje,Principales variables ocupacionales. EPH continua. Desempleo,Subsecretaría de Programación Macroeconómica,Instituto Nacional de Estadística y Censos (INDEC),Empleo e Ingresos
45.2_ECTDTGSF_0_T_47,eph_continua_tasa_desempleo_total_gran_santa_fe,Tasa de desempleo total Gran Santa Fe. En porcentaje.,R/P3M,2003-07-01,2026-01-01,Porcentaje,Principales variables ocupacionales. EPH continua. Desempleo,Subsecretaría de Programación Macroeconómica,Instituto Nacional de Estadística y Censos (INDEC),Empleo e Ingresos
45.2_ECTDTGSJ_0_T_47,eph_continua_tasa_desempleo_total_gran_san_juan,Tasa de desempleo total Gran San Juan. En porcentaje.,R/P3M,2003-07-01,2026-01-01,Porcentaje,Principales variables ocupacionales. EPH continua. Desempleo,Subsecretaría de Programación Macroeconómica,Instituto Nacional de Estadística y Censos (INDEC),Empleo e Ingresos
45.2_ECTDTGT_0_T_46,eph_continua_tasa_desempleo_total_gran_tucuman,Tasa de desempleo total Gran Tucumán. En porcentaje.,R/P3M,2003-01-01,2026-01-01,Porcentaje,Principales variables ocupacionales. EPH continua. Desempleo,Subsecretaría de Programación Macroeconómica,Instituto Nacional de Estadística y Censos (INDEC),Empleo e Ingresos
45.2_ECTDTG_0_T_37,eph_continua_tasa_desempleo_total_gba,Tasa de desempleo total Gran Buenos Aires. En porcentaje.,R/P3M,2003-01-01,2026-01-01,Porcentaje,Principales variables ocupacionales. EPH continua. Desempleo,Subsecretaría de Programación Macroeconómica,Instituto Nacional de Estadística y Censos (INDEC),Empleo e Ingresos
45.2_ECTDTJ_0_T_39,eph_continua_tasa_desempleo_total_jujuy,Tasa de desempleo total Jujuy. En porcentaje.,R/P3M,2003-07-01,2026-01-01,Porcentaje,Principales variables ocupacionales. EPH continua. Desempleo,Subsecretaría de Programación Macroeconómica,Instituto Nacional de Estadística y Censos (INDEC),Empleo e Ingresos
45.2_ECTDTLR_0_T_42,eph_continua_tasa_desempleo_total_la_rioja,Tasa de desempleo total La Rioja. En porcentaje.,R/P3M,2003-07-01,2026-01-01,Porcentaje,Principales variables ocupacionales. EPH continua. Desempleo,Subsecretaría de Programación Macroeconómica,Instituto Nacional de Estadística y Censos (INDEC),Empleo e Ingresos
45.2_ECTDTMDP_0_T_47,eph_continua_tasa_desempleo_total_mar_del_plata,Tasa de desempleo total Mar del Plata. En porcentaje.,R/P3M,2003-01-01,2026-01-01,Porcentaje,Principales variables ocupacionales. EPH continua. Desempleo,Subsecretaría de Programación Macroeconómica,Instituto Nacional de Estadística y Censos (INDEC),Empleo e Ingresos
45.2_ECTDTNE_0_T_42,eph_continua_tasa_desempleo_total_nordeste,Tasa de desempleo total región nordeste. En porcentaje.,R/P3M,2003-01-01,2026-01-01,Porcentaje,Principales variables ocupacionales. EPH continua. Desempleo,Subsecretaría de Programación Macroeconómica,Instituto Nacional de Estadística y Censos (INDEC),Empleo e Ingresos
45.2_ECTDTNO_0_T_42,eph_continua_tasa_desempleo_total_noroeste,Tasa de desempleo total región noroeste. En porcentaje.,R/P3M,2003-01-01,2026-01-01,Porcentaje,Principales variables ocupacionales. EPH continua. Desempleo,Subsecretaría de Programación Macroeconómica,Instituto Nacional de Estadística y Censos (INDEC),Empleo e Ingresos
45.2_ECTDTN_0_T_41,eph_continua_tasa_desempleo_total_neuquen,Tasa de desempleo total Neuquén. En porcentaje.,R/P3M,2003-07-01,2026-01-01,Porcentaje,Principales variables ocupacionales. EPH continua. Desempleo,Subsecretaría de Programación Macroeconómica,Instituto Nacional de Estadística y Censos (INDEC),Empleo e Ingresos
45.2_ECTDTPG_0_T_46,eph_continua_tasa_desempleo_total_partidos_gba,Tasa de desempleo total partidos GBA. En porcentaje.,R/P3M,2003-01-01,2026-01-01,Porcentaje,Principales variables ocupacionales. EPH continua. Desempleo,Subsecretaría de Programación Macroeconómica,Instituto Nacional de Estadística y Censos (INDEC),Empleo e Ingresos
45.2_ECTDTP_0_T_41,eph_continua_tasa_desempleo_total_posadas,Tasa de desempleo total Posadas. En porcentaje.,R/P3M,2003-07-01,2026-01-01,Porcentaje,Principales variables ocupacionales. EPH continua. Desempleo,Subsecretaría de Programación Macroeconómica,Instituto Nacional de Estadística y Censos (INDEC),Empleo e Ingresos
45.2_ECTDTP_0_T_43,eph_continua_tasa_desempleo_total_patagonia,Tasa de desempleo total patagonia. En porcentaje.,R/P3M,2003-01-01,2026-01-01,Porcentaje,Principales variables ocupacionales. EPH continua. Desempleo,Subsecretaría de Programación Macroeconómica,Instituto Nacional de Estadística y Censos (INDEC),Empleo e Ingresos
45.2_ECTDTRC_0_T_44,eph_continua_tasa_desempleo_total_rio_cuarto,Tasa de desempleo total Río Cuarto. En porcentaje.,R/P3M,2003-07-01,2026-01-01,Porcentaje,Principales variables ocupacionales. EPH continua. Desempleo,Subsecretaría de Programación Macroeconómica,Instituto Nacional de Estadística y Censos (INDEC),Empleo e Ingresos
45.2_ECTDTRG_0_T_46,eph_continua_tasa_desempleo_total_rio_gallegos,Tasa de desempleo total Río Gallegos. En porcentaje.,R/P3M,2003-07-01,2026-01-01,Porcentaje,Principales variables ocupacionales. EPH continua. Desempleo,Subsecretaría de Programación Macroeconómica,Instituto Nacional de Estadística y Censos (INDEC),Empleo e Ingresos
45.2_ECTDTRP_0_T_49,eph_continua_tasa_desempleo_total_region_pampeana,Tasa de desempleo total región pampeana. En porcentaje.,R/P3M,2003-01-01,2026-01-01,Porcentaje,Principales variables ocupacionales. EPH continua. Desempleo,Subsecretaría de Programación Macroeconómica,Instituto Nacional de Estadística y Censos (INDEC),Empleo e Ingresos
45.2_ECTDTRT_0_T_47,eph_continua_tasa_desempleo_total_rawson_trelew,Tasa de desempleo total Rawson - Trelew. En porcentaje.,R/P3M,2006-10-01,2026-01-01,Porcentaje,Principales variables ocupacionales. EPH continua. Desempleo,Subsecretaría de Programación Macroeconómica,Instituto Nacional de Estadística y Censos (INDEC),Empleo e Ingresos
45.2_ECTDTSDE_0_T_53,eph_continua_tasa_desempleo_total_santiago_del_estero,Tasa de desempleo total Santiago del Estero. En porcentaje.,R/P3M,2003-07-01,2026-01-01,Porcentaje,Principales variables ocupacionales. EPH continua. Desempleo,Subsecretaría de Programación Macroeconómica,Instituto Nacional de Estadística y Censos (INDEC),Empleo e Ingresos
45.2_ECTDTSL_0_T_42,eph_continua_tasa_desempleo_total_san_luis,Tasa de desempleo total San Luis. En porcentaje.,R/P3M,2003-07-01,2026-01-01,Porcentaje,Principales variables ocupacionales. EPH continua. Desempleo,Subsecretaría de Programación Macroeconómica,Instituto Nacional de Estadística y Censos (INDEC),Empleo e Ingresos
45.2_ECTDTSN_0_T_45,eph_continua_tasa_desempleo_total_san_nicolas,Tasa de desempleo total San Nicolás. En porcentaje.,R/P3M,2006-10-01,2026-01-01,Porcentaje,Principales variables ocupacionales. EPH continua. Desempleo,Subsecretaría de Programación Macroeconómica,Instituto Nacional de Estadística y Censos (INDEC),Empleo e Ingresos
45.2_ECTDTSR_0_T_44,eph_continua_tasa_desempleo_total_santa_rosa,Tasa de desempleo total Santa Rosa. En porcentaje.,R/P3M,2003-07-01,2026-01-01,Porcentaje,Principales variables ocupacionales. EPH continua. Desempleo,Subsecretaría de Programación Macroeconómica,Instituto Nacional de Estadística y Censos (INDEC),Empleo e Ingresos
45.2_ECTDTS_0_T_39,eph_continua_tasa_desempleo_total_salta,Tasa de desempleo total Salta. En porcentaje.,R/P3M,2003-07-01,2026-01-01,Porcentaje,Principales variables ocupacionales. EPH continua. Desempleo,Subsecretaría de Programación Macroeconómica,Instituto Nacional de Estadística y Censos (INDEC),Empleo e Ingresos
45.2_ECTDTURG_0_T_52,eph_continua_tasa_desempleo_total_ushuaia_rio_grande,Tasa de desempleo total Ushuaia-Río Grande. En porcentaje.,R/P3M,2003-07-01,2026-01-01,Porcentaje,Principales variables ocupacionales. EPH continua. Desempleo,Subsecretaría de Programación Macroeconómica,Instituto Nacional de Estadística y Censos (INDEC),Empleo e Ingresos
45.2_ECTDTVCP_0_T_57,eph_continua_tasa_desempleo_total_viedma_carmen_patagones,Tasa de desempleo total Viedma - Carmen de Patagones. En porcentaje.,R/P3M,2006-10-01,2026-01-01,Porcentaje,Principales variables ocupacionales. EPH continua. Desempleo,Subsecretaría de Programación Macroeconómica,Instituto Nacional de Estadística y Censos (INDEC),Empleo e Ingresos
45.2_ECTDT_0_T_33,eph_continua_tasa_desempleo_total,Tasa de desempleo total. En porcentaje.,R/P3M,2003-01-01,2026-01-01,Porcentaje,Principales variables ocupacionales. EPH continua. Desempleo,Subsecretaría de Programación Macroeconómica,Instituto Nacional de Estadística y Censos (INDEC),Empleo e Ingresos
46.1_ECTSTBB_0_A_49,eph_continua_tasa_subocupacion_total_bahia_blanca,Tasa de subocupación total Bahía Blanca.,R/P1Y,2004-01-01,2025-01-01,Porcentaje,Principales variables ocupacionales. EPH continua. Subocupación,Subsecretaría de Programación Macroeconómica,Instituto Nacional de Estadística y Censos (INDEC),Empleo e Ingresos
46.1_ECTSTCR_0_A_55,eph_continua_tasa_subocupacion_total_comodoro_rivadavia,Tasa de subocupación total Comodoro Rivadavia.,R/P1Y,2004-01-01,2025-01-01,Porcentaje,Principales variables ocupacionales. EPH continua. Subocupación,Subsecretaría de Programación Macroeconómica,Instituto Nacional de Estadística y Censos (INDEC),Empleo e Ingresos
46.1_ECTSTCU_0_A_41,eph_continua_tasa_subocupacion_total_cuyo,Tasa de subocupación total Cuyo.,R/P1Y,2004-01-01,2025-01-01,Porcentaje,Principales variables ocupacionales. EPH continua. Subocupación,Subsecretaría de Programación Macroeconómica,Instituto Nacional de Estadística y Censos (INDEC),Empleo e Ingresos
46.1_ECTSTC_0_A_41,eph_continua_tasa_subocupacion_total_caba,Tasa de subocupación total CABA.,R/P1Y,2004-01-01,2025-01-01,Porcentaje,Principales variables ocupacionales. EPH continua. Subocupación,Subsecretaría de Programación Macroeconómica,Instituto Nacional de Estadística y Censos (INDEC),Empleo e Ingresos
46.1_ECTSTC_0_A_46,eph_continua_tasa_subocupacion_total_concordia,Tasa de subocupación total Concordia.,R/P1Y,2004-01-01,2025-01-01,Porcentaje,Principales variables ocupacionales. EPH continua. Subocupación,Subsecretaría de Programación Macroeconómica,Instituto Nacional de Estadística y Censos (INDEC),Empleo e Ingresos
46.1_ECTSTC_0_A_47,eph_continua_tasa_subocupacion_total_corrientes,Tasa de subocupación total Corrientes.,R/P1Y,2004-01-01,2025-01-01,Porcentaje,Principales variables ocupacionales. EPH continua. Subocupación,Subsecretaría de Programación Macroeconómica,Instituto Nacional de Estadística y Censos (INDEC),Empleo e Ingresos
46.1_ECTSTF_0_A_44,eph_continua_tasa_subocupacion_total_formosa,Tasa de subocupación total Formosa.,R/P1Y,2004-01-01,2025-01-01,Porcentaje,Principales variables ocupacionales. EPH continua. Subocupación,Subsecretaría de Programación Macroeconómica,Instituto Nacional de Estadística y Censos (INDEC),Empleo e Ingresos
46.1_ECTSTGC_0_A_49,eph_continua_tasa_subocupacion_total_gran_cordoba,Tasa de subocupación total Gran Cordoba.,R/P1Y,2004-01-01,2025-01-01,Porcentaje,Principales variables ocupacionales. EPH continua. Subocupación,Subsecretaría de Programación Macroeconómica,Instituto Nacional de Estadística y Censos (INDEC),Empleo e Ingresos
46.1_ECTSTGC_0_A_51,eph_continua_tasa_subocupacion_total_gran_catamarca,Tasa de subocupación total Gran Catamarca.,R/P1Y,2004-01-01,2025-01-01,Porcentaje,Principales variables ocupacionales. EPH continua. Subocupación,Subsecretaría de Programación Macroeconómica,Instituto Nacional de Estadística y Censos (INDEC),Empleo e Ingresos
46.1_ECTSTGLP_0_A_50,eph_continua_tasa_subocupacion_total_gran_la_plata,Tasa de subocupación total Gran La Plata.,R/P1Y,2004-01-01,2025-01-01,Porcentaje,Principales variables ocupacionales. EPH continua. Subocupación,Subsecretaría de Programación Macroeconómica,Instituto Nacional de Estadística y Censos (INDEC),Empleo e Ingresos
46.1_ECTSTGM_0_A_49,eph_continua_tasa_subocupacion_total_gran_mendoza,Tasa de subocupación total Gran Mendoza.,R/P1Y,2004-01-01,2025-01-01,Porcentaje,Principales variables ocupacionales. EPH continua. Subocupación,Subsecretaría de Programación Macroeconómica,Instituto Nacional de Estadística y Censos (INDEC),Empleo e Ingresos
46.1_ECTSTGP_0_A_48,eph_continua_tasa_subocupacion_total_gran_parana,Tasa de subocupación total Gran Paraná.,R/P1Y,2004-01-01,2025-01-01,Porcentaje,Principales variables ocupacionales. EPH continua. Subocupación,Subsecretaría de Programación Macroeconómica,Instituto Nacional de Estadística y Censos (INDEC),Empleo e Ingresos
46.1_ECTSTGR_0_A_49,eph_continua_tasa_subocupacion_total_gran_rosario,Tasa de subocupación total Gran Rosario.,R/P1Y,2004-01-01,2025-01-01,Porcentaje,Principales variables ocupacionales. EPH continua. Subocupación,Subsecretaría de Programación Macroeconómica,Instituto Nacional de Estadística y Censos (INDEC),Empleo e Ingresos
46.1_ECTSTGR_0_A_53,eph_continua_tasa_subocupacion_total_gran_resistencia,Tasa de subocupación total Gran Resistencia.,R/P1Y,2004-01-01,2025-01-01,Porcentaje,Principales variables ocupacionales. EPH continua. Subocupación,Subsecretaría de Programación Macroeconómica,Instituto Nacional de Estadística y Censos (INDEC),Empleo e Ingresos
46.1_ECTSTGSF_0_A_50,eph_continua_tasa_subocupacion_total_gran_santa_fe,Tasa de subocupación total Gran Santa Fe.,R/P1Y,2004-01-01,2025-01-01,Porcentaje,Principales variables ocupacionales. EPH continua. Subocupación,Subsecretaría de Programación Macroeconómica,Instituto Nacional de Estadística y Censos (INDEC),Empleo e Ingresos
46.1_ECTSTGSJ_0_A_50,eph_continua_tasa_subocupacion_total_gran_san_juan,Tasa de subocupación total Gran San Juan.,R/P1Y,2004-01-01,2025-01-01,Porcentaje,Principales variables ocupacionales. EPH continua. Subocupación,Subsecretaría de Programación Macroeconómica,Instituto Nacional de Estadística y Censos (INDEC),Empleo e Ingresos
46.1_ECTSTGT_0_A_49,eph_continua_tasa_subocupacion_total_gran_tucuman,Tasa de subocupación total Gran Tucumán.,R/P1Y,2004-01-01,2025-01-01,Porcentaje,Principales variables ocupacionales. EPH continua. Subocupación,Subsecretaría de Programación Macroeconómica,Instituto Nacional de Estadística y Censos (INDEC),Empleo e Ingresos
46.1_ECTSTG_0_A_40,eph_continua_tasa_subocupacion_total_gba,Tasa de subocupación total Gran Buenos Aires.,R/P1Y,2004-01-01,2025-01-01,Porcentaje,Principales variables ocupacionales. EPH continua. Subocupación,Subsecretaría de Programación Macroeconómica,Instituto Nacional de Estadística y Censos (INDEC),Empleo e Ingresos
46.1_ECTSTJ_0_A_42,eph_continua_tasa_subocupacion_total_jujuy,Tasa de subocupación total Jujuy.,R/P1Y,2004-01-01,2025-01-01,Porcentaje,Principales variables ocupacionales. EPH continua. Subocupación,Subsecretaría de Programación Macroeconómica,Instituto Nacional de Estadística y Censos (INDEC),Empleo e Ingresos
46.1_ECTSTLR_0_A_45,eph_continua_tasa_subocupacion_total_la_rioja,Tasa de subocupación total La Rioja.,R/P1Y,2004-01-01,2025-01-01,Porcentaje,Principales variables ocupacionales. EPH continua. Subocupación,Subsecretaría de Programación Macroeconómica,Instituto Nacional de Estadística y Censos (INDEC),Empleo e Ingresos
46.1_ECTSTMDP_0_A_50,eph_continua_tasa_subocupacion_total_mar_del_plata,Tasa de subocupación total Mar del Plata.,R/P1Y,2004-01-01,2025-01-01,Porcentaje,Principales variables ocupacionales. EPH continua. Subocupación,Subsecretaría de Programación Macroeconómica,Instituto Nacional de Estadística y Censos (INDEC),Empleo e Ingresos
46.1_ECTSTNE_0_A_45,eph_continua_tasa_subocupacion_total_nordeste,Tasa de subocupación total región nordeste.,R/P1Y,2004-01-01,2025-01-01,Porcentaje,Principales variables ocupacionales. EPH continua. Subocupación,Subsecretaría de Programación Macroeconómica,Instituto Nacional de Estadística y Censos (INDEC),Empleo e Ingresos
46.1_ECTSTNO_0_A_45,eph_continua_tasa_subocupacion_total_noroeste,Tasa de subocupación total región noroeste.,R/P1Y,2004-01-01,2025-01-01,Porcentaje,Principales variables ocupacionales. EPH continua. Subocupación,Subsecretaría de Programación Macroeconómica,Instituto Nacional de Estadística y Censos (INDEC),Empleo e Ingresos
46.1_ECTSTN_0_A_44,eph_continua_tasa_subocupacion_total_neuquen,Tasa de subocupación total Neuquén.,R/P1Y,2004-01-01,2025-01-01,Porcentaje,Principales variables ocupacionales. EPH continua. Subocupación,Subsecretaría de Programación Macroeconómica,Instituto Nacional de Estadística y Censos (INDEC),Empleo e Ingresos
46.1_ECTSTPG_0_A_49,eph_continua_tasa_subocupacion_total_partidos_gba,Tasa de subocupación total partidos GBA.,R/P1Y,2004-01-01,2025-01-01,Porcentaje,Principales variables ocupacionales. EPH continua. Subocupación,Subsecretaría de Programación Macroeconómica,Instituto Nacional de Estadística y Censos (INDEC),Empleo e Ingresos
46.1_ECTSTP_0_A_44,eph_continua_tasa_subocupacion_total_posadas,Tasa de subocupación total Posadas.,R/P1Y,2004-01-01,2025-01-01,Porcentaje,Principales variables ocupacionales. EPH continua. Subocupación,Subsecretaría de Programación Macroeconómica,Instituto Nacional de Estadística y Censos (INDEC),Empleo e Ingresos
46.1_ECTSTP_0_A_46,eph_continua_tasa_subocupacion_total_patagonia,Tasa de subocupación total patagonia.,R/P1Y,2004-01-01,2025-01-01,Porcentaje,Principales variables ocupacionales. EPH continua. Subocupación,Subsecretaría de Programación Macroeconómica,Instituto Nacional de Estadística y Censos (INDEC),Empleo e Ingresos
46.1_ECTSTRC_0_A_47,eph_continua_tasa_subocupacion_total_rio_cuarto,Tasa de subocupación total Río Cuarto.,R/P1Y,2004-01-01,2025-01-01,Porcentaje,Principales variables ocupacionales. EPH continua. Subocupación,Subsecretaría de Programación Macroeconómica,Instituto Nacional de Estadística y Censos (INDEC),Empleo e Ingresos
46.1_ECTSTRG_0_A_49,eph_continua_tasa_subocupacion_total_rio_gallegos,Tasa de subocupación total Río Gallegos.,R/P1Y,2004-01-01,2025-01-01,Porcentaje,Principales variables ocupacionales. EPH continua. Subocupación,Subsecretaría de Programación Macroeconómica,Instituto Nacional de Estadística y Censos (INDEC),Empleo e Ingresos
46.1_ECTSTRP_0_A_52,eph_continua_tasa_subocupacion_total_region_pampeana,Tasa de subocupación total región pampeana.,R/P1Y,2004-01-01,2025-01-01,Porcentaje,Principales variables ocupacionales. EPH continua. Subocupación,Subsecretaría de Programación Macroeconómica,Instituto Nacional de Estadística y Censos (INDEC),Empleo e Ingresos
46.1_ECTSTRT_0_A_50,eph_continua_tasa_subocupacion_total_rawson_trelew,Tasa de subocupación total Rawson - Trelew.,R/P1Y,2007-01-01,2025-01-01,Porcentaje,Principales variables ocupacionales. EPH continua. Subocupación,Subsecretaría de Programación Macroeconómica,Instituto Nacional de Estadística y Censos (INDEC),Empleo e Ingresos
46.1_ECTSTSDE_0_A_56,eph_continua_tasa_subocupacion_total_santiago_del_estero,Tasa de subocupación total Santiago del Estero.,R/P1Y,2004-01-01,2025-01-01,Porcentaje,Principales variables ocupacionales. EPH continua. Subocupación,Subsecretaría de Programación Macroeconómica,Instituto Nacional de Estadística y Censos (INDEC),Empleo e Ingresos
46.1_ECTSTSL_0_A_45,eph_continua_tasa_subocupacion_total_san_luis,Tasa de subocupación total San Luis.,R/P1Y,2004-01-01,2025-01-01,Porcentaje,Principales variables ocupacionales. EPH continua. Subocupación,Subsecretaría de Programación Macroeconómica,Instituto Nacional de Estadística y Censos (INDEC),Empleo e Ingresos
46.1_ECTSTSN_0_A_48,eph_continua_tasa_subocupacion_total_san_nicolas,Tasa de subocupación total San Nicolás.,R/P1Y,2007-01-01,2025-01-01,Porcentaje,Principales variables ocupacionales. EPH continua. Subocupación,Subsecretaría de Programación Macroeconómica,Instituto Nacional de Estadística y Censos (INDEC),Empleo e Ingresos
46.1_ECTSTSR_0_A_47,eph_continua_tasa_subocupacion_total_santa_rosa,Tasa de subocupación total Santa Rosa.,R/P1Y,2004-01-01,2025-01-01,Porcentaje,Principales variables ocupacionales. EPH continua. Subocupación,Subsecretaría de Programación Macroeconómica,Instituto Nacional de Estadística y Censos (INDEC),Empleo e Ingresos
46.1_ECTSTS_0_A_42,eph_continua_tasa_subocupacion_total_salta,Tasa de subocupación total Salta.,R/P1Y,2004-01-01,2025-01-01,Porcentaje,Principales variables ocupacionales. EPH continua. Subocupación,Subsecretaría de Programación Macroeconómica,Instituto Nacional de Estadística y Censos (INDEC),Empleo e Ingresos
46.1_ECTSTURG_0_A_55,eph_continua_tasa_subocupacion_total_ushuaia_rio_grande,Tasa de subocupación total Ushuaia-Río Grande.,R/P1Y,2004-01-01,2025-01-01,Porcentaje,Principales variables ocupacionales. EPH continua. Subocupación,Subsecretaría de Programación Macroeconómica,Instituto Nacional de Estadística y Censos (INDEC),Empleo e Ingresos
46.1_ECTSTVCP_0_A_60,eph_continua_tasa_subocupacion_total_viedma_carmen_patagones,Tasa de subocupación total Viedma - Carmen de Patagones.,R/P1Y,2007-01-01,2025-01-01,Porcentaje,Principales variables ocupacionales. EPH continua. Subocupación,Subsecretaría de Programación Macroeconómica,Instituto Nacional de Estadística y Censos (INDEC),Empleo e Ingresos
46.1_ECTST_0_A_36,eph_continua_tasa_subocupacion_total,Tasa de subocupación total.,R/P1Y,2004-01-01,2025-01-01,Porcentaje,Principales variables ocupacionales. EPH continua. Subocupación,Subsecretaría de Programación Macroeconómica,Instituto Nacional de Estadística y Censos (INDEC),Empleo e Ingresos
46.2_ECTSTBB_0_T_49,eph_continua_tasa_subocupacion_total_bahia_blanca,Tasa de subocupación total Bahía Blanca.,R/P3M,2003-07-01,2026-01-01,Porcentaje,Principales variables ocupacionales. EPH continua. Subocupación,Subsecretaría de Programación Macroeconómica,Instituto Nacional de Estadística y Censos (INDEC),Empleo e Ingresos
46.2_ECTSTCR_0_T_55,eph_continua_tasa_subocupacion_total_comodoro_rivadavia,Tasa de subocupación total Comodoro Rivadavia.,R/P3M,2003-07-01,2026-01-01,Porcentaje,Principales variables ocupacionales. EPH continua. Subocupación,Subsecretaría de Programación Macroeconómica,Instituto Nacional de Estadística y Censos (INDEC),Empleo e Ingresos
46.2_ECTSTCU_0_T_41,eph_continua_tasa_subocupacion_total_cuyo,Tasa de subocupación total Cuyo.,R/P3M,2003-01-01,2026-01-01,Porcentaje,Principales variables ocupacionales. EPH continua. Subocupación,Subsecretaría de Programación Macroeconómica,Instituto Nacional de Estadística y Censos (INDEC),Empleo e Ingresos
46.2_ECTSTC_0_T_41,eph_continua_tasa_subocupacion_total_caba,Tasa de subocupación total CABA.,R/P3M,2003-01-01,2026-01-01,Porcentaje,Principales variables ocupacionales. EPH continua. Subocupación,Subsecretaría de Programación Macroeconómica,Instituto Nacional de Estadística y Censos (INDEC),Empleo e Ingresos
46.2_ECTSTC_0_T_46,eph_continua_tasa_subocupacion_total_concordia,Tasa de subocupación total Concordia.,R/P3M,2003-07-01,2026-01-01,Porcentaje,Principales variables ocupacionales. EPH continua. Subocupación,Subsecretaría de Programación Macroeconómica,Instituto Nacional de Estadística y Censos (INDEC),Empleo e Ingresos
46.2_ECTSTC_0_T_47,eph_continua_tasa_subocupacion_total_corrientes,Tasa de subocupación total Corrientes.,R/P3M,2003-07-01,2026-01-01,Porcentaje,Principales variables ocupacionales. EPH continua. Subocupación,Subsecretaría de Programación Macroeconómica,Instituto Nacional de Estadística y Censos (INDEC),Empleo e Ingresos
46.2_ECTSTF_0_T_44,eph_continua_tasa_subocupacion_total_formosa,Tasa de subocupación total Formosa.,R/P3M,2003-07-01,2026-01-01,Porcentaje,Principales variables ocupacionales. EPH continua. Subocupación,Subsecretaría de Programación Macroeconómica,Instituto Nacional de Estadística y Censos (INDEC),Empleo e Ingresos
46.2_ECTSTGC_0_T_49,eph_continua_tasa_subocupacion_total_gran_cordoba,Tasa de subocupación total Gran Cordoba.,R/P3M,2003-01-01,2026-01-01,Porcentaje,Principales variables ocupacionales. EPH continua. Subocupación,Subsecretaría de Programación Macroeconómica,Instituto Nacional de Estadística y Censos (INDEC),Empleo e Ingresos
46.2_ECTSTGC_0_T_51,eph_continua_tasa_subocupacion_total_gran_catamarca,Tasa de subocupación total Gran Catamarca.,R/P3M,2003-07-01,2026-01-01,Porcentaje,Principales variables ocupacionales. EPH continua. Subocupación,Subsecretaría de Programación Macroeconómica,Instituto Nacional de Estadística y Censos (INDEC),Empleo e Ingresos
46.2_ECTSTGLP_0_T_50,eph_continua_tasa_subocupacion_total_gran_la_plata,Tasa de subocupación total Gran La Plata.,R/P3M,2003-01-01,2026-01-01,Porcentaje,Principales variables ocupacionales. EPH continua. Subocupación,Subsecretaría de Programación Macroeconómica,Instituto Nacional de Estadística y Censos (INDEC),Empleo e Ingresos
46.2_ECTSTGM_0_T_49,eph_continua_tasa_subocupacion_total_gran_mendoza,Tasa de subocupación total Gran Mendoza.,R/P3M,2003-01-01,2026-01-01,Porcentaje,Principales variables ocupacionales. EPH continua. Subocupación,Subsecretaría de Programación Macroeconómica,Instituto Nacional de Estadística y Censos (INDEC),Empleo e Ingresos
46.2_ECTSTGP_0_T_48,eph_continua_tasa_subocupacion_total_gran_parana,Tasa de subocupación total Gran Paraná.,R/P3M,2003-07-01,2026-01-01,Porcentaje,Principales variables ocupacionales. EPH continua. Subocupación,Subsecretaría de Programación Macroeconómica,Instituto Nacional de Estadística y Censos (INDEC),Empleo e Ingresos
46.2_ECTSTGR_0_T_49,eph_continua_tasa_subocupacion_total_gran_rosario,Tasa de subocupación total Gran Rosario.,R/P3M,2003-01-01,2026-01-01,Porcentaje,Principales variables ocupacionales. EPH continua. Subocupación,Subsecretaría de Programación Macroeconómica,Instituto Nacional de Estadística y Censos (INDEC),Empleo e Ingresos
46.2_ECTSTGR_0_T_53,eph_continua_tasa_subocupacion_total_gran_resistencia,Tasa de subocupación total Gran Resistencia.,R/P3M,2003-07-01,2026-01-01,Porcentaje,Principales variables ocupacionales. EPH continua. Subocupación,Subsecretaría de Programación Macroeconómica,Instituto Nacional de Estadística y Censos (INDEC),Empleo e Ingresos
46.2_ECTSTGSF_0_T_50,eph_continua_tasa_subocupacion_total_gran_santa_fe,Tasa de subocupación total Gran Santa Fe.,R/P3M,2003-07-01,2026-01-01,Porcentaje,Principales variables ocupacionales. EPH continua. Subocupación,Subsecretaría de Programación Macroeconómica,Instituto Nacional de Estadística y Censos (INDEC),Empleo e Ingresos
46.2_ECTSTGSJ_0_T_50,eph_continua_tasa_subocupacion_total_gran_san_juan,Tasa de subocupación total Gran San Juan.,R/P3M,2003-07-01,2026-01-01,Porcentaje,Principales variables ocupacionales. EPH continua. Subocupación,Subsecretaría de Programación Macroeconómica,Instituto Nacional de Estadística y Censos (INDEC),Empleo e Ingresos
46.2_ECTSTGT_0_T_49,eph_continua_tasa_subocupacion_total_gran_tucuman,Tasa de subocupación total Gran Tucumán.,R/P3M,2003-01-01,2026-01-01,Porcentaje,Principales variables ocupacionales. EPH continua. Subocupación,Subsecretaría de Programación Macroeconómica,Instituto Nacional de Estadística y Censos (INDEC),Empleo e Ingresos
46.2_ECTSTG_0_T_40,eph_continua_tasa_subocupacion_total_gba,Tasa de subocupación total Gran Buenos Aires.,R/P3M,2003-01-01,2026-01-01,Porcentaje,Principales variables ocupacionales. EPH continua. Subocupación,Subsecretaría de Programación Macroeconómica,Instituto Nacional de Estadística y Censos (INDEC),Empleo e Ingresos
46.2_ECTSTJ_0_T_42,eph_continua_tasa_subocupacion_total_jujuy,Tasa de subocupación total Jujuy.,R/P3M,2003-07-01,2026-01-01,Porcentaje,Principales variables ocupacionales. EPH continua. Subocupación,Subsecretaría de Programación Macroeconómica,Instituto Nacional de Estadística y Censos (INDEC),Empleo e Ingresos
46.2_ECTSTLR_0_T_45,eph_continua_tasa_subocupacion_total_la_rioja,Tasa de subocupación total La Rioja.,R/P3M,2003-07-01,2026-01-01,Porcentaje,Principales variables ocupacionales. EPH continua. Subocupación,Subsecretaría de Programación Macroeconómica,Instituto Nacional de Estadística y Censos (INDEC),Empleo e Ingresos
46.2_ECTSTMDP_0_T_50,eph_continua_tasa_subocupacion_total_mar_del_plata,Tasa de subocupación total Mar del Plata.,R/P3M,2003-01-01,2026-01-01,Porcentaje,Principales variables ocupacionales. EPH continua. Subocupación,Subsecretaría de Programación Macroeconómica,Instituto Nacional de Estadística y Censos (INDEC),Empleo e Ingresos
46.2_ECTSTNE_0_T_45,eph_continua_tasa_subocupacion_total_nordeste,Tasa de subocupación total región nordeste.,R/P3M,2003-01-01,2026-01-01,Porcentaje,Principales variables ocupacionales. EPH continua. Subocupación,Subsecretaría de Programación Macroeconómica,Instituto Nacional de Estadística y Censos (INDEC),Empleo e Ingresos
46.2_ECTSTNO_0_T_45,eph_continua_tasa_subocupacion_total_noroeste,Tasa de subocupación total región noroeste.,R/P3M,2003-01-01,2026-01-01,Porcentaje,Principales variables ocupacionales. EPH continua. Subocupación,Subsecretaría de Programación Macroeconómica,Instituto Nacional de Estadística y Censos (INDEC),Empleo e Ingresos
46.2_ECTSTN_0_T_44,eph_continua_tasa_subocupacion_total_neuquen,Tasa de subocupación total Neuquén.,R/P3M,2003-07-01,2026-01-01,Porcentaje,Principales variables ocupacionales. EPH continua. Subocupación,Subsecretaría de Programación Macroeconómica,Instituto Nacional de Estadística y Censos (INDEC),Empleo e Ingresos
46.2_ECTSTPG_0_T_49,eph_continua_tasa_subocupacion_total_partidos_gba,Tasa de subocupación total partidos GBA.,R/P3M,2003-01-01,2026-01-01,Porcentaje,Principales variables ocupacionales. EPH continua. Subocupación,Subsecretaría de Programación Macroeconómica,Instituto Nacional de Estadística y Censos (INDEC),Empleo e Ingresos
46.2_ECTSTP_0_T_44,eph_continua_tasa_subocupacion_total_posadas,Tasa de subocupación total Posadas.,R/P3M,2003-07-01,2026-01-01,Porcentaje,Principales variables ocupacionales. EPH continua. Subocupación,Subsecretaría de Programación Macroeconómica,Instituto Nacional de Estadística y Censos (INDEC),Empleo e Ingresos
46.2_ECTSTP_0_T_46,eph_continua_tasa_subocupacion_total_patagonia,Tasa de subocupación total patagonia.,R/P3M,2003-01-01,2026-01-01,Porcentaje,Principales variables ocupacionales. EPH continua. Subocupación,Subsecretaría de Programación Macroeconómica,Instituto Nacional de Estadística y Censos (INDEC),Empleo e Ingresos
46.2_ECTSTRC_0_T_47,eph_continua_tasa_subocupacion_total_rio_cuarto,Tasa de subocupación total Río Cuarto.,R/P3M,2003-07-01,2026-01-01,Porcentaje,Principales variables ocupacionales. EPH continua. Subocupación,Subsecretaría de Programación Macroeconómica,Instituto Nacional de Estadística y Censos (INDEC),Empleo e Ingresos
46.2_ECTSTRG_0_T_49,eph_continua_tasa_subocupacion_total_rio_gallegos,Tasa de subocupación total Río Gallegos.,R/P3M,2003-07-01,2026-01-01,Porcentaje,Principales variables ocupacionales. EPH continua. Subocupación,Subsecretaría de Programación Macroeconómica,Instituto Nacional de Estadística y Censos (INDEC),Empleo e Ingresos
46.2_ECTSTRP_0_T_52,eph_continua_tasa_subocupacion_total_region_pampeana,Tasa de subocupación total región pampeana.,R/P3M,2003-01-01,2026-01-01,Porcentaje,Principales variables ocupacionales. EPH continua. Subocupación,Subsecretaría de Programación Macroeconómica,Instituto Nacional de Estadística y Censos (INDEC),Empleo e Ingresos
46.2_ECTSTRT_0_T_50,eph_continua_tasa_subocupacion_total_rawson_trelew,Tasa de subocupación total Rawson - Trelew.,R/P3M,2006-10-01,2026-01-01,Porcentaje,Principales variables ocupacionales. EPH continua. Subocupación,Subsecretaría de Programación Macroeconómica,Instituto Nacional de Estadística y Censos (INDEC),Empleo e Ingresos
46.2_ECTSTSDE_0_T_56,eph_continua_tasa_subocupacion_total_santiago_del_estero,Tasa de subocupación total Santiago del Estero.,R/P3M,2003-07-01,2026-01-01,Porcentaje,Principales variables ocupacionales. EPH continua. Subocupación,Subsecretaría de Programación Macroeconómica,Instituto Nacional de Estadística y Censos (INDEC),Empleo e Ingresos
46.2_ECTSTSL_0_T_45,eph_continua_tasa_subocupacion_total_san_luis,Tasa de subocupación total San Luis.,R/P3M,2003-07-01,2026-01-01,Porcentaje,Principales variables ocupacionales. EPH continua. Subocupación,Subsecretaría de Programación Macroeconómica,Instituto Nacional de Estadística y Censos (INDEC),Empleo e Ingresos
46.2_ECTSTSN_0_T_48,eph_continua_tasa_subocupacion_total_san_nicolas,Tasa de subocupación total San Nicolás.,R/P3M,2006-10-01,2026-01-01,Porcentaje,Principales variables ocupacionales. EPH continua. Subocupación,Subsecretaría de Programación Macroeconómica,Instituto Nacional de Estadística y Censos (INDEC),Empleo e Ingresos
46.2_ECTSTSR_0_T_47,eph_continua_tasa_subocupacion_total_santa_rosa,Tasa de subocupación total Santa Rosa.,R/P3M,2003-07-01,2026-01-01,Porcentaje,Principales variables ocupacionales. EPH continua. Subocupación,Subsecretaría de Programación Macroeconómica,Instituto Nacional de Estadística y Censos (INDEC),Empleo e Ingresos
46.2_ECTSTS_0_T_42,eph_continua_tasa_subocupacion_total_salta,Tasa de subocupación total Salta.,R/P3M,2003-07-01,2026-01-01,Porcentaje,Principales variables ocupacionales. EPH continua. Subocupación,Subsecretaría de Programación Macroeconómica,Instituto Nacional de Estadística y Censos (INDEC),Empleo e Ingresos
46.2_ECTSTURG_0_T_55,eph_continua_tasa_subocupacion_total_ushuaia_rio_grande,Tasa de subocupación total Ushuaia-Río Grande.,R/P3M,2003-07-01,2026-01-01,Porcentaje,Principales variables ocupacionales. EPH continua. Subocupación,Subsecretaría de Programación Macroeconómica,Instituto Nacional de Estadística y Censos (INDEC),Empleo e Ingresos
46.2_ECTSTVCP_0_T_60,eph_continua_tasa_subocupacion_total_viedma_carmen_patagones,Tasa de subocupación total Viedma - Carmen de Patagones.,R/P3M,2006-10-01,2026-01-01,Porcentaje,Principales variables ocupacionales. EPH continua. Subocupación,Subsecretaría de Programación Macroeconómica,Instituto Nacional de Estadística y Censos (INDEC),Empleo e Ingresos
46.2_ECTST_0_T_36,eph_continua_tasa_subocupacion_total,Tasa de subocupación total.,R/P3M,2003-01-01,2026-01-01,Porcentaje,Principales variables ocupacionales. EPH continua. Subocupación,Subsecretaría de Programación Macroeconómica,Instituto Nacional de Estadística y Censos (INDEC),Empleo e Ingresos
461.1_DESOCUPADOANO_0_S_24_80,desocupados_total_urbano,"Población desocupada del total urbano, en miles de personas",R/P6M,1991-05-01,2002-05-01,Miles de personas,Expansión de indicadores de la EPH a la Población Total Urbana,Subsecretaría de Programación Macroeconómica,"Secretaría de Política Económica, Ministerio de Economía",Empleo e Ingresos
461.1_OCUPADOS_TANO_0_S_21_11,ocupados_total_urbano,"Población ocupada del total urbano, en miles de personas",R/P6M,1991-05-01,2002-05-01,Miles de personas,Expansión de indicadores de la EPH a la Población Total Urbana,Subsecretaría de Programación Macroeconómica,"Secretaría de Política Económica, Ministerio de Economía",Empleo e Ingresos
461.1_PEA_TOTAL_ANO_0_S_16_2,pea_total_urbano,"Población económicamente activa del total urbano, en miles de personas",R/P6M,1991-05-01,2002-05-01,Miles de personas,Expansión de indicadores de la EPH a la Población Total Urbana,Subsecretaría de Programación Macroeconómica,"Secretaría de Política Económica, Ministerio de Economía",Empleo e Ingresos
461.1_POBLACION_ANO_0_S_28_46,poblacion_total_total_urbano,"Población total del total urbano, en miles de personas",R/P6M,1991-05-01,2002-05-01,Miles de personas,Expansión de indicadores de la EPH a la Población Total Urbana,Subsecretaría de Programación Macroeconómica,"Secretaría de Política Económica, Ministerio de Economía",Empleo e Ingresos
461.1_SUBOCUPADOANO_0_S_24_48,subocupados_total_urbano,"Población subocupada del total urbano, en miles de personas",R/P6M,1991-05-01,2002-05-01,Miles de personas,Expansión de indicadores de la EPH a la Población Total Urbana,Subsecretaría de Programación Macroeconómica,"Secretaría de Política Económica, Ministerio de Economía",Empleo e Ingresos
461.1_SUBOCUPADOANO_0_S_36_73,subocupados_demandantes_total_urbano,"Población subocupada demandante de empleo del total urbano, en miles de personas",R/P6M,1994-11-01,2002-05-01,Miles de personas,Expansión de indicadores de la EPH a la Población Total Urbana,Subsecretaría de Programación Macroeconómica,"Secretaría de Política Económica, Ministerio de Economía",Empleo e Ingresos
461.1_SUBOCUPADOANO_0_S_39_45,subocupados_no_demandantes_total_urbano,"Población subocupada no demandante de empleo del total urbano, en miles de personas",R/P6M,1994-11-01,2002-05-01,Miles de personas,Expansión de indicadores de la EPH a la Población Total Urbana,Subsecretaría de Programación Macroeconómica,"Secretaría de Política Económica, Ministerio de Economía",Empleo e Ingresos
461.2_DESOCUPADOANO_0_T_24_96,desocupados_total_urbano,"Población desocupada del total urbano, en miles de personas",R/P3M,2002-10-01,2010-07-01,Miles de personas,Expansión de indicadores de la EPH a la Población Total Urbana,Subsecretaría de Programación Macroeconómica,"Secretaría de Política Económica, Ministerio de Economía",Empleo e Ingresos
461.2_OCUPADOS_TANO_0_T_21_37,ocupados_total_urbano,"Población ocupada del total urbano, en miles de personas",R/P3M,2002-10-01,2010-07-01,Miles de personas,Expansión de indicadores de la EPH a la Población Total Urbana,Subsecretaría de Programación Macroeconómica,"Secretaría de Política Económica, Ministerio de Economía",Empleo e Ingresos
461.2_PEA_TOTAL_ANO_0_T_16_38,pea_total_urbano,"Población económicamente activa del total urbano, en miles de personas",R/P3M,2002-10-01,2010-07-01,Miles de personas,Expansión de indicadores de la EPH a la Población Total Urbana,Subsecretaría de Programación Macroeconómica,"Secretaría de Política Económica, Ministerio de Economía",Empleo e Ingresos
461.2_POBLACION_ANO_0_T_28_20,poblacion_total_total_urbano,"Población total del total urbano, en miles de personas",R/P3M,2002-10-01,2010-07-01,Miles de personas,Expansión de indicadores de la EPH a la Población Total Urbana,Subsecretaría de Programación Macroeconómica,"Secretaría de Política Económica, Ministerio de Economía",Empleo e Ingresos
461.2_SUBOCUPADOANO_0_T_24_52,subocupados_total_urbano,"Población subocupada del total urbano, en miles de personas",R/P3M,2002-10-01,2010-07-01,Miles de personas,Expansión de indicadores de la EPH a la Población Total Urbana,Subsecretaría de Programación Macroeconómica,"Secretaría de Política Económica, Ministerio de Economía",Empleo e Ingresos
461.2_SUBOCUPADOANO_0_T_36_46,subocupados_demandantes_total_urbano,"Población subocupada demandante de empleo del total urbano, en miles de personas",R/P3M,2002-10-01,2010-07-01,Miles de personas,Expansión de indicadores de la EPH a la Población Total Urbana,Subsecretaría de Programación Macroeconómica,"Secretaría de Política Económica, Ministerio de Economía",Empleo e Ingresos
461.2_SUBOCUPADOANO_0_T_39_20,subocupados_no_demandantes_total_urbano,"Población subocupada no demandante de empleo del total urbano, en miles de personas",R/P3M,2002-10-01,2010-07-01,Miles de personas,Expansión de indicadores de la EPH a la Población Total Urbana,Subsecretaría de Programación Macroeconómica,"Secretaría de Política Económica, Ministerio de Economía",Empleo e Ingresos
461.3_DESOCUPADOANO_AEA_T_24_25,desocupados_total_urbano,"Población desocupada del total urbano, en miles de personas",R/P3M,2010-07-01,2025-07-01,Miles de personas,Expansión de indicadores de la EPH a la Población Total Urbana,Subsecretaría de Programación Macroeconómica,"Secretaría de Política Económica, Ministerio de Economía",Empleo e Ingresos
461.3_OCUPADOS_TANO_AEA_T_21_6,ocupados_total_urbano,"Población ocupada del total urbano, en miles de personas",R/P3M,2010-07-01,2025-07-01,Miles de personas,Expansión de indicadores de la EPH a la Población Total Urbana,Subsecretaría de Programación Macroeconómica,"Secretaría de Política Económica, Ministerio de Economía",Empleo e Ingresos
461.3_PEA_TOTAL_ANO_AEA_T_16_38,pea_total_urbano,"Población económicamente activa del total urbano, en miles de personas",R/P3M,2010-07-01,2025-07-01,Miles de personas,Expansión de indicadores de la EPH a la Población Total Urbana,Subsecretaría de Programación Macroeconómica,"Secretaría de Política Económica, Ministerio de Economía",Empleo e Ingresos
461.3_POBLACION_ANO_AEA_T_28_3,poblacion_total_total_urbano,"Población total del total urbano, en miles de personas",R/P3M,2010-07-01,2025-07-01,Miles de personas,Expansión de indicadores de la EPH a la Población Total Urbana,Subsecretaría de Programación Macroeconómica,"Secretaría de Política Económica, Ministerio de Economía",Empleo e Ingresos
461.3_SUBOCUPADOANO_AEA_T_24_10,subocupados_total_urbano,"Población subocupada del total urbano, en miles de personas",R/P3M,2010-07-01,2025-07-01,Miles de personas,Expansión de indicadores de la EPH a la Población Total Urbana,Subsecretaría de Programación Macroeconómica,"Secretaría de Política Económica, Ministerio de Economía",Empleo e Ingresos
461.3_SUBOCUPADOANO_AEA_T_36_99,subocupados_demandantes_total_urbano,"Población subocupada demandante de empleo del total urbano, en miles de personas",R/P3M,2010-07-01,2025-07-01,Miles de personas,Expansión de indicadores de la EPH a la Población Total Urbana,Subsecretaría de Programación Macroeconómica,"Secretaría de Política Económica, Ministerio de Economía",Empleo e Ingresos
461.3_SUBOCUPADOANO_AEA_T_39_72,subocupados_no_demandantes_total_urbano,"Población subocupada no demandante de empleo del total urbano, en miles de personas",R/P3M,2010-07-01,2025-07-01,Miles de personas,Expansión de indicadores de la EPH a la Población Total Urbana,Subsecretaría de Programación Macroeconómica,"Secretaría de Política Económica, Ministerio de Economía",Empleo e Ingresos
47.1_ECTSDTBB_0_A_60,eph_continua_tasa_subocupacion_demandante_total_bahia_blanca,Tasa de subocupación demandante total Bahía Blanca.,R/P1Y,2004-01-01,2025-01-01,Porcentaje,Principales variables ocupacionales. EPH continua. Subocupación demandante,Subsecretaría de Programación Macroeconómica,Instituto Nacional de Estadística y Censos (INDEC),Empleo e Ingresos
47.1_ECTSDTCR_0_A_55,eph_continuasubocup_demandante_total_comodoro_rivadavia,Tasa de subocupación demandante total Comodoro Rivadavia.,R/P1Y,2004-01-01,2025-01-01,Porcentaje,Principales variables ocupacionales. EPH continua. Subocupación demandante,Subsecretaría de Programación Macroeconómica,Instituto Nacional de Estadística y Censos (INDEC),Empleo e Ingresos
47.1_ECTSDTCU_0_A_52,eph_continua_tasa_subocupacion_demandante_total_cuyo,Tasa de subocupación demandante total Cuyo.,R/P1Y,2004-01-01,2025-01-01,Porcentaje,Principales variables ocupacionales. EPH continua. Subocupación demandante,Subsecretaría de Programación Macroeconómica,Instituto Nacional de Estadística y Censos (INDEC),Empleo e Ingresos
47.1_ECTSDTC_0_A_52,eph_continua_tasa_subocupacion_demandante_total_caba,Tasa de subocupación demandante total CABA.,R/P1Y,2004-01-01,2025-01-01,Porcentaje,Principales variables ocupacionales. EPH continua. Subocupación demandante,Subsecretaría de Programación Macroeconómica,Instituto Nacional de Estadística y Censos (INDEC),Empleo e Ingresos
47.1_ECTSDTC_0_A_57,eph_continua_tasa_subocupacion_demandante_total_concordia,Tasa de subocupación demandante total Concordia.,R/P1Y,2004-01-01,2025-01-01,Porcentaje,Principales variables ocupacionales. EPH continua. Subocupación demandante,Subsecretaría de Programación Macroeconómica,Instituto Nacional de Estadística y Censos (INDEC),Empleo e Ingresos
47.1_ECTSDTC_0_A_58,eph_continua_tasa_subocupacion_demandante_total_corrientes,Tasa de subocupación demandante total Corrientes.,R/P1Y,2004-01-01,2025-01-01,Porcentaje,Principales variables ocupacionales. EPH continua. Subocupación demandante,Subsecretaría de Programación Macroeconómica,Instituto Nacional de Estadística y Censos (INDEC),Empleo e Ingresos
47.1_ECTSDTF_0_A_55,eph_continua_tasa_subocupacion_demandante_total_formosa,Tasa de subocupación demandante total Formosa.,R/P1Y,2004-01-01,2025-01-01,Porcentaje,Principales variables ocupacionales. EPH continua. Subocupación demandante,Subsecretaría de Programación Macroeconómica,Instituto Nacional de Estadística y Censos (INDEC),Empleo e Ingresos
47.1_ECTSDTGC_0_A_51,eph_continuasubocup_demandante_total_gran_catamarca,Tasa de subocupación demandante total Gran Catamarca.,R/P1Y,2004-01-01,2025-01-01,Porcentaje,Principales variables ocupacionales. EPH continua. Subocupación demandante,Subsecretaría de Programación Macroeconómica,Instituto Nacional de Estadística y Censos (INDEC),Empleo e Ingresos
47.1_ECTSDTGC_0_A_60,eph_continua_tasa_subocupacion_demandante_total_gran_cordoba,Tasa de subocupación demandante total Gran Cordoba.,R/P1Y,2004-01-01,2025-01-01,Porcentaje,Principales variables ocupacionales. EPH continua. Subocupación demandante,Subsecretaría de Programación Macroeconómica,Instituto Nacional de Estadística y Censos (INDEC),Empleo e Ingresos
47.1_ECTSDTGLP_0_A_50,eph_continuasubocup_demandante_total_gran_la_plata,Tasa de subocupación demandante total Gran La Plata.,R/P1Y,2004-01-01,2025-01-01,Porcentaje,Principales variables ocupacionales. EPH continua. Subocupación demandante,Subsecretaría de Programación Macroeconómica,Instituto Nacional de Estadística y Censos (INDEC),Empleo e Ingresos
47.1_ECTSDTGM_0_A_60,eph_continua_tasa_subocupacion_demandante_total_gran_mendoza,Tasa de subocupación demandante total Gran Mendoza.,R/P1Y,2004-01-01,2025-01-01,Porcentaje,Principales variables ocupacionales. EPH continua. Subocupación demandante,Subsecretaría de Programación Macroeconómica,Instituto Nacional de Estadística y Censos (INDEC),Empleo e Ingresos
47.1_ECTSDTGP_0_A_59,eph_continua_tasa_subocupacion_demandante_total_gran_parana,Tasa de subocupación demandante total Gran Paraná.,R/P1Y,2004-01-01,2025-01-01,Porcentaje,Principales variables ocupacionales. EPH continua. Subocupación demandante,Subsecretaría de Programación Macroeconómica,Instituto Nacional de Estadística y Censos (INDEC),Empleo e Ingresos
47.1_ECTSDTGR_0_A_53,eph_continuasubocup_demandante_total_gran_resistencia,Tasa de subocupación demandante total Gran Resistencia.,R/P1Y,2004-01-01,2025-01-01,Porcentaje,Principales variables ocupacionales. EPH continua. Subocupación demandante,Subsecretaría de Programación Macroeconómica,Instituto Nacional de Estadística y Censos (INDEC),Empleo e Ingresos
47.1_ECTSDTGR_0_A_60,eph_continua_tasa_subocupacion_demandante_total_gran_rosario,Tasa de subocupación demandante total Gran Rosario.,R/P1Y,2004-01-01,2025-01-01,Porcentaje,Principales variables ocupacionales. EPH continua. Subocupación demandante,Subsecretaría de Programación Macroeconómica,Instituto Nacional de Estadística y Censos (INDEC),Empleo e Ingresos
47.1_ECTSDTGSF_0_A_50,eph_continuasubocup_demandante_total_gran_santa_fe,Tasa de subocupación demandante total Gran Santa Fe.,R/P1Y,2004-01-01,2025-01-01,Porcentaje,Principales variables ocupacionales. EPH continua. Subocupación demandante,Subsecretaría de Programación Macroeconómica,Instituto Nacional de Estadística y Censos (INDEC),Empleo e Ingresos
47.1_ECTSDTGSJ_0_A_50,eph_continuasubocup_demandante_total_gran_san_juan,Tasa de subocupación demandante total Gran San Juan.,R/P1Y,2004-01-01,2025-01-01,Porcentaje,Principales variables ocupacionales. EPH continua. Subocupación demandante,Subsecretaría de Programación Macroeconómica,Instituto Nacional de Estadística y Censos (INDEC),Empleo e Ingresos
47.1_ECTSDTGT_0_A_60,eph_continua_tasa_subocupacion_demandante_total_gran_tucuman,Tasa de subocupación demandante total Gran Tucumán.,R/P1Y,2004-01-01,2025-01-01,Porcentaje,Principales variables ocupacionales. EPH continua. Subocupación demandante,Subsecretaría de Programación Macroeconómica,Instituto Nacional de Estadística y Censos (INDEC),Empleo e Ingresos
47.1_ECTSDTG_0_A_51,eph_continua_tasa_subocupacion_demandante_total_gba,Tasa de subocupación demandante total Gran Buenos Aires.,R/P1Y,2004-01-01,2025-01-01,Porcentaje,Principales variables ocupacionales. EPH continua. Subocupación demandante,Subsecretaría de Programación Macroeconómica,Instituto Nacional de Estadística y Censos (INDEC),Empleo e Ingresos
47.1_ECTSDTJ_0_A_53,eph_continua_tasa_subocupacion_demandante_total_jujuy,Tasa de subocupación demandante total Jujuy.,R/P1Y,2004-01-01,2025-01-01,Porcentaje,Principales variables ocupacionales. EPH continua. Subocupación demandante,Subsecretaría de Programación Macroeconómica,Instituto Nacional de Estadística y Censos (INDEC),Empleo e Ingresos
47.1_ECTSDTLR_0_A_56,eph_continua_tasa_subocupacion_demandante_total_la_rioja,Tasa de subocupación demandante total La Rioja.,R/P1Y,2004-01-01,2025-01-01,Porcentaje,Principales variables ocupacionales. EPH continua. Subocupación demandante,Subsecretaría de Programación Macroeconómica,Instituto Nacional de Estadística y Censos (INDEC),Empleo e Ingresos
47.1_ECTSDTMDP_0_A_50,eph_continuasubocup_demandante_total_mar_del_plata,Tasa de subocupación demandante total Mar del Plata.,R/P1Y,2004-01-01,2025-01-01,Porcentaje,Principales variables ocupacionales. EPH continua. Subocupación demandante,Subsecretaría de Programación Macroeconómica,Instituto Nacional de Estadística y Censos (INDEC),Empleo e Ingresos
47.1_ECTSDTNE_0_A_56,eph_continua_tasa_subocupacion_demandante_total_nordeste,Tasa de subocupación demandante total región nordeste.,R/P1Y,2004-01-01,2025-01-01,Porcentaje,Principales variables ocupacionales. EPH continua. Subocupación demandante,Subsecretaría de Programación Macroeconómica,Instituto Nacional de Estadística y Censos (INDEC),Empleo e Ingresos
47.1_ECTSDTN_0_A_55,eph_continua_tasa_subocupacion_demandante_total_neuquen,Tasa de subocupación demandante total Neuquén.,R/P1Y,2004-01-01,2025-01-01,Porcentaje,Principales variables ocupacionales. EPH continua. Subocupación demandante,Subsecretaría de Programación Macroeconómica,Instituto Nacional de Estadística y Censos (INDEC),Empleo e Ingresos
47.1_ECTSDTN_0_A_56,eph_continua_tasa_subocupacion_demandante_total_noroeste,Tasa de subocupación demandante total región noroeste.,R/P1Y,2004-01-01,2025-01-01,Porcentaje,Principales variables ocupacionales. EPH continua. Subocupación demandante,Subsecretaría de Programación Macroeconómica,Instituto Nacional de Estadística y Censos (INDEC),Empleo e Ingresos
47.1_ECTSDTPG_0_A_60,eph_continua_tasa_subocupacion_demandante_total_partidos_gba,Tasa de subocupación demandante total partidos GBA.,R/P1Y,2004-01-01,2025-01-01,Porcentaje,Principales variables ocupacionales. EPH continua. Subocupación demandante,Subsecretaría de Programación Macroeconómica,Instituto Nacional de Estadística y Censos (INDEC),Empleo e Ingresos
47.1_ECTSDTP_0_A_55,eph_continua_tasa_subocupacion_demandante_total_posadas,Tasa de subocupación demandante total Posadas.,R/P1Y,2004-01-01,2025-01-01,Porcentaje,Principales variables ocupacionales. EPH continua. Subocupación demandante,Subsecretaría de Programación Macroeconómica,Instituto Nacional de Estadística y Censos (INDEC),Empleo e Ingresos
47.1_ECTSDTP_0_A_57,eph_continua_tasa_subocupacion_demandante_total_patagonia,Tasa de subocupación demandante total patagonia.,R/P1Y,2004-01-01,2025-01-01,Porcentaje,Principales variables ocupacionales. EPH continua. Subocupación demandante,Subsecretaría de Programación Macroeconómica,Instituto Nacional de Estadística y Censos (INDEC),Empleo e Ingresos
47.1_ECTSDTRC_0_A_58,eph_continua_tasa_subocupacion_demandante_total_rio_cuarto,Tasa de subocupación demandante total Río Cuarto.,R/P1Y,2004-01-01,2025-01-01,Porcentaje,Principales variables ocupacionales. EPH continua. Subocupación demandante,Subsecretaría de Programación Macroeconómica,Instituto Nacional de Estadística y Censos (INDEC),Empleo e Ingresos
47.1_ECTSDTRG_0_A_60,eph_continua_tasa_subocupacion_demandante_total_rio_gallegos,Tasa de subocupación demandante total Río Gallegos.,R/P1Y,2004-01-01,2025-01-01,Porcentaje,Principales variables ocupacionales. EPH continua. Subocupación demandante,Subsecretaría de Programación Macroeconómica,Instituto Nacional de Estadística y Censos (INDEC),Empleo e Ingresos
47.1_ECTSDTRP_0_A_58,eph_continua_tasa_subocupacion_demandante_tot_reg_pampeana,Tasa de subocupación demandante total región pampeana.,R/P1Y,2004-01-01,2025-01-01,Porcentaje,Principales variables ocupacionales. EPH continua. Subocupación demandante,Subsecretaría de Programación Macroeconómica,Instituto Nacional de Estadística y Censos (INDEC),Empleo e Ingresos
47.1_ECTSDTRT_0_A_50,eph_continuasubocup_demandante_total_rawson_trelew,Tasa de subocupación demandante total Rawson - Trelew.,R/P1Y,2007-01-01,2025-01-01,Porcentaje,Principales variables ocupacionales. EPH continua. Subocupación demandante,Subsecretaría de Programación Macroeconómica,Instituto Nacional de Estadística y Censos (INDEC),Empleo e Ingresos
47.1_ECTSDTSDE_0_A_56,eph_continuasubocup_demandante_total_santiago_del_estero,Tasa de subocupación demandante total Santiago del Estero.,R/P1Y,2004-01-01,2025-01-01,Porcentaje,Principales variables ocupacionales. EPH continua. Subocupación demandante,Subsecretaría de Programación Macroeconómica,Instituto Nacional de Estadística y Censos (INDEC),Empleo e Ingresos
47.1_ECTSDTSL_0_A_56,eph_continua_tasa_subocupacion_demandante_total_san_luis,Tasa de subocupación demandante total San Luis.,R/P1Y,2004-01-01,2025-01-01,Porcentaje,Principales variables ocupacionales. EPH continua. Subocupación demandante,Subsecretaría de Programación Macroeconómica,Instituto Nacional de Estadística y Censos (INDEC),Empleo e Ingresos
47.1_ECTSDTSN_0_A_59,eph_continua_tasa_subocupacion_demandante_total_san_nicolas,Tasa de subocupación demandante total San Nicolás.,R/P1Y,2007-01-01,2025-01-01,Porcentaje,Principales variables ocupacionales. EPH continua. Subocupación demandante,Subsecretaría de Programación Macroeconómica,Instituto Nacional de Estadística y Censos (INDEC),Empleo e Ingresos
47.1_ECTSDTSR_0_A_58,eph_continua_tasa_subocupacion_demandante_total_santa_rosa,Tasa de subocupación demandante total Santa Rosa.,R/P1Y,2004-01-01,2025-01-01,Porcentaje,Principales variables ocupacionales. EPH continua. Subocupación demandante,Subsecretaría de Programación Macroeconómica,Instituto Nacional de Estadística y Censos (INDEC),Empleo e Ingresos
47.1_ECTSDTS_0_A_53,eph_continua_tasa_subocupacion_demandante_total_salta,Tasa de subocupación demandante total Salta.,R/P1Y,2004-01-01,2025-01-01,Porcentaje,Principales variables ocupacionales. EPH continua. Subocupación demandante,Subsecretaría de Programación Macroeconómica,Instituto Nacional de Estadística y Censos (INDEC),Empleo e Ingresos
47.1_ECTSDTURG_0_A_55,eph_continuasubocup_demandante_total_ushuaia_rio_grande,Tasa de subocupación demandante total Ushuaia-Río Grande.,R/P1Y,2004-01-01,2025-01-01,Porcentaje,Principales variables ocupacionales. EPH continua. Subocupación demandante,Subsecretaría de Programación Macroeconómica,Instituto Nacional de Estadística y Censos (INDEC),Empleo e Ingresos
47.1_ECTSDTVCP_0_A_60,eph_continuasubocup_demandante_total_viedma_carmen_patagones,Tasa de subocupación demandante total Viedma - Carmen de Patagones.,R/P1Y,2007-01-01,2025-01-01,Porcentaje,Principales variables ocupacionales. EPH continua. Subocupación demandante,Subsecretaría de Programación Macroeconómica,Instituto Nacional de Estadística y Censos (INDEC),Empleo e Ingresos
47.1_ECTSDT_0_A_47,eph_continua_tasa_subocupacion_demandante_total,Tasa de subocupación demandante total.,R/P1Y,2004-01-01,2025-01-01,Porcentaje,Principales variables ocupacionales. EPH continua. Subocupación demandante,Subsecretaría de Programación Macroeconómica,Instituto Nacional de Estadística y Censos (INDEC),Empleo e Ingresos
47.2_ECTSDTBB_0_T_60,eph_continua_tasa_subocupacion_demandante_total_bahia_blanca,Tasa de subocupación demandante total Bahía Blanca.,R/P3M,2003-07-01,2026-01-01,Porcentaje,Principales variables ocupacionales. EPH continua. Subocupación demandante,Subsecretaría de Programación Macroeconómica,Instituto Nacional de Estadística y Censos (INDEC),Empleo e Ingresos
47.2_ECTSDTCR_0_T_55,eph_continuasubocup_demandante_total_comodoro_rivadavia,Tasa de subocupación demandante total Comodoro Rivadavia.,R/P3M,2003-07-01,2026-01-01,Porcentaje,Principales variables ocupacionales. EPH continua. Subocupación demandante,Subsecretaría de Programación Macroeconómica,Instituto Nacional de Estadística y Censos (INDEC),Empleo e Ingresos
47.2_ECTSDTCU_0_T_52,eph_continua_tasa_subocupacion_demandante_total_cuyo,Tasa de subocupación demandante total Cuyo.,R/P3M,2003-01-01,2026-01-01,Porcentaje,Principales variables ocupacionales. EPH continua. Subocupación demandante,Subsecretaría de Programación Macroeconómica,Instituto Nacional de Estadística y Censos (INDEC),Empleo e Ingresos
47.2_ECTSDTC_0_T_52,eph_continua_tasa_subocupacion_demandante_total_caba,Tasa de subocupación demandante total CABA.,R/P3M,2003-01-01,2026-01-01,Porcentaje,Principales variables ocupacionales. EPH continua. Subocupación demandante,Subsecretaría de Programación Macroeconómica,Instituto Nacional de Estadística y Censos (INDEC),Empleo e Ingresos
47.2_ECTSDTC_0_T_57,eph_continua_tasa_subocupacion_demandante_total_concordia,Tasa de subocupación demandante total Concordia.,R/P3M,2003-07-01,2026-01-01,Porcentaje,Principales variables ocupacionales. EPH continua. Subocupación demandante,Subsecretaría de Programación Macroeconómica,Instituto Nacional de Estadística y Censos (INDEC),Empleo e Ingresos
47.2_ECTSDTC_0_T_58,eph_continua_tasa_subocupacion_demandante_total_corrientes,Tasa de subocupación demandante total Corrientes.,R/P3M,2003-07-01,2026-01-01,Porcentaje,Principales variables ocupacionales. EPH continua. Subocupación demandante,Subsecretaría de Programación Macroeconómica,Instituto Nacional de Estadística y Censos (INDEC),Empleo e Ingresos
47.2_ECTSDTF_0_T_55,eph_continua_tasa_subocupacion_demandante_total_formosa,Tasa de subocupación demandante total Formosa.,R/P3M,2003-07-01,2026-01-01,Porcentaje,Principales variables ocupacionales. EPH continua. Subocupación demandante,Subsecretaría de Programación Macroeconómica,Instituto Nacional de Estadística y Censos (INDEC),Empleo e Ingresos
47.2_ECTSDTGC_0_T_51,eph_continuasubocup_demandante_total_gran_catamarca,Tasa de subocupación demandante total Gran Catamarca.,R/P3M,2003-07-01,2026-01-01,Porcentaje,Principales variables ocupacionales. EPH continua. Subocupación demandante,Subsecretaría de Programación Macroeconómica,Instituto Nacional de Estadística y Censos (INDEC),Empleo e Ingresos
47.2_ECTSDTGC_0_T_60,eph_continua_tasa_subocupacion_demandante_total_gran_cordoba,Tasa de subocupación demandante total Gran Cordoba.,R/P3M,2003-01-01,2026-01-01,Porcentaje,Principales variables ocupacionales. EPH continua. Subocupación demandante,Subsecretaría de Programación Macroeconómica,Instituto Nacional de Estadística y Censos (INDEC),Empleo e Ingresos
47.2_ECTSDTGLP_0_T_50,eph_continuasubocup_demandante_total_gran_la_plata,Tasa de subocupación demandante total Gran La Plata.,R/P3M,2003-01-01,2026-01-01,Porcentaje,Principales variables ocupacionales. EPH continua. Subocupación demandante,Subsecretaría de Programación Macroeconómica,Instituto Nacional de Estadística y Censos (INDEC),Empleo e Ingresos
47.2_ECTSDTGM_0_T_60,eph_continua_tasa_subocupacion_demandante_total_gran_mendoza,Tasa de subocupación demandante total Gran Mendoza.,R/P3M,2003-01-01,2026-01-01,Porcentaje,Principales variables ocupacionales. EPH continua. Subocupación demandante,Subsecretaría de Programación Macroeconómica,Instituto Nacional de Estadística y Censos (INDEC),Empleo e Ingresos
47.2_ECTSDTGP_0_T_59,eph_continua_tasa_subocupacion_demandante_total_gran_parana,Tasa de subocupación demandante total Gran Paraná.,R/P3M,2003-07-01,2026-01-01,Porcentaje,Principales variables ocupacionales. EPH continua. Subocupación demandante,Subsecretaría de Programación Macroeconómica,Instituto Nacional de Estadística y Censos (INDEC),Empleo e Ingresos
47.2_ECTSDTGR_0_T_53,eph_continuasubocup_demandante_total_gran_resistencia,Tasa de subocupación demandante total Gran Resistencia.,R/P3M,2003-07-01,2026-01-01,Porcentaje,Principales variables ocupacionales. EPH continua. Subocupación demandante,Subsecretaría de Programación Macroeconómica,Instituto Nacional de Estadística y Censos (INDEC),Empleo e Ingresos
47.2_ECTSDTGR_0_T_60,eph_continua_tasa_subocupacion_demandante_total_gran_rosario,Tasa de subocupación demandante total Gran Rosario.,R/P3M,2003-01-01,2026-01-01,Porcentaje,Principales variables ocupacionales. EPH continua. Subocupación demandante,Subsecretaría de Programación Macroeconómica,Instituto Nacional de Estadística y Censos (INDEC),Empleo e Ingresos
47.2_ECTSDTGSF_0_T_50,eph_continuasubocup_demandante_total_gran_santa_fe,Tasa de subocupación demandante total Gran Santa Fe.,R/P3M,2003-07-01,2026-01-01,Porcentaje,Principales variables ocupacionales. EPH continua. Subocupación demandante,Subsecretaría de Programación Macroeconómica,Instituto Nacional de Estadística y Censos (INDEC),Empleo e Ingresos
47.2_ECTSDTGSJ_0_T_50,eph_continuasubocup_demandante_total_gran_san_juan,Tasa de subocupación demandante total Gran San Juan.,R/P3M,2003-07-01,2026-01-01,Porcentaje,Principales variables ocupacionales. EPH continua. Subocupación demandante,Subsecretaría de Programación Macroeconómica,Instituto Nacional de Estadística y Censos (INDEC),Empleo e Ingresos
47.2_ECTSDTGT_0_T_60,eph_continua_tasa_subocupacion_demandante_total_gran_tucuman,Tasa de subocupación demandante total Gran Tucumán.,R/P3M,2003-01-01,2026-01-01,Porcentaje,Principales variables ocupacionales. EPH continua. Subocupación demandante,Subsecretaría de Programación Macroeconómica,Instituto Nacional de Estadística y Censos (INDEC),Empleo e Ingresos
47.2_ECTSDTG_0_T_51,eph_continua_tasa_subocupacion_demandante_total_gba,Tasa de subocupación demandante total Gran Buenos Aires.,R/P3M,2003-01-01,2026-01-01,Porcentaje,Principales variables ocupacionales. EPH continua. Subocupación demandante,Subsecretaría de Programación Macroeconómica,Instituto Nacional de Estadística y Censos (INDEC),Empleo e Ingresos
47.2_ECTSDTJ_0_T_53,eph_continua_tasa_subocupacion_demandante_total_jujuy,Tasa de subocupación demandante total Jujuy.,R/P3M,2003-07-01,2026-01-01,Porcentaje,Principales variables ocupacionales. EPH continua. Subocupación demandante,Subsecretaría de Programación Macroeconómica,Instituto Nacional de Estadística y Censos (INDEC),Empleo e Ingresos
47.2_ECTSDTLR_0_T_56,eph_continua_tasa_subocupacion_demandante_total_la_rioja,Tasa de subocupación demandante total La Rioja.,R/P3M,2003-07-01,2026-01-01,Porcentaje,Principales variables ocupacionales. EPH continua. Subocupación demandante,Subsecretaría de Programación Macroeconómica,Instituto Nacional de Estadística y Censos (INDEC),Empleo e Ingresos
47.2_ECTSDTMDP_0_T_50,eph_continuasubocup_demandante_total_mar_del_plata,Tasa de subocupación demandante total Mar del Plata.,R/P3M,2003-01-01,2026-01-01,Porcentaje,Principales variables ocupacionales. EPH continua. Subocupación demandante,Subsecretaría de Programación Macroeconómica,Instituto Nacional de Estadística y Censos (INDEC),Empleo e Ingresos
47.2_ECTSDTNE_0_T_56,eph_continua_tasa_subocupacion_demandante_total_nordeste,Tasa de subocupación demandante total región nordeste.,R/P3M,2003-01-01,2026-01-01,Porcentaje,Principales variables ocupacionales. EPH continua. Subocupación demandante,Subsecretaría de Programación Macroeconómica,Instituto Nacional de Estadística y Censos (INDEC),Empleo e Ingresos
47.2_ECTSDTNO_0_T_56,eph_continua_tasa_subocupacion_demandante_total_noroeste,Tasa de subocupación demandante total región noroeste.,R/P3M,2003-01-01,2026-01-01,Porcentaje,Principales variables ocupacionales. EPH continua. Subocupación demandante,Subsecretaría de Programación Macroeconómica,Instituto Nacional de Estadística y Censos (INDEC),Empleo e Ingresos
47.2_ECTSDTN_0_T_55,eph_continua_tasa_subocupacion_demandante_total_neuquen,Tasa de subocupación demandante total Neuquén.,R/P3M,2003-07-01,2026-01-01,Porcentaje,Principales variables ocupacionales. EPH continua. Subocupación demandante,Subsecretaría de Programación Macroeconómica,Instituto Nacional de Estadística y Censos (INDEC),Empleo e Ingresos
47.2_ECTSDTPG_0_T_60,eph_continua_tasa_subocupacion_demandante_total_partidos_gba,Tasa de subocupación demandante total partidos GBA.,R/P3M,2003-01-01,2026-01-01,Porcentaje,Principales variables ocupacionales. EPH continua. Subocupación demandante,Subsecretaría de Programación Macroeconómica,Instituto Nacional de Estadística y Censos (INDEC),Empleo e Ingresos
47.2_ECTSDTP_0_T_55,eph_continua_tasa_subocupacion_demandante_total_posadas,Tasa de subocupación demandante total Posadas.,R/P3M,2003-07-01,2026-01-01,Porcentaje,Principales variables ocupacionales. EPH continua. Subocupación demandante,Subsecretaría de Programación Macroeconómica,Instituto Nacional de Estadística y Censos (INDEC),Empleo e Ingresos
47.2_ECTSDTP_0_T_57,eph_continua_tasa_subocupacion_demandante_total_patagonia,Tasa de subocupación demandante total patagonia.,R/P3M,2003-01-01,2026-01-01,Porcentaje,Principales variables ocupacionales. EPH continua. Subocupación demandante,Subsecretaría de Programación Macroeconómica,Instituto Nacional de Estadística y Censos (INDEC),Empleo e Ingresos
47.2_ECTSDTRC_0_T_58,eph_continua_tasa_subocupacion_demandante_total_rio_cuarto,Tasa de subocupación demandante total Río Cuarto.,R/P3M,2003-07-01,2026-01-01,Porcentaje,Principales variables ocupacionales. EPH continua. Subocupación demandante,Subsecretaría de Programación Macroeconómica,Instituto Nacional de Estadística y Censos (INDEC),Empleo e Ingresos
47.2_ECTSDTRG_0_T_60,eph_continua_tasa_subocupacion_demandante_total_rio_gallegos,Tasa de subocupación demandante total Río Gallegos.,R/P3M,2003-07-01,2026-01-01,Porcentaje,Principales variables ocupacionales. EPH continua. Subocupación demandante,Subsecretaría de Programación Macroeconómica,Instituto Nacional de Estadística y Censos (INDEC),Empleo e Ingresos
47.2_ECTSDTRP_0_T_52,eph_continuasubocup_demandante_total_region_pampeana,Tasa de subocupación demandante total región pampeana.,R/P3M,2003-01-01,2026-01-01,Porcentaje,Principales variables ocupacionales. EPH continua. Subocupación demandante,Subsecretaría de Programación Macroeconómica,Instituto Nacional de Estadística y Censos (INDEC),Empleo e Ingresos
47.2_ECTSDTRT_0_T_50,eph_continuasubocup_demandante_total_rawson_trelew,Tasa de subocupación demandante total Rawson - Trelew.,R/P3M,2006-10-01,2026-01-01,Porcentaje,Principales variables ocupacionales. EPH continua. Subocupación demandante,Subsecretaría de Programación Macroeconómica,Instituto Nacional de Estadística y Censos (INDEC),Empleo e Ingresos
47.2_ECTSDTSDE_0_T_56,eph_continuasubocup_demandante_total_santiago_del_estero,Tasa de subocupación demandante total Santiago del Estero.,R/P3M,2003-07-01,2026-01-01,Porcentaje,Principales variables ocupacionales. EPH continua. Subocupación demandante,Subsecretaría de Programación Macroeconómica,Instituto Nacional de Estadística y Censos (INDEC),Empleo e Ingresos
47.2_ECTSDTSL_0_T_56,eph_continua_tasa_subocupacion_demandante_total_san_luis,Tasa de subocupación demandante total San Luis.,R/P3M,2003-07-01,2026-01-01,Porcentaje,Principales variables ocupacionales. EPH continua. Subocupación demandante,Subsecretaría de Programación Macroeconómica,Instituto Nacional de Estadística y Censos (INDEC),Empleo e Ingresos
47.2_ECTSDTSN_0_T_59,eph_continua_tasa_subocupacion_demandante_total_san_nicolas,Tasa de subocupación demandante total San Nicolás.,R/P3M,2006-10-01,2026-01-01,Porcentaje,Principales variables ocupacionales. EPH continua. Subocupación demandante,Subsecretaría de Programación Macroeconómica,Instituto Nacional de Estadística y Censos (INDEC),Empleo e Ingresos
47.2_ECTSDTSR_0_T_58,eph_continua_tasa_subocupacion_demandante_total_santa_rosa,Tasa de subocupación demandante total Santa Rosa.,R/P3M,2003-07-01,2026-01-01,Porcentaje,Principales variables ocupacionales. EPH continua. Subocupación demandante,Subsecretaría de Programación Macroeconómica,Instituto Nacional de Estadística y Censos (INDEC),Empleo e Ingresos
47.2_ECTSDTS_0_T_53,eph_continua_tasa_subocupacion_demandante_total_salta,Tasa de subocupación demandante total Salta.,R/P3M,2003-07-01,2026-01-01,Porcentaje,Principales variables ocupacionales. EPH continua. Subocupación demandante,Subsecretaría de Programación Macroeconómica,Instituto Nacional de Estadística y Censos (INDEC),Empleo e Ingresos
47.2_ECTSDTURG_0_T_55,eph_continuasubocup_demandante_total_ushuaia_rio_grande,Tasa de subocupación demandante total Ushuaia-Río Grande.,R/P3M,2003-07-01,2026-01-01,Porcentaje,Principales variables ocupacionales. EPH continua. Subocupación demandante,Subsecretaría de Programación Macroeconómica,Instituto Nacional de Estadística y Censos (INDEC),Empleo e Ingresos
47.2_ECTSDTVCP_0_T_60,eph_continuasubocup_demandante_total_viedma_carmen_patagones,Tasa de subocupación demandante total Viedma - Carmen de Patagones.,R/P3M,2006-10-01,2026-01-01,Porcentaje,Principales variables ocupacionales. EPH continua. Subocupación demandante,Subsecretaría de Programación Macroeconómica,Instituto Nacional de Estadística y Censos (INDEC),Empleo e Ingresos
47.2_ECTSDT_0_T_47,eph_continua_tasa_subocupacion_demandante_total,Tasa de subocupación demandante total.,R/P3M,2003-01-01,2026-01-01,Porcentaje,Principales variables ocupacionales. EPH continua. Subocupación demandante,Subsecretaría de Programación Macroeconómica,Instituto Nacional de Estadística y Censos (INDEC),Empleo e Ingresos
48.1_ECTSNDTBB_0_A_52,eph_continuasubocup_no_demandante_total_bahia_blanca,Tasa de subocupación no demandante total Bahía Blanca.,R/P1Y,2004-01-01,2025-01-01,Porcentaje,Principales variables ocupacionales. EPH continua. Subocupación no demandante,Subsecretaría de Programación Macroeconómica,Instituto Nacional de Estadística y Censos (INDEC),Empleo e Ingresos
48.1_ECTSNDTCR_0_A_58,eph_continuasubocup_no_demandante_total_comodoro_rivadavia,Tasa de subocupación no demandante total Comodoro Rivadavia.,R/P1Y,2004-01-01,2025-01-01,Porcentaje,Principales variables ocupacionales. EPH continua. Subocupación no demandante,Subsecretaría de Programación Macroeconómica,Instituto Nacional de Estadística y Censos (INDEC),Empleo e Ingresos
48.1_ECTSNDTCU_0_A_55,eph_continua_tasa_subocupacion_no_demandante_total_cuyo,Tasa de subocupación no demandante total Cuyo.,R/P1Y,2004-01-01,2025-01-01,Porcentaje,Principales variables ocupacionales. EPH continua. Subocupación no demandante,Subsecretaría de Programación Macroeconómica,Instituto Nacional de Estadística y Censos (INDEC),Empleo e Ingresos
48.1_ECTSNDTC_0_A_50,eph_continuasubocup_no_demandante_total_corrientes,Tasa de subocupación no demandante total Corrientes.,R/P1Y,2004-01-01,2025-01-01,Porcentaje,Principales variables ocupacionales. EPH continua. Subocupación no demandante,Subsecretaría de Programación Macroeconómica,Instituto Nacional de Estadística y Censos (INDEC),Empleo e Ingresos
48.1_ECTSNDTC_0_A_55,eph_continua_tasa_subocupacion_no_demandante_total_caba,Tasa de subocupación no demandante total CABA.,R/P1Y,2004-01-01,2025-01-01,Porcentaje,Principales variables ocupacionales. EPH continua. Subocupación no demandante,Subsecretaría de Programación Macroeconómica,Instituto Nacional de Estadística y Censos (INDEC),Empleo e Ingresos
48.1_ECTSNDTC_0_A_60,eph_continua_tasa_subocupacion_no_demandante_total_concordia,Tasa de subocupación no demandante total Concordia.,R/P1Y,2004-01-01,2025-01-01,Porcentaje,Principales variables ocupacionales. EPH continua. Subocupación no demandante,Subsecretaría de Programación Macroeconómica,Instituto Nacional de Estadística y Censos (INDEC),Empleo e Ingresos
48.1_ECTSNDTF_0_A_58,eph_continua_tasa_subocupacion_no_demandante_total_formosa,Tasa de subocupación no demandante total Formosa.,R/P1Y,2004-01-01,2025-01-01,Porcentaje,Principales variables ocupacionales. EPH continua. Subocupación no demandante,Subsecretaría de Programación Macroeconómica,Instituto Nacional de Estadística y Censos (INDEC),Empleo e Ingresos
48.1_ECTSNDTGC_0_A_52,eph_continuasubocup_no_demandante_total_gran_cordoba,Tasa de subocupación no demandante total Gran Cordoba.,R/P1Y,2004-01-01,2025-01-01,Porcentaje,Principales variables ocupacionales. EPH continua. Subocupación no demandante,Subsecretaría de Programación Macroeconómica,Instituto Nacional de Estadística y Censos (INDEC),Empleo e Ingresos
48.1_ECTSNDTGC_0_A_54,eph_continuasubocup_no_demandante_total_gran_catamarca,Tasa de subocupación no demandante total Gran Catamarca.,R/P1Y,2004-01-01,2025-01-01,Porcentaje,Principales variables ocupacionales. EPH continua. Subocupación no demandante,Subsecretaría de Programación Macroeconómica,Instituto Nacional de Estadística y Censos (INDEC),Empleo e Ingresos
48.1_ECTSNDTGLP_0_A_53,eph_continuasubocup_no_demandante_total_gran_la_plata,Tasa de subocupación no demandante total Gran La Plata.,R/P1Y,2004-01-01,2025-01-01,Porcentaje,Principales variables ocupacionales. EPH continua. Subocupación no demandante,Subsecretaría de Programación Macroeconómica,Instituto Nacional de Estadística y Censos (INDEC),Empleo e Ingresos
48.1_ECTSNDTGM_0_A_52,eph_continuasubocup_no_demandante_total_gran_mendoza,Tasa de subocupación no demandante total Gran Mendoza.,R/P1Y,2004-01-01,2025-01-01,Porcentaje,Principales variables ocupacionales. EPH continua. Subocupación no demandante,Subsecretaría de Programación Macroeconómica,Instituto Nacional de Estadística y Censos (INDEC),Empleo e Ingresos
48.1_ECTSNDTGP_0_A_51,eph_continuasubocup_no_demandante_total_gran_parana,Tasa de subocupación no demandante total Gran Paraná.,R/P1Y,2004-01-01,2025-01-01,Porcentaje,Principales variables ocupacionales. EPH continua. Subocupación no demandante,Subsecretaría de Programación Macroeconómica,Instituto Nacional de Estadística y Censos (INDEC),Empleo e Ingresos
48.1_ECTSNDTGR_0_A_52,eph_continuasubocup_no_demandante_total_gran_rosario,Tasa de subocupación no demandante total Gran Rosario.,R/P1Y,2004-01-01,2025-01-01,Porcentaje,Principales variables ocupacionales. EPH continua. Subocupación no demandante,Subsecretaría de Programación Macroeconómica,Instituto Nacional de Estadística y Censos (INDEC),Empleo e Ingresos
48.1_ECTSNDTGR_0_A_56,eph_continuasubocup_no_demandante_total_gran_resistencia,Tasa de subocupación no demandante total Gran Resistencia.,R/P1Y,2004-01-01,2025-01-01,Porcentaje,Principales variables ocupacionales. EPH continua. Subocupación no demandante,Subsecretaría de Programación Macroeconómica,Instituto Nacional de Estadística y Censos (INDEC),Empleo e Ingresos
48.1_ECTSNDTGSF_0_A_53,eph_continuasubocup_no_demandante_total_gran_santa_fe,Tasa de subocupación no demandante total Gran Santa Fe.,R/P1Y,2004-01-01,2025-01-01,Porcentaje,Principales variables ocupacionales. EPH continua. Subocupación no demandante,Subsecretaría de Programación Macroeconómica,Instituto Nacional de Estadística y Censos (INDEC),Empleo e Ingresos
48.1_ECTSNDTGSJ_0_A_53,eph_continuasubocup_no_demandante_total_gran_san_juan,Tasa de subocupación no demandante total Gran San Juan.,R/P1Y,2004-01-01,2025-01-01,Porcentaje,Principales variables ocupacionales. EPH continua. Subocupación no demandante,Subsecretaría de Programación Macroeconómica,Instituto Nacional de Estadística y Censos (INDEC),Empleo e Ingresos
48.1_ECTSNDTGT_0_A_52,eph_continuasubocup_no_demandante_total_gran_tucuman,Tasa de subocupación no demandante total Gran Tucumán.,R/P1Y,2004-01-01,2025-01-01,Porcentaje,Principales variables ocupacionales. EPH continua. Subocupación no demandante,Subsecretaría de Programación Macroeconómica,Instituto Nacional de Estadística y Censos (INDEC),Empleo e Ingresos
48.1_ECTSNDTG_0_A_54,eph_continua_tasa_subocupacion_no_demandante_total_gba,Tasa de subocupación no demandante total Gran Buenos Aires.,R/P1Y,2004-01-01,2025-01-01,Porcentaje,Principales variables ocupacionales. EPH continua. Subocupación no demandante,Subsecretaría de Programación Macroeconómica,Instituto Nacional de Estadística y Censos (INDEC),Empleo e Ingresos
48.1_ECTSNDTJ_0_A_56,eph_continua_tasa_subocupacion_no_demandante_total_jujuy,Tasa de subocupación no demandante total Jujuy.,R/P1Y,2004-01-01,2025-01-01,Porcentaje,Principales variables ocupacionales. EPH continua. Subocupación no demandante,Subsecretaría de Programación Macroeconómica,Instituto Nacional de Estadística y Censos (INDEC),Empleo e Ingresos
48.1_ECTSNDTLR_0_A_59,eph_continua_tasa_subocupacion_no_demandante_total_la_rioja,Tasa de subocupación no demandante total La Rioja.,R/P1Y,2004-01-01,2025-01-01,Porcentaje,Principales variables ocupacionales. EPH continua. Subocupación no demandante,Subsecretaría de Programación Macroeconómica,Instituto Nacional de Estadística y Censos (INDEC),Empleo e Ingresos
48.1_ECTSNDTMDP_0_A_53,eph_continuasubocup_no_demandante_total_mar_del_plata,Tasa de subocupación no demandante total Mar del Plata.,R/P1Y,2004-01-01,2025-01-01,Porcentaje,Principales variables ocupacionales. EPH continua. Subocupación no demandante,Subsecretaría de Programación Macroeconómica,Instituto Nacional de Estadística y Censos (INDEC),Empleo e Ingresos
48.1_ECTSNDTNE_0_A_59,eph_continua_tasa_subocupacion_no_demandante_total_nordeste,Tasa de subocupación no demandante total región nordeste.,R/P1Y,2004-01-01,2025-01-01,Porcentaje,Principales variables ocupacionales. EPH continua. Subocupación no demandante,Subsecretaría de Programación Macroeconómica,Instituto Nacional de Estadística y Censos (INDEC),Empleo e Ingresos
48.1_ECTSNDTNO_0_A_59,eph_continua_tasa_subocupacion_no_demandante_total_noroeste,Tasa de subocupación no demandante total región noroeste.,R/P1Y,2004-01-01,2025-01-01,Porcentaje,Principales variables ocupacionales. EPH continua. Subocupación no demandante,Subsecretaría de Programación Macroeconómica,Instituto Nacional de Estadística y Censos (INDEC),Empleo e Ingresos
48.1_ECTSNDTN_0_A_58,eph_continua_tasa_subocupacion_no_demandante_total_neuquen,Tasa de subocupación no demandante total Neuquén.,R/P1Y,2004-01-01,2025-01-01,Porcentaje,Principales variables ocupacionales. EPH continua. Subocupación no demandante,Subsecretaría de Programación Macroeconómica,Instituto Nacional de Estadística y Censos (INDEC),Empleo e Ingresos
48.1_ECTSNDTPG_0_A_52,eph_continuasubocup_no_demandante_total_partidos_gba,Tasa de subocupación no demandante total partidos GBA.,R/P1Y,2004-01-01,2025-01-01,Porcentaje,Principales variables ocupacionales. EPH continua. Subocupación no demandante,Subsecretaría de Programación Macroeconómica,Instituto Nacional de Estadística y Censos (INDEC),Empleo e Ingresos
48.1_ECTSNDTP_0_A_58,eph_continua_tasa_subocupacion_no_demandante_total_posadas,Tasa de subocupación no demandante total Posadas.,R/P1Y,2004-01-01,2025-01-01,Porcentaje,Principales variables ocupacionales. EPH continua. Subocupación no demandante,Subsecretaría de Programación Macroeconómica,Instituto Nacional de Estadística y Censos (INDEC),Empleo e Ingresos
48.1_ECTSNDTP_0_A_60,eph_continua_tasa_subocupacion_no_demandante_total_patagonia,Tasa de subocupación no demandante total patagonia.,R/P1Y,2004-01-01,2025-01-01,Porcentaje,Principales variables ocupacionales. EPH continua. Subocupación no demandante,Subsecretaría de Programación Macroeconómica,Instituto Nacional de Estadística y Censos (INDEC),Empleo e Ingresos
48.1_ECTSNDTRC_0_A_50,eph_continuasubocup_no_demandante_total_rio_cuarto,Tasa de subocupación no demandante total Río Cuarto.,R/P1Y,2004-01-01,2025-01-01,Porcentaje,Principales variables ocupacionales. EPH continua. Subocupación no demandante,Subsecretaría de Programación Macroeconómica,Instituto Nacional de Estadística y Censos (INDEC),Empleo e Ingresos
48.1_ECTSNDTRG_0_A_52,eph_continuasubocup_no_demandante_total_rio_gallegos,Tasa de subocupación no demandante total Río Gallegos.,R/P1Y,2004-01-01,2025-01-01,Porcentaje,Principales variables ocupacionales. EPH continua. Subocupación no demandante,Subsecretaría de Programación Macroeconómica,Instituto Nacional de Estadística y Censos (INDEC),Empleo e Ingresos
48.1_ECTSNDTRP_0_A_55,eph_continuasubocup_no_demandante_total_region_pampeana,Tasa de subocupación no demandante total región pampeana.,R/P1Y,2004-01-01,2025-01-01,Porcentaje,Principales variables ocupacionales. EPH continua. Subocupación no demandante,Subsecretaría de Programación Macroeconómica,Instituto Nacional de Estadística y Censos (INDEC),Empleo e Ingresos
48.1_ECTSNDTRT_0_A_53,eph_continuasubocup_no_demandante_total_rawson_trelew,Tasa de subocupación no demandante total Rawson - Trelew.,R/P1Y,2007-01-01,2025-01-01,Porcentaje,Principales variables ocupacionales. EPH continua. Subocupación no demandante,Subsecretaría de Programación Macroeconómica,Instituto Nacional de Estadística y Censos (INDEC),Empleo e Ingresos
48.1_ECTSNDTSDE_0_A_59,eph_continuasubocup_no_demandante_total_santiago_del_estero,Tasa de subocupación no demandante total Santiago del Estero.,R/P1Y,2004-01-01,2025-01-01,Porcentaje,Principales variables ocupacionales. EPH continua. Subocupación no demandante,Subsecretaría de Programación Macroeconómica,Instituto Nacional de Estadística y Censos (INDEC),Empleo e Ingresos
48.1_ECTSNDTSL_0_A_59,eph_continua_tasa_subocupacion_no_demandante_total_san_luis,Tasa de subocupación no demandante total San Luis.,R/P1Y,2004-01-01,2025-01-01,Porcentaje,Principales variables ocupacionales. EPH continua. Subocupación no demandante,Subsecretaría de Programación Macroeconómica,Instituto Nacional de Estadística y Censos (INDEC),Empleo e Ingresos
48.1_ECTSNDTSN_0_A_51,eph_continuasubocup_no_demandante_total_san_nicolas,Tasa de subocupación no demandante total San Nicolás.,R/P1Y,2007-01-01,2025-01-01,Porcentaje,Principales variables ocupacionales. EPH continua. Subocupación no demandante,Subsecretaría de Programación Macroeconómica,Instituto Nacional de Estadística y Censos (INDEC),Empleo e Ingresos
48.1_ECTSNDTSR_0_A_50,eph_continuasubocup_no_demandante_total_santa_rosa,Tasa de subocupación no demandante total Santa Rosa.,R/P1Y,2004-01-01,2025-01-01,Porcentaje,Principales variables ocupacionales. EPH continua. Subocupación no demandante,Subsecretaría de Programación Macroeconómica,Instituto Nacional de Estadística y Censos (INDEC),Empleo e Ingresos
48.1_ECTSNDTS_0_A_56,eph_continua_tasa_subocupacion_no_demandante_total_salta,Tasa de subocupación no demandante total Salta.,R/P1Y,2004-01-01,2025-01-01,Porcentaje,Principales variables ocupacionales. EPH continua. Subocupación no demandante,Subsecretaría de Programación Macroeconómica,Instituto Nacional de Estadística y Censos (INDEC),Empleo e Ingresos
48.1_ECTSNDTURG_0_A_58,eph_continuasubocup_no_demandante_total_ushuaia_rio_grande,Tasa de subocupación no demandante total Ushuaia-Río Grande.,R/P1Y,2004-01-01,2025-01-01,Porcentaje,Principales variables ocupacionales. EPH continua. Subocupación no demandante,Subsecretaría de Programación Macroeconómica,Instituto Nacional de Estadística y Censos (INDEC),Empleo e Ingresos
48.1_ECTSNDTVCP_0_A_57,eph_continuasubocup_no_demandante_viedma_carmen_patagones,Tasa de subocupación no demandante total Viedma - Carmen de Patagones.,R/P1Y,2007-01-01,2025-01-01,Porcentaje,Principales variables ocupacionales. EPH continua. Subocupación no demandante,Subsecretaría de Programación Macroeconómica,Instituto Nacional de Estadística y Censos (INDEC),Empleo e Ingresos
48.1_ECTSNDT_0_A_50,eph_continua_tasa_subocupacion_no_demandante_total,Tasa de subocupación no demandante total.,R/P1Y,2004-01-01,2025-01-01,Porcentaje,Principales variables ocupacionales. EPH continua. Subocupación no demandante,Subsecretaría de Programación Macroeconómica,Instituto Nacional de Estadística y Censos (INDEC),Empleo e Ingresos
48.2_ECTSNDTBB_0_T_52,eph_continuasubocup_no_demandante_total_bahia_blanca,Tasa de subocupación no demandante total Bahía Blanca.,R/P3M,2003-07-01,2026-01-01,Porcentaje,Principales variables ocupacionales. EPH continua. Subocupación no demandante,Subsecretaría de Programación Macroeconómica,Instituto Nacional de Estadística y Censos (INDEC),Empleo e Ingresos
48.2_ECTSNDTCR_0_T_58,eph_continuasubocup_no_demandante_total_comodoro_rivadavia,Tasa de subocupación no demandante total Comodoro Rivadavia.,R/P3M,2003-07-01,2026-01-01,Porcentaje,Principales variables ocupacionales. EPH continua. Subocupación no demandante,Subsecretaría de Programación Macroeconómica,Instituto Nacional de Estadística y Censos (INDEC),Empleo e Ingresos
48.2_ECTSNDTCU_0_T_55,eph_continua_tasa_subocupacion_no_demandante_total_cuyo,Tasa de subocupación no demandante total Cuyo.,R/P3M,2003-01-01,2026-01-01,Porcentaje,Principales variables ocupacionales. EPH continua. Subocupación no demandante,Subsecretaría de Programación Macroeconómica,Instituto Nacional de Estadística y Censos (INDEC),Empleo e Ingresos
48.2_ECTSNDTC_0_T_50,eph_continuasubocup_no_demandante_total_corrientes,Tasa de subocupación no demandante total Corrientes.,R/P3M,2003-07-01,2026-01-01,Porcentaje,Principales variables ocupacionales. EPH continua. Subocupación no demandante,Subsecretaría de Programación Macroeconómica,Instituto Nacional de Estadística y Censos (INDEC),Empleo e Ingresos
48.2_ECTSNDTC_0_T_55,eph_continua_tasa_subocupacion_no_demandante_total_caba,Tasa de subocupación no demandante total CABA.,R/P3M,2003-01-01,2026-01-01,Porcentaje,Principales variables ocupacionales. EPH continua. Subocupación no demandante,Subsecretaría de Programación Macroeconómica,Instituto Nacional de Estadística y Censos (INDEC),Empleo e Ingresos
48.2_ECTSNDTC_0_T_60,eph_continua_tasa_subocupacion_no_demandante_total_concordia,Tasa de subocupación no demandante total Concordia.,R/P3M,2003-07-01,2026-01-01,Porcentaje,Principales variables ocupacionales. EPH continua. Subocupación no demandante,Subsecretaría de Programación Macroeconómica,Instituto Nacional de Estadística y Censos (INDEC),Empleo e Ingresos
48.2_ECTSNDTF_0_T_58,eph_continua_tasa_subocupacion_no_demandante_total_formosa,Tasa de subocupación no demandante total Formosa.,R/P3M,2003-07-01,2026-01-01,Porcentaje,Principales variables ocupacionales. EPH continua. Subocupación no demandante,Subsecretaría de Programación Macroeconómica,Instituto Nacional de Estadística y Censos (INDEC),Empleo e Ingresos
48.2_ECTSNDTGC_0_T_52,eph_continuasubocup_no_demandante_total_gran_cordoba,Tasa de subocupación no demandante total Gran Cordoba.,R/P3M,2003-01-01,2026-01-01,Porcentaje,Principales variables ocupacionales. EPH continua. Subocupación no demandante,Subsecretaría de Programación Macroeconómica,Instituto Nacional de Estadística y Censos (INDEC),Empleo e Ingresos
48.2_ECTSNDTGC_0_T_54,eph_continuasubocup_no_demandante_total_gran_catamarca,Tasa de subocupación no demandante total Gran Catamarca.,R/P3M,2003-07-01,2026-01-01,Porcentaje,Principales variables ocupacionales. EPH continua. Subocupación no demandante,Subsecretaría de Programación Macroeconómica,Instituto Nacional de Estadística y Censos (INDEC),Empleo e Ingresos
48.2_ECTSNDTGLP_0_T_53,eph_continuasubocup_no_demandante_total_gran_la_plata,Tasa de subocupación no demandante total Gran La Plata.,R/P3M,2003-01-01,2026-01-01,Porcentaje,Principales variables ocupacionales. EPH continua. Subocupación no demandante,Subsecretaría de Programación Macroeconómica,Instituto Nacional de Estadística y Censos (INDEC),Empleo e Ingresos
48.2_ECTSNDTGM_0_T_52,eph_continuasubocup_no_demandante_total_gran_mendoza,Tasa de subocupación no demandante total Gran Mendoza.,R/P3M,2003-01-01,2026-01-01,Porcentaje,Principales variables ocupacionales. EPH continua. Subocupación no demandante,Subsecretaría de Programación Macroeconómica,Instituto Nacional de Estadística y Censos (INDEC),Empleo e Ingresos
48.2_ECTSNDTGP_0_T_51,eph_continuasubocup_no_demandante_total_gran_parana,Tasa de subocupación no demandante total Gran Paraná.,R/P3M,2003-07-01,2026-01-01,Porcentaje,Principales variables ocupacionales. EPH continua. Subocupación no demandante,Subsecretaría de Programación Macroeconómica,Instituto Nacional de Estadística y Censos (INDEC),Empleo e Ingresos
48.2_ECTSNDTGR_0_T_52,eph_continuasubocup_no_demandante_total_gran_rosario,Tasa de subocupación no demandante total Gran Rosario.,R/P3M,2003-01-01,2026-01-01,Porcentaje,Principales variables ocupacionales. EPH continua. Subocupación no demandante,Subsecretaría de Programación Macroeconómica,Instituto Nacional de Estadística y Censos (INDEC),Empleo e Ingresos
48.2_ECTSNDTGR_0_T_56,eph_continuasubocup_no_demandante_total_gran_resistencia,Tasa de subocupación no demandante total Gran Resistencia.,R/P3M,2003-07-01,2026-01-01,Porcentaje,Principales variables ocupacionales. EPH continua. Subocupación no demandante,Subsecretaría de Programación Macroeconómica,Instituto Nacional de Estadística y Censos (INDEC),Empleo e Ingresos
48.2_ECTSNDTGSF_0_T_53,eph_continuasubocup_no_demandante_total_gran_santa_fe,Tasa de subocupación no demandante total Gran Santa Fe.,R/P3M,2003-07-01,2026-01-01,Porcentaje,Principales variables ocupacionales. EPH continua. Subocupación no demandante,Subsecretaría de Programación Macroeconómica,Instituto Nacional de Estadística y Censos (INDEC),Empleo e Ingresos
48.2_ECTSNDTGSJ_0_T_53,eph_continuasubocup_no_demandante_total_gran_san_juan,Tasa de subocupación no demandante total Gran San Juan.,R/P3M,2003-07-01,2026-01-01,Porcentaje,Principales variables ocupacionales. EPH continua. Subocupación no demandante,Subsecretaría de Programación Macroeconómica,Instituto Nacional de Estadística y Censos (INDEC),Empleo e Ingresos
48.2_ECTSNDTGT_0_T_52,eph_continuasubocup_no_demandante_total_gran_tucuman,Tasa de subocupación no demandante total Gran Tucumán.,R/P3M,2003-01-01,2026-01-01,Porcentaje,Principales variables ocupacionales. EPH continua. Subocupación no demandante,Subsecretaría de Programación Macroeconómica,Instituto Nacional de Estadística y Censos (INDEC),Empleo e Ingresos
48.2_ECTSNDTG_0_T_54,eph_continua_tasa_subocupacion_no_demandante_total_gba,Tasa de subocupación no demandante total Gran Buenos Aires.,R/P3M,2003-01-01,2026-01-01,Porcentaje,Principales variables ocupacionales. EPH continua. Subocupación no demandante,Subsecretaría de Programación Macroeconómica,Instituto Nacional de Estadística y Censos (INDEC),Empleo e Ingresos
48.2_ECTSNDTJ_0_T_56,eph_continua_tasa_subocupacion_no_demandante_total_jujuy,Tasa de subocupación no demandante total Jujuy.,R/P3M,2003-07-01,2026-01-01,Porcentaje,Principales variables ocupacionales. EPH continua. Subocupación no demandante,Subsecretaría de Programación Macroeconómica,Instituto Nacional de Estadística y Censos (INDEC),Empleo e Ingresos
48.2_ECTSNDTLR_0_T_59,eph_continua_tasa_subocupacion_no_demandante_total_la_rioja,Tasa de subocupación no demandante total La Rioja.,R/P3M,2003-07-01,2026-01-01,Porcentaje,Principales variables ocupacionales. EPH continua. Subocupación no demandante,Subsecretaría de Programación Macroeconómica,Instituto Nacional de Estadística y Censos (INDEC),Empleo e Ingresos
48.2_ECTSNDTMDP_0_T_53,eph_continuasubocup_no_demandante_total_mar_del_plata,Tasa de subocupación no demandante total Mar del Plata.,R/P3M,2003-01-01,2026-01-01,Porcentaje,Principales variables ocupacionales. EPH continua. Subocupación no demandante,Subsecretaría de Programación Macroeconómica,Instituto Nacional de Estadística y Censos (INDEC),Empleo e Ingresos
48.2_ECTSNDTNE_0_T_59,eph_continua_tasa_subocupacion_no_demandante_total_nordeste,Tasa de subocupación no demandante total región nordeste.,R/P3M,2003-01-01,2026-01-01,Porcentaje,Principales variables ocupacionales. EPH continua. Subocupación no demandante,Subsecretaría de Programación Macroeconómica,Instituto Nacional de Estadística y Censos (INDEC),Empleo e Ingresos
48.2_ECTSNDTNO_0_T_59,eph_continua_tasa_subocupacion_no_demandante_total_noroeste,Tasa de subocupación no demandante total región noroeste.,R/P3M,2003-01-01,2026-01-01,Porcentaje,Principales variables ocupacionales. EPH continua. Subocupación no demandante,Subsecretaría de Programación Macroeconómica,Instituto Nacional de Estadística y Censos (INDEC),Empleo e Ingresos
48.2_ECTSNDTN_0_T_58,eph_continua_tasa_subocupacion_no_demandante_total_neuquen,Tasa de subocupación no demandante total Neuquén.,R/P3M,2003-07-01,2026-01-01,Porcentaje,Principales variables ocupacionales. EPH continua. Subocupación no demandante,Subsecretaría de Programación Macroeconómica,Instituto Nacional de Estadística y Censos (INDEC),Empleo e Ingresos
48.2_ECTSNDTPG_0_T_52,eph_continuasubocup_no_demandante_total_partidos_gba,Tasa de subocupación no demandante total partidos GBA.,R/P3M,2003-01-01,2026-01-01,Porcentaje,Principales variables ocupacionales. EPH continua. Subocupación no demandante,Subsecretaría de Programación Macroeconómica,Instituto Nacional de Estadística y Censos (INDEC),Empleo e Ingresos
48.2_ECTSNDTP_0_T_58,eph_continua_tasa_subocupacion_no_demandante_total_posadas,Tasa de subocupación no demandante total Posadas.,R/P3M,2003-07-01,2026-01-01,Porcentaje,Principales variables ocupacionales. EPH continua. Subocupación no demandante,Subsecretaría de Programación Macroeconómica,Instituto Nacional de Estadística y Censos (INDEC),Empleo e Ingresos
48.2_ECTSNDTP_0_T_60,eph_continua_tasa_subocupacion_no_demandante_total_patagonia,Tasa de subocupación no demandante total patagonia.,R/P3M,2003-01-01,2026-01-01,Porcentaje,Principales variables ocupacionales. EPH continua. Subocupación no demandante,Subsecretaría de Programación Macroeconómica,Instituto Nacional de Estadística y Censos (INDEC),Empleo e Ingresos
48.2_ECTSNDTRC_0_T_50,eph_continuasubocup_no_demandante_total_rio_cuarto,Tasa de subocupación no demandante total Río Cuarto.,R/P3M,2003-07-01,2026-01-01,Porcentaje,Principales variables ocupacionales. EPH continua. Subocupación no demandante,Subsecretaría de Programación Macroeconómica,Instituto Nacional de Estadística y Censos (INDEC),Empleo e Ingresos
48.2_ECTSNDTRG_0_T_52,eph_continuasubocup_no_demandante_total_rio_gallegos,Tasa de subocupación no demandante total Río Gallegos.,R/P3M,2003-07-01,2026-01-01,Porcentaje,Principales variables ocupacionales. EPH continua. Subocupación no demandante,Subsecretaría de Programación Macroeconómica,Instituto Nacional de Estadística y Censos (INDEC),Empleo e Ingresos
48.2_ECTSNDTRP_0_T_55,eph_continuasubocup_no_demandante_total_region_pampeana,Tasa de subocupación no demandante total región pampeana.,R/P3M,2003-01-01,2026-01-01,Porcentaje,Principales variables ocupacionales. EPH continua. Subocupación no demandante,Subsecretaría de Programación Macroeconómica,Instituto Nacional de Estadística y Censos (INDEC),Empleo e Ingresos
48.2_ECTSNDTRT_0_T_53,eph_continuasubocup_no_demandante_total_rawson_trelew,Tasa de subocupación no demandante total Rawson - Trelew.,R/P3M,2006-10-01,2026-01-01,Porcentaje,Principales variables ocupacionales. EPH continua. Subocupación no demandante,Subsecretaría de Programación Macroeconómica,Instituto Nacional de Estadística y Censos (INDEC),Empleo e Ingresos
48.2_ECTSNDTSDE_0_T_59,eph_continuasubocup_no_demandante_total_santiago_del_estero,Tasa de subocupación no demandante total Santiago del Estero.,R/P3M,2003-07-01,2026-01-01,Porcentaje,Principales variables ocupacionales. EPH continua. Subocupación no demandante,Subsecretaría de Programación Macroeconómica,Instituto Nacional de Estadística y Censos (INDEC),Empleo e Ingresos
48.2_ECTSNDTSL_0_T_59,eph_continua_tasa_subocupacion_no_demandante_total_san_luis,Tasa de subocupación no demandante total San Luis.,R/P3M,2003-07-01,2026-01-01,Porcentaje,Principales variables ocupacionales. EPH continua. Subocupación no demandante,Subsecretaría de Programación Macroeconómica,Instituto Nacional de Estadística y Censos (INDEC),Empleo e Ingresos
48.2_ECTSNDTSN_0_T_51,eph_continuasubocup_no_demandante_total_san_nicolas,Tasa de subocupación no demandante total San Nicolás.,R/P3M,2006-10-01,2026-01-01,Porcentaje,Principales variables ocupacionales. EPH continua. Subocupación no demandante,Subsecretaría de Programación Macroeconómica,Instituto Nacional de Estadística y Censos (INDEC),Empleo e Ingresos
48.2_ECTSNDTSR_0_T_50,eph_continuasubocup_no_demandante_total_santa_rosa,Tasa de subocupación no demandante total Santa Rosa.,R/P3M,2003-07-01,2026-01-01,Porcentaje,Principales variables ocupacionales. EPH continua. Subocupación no demandante,Subsecretaría de Programación Macroeconómica,Instituto Nacional de Estadística y Censos (INDEC),Empleo e Ingresos
48.2_ECTSNDTS_0_T_56,eph_continua_tasa_subocupacion_no_demandante_total_salta,Tasa de subocupación no demandante total Salta.,R/P3M,2003-07-01,2026-01-01,Porcentaje,Principales variables ocupacionales. EPH continua. Subocupación no demandante,Subsecretaría de Programación Macroeconómica,Instituto Nacional de Estadística y Censos (INDEC),Empleo e Ingresos
48.2_ECTSNDTURG_0_T_58,eph_continuasubocup_no_demandante_total_ushuaia_rio_grande,Tasa de subocupación no demandante total Ushuaia-Río Grande.,R/P3M,2003-07-01,2026-01-01,Porcentaje,Principales variables ocupacionales. EPH continua. Subocupación no demandante,Subsecretaría de Programación Macroeconómica,Instituto Nacional de Estadística y Censos (INDEC),Empleo e Ingresos
48.2_ECTSNDTVCP_0_T_57,eph_continuasubocup_no_demandante_viedma_carmen_patagones,Tasa de subocupación no demandante total Viedma - Carmen de Patagones.,R/P3M,2006-10-01,2026-01-01,Porcentaje,Principales variables ocupacionales. EPH continua. Subocupación no demandante,Subsecretaría de Programación Macroeconómica,Instituto Nacional de Estadística y Censos (INDEC),Empleo e Ingresos
48.2_ECTSNDT_0_T_50,eph_continua_tasa_subocupacion_no_demandante_total,Tasa de subocupación no demandante total.,R/P3M,2003-01-01,2026-01-01,Porcentaje,Principales variables ocupacionales. EPH continua. Subocupación no demandante,Subsecretaría de Programación Macroeconómica,Instituto Nacional de Estadística y Censos (INDEC),Empleo e Ingresos
49.1_DTU_0_0_24,desocupados_total_urbano,"Población desocupada del total urbano, en miles de personas",R/P6M,1991-05-01,2002-05-01,Miles de personas,"Población Urbana, población económicamente activa, ocupados, desocupados y subocupados",Subsecretaría de Programación Macroeconómica,Instituto Nacional de Estadística y Censos (INDEC),Empleo e Ingresos
49.1_OTU_0_0_21,ocupados_total_urbano,"Población ocupada del total urbano, en miles de personas",R/P6M,1991-05-01,2002-05-01,Miles de personas,"Población Urbana, población económicamente activa, ocupados, desocupados y subocupados",Subsecretaría de Programación Macroeconómica,Instituto Nacional de Estadística y Censos (INDEC),Empleo e Ingresos
49.1_PTTU_0_0_28,poblacion_total_total_urbano,"Población total del total urbano, en miles de personas",R/P6M,1991-05-01,2002-05-01,Miles de personas,"Población Urbana, población económicamente activa, ocupados, desocupados y subocupados",Subsecretaría de Programación Macroeconómica,Instituto Nacional de Estadística y Censos (INDEC),Empleo e Ingresos
49.1_PTU_0_0_16,pea_total_urbano,"Población económicamente activa del total urbano, en miles de personas",R/P6M,1991-05-01,2002-05-01,Miles de personas,"Población Urbana, población económicamente activa, ocupados, desocupados y subocupados",Subsecretaría de Programación Macroeconómica,Instituto Nacional de Estadística y Censos (INDEC),Empleo e Ingresos
49.1_SDTU_0_0_36,subocupados_demandantes_total_urbano,"Población subocupada demandante de empleo del total urbano, en miles de personas",R/P6M,1994-11-01,2002-05-01,Miles de personas,"Población Urbana, población económicamente activa, ocupados, desocupados y subocupados",Subsecretaría de Programación Macroeconómica,Instituto Nacional de Estadística y Censos (INDEC),Empleo e Ingresos
49.1_SNDTU_0_0_39,subocupados_no_demandantes_total_urbano,"Población subocupada no demandante de empleo del total urbano, en miles de personas",R/P6M,1994-11-01,2002-05-01,Miles de personas,"Población Urbana, población económicamente activa, ocupados, desocupados y subocupados",Subsecretaría de Programación Macroeconómica,Instituto Nacional de Estadística y Censos (INDEC),Empleo e Ingresos
49.1_STU_0_0_24,subocupados_total_urbano,"Población subocupada del total urbano, en miles de personas",R/P6M,1991-05-01,2002-05-01,Miles de personas,"Población Urbana, población económicamente activa, ocupados, desocupados y subocupados",Subsecretaría de Programación Macroeconómica,Instituto Nacional de Estadística y Censos (INDEC),Empleo e Ingresos
49.1_TAED_0_0_33,total_aglomerados_eph_desocupados,"Población desocupada del total de los aglomerados de la EPH, en miles de personas",R/P6M,1991-05-01,2002-05-01,Miles de personas,"Población Urbana, población económicamente activa, ocupados, desocupados y subocupados",Subsecretaría de Programación Macroeconómica,Instituto Nacional de Estadística y Censos (INDEC),Empleo e Ingresos
49.1_TAEO_0_0_30,total_aglomerados_eph_ocupados,"Población ocupada del total de los aglomerados de la EPH, en miles de personas",R/P6M,1991-05-01,2002-05-01,Miles de personas,"Población Urbana, población económicamente activa, ocupados, desocupados y subocupados",Subsecretaría de Programación Macroeconómica,Instituto Nacional de Estadística y Censos (INDEC),Empleo e Ingresos
49.1_TAEP_0_0_25,total_aglomerados_eph_pea,"Población económicamente activa del total de los aglomerados de la EPH, en miles de personas",R/P6M,1991-05-01,2002-05-01,Miles de personas,"Población Urbana, población económicamente activa, ocupados, desocupados y subocupados",Subsecretaría de Programación Macroeconómica,Instituto Nacional de Estadística y Censos (INDEC),Empleo e Ingresos
49.1_TAEP_0_0_37,total_aglomerados_eph_poblacion_total,"Población total del total de los aglomerados de la EPH, en miles de personas",R/P6M,1991-05-01,2002-05-01,Miles de personas,"Población Urbana, población económicamente activa, ocupados, desocupados y subocupados",Subsecretaría de Programación Macroeconómica,Instituto Nacional de Estadística y Censos (INDEC),Empleo e Ingresos
49.1_TOTAL_AGLODOS_0_S_33_15,total_aglomerados_eph_subocupados,"Población subocupada del total de los aglomerados de la EPH, en miles de personas",R/P6M,1991-05-01,2002-05-01,Miles de personas,"Población Urbana, población económicamente activa, ocupados, desocupados y subocupados",Subsecretaría de Programación Macroeconómica,Instituto Nacional de Estadística y Censos (INDEC),Empleo e Ingresos
49.1_TOTAL_AGLOTES_0_S_45_28,total_aglomerados_eph_subocupados_demandantes,"Población subocupada demandante del total de los aglomerados de la EPH, en miles de personas",R/P6M,1994-11-01,2002-05-01,Miles de personas,"Población Urbana, población económicamente activa, ocupados, desocupados y subocupados",Subsecretaría de Programación Macroeconómica,Instituto Nacional de Estadística y Censos (INDEC),Empleo e Ingresos
49.1_TOTAL_AGLOTES_0_S_48_98,total_aglomerados_eph_subocupados_no_demandantes,"Población subocupada no demandante del total de los aglomerados de la EPH, en miles de personas",R/P6M,1994-11-01,2002-05-01,Miles de personas,"Población Urbana, población económicamente activa, ocupados, desocupados y subocupados",Subsecretaría de Programación Macroeconómica,Instituto Nacional de Estadística y Censos (INDEC),Empleo e Ingresos
49.2_DTU_0_0_24,desocupados_total_urbano,"Población desocupada del total urbano, en miles de personas",R/P3M,2002-10-01,2021-01-01,Miles de personas,"Población Urbana, población económicamente activa, ocupados, desocupados y subocupados",Subsecretaría de Programación Macroeconómica,Instituto Nacional de Estadística y Censos (INDEC),Empleo e Ingresos
49.2_OTU_0_0_21,ocupados_total_urbano,"Población ocupada del total urbano, en miles de personas",R/P3M,2002-10-01,2021-01-01,Miles de personas,"Población Urbana, población económicamente activa, ocupados, desocupados y subocupados",Subsecretaría de Programación Macroeconómica,Instituto Nacional de Estadística y Censos (INDEC),Empleo e Ingresos
49.2_PTTU_0_0_28,poblacion_total_total_urbano,"Población total del total urbano, en miles de personas",R/P3M,2002-10-01,2021-01-01,Miles de personas,"Población Urbana, población económicamente activa, ocupados, desocupados y subocupados",Subsecretaría de Programación Macroeconómica,Instituto Nacional de Estadística y Censos (INDEC),Empleo e Ingresos
49.2_PTU_0_0_16,pea_total_urbano,"Población económicamente activa del total urbano, en miles de personas",R/P3M,2002-10-01,2021-01-01,Miles de personas,"Población Urbana, población económicamente activa, ocupados, desocupados y subocupados",Subsecretaría de Programación Macroeconómica,Instituto Nacional de Estadística y Censos (INDEC),Empleo e Ingresos
49.2_SDTU_0_0_36,subocupados_demandantes_total_urbano,"Población subocupada demandante de empleo del total urbano, en miles de personas",R/P3M,2002-10-01,2021-01-01,Miles de personas,"Población Urbana, población económicamente activa, ocupados, desocupados y subocupados",Subsecretaría de Programación Macroeconómica,Instituto Nacional de Estadística y Censos (INDEC),Empleo e Ingresos
49.2_SNDTU_0_0_39,subocupados_no_demandantes_total_urbano,"Población subocupada no demandante de empleo del total urbano, en miles de personas",R/P3M,2002-10-01,2021-01-01,Miles de personas,"Población Urbana, población económicamente activa, ocupados, desocupados y subocupados",Subsecretaría de Programación Macroeconómica,Instituto Nacional de Estadística y Censos (INDEC),Empleo e Ingresos
49.2_STU_0_0_24,subocupados_total_urbano,"Población subocupada del total urbano, en miles de personas",R/P3M,2002-10-01,2021-01-01,Miles de personas,"Población Urbana, población económicamente activa, ocupados, desocupados y subocupados",Subsecretaría de Programación Macroeconómica,Instituto Nacional de Estadística y Censos (INDEC),Empleo e Ingresos
49.2_TAED_0_0_33,total_aglomerados_eph_desocupados,"Población desocupada del total de los aglomerados de la EPH, en miles de personas",R/P3M,2002-10-01,2026-01-01,Miles de personas,"Población Urbana, población económicamente activa, ocupados, desocupados y subocupados",Subsecretaría de Programación Macroeconómica,Instituto Nacional de Estadística y Censos (INDEC),Empleo e Ingresos
49.2_TAEO_0_0_30,total_aglomerados_eph_ocupados,"Población ocupada del total de los aglomerados de la EPH, en miles de personas",R/P3M,2002-10-01,2026-01-01,Miles de personas,"Población Urbana, población económicamente activa, ocupados, desocupados y subocupados",Subsecretaría de Programación Macroeconómica,Instituto Nacional de Estadística y Censos (INDEC),Empleo e Ingresos
49.2_TAEP_0_0_25,total_aglomerados_eph_pea,"Población activa del total de los aglomerados de la EPH, en miles de personas",R/P3M,2002-10-01,2026-01-01,Miles de personas,"Población Urbana, población económicamente activa, ocupados, desocupados y subocupados",Subsecretaría de Programación Macroeconómica,Instituto Nacional de Estadística y Censos (INDEC),Empleo e Ingresos
49.2_TAEP_0_0_37,total_aglomerados_eph_poblacion_total,"Población total del total de los aglomerados de la EPH, en miles de personas",R/P3M,2002-10-01,2026-01-01,Miles de personas,"Población Urbana, población económicamente activa, ocupados, desocupados y subocupados",Subsecretaría de Programación Macroeconómica,Instituto Nacional de Estadística y Censos (INDEC),Empleo e Ingresos
49.2_TOTAL_AGLODOS_0_T_33_90,total_aglomerados_eph_subocupados,"Población subocupada del total de los aglomerados de la EPH, en miles de personas",R/P3M,2003-01-01,2026-01-01,Miles de personas,"Población Urbana, población económicamente activa, ocupados, desocupados y subocupados",Subsecretaría de Programación Macroeconómica,Instituto Nacional de Estadística y Censos (INDEC),Empleo e Ingresos
49.2_TOTAL_AGLOTES_0_T_45_1,total_aglomerados_eph_subocupados_demandantes,"Población subocupada demandante del total de los aglomerados de la EPH, en miles de personas",R/P3M,2003-01-01,2026-01-01,Miles de personas,"Población Urbana, población económicamente activa, ocupados, desocupados y subocupados",Subsecretaría de Programación Macroeconómica,Instituto Nacional de Estadística y Censos (INDEC),Empleo e Ingresos
49.2_TOTAL_AGLOTES_0_T_48_13,total_aglomerados_eph_subocupados_no_demandantes,"Población subocupada no demandante del total de los aglomerados de la EPH, en miles de personas",R/P3M,2003-01-01,2026-01-01,Miles de personas,"Población Urbana, población económicamente activa, ocupados, desocupados y subocupados",Subsecretaría de Programación Macroeconómica,Instituto Nacional de Estadística y Censos (INDEC),Empleo e Ingresos
50.1_ICS_0_0_25,indice_comercio_servicios,Índice del Empleo en el Comercio y Servicios de la Encuesta de Indicadores Laborales,R/P1Y,2002-01-01,2025-01-01,Índice,Empleo total y por sector de actividad,Subsecretaría de Programación Macroeconómica,"Secretaría de Trabajo, Empleo y Seguridad Social, Ministerio de Capital Humano",Empleo e Ingresos
50.1_IC_0_0_19,indice_construccion,Índice del Empleo en la Construcción de la Encuesta de Indicadores Laborales,R/P1Y,2002-01-01,2025-01-01,Índice,Empleo total y por sector de actividad,Subsecretaría de Programación Macroeconómica,"Secretaría de Trabajo, Empleo y Seguridad Social, Ministerio de Capital Humano",Empleo e Ingresos
50.1_II_0_0_16,indice_industria,Índice del Empleo en la Industria de la Encuesta de Indicadores Laborales,R/P1Y,2002-01-01,2025-01-01,Índice,Empleo total y por sector de actividad,Subsecretaría de Programación Macroeconómica,"Secretaría de Trabajo, Empleo y Seguridad Social, Ministerio de Capital Humano",Empleo e Ingresos
50.1_IT_0_0_12,indice_total,Índice del Empleo total de la Encuesta de Indicadores Laborales,R/P1Y,2002-01-01,2025-01-01,Índice,Empleo total y por sector de actividad,Subsecretaría de Programación Macroeconómica,"Secretaría de Trabajo, Empleo y Seguridad Social, Ministerio de Capital Humano",Empleo e Ingresos
50.2_ICS_0_0_25,indice_comercio_servicios,Índice del Empleo en el Comercio y Servicios de la Encuesta de Indicadores Laborales,R/P3M,2001-10-01,2026-04-01,Índice,Empleo total y por sector de actividad,Subsecretaría de Programación Macroeconómica,"Secretaría de Trabajo, Empleo y Seguridad Social, Ministerio de Capital Humano",Empleo e Ingresos
50.2_IC_0_0_19,indice_construccion,Índice del Empleo en la Construcción de la Encuesta de Indicadores Laborales,R/P3M,2001-10-01,2026-04-01,Índice,Empleo total y por sector de actividad,Subsecretaría de Programación Macroeconómica,"Secretaría de Trabajo, Empleo y Seguridad Social, Ministerio de Capital Humano",Empleo e Ingresos
50.2_II_0_0_16,indice_industria,Índice del Empleo en la Industria de la Encuesta de Indicadores Laborales,R/P3M,2001-10-01,2026-04-01,Índice,Empleo total y por sector de actividad,Subsecretaría de Programación Macroeconómica,"Secretaría de Trabajo, Empleo y Seguridad Social, Ministerio de Capital Humano",Empleo e Ingresos
50.2_IT_0_0_12,indice_total,Índice del Empleo total de la Encuesta de Indicadores Laborales,R/P3M,2001-10-01,2026-04-01,Índice,Empleo total y por sector de actividad,Subsecretaría de Programación Macroeconómica,"Secretaría de Trabajo, Empleo y Seguridad Social, Ministerio de Capital Humano",Empleo e Ingresos
50.3_ICS_0_M_12,indice_total,Índice del Empleo total de la Encuesta de Indicadores Laborales,R/P1M,2001-08-01,2026-06-01,Índice,Empleo total y por sector de actividad,Subsecretaría de Programación Macroeconómica,"Secretaría de Trabajo, Empleo y Seguridad Social, Ministerio de Capital Humano",Empleo e Ingresos
50.3_ICS_0_M_16,indice_industria,Índice del Empleo en la Industria de la Encuesta de Indicadores Laborales,R/P1M,2001-08-01,2026-06-01,Índice,Empleo total y por sector de actividad,Subsecretaría de Programación Macroeconómica,"Secretaría de Trabajo, Empleo y Seguridad Social, Ministerio de Capital Humano",Empleo e Ingresos
50.3_ICS_0_M_19,indice_construccion,Índice del Empleo en la Construcción de la Encuesta de Indicadores Laborales,R/P1M,2001-08-01,2026-06-01,Índice,Empleo total y por sector de actividad,Subsecretaría de Programación Macroeconómica,"Secretaría de Trabajo, Empleo y Seguridad Social, Ministerio de Capital Humano",Empleo e Ingresos
50.3_ICS_0_M_25,indice_comercio_servicios,Índice del Empleo en el Comercio y Servicios de la Encuesta de Indicadores Laborales,R/P1M,2001-08-01,2026-06-01,Índice,Empleo total y por sector de actividad,Subsecretaría de Programación Macroeconómica,"Secretaría de Trabajo, Empleo y Seguridad Social, Ministerio de Capital Humano",Empleo e Ingresos
51.1_IGBA_0_0_24,indice_gran_buenos_aires,Índice del Empleo en el Gran Buenos Aires de la Encuesta de Indicadores Laborales,R/P1Y,2002-01-01,2025-01-01,Índice,Empleo total por aglomerado,Subsecretaría de Programación Macroeconómica,"Secretaría de Trabajo, Empleo y Seguridad Social, Ministerio de Capital Humano",Empleo e Ingresos
51.1_IGC_0_0_19,indice_gran_cordoba,Índice del Empleo en el Gran Cordoba de la Encuesta de Indicadores Laborales,R/P1Y,2002-01-01,2025-01-01,Índice,Empleo total por aglomerado,Subsecretaría de Programación Macroeconómica,"Secretaría de Trabajo, Empleo y Seguridad Social, Ministerio de Capital Humano",Empleo e Ingresos
51.1_IGM_0_0_19,indice_gran_mendoza,Índice del Empleo en el Gran Mendoza de la Encuesta de Indicadores Laborales,R/P1Y,2002-01-01,2025-01-01,Índice,Empleo total por aglomerado,Subsecretaría de Programación Macroeconómica,"Secretaría de Trabajo, Empleo y Seguridad Social, Ministerio de Capital Humano",Empleo e Ingresos
51.1_IGR_0_0_19,indice_gran_rosario,Índice del Empleo en el Gran Rosario de la Encuesta de Indicadores Laborales,R/P1Y,2002-01-01,2025-01-01,Índice,Empleo total por aglomerado,Subsecretaría de Programación Macroeconómica,"Secretaría de Trabajo, Empleo y Seguridad Social, Ministerio de Capital Humano",Empleo e Ingresos
51.2_IGBA_0_0_24,indice_gran_buenos_aires,Índice del Empleo en el Gran Buenos Aires de la Encuesta de Indicadores Laborales,R/P3M,1996-01-01,2026-04-01,Índice,Empleo total por aglomerado,Subsecretaría de Programación Macroeconómica,"Secretaría de Trabajo, Empleo y Seguridad Social, Ministerio de Capital Humano",Empleo e Ingresos
51.2_IGC_0_0_19,indice_gran_cordoba,Índice del Empleo en el Gran Cordoba de la Encuesta de Indicadores Laborales,R/P3M,1998-07-01,2026-04-01,Índice,Empleo total por aglomerado,Subsecretaría de Programación Macroeconómica,"Secretaría de Trabajo, Empleo y Seguridad Social, Ministerio de Capital Humano",Empleo e Ingresos
51.2_IGM_0_0_19,indice_gran_mendoza,Índice del Empleo en el Gran Mendoza de la Encuesta de Indicadores Laborales,R/P3M,2001-10-01,2026-04-01,Índice,Empleo total por aglomerado,Subsecretaría de Programación Macroeconómica,"Secretaría de Trabajo, Empleo y Seguridad Social, Ministerio de Capital Humano",Empleo e Ingresos
51.2_IGR_0_0_19,indice_gran_rosario,Índice del Empleo en el Gran Rosario de la Encuesta de Indicadores Laborales,R/P3M,1999-07-01,2026-04-01,Índice,Empleo total por aglomerado,Subsecretaría de Programación Macroeconómica,"Secretaría de Trabajo, Empleo y Seguridad Social, Ministerio de Capital Humano",Empleo e Ingresos
51.3_ICE_GRAOBA_0_M_19,indice_gran_cordoba,Índice del Empleo en el Gran Cordoba de la Encuesta de Indicadores Laborales,R/P1M,1998-05-01,2026-06-01,Índice,Empleo total por aglomerado,Subsecretaría de Programación Macroeconómica,"Secretaría de Trabajo, Empleo y Seguridad Social, Ministerio de Capital Humano",Empleo e Ingresos
51.3_ICE_GRAOZA_0_M_19,indice_gran_mendoza,Índice del Empleo en el Gran Mendoza de la Encuesta de Indicadores Laborales,R/P1M,2001-08-01,2026-06-01,Índice,Empleo total por aglomerado,Subsecretaría de Programación Macroeconómica,"Secretaría de Trabajo, Empleo y Seguridad Social, Ministerio de Capital Humano",Empleo e Ingresos
51.3_ICE_GRARES_0_M_24,indice_gran_buenos_aires,Índice del Empleo en el Gran Buenos Aires de la Encuesta de Indicadores Laborales,R/P1M,1995-12-01,2026-06-01,Índice,Empleo total por aglomerado,Subsecretaría de Programación Macroeconómica,"Secretaría de Trabajo, Empleo y Seguridad Social, Ministerio de Capital Humano",Empleo e Ingresos
51.3_ICE_GRARIO_0_M_19,indice_gran_rosario,Índice del Empleo en el Gran Rosario de la Encuesta de Indicadores Laborales,R/P1M,1999-06-01,2026-06-01,Índice,Empleo total por aglomerado,Subsecretaría de Programación Macroeconómica,"Secretaría de Trabajo, Empleo y Seguridad Social, Ministerio de Capital Humano",Empleo e Ingresos
52.1_ASDJ_0_0_37,asalariados_sin_descuento_jubilatorio,Tasa de asalariados sin descuento jubilatorio de la Encuesta Permanente de Hogares,R/P1Y,2004-01-01,2025-01-01,Porcentaje,Tasa de asalarización y de asalariados sin descuento jubilatorio,Subsecretaría de Programación Macroeconómica,Instituto Nacional de Estadística y Censos (INDEC),Empleo e Ingresos
52.1_TA_0_0_18,tasa_asalarizacion,Tasa de asalariados de la Encuesta Permanente de Hogares,R/P1Y,2004-01-01,2025-01-01,Porcentaje,Tasa de asalarización y de asalariados sin descuento jubilatorio,Subsecretaría de Programación Macroeconómica,Instituto Nacional de Estadística y Censos (INDEC),Empleo e Ingresos
52.2_ASDJ_0_0_37,asalariados_sin_descuento_jubilatorio,Tasa de asalariados sin descuento jubilatorio de la Encuesta Permanente de Hogares,R/P3M,2003-04-01,2026-01-01,Porcentaje,Tasa de asalarización y de asalariados sin descuento jubilatorio,Subsecretaría de Programación Macroeconómica,Instituto Nacional de Estadística y Censos (INDEC),Empleo e Ingresos
52.2_TA_0_0_18,tasa_asalarizacion,Tasa de asalariados de la Encuesta Permanente de Hogares,R/P3M,2003-04-01,2026-01-01,Porcentaje,Tasa de asalarización y de asalariados sin descuento jubilatorio,Subsecretaría de Programación Macroeconómica,Instituto Nacional de Estadística y Censos (INDEC),Empleo e Ingresos
53.1_EBE_0_0_27,excedente_bruto_explotacion,Excedente bruto de explotación del total de la economía,R/P3M,2016-01-01,2026-01-01,Porcentaje,Distribución funcional del ingreso respecto al Producto Interno Bruto,Subsecretaría de Programación Macroeconómica,Instituto Nacional de Estadística y Censos (INDEC),Empleo e Ingresos
53.1_TIMB_0_0_25,total_ingreso_mixto_bruto,Ingreso mixto bruto del total de la economía,R/P3M,2016-01-01,2026-01-01,Porcentaje,Distribución funcional del ingreso respecto al Producto Interno Bruto,Subsecretaría de Programación Macroeconómica,Instituto Nacional de Estadística y Censos (INDEC),Empleo e Ingresos
53.1_TINSA_0_0_41,total_impuestos_netos_subsidios_actividad,Impuestos netos de subsidios a la actividad,R/P3M,2016-01-01,2026-01-01,Porcentaje,Distribución funcional del ingreso respecto al Producto Interno Bruto,Subsecretaría de Programación Macroeconómica,Instituto Nacional de Estadística y Censos (INDEC),Empleo e Ingresos
53.1_TPC_0_0_12,total_pib_cf,PIB a costo de factores,R/P3M,2016-01-01,2026-01-01,Porcentaje,Distribución funcional del ingreso respecto al Producto Interno Bruto,Subsecretaría de Programación Macroeconómica,Instituto Nacional de Estadística y Censos (INDEC),Empleo e Ingresos
53.1_TRTA_0_0_37,total_remuneracion_trabajo_asalariado,Remuneración del trabajo asalariado del total de la economía,R/P3M,2016-01-01,2026-01-01,Porcentaje,Distribución funcional del ingreso respecto al Producto Interno Bruto,Subsecretaría de Programación Macroeconómica,Instituto Nacional de Estadística y Censos (INDEC),Empleo e Ingresos
54.1_IHT_A_0_0_23,indice_horas_trabajadas,Índice de horas trabajadas en la industria,R/P1Y,1997-01-01,2015-01-01,Índice,"Índices de obreros ocupados, horas trabajadas y salario por obrero en la industria",Subsecretaría de Programación Macroeconómica,Instituto Nacional de Estadística y Censos (INDEC),Empleo e Ingresos
54.1_IOO_A_0_0_23,indice_obreros_ocupados,Índice de obreros ocupados en la industria,R/P1Y,1997-01-01,2015-01-01,Índice,"Índices de obreros ocupados, horas trabajadas y salario por obrero en la industria",Subsecretaría de Programación Macroeconómica,Instituto Nacional de Estadística y Censos (INDEC),Empleo e Ingresos
54.1_ISO_A_0_0_21,indice_salario_obrero,Índice de salario por obrero ocupado en la industria,R/P1Y,1997-01-01,2015-01-01,Índice,"Índices de obreros ocupados, horas trabajadas y salario por obrero en la industria",Subsecretaría de Programación Macroeconómica,Instituto Nacional de Estadística y Censos (INDEC),Empleo e Ingresos
54.2_IHT_T_0_0_23,indice_horas_trabajadas,Índice de horas trabajadas en la industria,R/P3M,1997-01-01,2016-07-01,Índice,"Índices de obreros ocupados, horas trabajadas y salario por obrero en la industria",Subsecretaría de Programación Macroeconómica,Instituto Nacional de Estadística y Censos (INDEC),Empleo e Ingresos
54.2_IOO_T_0_0_23,indice_obreros_ocupados,Índice de obreros ocupados en la industria,R/P3M,1997-01-01,2016-07-01,Índice,"Índices de obreros ocupados, horas trabajadas y salario por obrero en la industria",Subsecretaría de Programación Macroeconómica,Instituto Nacional de Estadística y Censos (INDEC),Empleo e Ingresos
54.2_ISO_T_0_0_21,indice_salario_obrero,Índice de salario por obrero ocupado en la industria,R/P3M,1997-01-01,2016-07-01,Índice,"Índices de obreros ocupados, horas trabajadas y salario por obrero en la industria",Subsecretaría de Programación Macroeconómica,Instituto Nacional de Estadística y Censos (INDEC),Empleo e Ingresos
55.1_VAHT_T_0_0_36,variaciones_anuales_horas_trabajadas,Variaciones anuales de horas trabajadas en la industria,R/P3M,2016-01-01,2016-07-01,Variación Porcentual,"Variaciones de obreros ocupados, horas trabajadas y salario por obrero en la industria",Subsecretaría de Programación Macroeconómica,Instituto Nacional de Estadística y Censos (INDEC),Empleo e Ingresos
55.1_VAOO_T_0_0_36,variaciones_anuales_obreros_ocupados,Variaciones anuales de obreros ocupados en la industria,R/P3M,2016-01-01,2016-07-01,Variación Porcentual,"Variaciones de obreros ocupados, horas trabajadas y salario por obrero en la industria",Subsecretaría de Programación Macroeconómica,Instituto Nacional de Estadística y Censos (INDEC),Empleo e Ingresos
55.1_VASO_T_0_0_34,variaciones_anuales_salario_obrero,Variaciones anuales de salario por obrero ocupado en la industria,R/P3M,2016-01-01,2016-07-01,Variación Porcentual,"Variaciones de obreros ocupados, horas trabajadas y salario por obrero en la industria",Subsecretaría de Programación Macroeconómica,Instituto Nacional de Estadística y Censos (INDEC),Empleo e Ingresos
55.1_VTHT_T_0_0_41,variaciones_trimestrales_horas_trabajadas,Variaciones trimestrales de horas trabajadas en la industria,R/P3M,2015-04-01,2016-07-01,Variación Porcentual,"Variaciones de obreros ocupados, horas trabajadas y salario por obrero en la industria",Subsecretaría de Programación Macroeconómica,Instituto Nacional de Estadística y Censos (INDEC),Empleo e Ingresos
55.1_VTOO_T_0_0_41,variaciones_trimestrales_obreros_ocupados,Variaciones trimestrales de obreros ocupados en la industria,R/P3M,2015-04-01,2016-07-01,Variación Porcentual,"Variaciones de obreros ocupados, horas trabajadas y salario por obrero en la industria",Subsecretaría de Programación Macroeconómica,Instituto Nacional de Estadística y Censos (INDEC),Empleo e Ingresos
55.1_VTSO_T_0_0_39,variaciones_trimestrales_salario_obrero,Variaciones trimestrales de salario por obrero ocupado en la industria,R/P3M,2015-04-01,2016-07-01,Variación Porcentual,"Variaciones de obreros ocupados, horas trabajadas y salario por obrero en la industria",Subsecretaría de Programación Macroeconómica,Instituto Nacional de Estadística y Censos (INDEC),Empleo e Ingresos
56.1_NGMD_2012_T_22,nivel_gral_mod_decreto,Índice del Nivel General de salarios con modificaciones del Decreto 381/07 a partir de enero 2008 (1),R/P3M,2001-10-01,2014-10-01,Índice,Índice de salarios. Base 2012,Subsecretaría de Programación Macroeconómica,Instituto Nacional de Estadística y Censos (INDEC),Empleo e Ingresos
56.1_NGSMD_2012_T_26,nivel_gral_sin_mod_decreto,Índice del Nivel General de salarios sin modificaciones del Decreto 381/07 a partir de enero 2008 (1),R/P3M,2001-10-01,2014-10-01,Índice,Índice de salarios. Base 2012,Subsecretaría de Programación Macroeconómica,Instituto Nacional de Estadística y Censos (INDEC),Empleo e Ingresos
56.1_SPMD_2012_T_22,sector_pub_mod_decreto,Índice de salarios del sector público con modificaciones del Decreto 381/07 a partir de enero 2008 (1),R/P3M,2001-10-01,2014-10-01,Índice,Índice de salarios. Base 2012,Subsecretaría de Programación Macroeconómica,Instituto Nacional de Estadística y Censos (INDEC),Empleo e Ingresos
56.1_SPNRMD_2012_T_32,sector_priv_no_regis_mod_decreto,Índice de salarios del sector privado no registrado con modificaciones del Decreto 381/07 a partir de enero 2008 (1),R/P3M,2001-10-01,2014-10-01,Índice,Índice de salarios. Base 2012,Subsecretaría de Programación Macroeconómica,Instituto Nacional de Estadística y Censos (INDEC),Empleo e Ingresos
56.1_SPNRSMD_2012_T_36,sector_priv_no_regis_sin_mod_decreto,Índice de salarios del sector privado no registrado sin modificaciones del Decreto 381/07 a partir de enero 2008 (1),R/P3M,2001-10-01,2014-10-01,Índice,Índice de salarios. Base 2012,Subsecretaría de Programación Macroeconómica,Instituto Nacional de Estadística y Censos (INDEC),Empleo e Ingresos
56.1_SPRMD_2012_T_29,sector_priv_regis_mod_decreto,Índice de salarios del sector privado registrado con modificaciones del Decreto 381/07 a partir de enero 2008 (1),R/P3M,2001-10-01,2014-10-01,Índice,Índice de salarios. Base 2012,Subsecretaría de Programación Macroeconómica,Instituto Nacional de Estadística y Censos (INDEC),Empleo e Ingresos
56.1_SPRSMD_2012_T_33,sector_priv_regis_sin_mod_decreto,Índice de salarios del sector privado registrado sin modificaciones del Decreto 381/07 a partir de enero 2008 (1),R/P3M,2001-10-01,2014-10-01,Índice,Índice de salarios. Base 2012,Subsecretaría de Programación Macroeconómica,Instituto Nacional de Estadística y Censos (INDEC),Empleo e Ingresos
56.1_SPSMD_2012_T_26,sector_pub_sin_mod_decreto,Índice de salarios del sector público sin modificaciones del Decreto 381/07 a partir de enero 2008 (1),R/P3M,2001-10-01,2014-10-01,Índice,Índice de salarios. Base 2012,Subsecretaría de Programación Macroeconómica,Instituto Nacional de Estadística y Censos (INDEC),Empleo e Ingresos
56.2_NGMD_2012_M_22,nivel_gral_mod_decreto,Índice del Nivel General de salarios con modificaciones del Decreto 381/07 a partir de enero 2008 (1),R/P1M,2001-10-01,2015-10-01,Índice,Índice de salarios. Base 2012,Subsecretaría de Programación Macroeconómica,Instituto Nacional de Estadística y Censos (INDEC),Empleo e Ingresos
56.2_NGSMD_2012_M_26,nivel_gral_sin_mod_decreto,Índice del Nivel General de salarios sin modificaciones del Decreto 381/07 a partir de enero 2008 (1),R/P1M,2001-10-01,2015-10-01,Índice,Índice de salarios. Base 2012,Subsecretaría de Programación Macroeconómica,Instituto Nacional de Estadística y Censos (INDEC),Empleo e Ingresos
56.2_SPMD_2012_M_22,sector_pub_mod_decreto,Índice de salarios del sector público con modificaciones del Decreto 381/07 a partir de enero 2008 (1),R/P1M,2001-10-01,2016-12-01,Índice,Índice de salarios. Base 2012,Subsecretaría de Programación Macroeconómica,Instituto Nacional de Estadística y Censos (INDEC),Empleo e Ingresos
56.2_SPNRMD_2012_M_32,sector_priv_no_regis_mod_decreto,Índice de salarios del sector privado no registrado con modificaciones del Decreto 381/07 a partir de enero 2008 (1),R/P1M,2001-10-01,2015-10-01,Índice,Índice de salarios. Base 2012,Subsecretaría de Programación Macroeconómica,Instituto Nacional de Estadística y Censos (INDEC),Empleo e Ingresos
56.2_SPNRSMD_2012_M_36,sector_priv_no_regis_sin_mod_decreto,Índice de salarios del sector privado no registrado sin modificaciones del Decreto 381/07 a partir de enero 2008 (1),R/P1M,2001-10-01,2015-10-01,Índice,Índice de salarios. Base 2012,Subsecretaría de Programación Macroeconómica,Instituto Nacional de Estadística y Censos (INDEC),Empleo e Ingresos
56.2_SPRMD_2012_M_29,sector_priv_regis_mod_decreto,Índice de salarios del sector privado registrado con modificaciones del Decreto 381/07 a partir de enero 2008 (1),R/P1M,2001-10-01,2016-12-01,Índice,Índice de salarios. Base 2012,Subsecretaría de Programación Macroeconómica,Instituto Nacional de Estadística y Censos (INDEC),Empleo e Ingresos
56.2_SPRSMD_2012_M_33,sector_priv_regis_sin_mod_decreto,Índice de salarios del sector privado registrado sin modificaciones del Decreto 381/07 a partir de enero 2008 (1),R/P1M,2001-10-01,2015-10-01,Índice,Índice de salarios. Base 2012,Subsecretaría de Programación Macroeconómica,Instituto Nacional de Estadística y Censos (INDEC),Empleo e Ingresos
56.2_SPSMD_2012_M_26,sector_pub_sin_mod_decreto,Índice de salarios del sector público sin modificaciones del Decreto 381/07 a partir de enero 2008 (1),R/P1M,2001-10-01,2015-10-01,Índice,Índice de salarios. Base 2012,Subsecretaría de Programación Macroeconómica,Instituto Nacional de Estadística y Censos (INDEC),Empleo e Ingresos
57.1_SMVMD_0_M_33,salario_minimo_vital_movil_diario,"Salario mínimo, vital y móvil desde 1988. Diario. Pesos corrientes.",R/P1M,1965-01-01,2026-08-01,Pesos corrientes,"Salario mínimo, vital y móvil en pesos corrientes",Subsecretaría de Programación Macroeconómica,"Secretaría de Trabajo, Empleo y Seguridad Social, Ministerio de Capital Humano",Empleo e Ingresos
57.1_SMVMH_0_M_31,salario_minimo_vital_movil_hora,"Salario mínimo, vital y móvil desde 1988. Horario. Pesos corrientes.",R/P1M,1965-01-01,2026-08-01,Pesos corrientes,"Salario mínimo, vital y móvil en pesos corrientes",Subsecretaría de Programación Macroeconómica,"Secretaría de Trabajo, Empleo y Seguridad Social, Ministerio de Capital Humano",Empleo e Ingresos
57.1_SMVMM_0_M_34,salario_minimo_vital_movil_mensual,"Salario mínimo, vital y móvil desde 1988. Mensual. Pesos corrientes.",R/P1M,1965-01-01,2026-08-01,Pesos corrientes,"Salario mínimo, vital y móvil en pesos corrientes",Subsecretaría de Programación Macroeconómica,"Secretaría de Trabajo, Empleo y Seguridad Social, Ministerio de Capital Humano",Empleo e Ingresos
58.1_MP_0_M_13,mensual_pesos,Haber mínimo jubilatorio en pesos desde 1971,R/P1M,1971-01-01,2026-08-01,Pesos corrientes,Haber mínimo jubilatorio. Pesos corrientes,Subsecretaría de Programación Macroeconómica,Administración Nacional de la Seguridad Social (ANSES),Empleo e Ingresos
58.1_MP_0_M_24,mensual_pesos_corrientes,"Haber mínimo jubilatorio en pesos corrientes, Mensual desde 1971",R/P1M,1971-01-01,2026-08-01,Pesos corrientes,Haber mínimo jubilatorio. Pesos corrientes,Subsecretaría de Programación Macroeconómica,Administración Nacional de la Seguridad Social (ANSES),Empleo e Ingresos
59.2_CBA_0_D_26,canasta_basica_alimentaria,Canasta básica alimentaria desde 2000 hasta 2006. Pesos corrientes.,R/P3M,2000-10-01,2006-10-01,Pesos corrientes,"Canasta básica alimentaria y total, línea de indigencia y línea de pobreza desde 1988",Subsecretaría de Programación Macroeconómica,Instituto Nacional de Estadística y Censos (INDEC),Empleo e Ingresos
59.2_CBT_0_D_20,canasta_basica_total,Canasta básica total desde 2000 hasta 2006. Pesos corrientes.,R/P3M,2000-10-01,2006-10-01,Pesos corrientes,"Canasta básica alimentaria y total, línea de indigencia y línea de pobreza desde 1988",Subsecretaría de Programación Macroeconómica,Instituto Nacional de Estadística y Censos (INDEC),Empleo e Ingresos
59.2_LI_0_D_16,linea_indigencia,Línea de indigencia desde 2000 hasta 2006. Pesos corrientes.,R/P3M,2000-10-01,2006-10-01,Pesos corrientes,"Canasta básica alimentaria y total, línea de indigencia y línea de pobreza desde 1988",Subsecretaría de Programación Macroeconómica,Instituto Nacional de Estadística y Censos (INDEC),Empleo e Ingresos
59.2_LP_0_D_13,linea_pobreza,Línea de pobreza desde 2000 hasta 2006. Pesos corrientes.,R/P3M,2000-10-01,2006-10-01,Pesos corrientes,"Canasta básica alimentaria y total, línea de indigencia y línea de pobreza desde 1988",Subsecretaría de Programación Macroeconómica,Instituto Nacional de Estadística y Censos (INDEC),Empleo e Ingresos
59.3_CSTA_BARIA_0_0_26,canasta_basica_alimentaria,Canasta básica alimentaria en pesos corrientes desde 1992 hasta 2000,R/P6M,1992-04-01,2000-04-01,Pesos corrientes,"Canasta básica alimentaria y total, línea de indigencia y línea de pobreza desde 1988",Subsecretaría de Programación Macroeconómica,Instituto Nacional de Estadística y Censos (INDEC),Empleo e Ingresos
59.3_CSTA_BATAL_0_0_20,canasta_basica_total,Canasta básica total en pesos corrientes desde 1992 hasta 2000,R/P6M,1992-04-01,2000-04-01,Pesos corrientes,"Canasta básica alimentaria y total, línea de indigencia y línea de pobreza desde 1988",Subsecretaría de Programación Macroeconómica,Instituto Nacional de Estadística y Censos (INDEC),Empleo e Ingresos
59.3_IRSA_COGEL_0_0_25,inversa_coeficiente_engel,Índice de Coeficiente de Engel desde 1992 hasta 2000,R/P6M,1992-04-01,2000-04-01,Pesos corrientes,"Canasta básica alimentaria y total, línea de indigencia y línea de pobreza desde 1988",Subsecretaría de Programación Macroeconómica,Instituto Nacional de Estadística y Censos (INDEC),Empleo e Ingresos
59.3_LA_INDICIA_0_0_16,linea_indigencia,Línea de indigencia en pesos corrientes desde 1992 hasta 2000,R/P6M,1992-04-01,2000-04-01,Pesos corrientes,"Canasta básica alimentaria y total, línea de indigencia y línea de pobreza desde 1988",Subsecretaría de Programación Macroeconómica,Instituto Nacional de Estadística y Censos (INDEC),Empleo e Ingresos
59.3_LA_POBREZA_0_0_13,linea_pobreza,Línea de pobreza en pesos corrientes desde 1992 hasta 2000,R/P6M,1992-04-01,2000-04-01,Pesos corrientes,"Canasta básica alimentaria y total, línea de indigencia y línea de pobreza desde 1988",Subsecretaría de Programación Macroeconómica,Instituto Nacional de Estadística y Censos (INDEC),Empleo e Ingresos
59.4_CSTA_BARIA_0_0_26,canasta_basica_alimentaria,Canasta básica alimentaria en pesos corrientes desde 2000 hasta 2000,R/P1M,2000-09-01,2006-12-01,Pesos corrientes,"Canasta básica alimentaria y total, línea de indigencia y línea de pobreza desde 1988",Subsecretaría de Programación Macroeconómica,Instituto Nacional de Estadística y Censos (INDEC),Empleo e Ingresos
59.4_CSTA_BATAL_0_0_20,canasta_basica_total,Canasta básica total en pesos corrientes desde 2000 hasta 2000,R/P1M,2000-09-01,2006-12-01,Pesos corrientes,"Canasta básica alimentaria y total, línea de indigencia y línea de pobreza desde 1988",Subsecretaría de Programación Macroeconómica,Instituto Nacional de Estadística y Censos (INDEC),Empleo e Ingresos
59.4_IRSA_COGEL_0_0_25,inversa_coeficiente_engel,Índice de Coeficiente de Engel desde 2000 hasta 2000,R/P1M,2000-09-01,2006-12-01,Pesos corrientes,"Canasta básica alimentaria y total, línea de indigencia y línea de pobreza desde 1988",Subsecretaría de Programación Macroeconómica,Instituto Nacional de Estadística y Censos (INDEC),Empleo e Ingresos
59.4_LA_INDICIA_0_0_16,linea_indigencia,Línea de indigencia en pesos corrientes desde 2000 hasta 2000,R/P1M,2000-09-01,2006-12-01,Pesos corrientes,"Canasta básica alimentaria y total, línea de indigencia y línea de pobreza desde 1988",Subsecretaría de Programación Macroeconómica,Instituto Nacional de Estadística y Censos (INDEC),Empleo e Ingresos
59.4_LA_POBREZA_0_0_13,linea_pobreza,Línea de pobreza en pesos corrientes desde 2000 hasta 2000,R/P1M,2000-09-01,2006-12-01,Pesos corrientes,"Canasta básica alimentaria y total, línea de indigencia y línea de pobreza desde 1988",Subsecretaría de Programación Macroeconómica,Instituto Nacional de Estadística y Censos (INDEC),Empleo e Ingresos
60.1_IH_0_0_18,indigentes_hogares,Hogares con ingresos debajo de línea de indigencia (%) desde 1988 hasta 2003,R/P6M,1988-05-01,2003-05-01,Porcentaje de hogares,Pobreza e indigencia. EPH puntual.,Subsecretaría de Programación Macroeconómica,Instituto Nacional de Estadística y Censos (INDEC),Empleo e Ingresos
60.1_IP_0_0_20,indigentes_poblacion,Población con ingresos debajo de línea de indigencia (%) desde 1988 hasta 2003,R/P6M,1988-05-01,2003-05-01,Porcentaje de población,Pobreza e indigencia. EPH puntual.,Subsecretaría de Programación Macroeconómica,Instituto Nacional de Estadística y Censos (INDEC),Empleo e Ingresos
60.1_PH_0_0_14,pobres_hogares,Hogares con ingresos debajo de línea de pobreza (%) desde 1988 hasta 2003,R/P6M,1988-05-01,2003-05-01,Porcentaje de hogares,Pobreza e indigencia. EPH puntual.,Subsecretaría de Programación Macroeconómica,Instituto Nacional de Estadística y Censos (INDEC),Empleo e Ingresos
60.1_PP_0_0_15,pobres_personas,Población con ingresos debajo de línea de pobreza (%) desde 1988 hasta 2003,R/P6M,1988-05-01,2003-05-01,Porcentaje de población,Pobreza e indigencia. EPH puntual.,Subsecretaría de Programación Macroeconómica,Instituto Nacional de Estadística y Censos (INDEC),Empleo e Ingresos
61.1_AIP_0_0_25,hogares_indigentes_pct_aglomerados_interior_pais,Hogares con ingresos debajo de línea de indigencia (%) de 2001 a 2003. Aglomerados del Interior del País,R/P6M,2001-05-01,2003-05-01,Porcentaje de hogares,Hogares con ingresos por debajo de la línea de indigencia EPH puntual y continua,Subsecretaría de Programación Macroeconómica,Instituto Nacional de Estadística y Censos (INDEC),Empleo e Ingresos
61.1_BBC_0_0_18,hogares_indigentes_pct_bahia_blanca_cerri,Hogares con ingresos debajo de línea de indigencia (%) de 2001 a 2003. Bahía Blanca - Cerri,R/P6M,2001-05-01,2003-05-01,Porcentaje de hogares,Hogares con ingresos por debajo de la línea de indigencia EPH puntual y continua,Subsecretaría de Programación Macroeconómica,Instituto Nacional de Estadística y Censos (INDEC),Empleo e Ingresos
61.1_CRRT_0_0_29,hogares_indigentes_pct_comodoro_rivadavia_rada_tilly,Hogares con ingresos debajo de línea de indigencia (%) de 2001 a 2003. Comodoro Rivadavia - Rada Tilly,R/P6M,2001-05-01,2003-05-01,Porcentaje de hogares,Hogares con ingresos por debajo de la línea de indigencia EPH puntual y continua,Subsecretaría de Programación Macroeconómica,Instituto Nacional de Estadística y Censos (INDEC),Empleo e Ingresos
61.1_C_0_0_10,hogares_indigentes_pct_corrientes,Hogares con ingresos debajo de línea de indigencia (%) de 2001 a 2003. Corrientes,R/P6M,2001-05-01,2003-05-01,Porcentaje de hogares,Hogares con ingresos por debajo de la línea de indigencia EPH puntual y continua,Subsecretaría de Programación Macroeconómica,Instituto Nacional de Estadística y Censos (INDEC),Empleo e Ingresos
61.1_C_0_0_4,hogares_indigentes_pct_caba,Hogares con ingresos debajo de línea de indigencia (%) de 2001 a 2003. Ciudad de Buenos Aires,R/P6M,2001-05-01,2003-05-01,Porcentaje de hogares,Hogares con ingresos por debajo de la línea de indigencia EPH puntual y continua,Subsecretaría de Programación Macroeconómica,Instituto Nacional de Estadística y Censos (INDEC),Empleo e Ingresos
61.1_C_0_0_9,hogares_indigentes_pct_concordia,Hogares con ingresos debajo de línea de indigencia (%) de 2001 a 2003. Concordia,R/P6M,2001-05-01,2003-05-01,Porcentaje de hogares,Hogares con ingresos por debajo de la línea de indigencia EPH puntual y continua,Subsecretaría de Programación Macroeconómica,Instituto Nacional de Estadística y Censos (INDEC),Empleo e Ingresos
61.1_F_0_0_7,hogares_indigentes_pct_formosa,Hogares con ingresos debajo de línea de indigencia (%) de 2001 a 2003. Formosa,R/P6M,2001-05-01,2003-05-01,Porcentaje de hogares,Hogares con ingresos por debajo de la línea de indigencia EPH puntual y continua,Subsecretaría de Programación Macroeconómica,Instituto Nacional de Estadística y Censos (INDEC),Empleo e Ingresos
61.1_GC_0_0_12,hogares_indigentes_pct_gran_cordoba,Hogares con ingresos debajo de línea de indigencia (%) de 2001 a 2003. Gran Córdoba,R/P6M,2001-05-01,2003-05-01,Porcentaje de hogares,Hogares con ingresos por debajo de la línea de indigencia EPH puntual y continua,Subsecretaría de Programación Macroeconómica,Instituto Nacional de Estadística y Censos (INDEC),Empleo e Ingresos
61.1_GC_0_0_14,hogares_indigentes_pct_gran_catamarca,Hogares con ingresos debajo de línea de indigencia (%) de 2001 a 2003. Gran Catamarca,R/P6M,2001-05-01,2003-05-01,Porcentaje de hogares,Hogares con ingresos por debajo de la línea de indigencia EPH puntual y continua,Subsecretaría de Programación Macroeconómica,Instituto Nacional de Estadística y Censos (INDEC),Empleo e Ingresos
61.1_GLP_0_0_13,hogares_indigentes_pct_gran_la_plata,Hogares con ingresos debajo de línea de indigencia (%) de 2001 a 2003. Gran La Plata,R/P6M,2001-05-01,2003-05-01,Porcentaje de hogares,Hogares con ingresos por debajo de la línea de indigencia EPH puntual y continua,Subsecretaría de Programación Macroeconómica,Instituto Nacional de Estadística y Censos (INDEC),Empleo e Ingresos
61.1_GM_0_0_12,hogares_indigentes_pct_gran_mendoza,Hogares con ingresos debajo de línea de indigencia (%) de 2001 a 2003. Gran Mendoza,R/P6M,2001-05-01,2003-05-01,Porcentaje de hogares,Hogares con ingresos por debajo de la línea de indigencia EPH puntual y continua,Subsecretaría de Programación Macroeconómica,Instituto Nacional de Estadística y Censos (INDEC),Empleo e Ingresos
61.1_GP_0_0_11,hogares_indigentes_pct_gran_parana,Hogares con ingresos debajo de línea de indigencia (%) de 2001 a 2003. Gran Paraná,R/P6M,2001-05-01,2003-05-01,Porcentaje de hogares,Hogares con ingresos por debajo de la línea de indigencia EPH puntual y continua,Subsecretaría de Programación Macroeconómica,Instituto Nacional de Estadística y Censos (INDEC),Empleo e Ingresos
61.1_GR_0_0_12,hogares_indigentes_pct_gran_rosario,Hogares con ingresos debajo de línea de indigencia (%) de 2001 a 2003. Gran Rosario,R/P6M,2001-05-01,2003-05-01,Porcentaje de hogares,Hogares con ingresos por debajo de la línea de indigencia EPH puntual y continua,Subsecretaría de Programación Macroeconómica,Instituto Nacional de Estadística y Censos (INDEC),Empleo e Ingresos
61.1_GR_0_0_16,hogares_indigentes_pct_gran_resistencia,Hogares con ingresos debajo de línea de indigencia (%) de 2001 a 2003. Gran Resistencia,R/P6M,2001-05-01,2003-05-01,Porcentaje de hogares,Hogares con ingresos por debajo de la línea de indigencia EPH puntual y continua,Subsecretaría de Programación Macroeconómica,Instituto Nacional de Estadística y Censos (INDEC),Empleo e Ingresos
61.1_GSF_0_0_13,hogares_indigentes_pct_gran_santa_fe,Hogares con ingresos debajo de línea de indigencia (%) de 2001 a 2003. Gran Santa Fe,R/P6M,2001-05-01,2003-05-01,Porcentaje de hogares,Hogares con ingresos por debajo de la línea de indigencia EPH puntual y continua,Subsecretaría de Programación Macroeconómica,Instituto Nacional de Estadística y Censos (INDEC),Empleo e Ingresos
61.1_GSJ_0_0_13,hogares_indigentes_pct_gran_san_juan,Hogares con ingresos debajo de línea de indigencia (%) de 2001 a 2003. Gran San Juan,R/P6M,2001-05-01,2003-05-01,Porcentaje de hogares,Hogares con ingresos por debajo de la línea de indigencia EPH puntual y continua,Subsecretaría de Programación Macroeconómica,Instituto Nacional de Estadística y Censos (INDEC),Empleo e Ingresos
61.1_GTTV_0_0_23,hogares_indigentes_pct_gran_tucuman_tafi_viejo,Hogares con ingresos debajo de línea de indigencia (%) de 2001 a 2003. Gran Tucumán - Tafí Viejo,R/P6M,2001-05-01,2003-05-01,Porcentaje de hogares,Hogares con ingresos por debajo de la línea de indigencia EPH puntual y continua,Subsecretaría de Programación Macroeconómica,Instituto Nacional de Estadística y Censos (INDEC),Empleo e Ingresos
61.1_G_0_0_3,hogares_indigentes_pct_gba,Hogares con ingresos debajo de línea de indigencia (%) de 2001 a 2003. GBA,R/P6M,2001-05-01,2003-05-01,Porcentaje de hogares,Hogares con ingresos por debajo de la línea de indigencia EPH puntual y continua,Subsecretaría de Programación Macroeconómica,Instituto Nacional de Estadística y Censos (INDEC),Empleo e Ingresos
61.1_JP_0_0_13,hogares_indigentes_pct_jujuy_palpala,Hogares con ingresos debajo de línea de indigencia (%) de 2001 a 2003. Jujuy - Palpalá,R/P6M,2001-05-01,2003-05-01,Porcentaje de hogares,Hogares con ingresos por debajo de la línea de indigencia EPH puntual y continua,Subsecretaría de Programación Macroeconómica,Instituto Nacional de Estadística y Censos (INDEC),Empleo e Ingresos
61.1_LR_0_0_8,hogares_indigentes_pct_la_rioja,Hogares con ingresos debajo de línea de indigencia (%) de 2001 a 2003. La Rioja,R/P6M,2001-05-01,2003-05-01,Porcentaje de hogares,Hogares con ingresos por debajo de la línea de indigencia EPH puntual y continua,Subsecretaría de Programación Macroeconómica,Instituto Nacional de Estadística y Censos (INDEC),Empleo e Ingresos
61.1_MPB_0_0_15,hogares_indigentes_pct_mar_plata_batan,Hogares con ingresos debajo de línea de indigencia (%) de 2001 a 2003. Mar del Plata - Batán,R/P6M,2001-05-01,2003-05-01,Porcentaje de hogares,Hogares con ingresos por debajo de la línea de indigencia EPH puntual y continua,Subsecretaría de Programación Macroeconómica,Instituto Nacional de Estadística y Censos (INDEC),Empleo e Ingresos
61.1_NP_0_0_16,hogares_indigentes_pct_neuquen_plottier,Hogares con ingresos debajo de línea de indigencia (%) de 2001 a 2003. Neuquén - Plottier,R/P6M,2001-05-01,2003-05-01,Porcentaje de hogares,Hogares con ingresos por debajo de la línea de indigencia EPH puntual y continua,Subsecretaría de Programación Macroeconómica,Instituto Nacional de Estadística y Censos (INDEC),Empleo e Ingresos
61.1_PGBA_0_0_26,hogares_indigentes_pct_partidos_gran_buenos_aires,Hogares con ingresos debajo de línea de indigencia (%) de 2001 a 2003. Partidos del Gran Buenos Aires,R/P6M,2001-05-01,2003-05-01,Porcentaje de hogares,Hogares con ingresos por debajo de la línea de indigencia EPH puntual y continua,Subsecretaría de Programación Macroeconómica,Instituto Nacional de Estadística y Censos (INDEC),Empleo e Ingresos
61.1_P_0_0_7,hogares_indigentes_pct_posadas,Hogares con ingresos debajo de línea de indigencia (%) de 2001 a 2003. Posadas,R/P6M,2001-05-01,2003-05-01,Porcentaje de hogares,Hogares con ingresos por debajo de la línea de indigencia EPH puntual y continua,Subsecretaría de Programación Macroeconómica,Instituto Nacional de Estadística y Censos (INDEC),Empleo e Ingresos
61.1_RC_0_0_10,hogares_indigentes_pct_rio_cuarto,Hogares con ingresos debajo de línea de indigencia (%) de 2001 a 2003. Río Cuarto,R/P6M,2001-05-01,2003-05-01,Porcentaje de hogares,Hogares con ingresos por debajo de la línea de indigencia EPH puntual y continua,Subsecretaría de Programación Macroeconómica,Instituto Nacional de Estadística y Censos (INDEC),Empleo e Ingresos
61.1_RG_0_0_12,hogares_indigentes_pct_rio_gallegos,Hogares con ingresos debajo de línea de indigencia (%) de 2001 a 2003. Río Gallegos,R/P6M,2001-05-01,2003-05-01,Porcentaje de hogares,Hogares con ingresos por debajo de la línea de indigencia EPH puntual y continua,Subsecretaría de Programación Macroeconómica,Instituto Nacional de Estadística y Censos (INDEC),Empleo e Ingresos
61.1_RNE_0_0_15,hogares_indigentes_pct_region_nordeste,Hogares con ingresos debajo de línea de indigencia (%) de 2001 a 2003. Región Nordeste,R/P6M,2001-05-01,2003-05-01,Porcentaje de hogares,Hogares con ingresos por debajo de la línea de indigencia EPH puntual y continua,Subsecretaría de Programación Macroeconómica,Instituto Nacional de Estadística y Censos (INDEC),Empleo e Ingresos
61.1_RNO_0_0_15,hogares_indigentes_pct_region_noroeste,Hogares con ingresos debajo de línea de indigencia (%) de 2001 a 2003. Región Noroeste,R/P6M,2001-05-01,2003-05-01,Porcentaje de hogares,Hogares con ingresos por debajo de la línea de indigencia EPH puntual y continua,Subsecretaría de Programación Macroeconómica,Instituto Nacional de Estadística y Censos (INDEC),Empleo e Ingresos
61.1_RP_0_0_15,hogares_indigentes_pct_region_pampeana,Hogares con ingresos debajo de línea de indigencia (%) de 2001 a 2003. Región Pampeana,R/P6M,2001-05-01,2003-05-01,Porcentaje de hogares,Hogares con ingresos por debajo de la línea de indigencia EPH puntual y continua,Subsecretaría de Programación Macroeconómica,Instituto Nacional de Estadística y Censos (INDEC),Empleo e Ingresos
61.1_RP_0_0_16,hogares_indigentes_pct_region_patagonia,Hogares con ingresos debajo de línea de indigencia (%) de 2001 a 2003. Región Patagonia,R/P6M,2001-05-01,2003-05-01,Porcentaje de hogares,Hogares con ingresos por debajo de la línea de indigencia EPH puntual y continua,Subsecretaría de Programación Macroeconómica,Instituto Nacional de Estadística y Censos (INDEC),Empleo e Ingresos
61.1_RT_0_0_13,hogares_indigentes_pct_rawson_trelew,Hogares con ingresos debajo de línea de indigencia (%) de 2001 a 2003. Rawson - Trelew,R/P6M,2002-11-01,2003-05-01,Porcentaje de hogares,Hogares con ingresos por debajo de la línea de indigencia EPH puntual y continua,Subsecretaría de Programación Macroeconómica,Instituto Nacional de Estadística y Censos (INDEC),Empleo e Ingresos
61.1_SELB_0_0_24,hogares_indigentes_pct_santiago_estero_la_banda,Hogares con ingresos debajo de línea de indigencia (%) de 2001 a 2003. Santiago del Estero - La Banda,R/P6M,2001-05-01,2003-05-01,Porcentaje de hogares,Hogares con ingresos por debajo de la línea de indigencia EPH puntual y continua,Subsecretaría de Programación Macroeconómica,Instituto Nacional de Estadística y Censos (INDEC),Empleo e Ingresos
61.1_SLEC_0_0_21,hogares_indigentes_pct_san_luis_el_chorrillo,Hogares con ingresos debajo de línea de indigencia (%) de 2001 a 2003. San Luis - El Chorrillo,R/P6M,2001-05-01,2003-05-01,Porcentaje de hogares,Hogares con ingresos por debajo de la línea de indigencia EPH puntual y continua,Subsecretaría de Programación Macroeconómica,Instituto Nacional de Estadística y Censos (INDEC),Empleo e Ingresos
61.1_SNVC_0_0_30,hogares_indigentes_pct_san_nicolas_villa_constitucion,Hogares con ingresos debajo de línea de indigencia (%) de 2001 a 2003. San Nicolás - Villa Constitución,R/P6M,2002-11-01,2003-05-01,Porcentaje de hogares,Hogares con ingresos por debajo de la línea de indigencia EPH puntual y continua,Subsecretaría de Programación Macroeconómica,Instituto Nacional de Estadística y Censos (INDEC),Empleo e Ingresos
61.1_SRT_0_0_15,hogares_indigentes_pct_santa_rosa_toay,Hogares con ingresos debajo de línea de indigencia (%) de 2001 a 2003. Santa Rosa - Toay,R/P6M,2001-05-01,2003-05-01,Porcentaje de hogares,Hogares con ingresos por debajo de la línea de indigencia EPH puntual y continua,Subsecretaría de Programación Macroeconómica,Instituto Nacional de Estadística y Censos (INDEC),Empleo e Ingresos
61.1_S_0_0_5,hogares_indigentes_pct_salta,Hogares con ingresos debajo de línea de indigencia (%) de 2001 a 2003. Salta,R/P6M,2001-05-01,2003-05-01,Porcentaje de hogares,Hogares con ingresos por debajo de la línea de indigencia EPH puntual y continua,Subsecretaría de Programación Macroeconómica,Instituto Nacional de Estadística y Censos (INDEC),Empleo e Ingresos
61.1_T_0_0_5,hogares_indigentes_pct_total,Hogares con ingresos debajo de línea de indigencia (%) de 2001 a 2003. TOTAL,R/P6M,2001-05-01,2003-05-01,Porcentaje de hogares,Hogares con ingresos por debajo de la línea de indigencia EPH puntual y continua,Subsecretaría de Programación Macroeconómica,Instituto Nacional de Estadística y Censos (INDEC),Empleo e Ingresos
61.1_URG_0_0_18,hogares_indigentes_pct_ushuaia_rio_grande,Hogares con ingresos debajo de línea de indigencia (%) de 2001 a 2003. Ushuaia - Río Grande,R/P6M,2001-05-01,2003-05-01,Porcentaje de hogares,Hogares con ingresos por debajo de la línea de indigencia EPH puntual y continua,Subsecretaría de Programación Macroeconómica,Instituto Nacional de Estadística y Censos (INDEC),Empleo e Ingresos
61.1_VCP_0_0_23,hogares_indigentes_pct_viedma_carmen_patagones,Hogares con ingresos debajo de línea de indigencia (%) de 2001 a 2003. Viedma - Carmen de Patagones,R/P6M,2002-11-01,2003-05-01,Porcentaje de hogares,Hogares con ingresos por debajo de la línea de indigencia EPH puntual y continua,Subsecretaría de Programación Macroeconómica,Instituto Nacional de Estadística y Censos (INDEC),Empleo e Ingresos
62.1_AIP_0_0_25,poblacion_indigente_pct_aglomerados_interior_pais,Población con ingresos debajo de línea de indigencia (%) de 2001 a 2003. Aglomerados del Interior del País,R/P6M,2001-05-01,2003-05-01,Porcentaje de población,Población con ingresos por debajo de la línea de indigencia  EPH puntual y continua,Subsecretaría de Programación Macroeconómica,Instituto Nacional de Estadística y Censos (INDEC),Empleo e Ingresos
62.1_BBC_0_0_18,poblacion_indigente_pct_bahia_blanca_cerri,Población con ingresos debajo de línea de indigencia (%) de 2001 a 2003. Bahía Blanca - Cerri,R/P6M,2001-05-01,2003-05-01,Porcentaje de población,Población con ingresos por debajo de la línea de indigencia  EPH puntual y continua,Subsecretaría de Programación Macroeconómica,Instituto Nacional de Estadística y Censos (INDEC),Empleo e Ingresos
62.1_CRRT_0_0_29,poblacion_indigente_pct_comodoro_rivadavia_rada_tilly,Población con ingresos debajo de línea de indigencia (%) de 2001 a 2003. Comodoro Rivadavia - Rada Tilly,R/P6M,2001-05-01,2003-05-01,Porcentaje de población,Población con ingresos por debajo de la línea de indigencia  EPH puntual y continua,Subsecretaría de Programación Macroeconómica,Instituto Nacional de Estadística y Censos (INDEC),Empleo e Ingresos
62.1_C_0_0_10,poblacion_indigente_pct_corrientes,Población con ingresos debajo de línea de indigencia (%) de 2001 a 2003. Corrientes,R/P6M,2001-05-01,2003-05-01,Porcentaje de población,Población con ingresos por debajo de la línea de indigencia  EPH puntual y continua,Subsecretaría de Programación Macroeconómica,Instituto Nacional de Estadística y Censos (INDEC),Empleo e Ingresos
62.1_C_0_0_4,poblacion_indigente_pct_caba,Población con ingresos debajo de línea de indigencia (%) de 2001 a 2003. Ciudad de Buenos Aires,R/P6M,2001-05-01,2003-05-01,Porcentaje de población,Población con ingresos por debajo de la línea de indigencia  EPH puntual y continua,Subsecretaría de Programación Macroeconómica,Instituto Nacional de Estadística y Censos (INDEC),Empleo e Ingresos
62.1_C_0_0_9,poblacion_indigente_pct_concordia,Población con ingresos debajo de línea de indigencia (%) de 2001 a 2003. Concordia,R/P6M,2001-05-01,2003-05-01,Porcentaje de población,Población con ingresos por debajo de la línea de indigencia  EPH puntual y continua,Subsecretaría de Programación Macroeconómica,Instituto Nacional de Estadística y Censos (INDEC),Empleo e Ingresos
62.1_F_0_0_7,poblacion_indigente_pct_formosa,Población con ingresos debajo de línea de indigencia (%) de 2001 a 2003. Formosa,R/P6M,2001-05-01,2003-05-01,Porcentaje de población,Población con ingresos por debajo de la línea de indigencia  EPH puntual y continua,Subsecretaría de Programación Macroeconómica,Instituto Nacional de Estadística y Censos (INDEC),Empleo e Ingresos
62.1_GC_0_0_12,poblacion_indigente_pct_gran_cordoba,Población con ingresos debajo de línea de indigencia (%) de 2001 a 2003. Gran Córdoba,R/P6M,2001-05-01,2003-05-01,Porcentaje de población,Población con ingresos por debajo de la línea de indigencia  EPH puntual y continua,Subsecretaría de Programación Macroeconómica,Instituto Nacional de Estadística y Censos (INDEC),Empleo e Ingresos
62.1_GC_0_0_14,poblacion_indigente_pct_gran_catamarca,Población con ingresos debajo de línea de indigencia (%) de 2001 a 2003. Gran Catamarca,R/P6M,2001-05-01,2003-05-01,Porcentaje de población,Población con ingresos por debajo de la línea de indigencia  EPH puntual y continua,Subsecretaría de Programación Macroeconómica,Instituto Nacional de Estadística y Censos (INDEC),Empleo e Ingresos
62.1_GLP_0_0_13,poblacion_indigente_pct_gran_la_plata,Población con ingresos debajo de línea de indigencia (%) de 2001 a 2003. Gran La Plata,R/P6M,2001-05-01,2003-05-01,Porcentaje de población,Población con ingresos por debajo de la línea de indigencia  EPH puntual y continua,Subsecretaría de Programación Macroeconómica,Instituto Nacional de Estadística y Censos (INDEC),Empleo e Ingresos
62.1_GM_0_0_12,poblacion_indigente_pct_gran_mendoza,Población con ingresos debajo de línea de indigencia (%) de 2001 a 2003. Gran Mendoza,R/P6M,2001-05-01,2003-05-01,Porcentaje de población,Población con ingresos por debajo de la línea de indigencia  EPH puntual y continua,Subsecretaría de Programación Macroeconómica,Instituto Nacional de Estadística y Censos (INDEC),Empleo e Ingresos
62.1_GP_0_0_11,poblacion_indigente_pct_gran_parana,Población con ingresos debajo de línea de indigencia (%) de 2001 a 2003. Gran Paraná,R/P6M,2001-05-01,2003-05-01,Porcentaje de población,Población con ingresos por debajo de la línea de indigencia  EPH puntual y continua,Subsecretaría de Programación Macroeconómica,Instituto Nacional de Estadística y Censos (INDEC),Empleo e Ingresos
62.1_GR_0_0_12,poblacion_indigente_pct_gran_rosario,Población con ingresos debajo de línea de indigencia (%) de 2001 a 2003. Gran Rosario,R/P6M,2001-05-01,2003-05-01,Porcentaje de población,Población con ingresos por debajo de la línea de indigencia  EPH puntual y continua,Subsecretaría de Programación Macroeconómica,Instituto Nacional de Estadística y Censos (INDEC),Empleo e Ingresos
62.1_GR_0_0_16,poblacion_indigente_pct_gran_resistencia,Población con ingresos debajo de línea de indigencia (%) de 2001 a 2003. Gran Resistencia,R/P6M,2001-05-01,2003-05-01,Porcentaje de población,Población con ingresos por debajo de la línea de indigencia  EPH puntual y continua,Subsecretaría de Programación Macroeconómica,Instituto Nacional de Estadística y Censos (INDEC),Empleo e Ingresos
62.1_GSF_0_0_13,poblacion_indigente_pct_gran_santa_fe,Población con ingresos debajo de línea de indigencia (%) de 2001 a 2003. Gran Santa Fe,R/P6M,2001-05-01,2003-05-01,Porcentaje de población,Población con ingresos por debajo de la línea de indigencia  EPH puntual y continua,Subsecretaría de Programación Macroeconómica,Instituto Nacional de Estadística y Censos (INDEC),Empleo e Ingresos
62.1_GSJ_0_0_13,poblacion_indigente_pct_gran_san_juan,Población con ingresos debajo de línea de indigencia (%) de 2001 a 2003. Gran San Juan,R/P6M,2001-05-01,2003-05-01,Porcentaje de población,Población con ingresos por debajo de la línea de indigencia  EPH puntual y continua,Subsecretaría de Programación Macroeconómica,Instituto Nacional de Estadística y Censos (INDEC),Empleo e Ingresos
62.1_GTTV_0_0_23,poblacion_indigente_pct_gran_tucuman_tafi_viejo,Población con ingresos debajo de línea de indigencia (%) de 2001 a 2003. Gran Tucumán - Tafí Viejo,R/P6M,2001-05-01,2003-05-01,Porcentaje de población,Población con ingresos por debajo de la línea de indigencia  EPH puntual y continua,Subsecretaría de Programación Macroeconómica,Instituto Nacional de Estadística y Censos (INDEC),Empleo e Ingresos
62.1_G_0_0_3,poblacion_indigente_pct_gba,Población con ingresos debajo de línea de indigencia (%) de 2001 a 2003. GBA,R/P6M,2001-05-01,2003-05-01,Porcentaje de población,Población con ingresos por debajo de la línea de indigencia  EPH puntual y continua,Subsecretaría de Programación Macroeconómica,Instituto Nacional de Estadística y Censos (INDEC),Empleo e Ingresos
62.1_JP_0_0_13,poblacion_indigente_pct_jujuy_palpala,Población con ingresos debajo de línea de indigencia (%) de 2001 a 2003. Jujuy - Palpalá,R/P6M,2001-05-01,2003-05-01,Porcentaje de población,Población con ingresos por debajo de la línea de indigencia  EPH puntual y continua,Subsecretaría de Programación Macroeconómica,Instituto Nacional de Estadística y Censos (INDEC),Empleo e Ingresos
62.1_LR_0_0_8,poblacion_indigente_pct_la_rioja,Población con ingresos debajo de línea de indigencia (%) de 2001 a 2003. La Rioja,R/P6M,2001-05-01,2003-05-01,Porcentaje de población,Población con ingresos por debajo de la línea de indigencia  EPH puntual y continua,Subsecretaría de Programación Macroeconómica,Instituto Nacional de Estadística y Censos (INDEC),Empleo e Ingresos
62.1_MPB_0_0_15,poblacion_indigente_pct_mar_plata_batan,Población con ingresos debajo de línea de indigencia (%) de 2001 a 2003. Mar del Plata - Batán,R/P6M,2001-05-01,2003-05-01,Porcentaje de población,Población con ingresos por debajo de la línea de indigencia  EPH puntual y continua,Subsecretaría de Programación Macroeconómica,Instituto Nacional de Estadística y Censos (INDEC),Empleo e Ingresos
62.1_NP_0_0_16,poblacion_indigente_pct_neuquen_plottier,Población con ingresos debajo de línea de indigencia (%) de 2001 a 2003. Neuquén - Plottier,R/P6M,2001-05-01,2003-05-01,Porcentaje de población,Población con ingresos por debajo de la línea de indigencia  EPH puntual y continua,Subsecretaría de Programación Macroeconómica,Instituto Nacional de Estadística y Censos (INDEC),Empleo e Ingresos
62.1_PGBA_0_0_26,poblacion_indigente_pct_partidos_gran_buenos_aires,Población con ingresos debajo de línea de indigencia (%) de 2001 a 2003. Partidos del Gran Buenos Aires,R/P6M,2001-05-01,2003-05-01,Porcentaje de población,Población con ingresos por debajo de la línea de indigencia  EPH puntual y continua,Subsecretaría de Programación Macroeconómica,Instituto Nacional de Estadística y Censos (INDEC),Empleo e Ingresos
62.1_P_0_0_7,poblacion_indigente_pct_posadas,Población con ingresos debajo de línea de indigencia (%) de 2001 a 2003. Posadas,R/P6M,2001-05-01,2003-05-01,Porcentaje de población,Población con ingresos por debajo de la línea de indigencia  EPH puntual y continua,Subsecretaría de Programación Macroeconómica,Instituto Nacional de Estadística y Censos (INDEC),Empleo e Ingresos
62.1_RC_0_0_10,poblacion_indigente_pct_rio_cuarto,Población con ingresos debajo de línea de indigencia (%) de 2001 a 2003. Río Cuarto,R/P6M,2001-05-01,2003-05-01,Porcentaje de población,Población con ingresos por debajo de la línea de indigencia  EPH puntual y continua,Subsecretaría de Programación Macroeconómica,Instituto Nacional de Estadística y Censos (INDEC),Empleo e Ingresos
62.1_RG_0_0_12,poblacion_indigente_pct_rio_gallegos,Población con ingresos debajo de línea de indigencia (%) de 2001 a 2003. Río Gallegos,R/P6M,2001-05-01,2003-05-01,Porcentaje de población,Población con ingresos por debajo de la línea de indigencia  EPH puntual y continua,Subsecretaría de Programación Macroeconómica,Instituto Nacional de Estadística y Censos (INDEC),Empleo e Ingresos
62.1_RNE_0_0_15,poblacion_indigente_pct_region_nordeste,Población con ingresos debajo de línea de indigencia (%) de 2001 a 2003. Región Nordeste,R/P6M,2001-05-01,2003-05-01,Porcentaje de población,Población con ingresos por debajo de la línea de indigencia  EPH puntual y continua,Subsecretaría de Programación Macroeconómica,Instituto Nacional de Estadística y Censos (INDEC),Empleo e Ingresos
62.1_RNO_0_0_15,poblacion_indigente_pct_region_noroeste,Población con ingresos debajo de línea de indigencia (%) de 2001 a 2003. Región Noroeste,R/P6M,2001-05-01,2003-05-01,Porcentaje de población,Población con ingresos por debajo de la línea de indigencia  EPH puntual y continua,Subsecretaría de Programación Macroeconómica,Instituto Nacional de Estadística y Censos (INDEC),Empleo e Ingresos
62.1_RP_0_0_15,poblacion_indigente_pct_region_pampeana,Población con ingresos debajo de línea de indigencia (%) de 2001 a 2003. Región Pampeana,R/P6M,2001-05-01,2003-05-01,Porcentaje de población,Población con ingresos por debajo de la línea de indigencia  EPH puntual y continua,Subsecretaría de Programación Macroeconómica,Instituto Nacional de Estadística y Censos (INDEC),Empleo e Ingresos
62.1_RP_0_0_16,poblacion_indigente_pct_region_patagonia,Población con ingresos debajo de línea de indigencia (%) de 2001 a 2003. Región Patagonia,R/P6M,2001-05-01,2003-05-01,Porcentaje de población,Población con ingresos por debajo de la línea de indigencia  EPH puntual y continua,Subsecretaría de Programación Macroeconómica,Instituto Nacional de Estadística y Censos (INDEC),Empleo e Ingresos
62.1_RT_0_0_13,poblacion_indigente_pct_rawson_trelew,Población con ingresos debajo de línea de indigencia (%) de 2001 a 2003. Rawson - Trelew,R/P6M,2002-11-01,2003-05-01,Porcentaje de población,Población con ingresos por debajo de la línea de indigencia  EPH puntual y continua,Subsecretaría de Programación Macroeconómica,Instituto Nacional de Estadística y Censos (INDEC),Empleo e Ingresos
62.1_SELB_0_0_24,poblacion_indigente_pct_santiago_estero_la_banda,Población con ingresos debajo de línea de indigencia (%) de 2001 a 2003. Santiago del Estero - La Banda,R/P6M,2001-05-01,2003-05-01,Porcentaje de población,Población con ingresos por debajo de la línea de indigencia  EPH puntual y continua,Subsecretaría de Programación Macroeconómica,Instituto Nacional de Estadística y Censos (INDEC),Empleo e Ingresos
62.1_SLEC_0_0_21,poblacion_indigente_pct_san_luis_el_chorrillo,Población con ingresos debajo de línea de indigencia (%) de 2001 a 2003. San Luis - El Chorrillo,R/P6M,2001-05-01,2003-05-01,Porcentaje de población,Población con ingresos por debajo de la línea de indigencia  EPH puntual y continua,Subsecretaría de Programación Macroeconómica,Instituto Nacional de Estadística y Censos (INDEC),Empleo e Ingresos
62.1_SNVC_0_0_30,poblacion_indigente_pct_san_nicolas_villa_constitucion,Población con ingresos debajo de línea de indigencia (%) de 2001 a 2003. San Nicolás - Villa Constitución,R/P6M,2002-11-01,2003-05-01,Porcentaje de población,Población con ingresos por debajo de la línea de indigencia  EPH puntual y continua,Subsecretaría de Programación Macroeconómica,Instituto Nacional de Estadística y Censos (INDEC),Empleo e Ingresos
62.1_SRT_0_0_15,poblacion_indigente_pct_santa_rosa_toay,Población con ingresos debajo de línea de indigencia (%) de 2001 a 2003. Santa Rosa - Toay,R/P6M,2001-05-01,2003-05-01,Porcentaje de población,Población con ingresos por debajo de la línea de indigencia  EPH puntual y continua,Subsecretaría de Programación Macroeconómica,Instituto Nacional de Estadística y Censos (INDEC),Empleo e Ingresos
62.1_S_0_0_5,poblacion_indigente_pct_salta,Población con ingresos debajo de línea de indigencia (%) de 2001 a 2003. Salta,R/P6M,2001-05-01,2003-05-01,Porcentaje de población,Población con ingresos por debajo de la línea de indigencia  EPH puntual y continua,Subsecretaría de Programación Macroeconómica,Instituto Nacional de Estadística y Censos (INDEC),Empleo e Ingresos
62.1_T_0_0_5,poblacion_indigente_pct_total,Población con ingresos debajo de línea de indigencia (%) de 2001 a 2003. TOTAL,R/P6M,2001-05-01,2003-05-01,Porcentaje de población,Población con ingresos por debajo de la línea de indigencia  EPH puntual y continua,Subsecretaría de Programación Macroeconómica,Instituto Nacional de Estadística y Censos (INDEC),Empleo e Ingresos
62.1_URG_0_0_18,poblacion_indigente_pct_ushuaia_rio_grande,Población con ingresos debajo de línea de indigencia (%) de 2001 a 2003. Ushuaia - Río Grande,R/P6M,2001-05-01,2003-05-01,Porcentaje de población,Población con ingresos por debajo de la línea de indigencia  EPH puntual y continua,Subsecretaría de Programación Macroeconómica,Instituto Nacional de Estadística y Censos (INDEC),Empleo e Ingresos
62.1_VCP_0_0_23,poblacion_indigente_pct_viedma_carmen_patagones,Población con ingresos debajo de línea de indigencia (%) de 2001 a 2003. Viedma - Carmen de Patagones,R/P6M,2002-11-01,2003-05-01,Porcentaje de población,Población con ingresos por debajo de la línea de indigencia  EPH puntual y continua,Subsecretaría de Programación Macroeconómica,Instituto Nacional de Estadística y Censos (INDEC),Empleo e Ingresos
63.1_AIP_0_0_25,hogares_pobres_pct_aglomerados_interior_pais_puntual,Hogares con ingresos debajo de línea de pobreza (%) de 2001 a 2003. Aglomerados del Interior del País. EPH puntual.,R/P6M,2001-05-01,2003-05-01,Porcentaje de hogares,Hogares con ingresos por debajo de la línea de pobreza. EPH puntual y continua.,Subsecretaría de Programación Macroeconómica,Instituto Nacional de Estadística y Censos (INDEC),Empleo e Ingresos
63.1_BBC_0_0_18,hogares_pobres_pct_bahia_blanca_cerri_puntual,Hogares con ingresos debajo de línea de pobreza (%) de 2001 a 2003. Bahía Blanca - Cerri. EPH puntual.,R/P6M,2001-05-01,2003-05-01,Porcentaje de hogares,Hogares con ingresos por debajo de la línea de pobreza. EPH puntual y continua.,Subsecretaría de Programación Macroeconómica,Instituto Nacional de Estadística y Censos (INDEC),Empleo e Ingresos
63.1_CRRT_0_0_29,hogares_pobres_pct_comodoro_rivadavia_rada_tilly_puntual,Hogares con ingresos debajo de línea de pobreza (%) de 2001 a 2003. Comodoro Rivadavia - Rada Tilly. EPH puntual.,R/P6M,2001-05-01,2003-05-01,Porcentaje de hogares,Hogares con ingresos por debajo de la línea de pobreza. EPH puntual y continua.,Subsecretaría de Programación Macroeconómica,Instituto Nacional de Estadística y Censos (INDEC),Empleo e Ingresos
63.1_C_0_0_10,hogares_pobres_pct_corrientes_puntual,Hogares con ingresos debajo de línea de pobreza (%) de 2001 a 2003. Corrientes. EPH puntual.,R/P6M,2001-05-01,2003-05-01,Porcentaje de hogares,Hogares con ingresos por debajo de la línea de pobreza. EPH puntual y continua.,Subsecretaría de Programación Macroeconómica,Instituto Nacional de Estadística y Censos (INDEC),Empleo e Ingresos
63.1_C_0_0_4,hogares_pobres_pct_caba_puntual,Hogares con ingresos debajo de línea de pobreza (%) de 2001 a 2003. Ciudad de Buenos Aires. EPH puntual.,R/P6M,2001-05-01,2003-05-01,Porcentaje de hogares,Hogares con ingresos por debajo de la línea de pobreza. EPH puntual y continua.,Subsecretaría de Programación Macroeconómica,Instituto Nacional de Estadística y Censos (INDEC),Empleo e Ingresos
63.1_C_0_0_9,hogares_pobres_pct_concordia_puntual,Hogares con ingresos debajo de línea de pobreza (%) de 2001 a 2003. Concordia. EPH puntual.,R/P6M,2001-05-01,2003-05-01,Porcentaje de hogares,Hogares con ingresos por debajo de la línea de pobreza. EPH puntual y continua.,Subsecretaría de Programación Macroeconómica,Instituto Nacional de Estadística y Censos (INDEC),Empleo e Ingresos
63.1_F_0_0_7,hogares_pobres_pct_formosa_puntual,Hogares con ingresos debajo de línea de pobreza (%) de 2001 a 2003. Formosa. EPH puntual.,R/P6M,2001-05-01,2003-05-01,Porcentaje de hogares,Hogares con ingresos por debajo de la línea de pobreza. EPH puntual y continua.,Subsecretaría de Programación Macroeconómica,Instituto Nacional de Estadística y Censos (INDEC),Empleo e Ingresos
63.1_GC_0_0_12,hogares_pobres_pct_gran_cordoba_puntual,Hogares con ingresos debajo de línea de pobreza (%) de 2001 a 2003. Gran Córdoba. EPH puntual.,R/P6M,2001-05-01,2003-05-01,Porcentaje de hogares,Hogares con ingresos por debajo de la línea de pobreza. EPH puntual y continua.,Subsecretaría de Programación Macroeconómica,Instituto Nacional de Estadística y Censos (INDEC),Empleo e Ingresos
63.1_GC_0_0_14,hogares_pobres_pct_gran_catamarca_puntual,Hogares con ingresos debajo de línea de pobreza (%) de 2001 a 2003. Gran Catamarca. EPH puntual.,R/P6M,2001-05-01,2003-05-01,Porcentaje de hogares,Hogares con ingresos por debajo de la línea de pobreza. EPH puntual y continua.,Subsecretaría de Programación Macroeconómica,Instituto Nacional de Estadística y Censos (INDEC),Empleo e Ingresos
63.1_GLP_0_0_13,hogares_pobres_pct_gran_la_plata_puntual,Hogares con ingresos debajo de línea de pobreza (%) de 2001 a 2003. Gran La Plata. EPH puntual.,R/P6M,2001-05-01,2003-05-01,Porcentaje de hogares,Hogares con ingresos por debajo de la línea de pobreza. EPH puntual y continua.,Subsecretaría de Programación Macroeconómica,Instituto Nacional de Estadística y Censos (INDEC),Empleo e Ingresos
63.1_GM_0_0_12,hogares_pobres_pct_gran_mendoza_puntual,Hogares con ingresos debajo de línea de pobreza (%) de 2001 a 2003. Gran Mendoza. EPH puntual.,R/P6M,2001-05-01,2003-05-01,Porcentaje de hogares,Hogares con ingresos por debajo de la línea de pobreza. EPH puntual y continua.,Subsecretaría de Programación Macroeconómica,Instituto Nacional de Estadística y Censos (INDEC),Empleo e Ingresos
63.1_GP_0_0_11,hogares_pobres_pct_gran_parana_puntual,Hogares con ingresos debajo de línea de pobreza (%) de 2001 a 2003. Gran Paraná. EPH puntual.,R/P6M,2001-05-01,2003-05-01,Porcentaje de hogares,Hogares con ingresos por debajo de la línea de pobreza. EPH puntual y continua.,Subsecretaría de Programación Macroeconómica,Instituto Nacional de Estadística y Censos (INDEC),Empleo e Ingresos
63.1_GR_0_0_12,hogares_pobres_pct_gran_rosario_puntual,Hogares con ingresos debajo de línea de pobreza (%) de 2001 a 2003. Gran Rosario. EPH puntual.,R/P6M,2001-05-01,2003-05-01,Porcentaje de hogares,Hogares con ingresos por debajo de la línea de pobreza. EPH puntual y continua.,Subsecretaría de Programación Macroeconómica,Instituto Nacional de Estadística y Censos (INDEC),Empleo e Ingresos
63.1_GR_0_0_16,hogares_pobres_pct_gran_resistencia_puntual,Hogares con ingresos debajo de línea de pobreza (%) de 2001 a 2003. Gran Resistencia. EPH puntual.,R/P6M,2001-05-01,2003-05-01,Porcentaje de hogares,Hogares con ingresos por debajo de la línea de pobreza. EPH puntual y continua.,Subsecretaría de Programación Macroeconómica,Instituto Nacional de Estadística y Censos (INDEC),Empleo e Ingresos
63.1_GSF_0_0_13,hogares_pobres_pct_gran_santa_fe_puntual,Hogares con ingresos debajo de línea de pobreza (%) de 2001 a 2003. Gran Santa Fe. EPH puntual.,R/P6M,2001-05-01,2003-05-01,Porcentaje de hogares,Hogares con ingresos por debajo de la línea de pobreza. EPH puntual y continua.,Subsecretaría de Programación Macroeconómica,Instituto Nacional de Estadística y Censos (INDEC),Empleo e Ingresos
63.1_GSJ_0_0_13,hogares_pobres_pct_gran_san_juan_puntual,Hogares con ingresos debajo de línea de pobreza (%) de 2001 a 2003. Gran San Juan. EPH puntual.,R/P6M,2001-05-01,2003-05-01,Porcentaje de hogares,Hogares con ingresos por debajo de la línea de pobreza. EPH puntual y continua.,Subsecretaría de Programación Macroeconómica,Instituto Nacional de Estadística y Censos (INDEC),Empleo e Ingresos
63.1_GTTV_0_0_23,hogares_pobres_pct_gran_tucuman_tafi_viejo_puntual,Hogares con ingresos debajo de línea de pobreza (%) de 2001 a 2003. Gran Tucumán - Tafí Viejo. EPH puntual.,R/P6M,2001-05-01,2003-05-01,Porcentaje de hogares,Hogares con ingresos por debajo de la línea de pobreza. EPH puntual y continua.,Subsecretaría de Programación Macroeconómica,Instituto Nacional de Estadística y Censos (INDEC),Empleo e Ingresos
63.1_G_0_0_3,hogares_pobres_pct_gba_puntual,Hogares con ingresos debajo de línea de pobreza (%) de 2001 a 2003. GBA. EPH puntual.,R/P6M,2001-05-01,2003-05-01,Porcentaje de hogares,Hogares con ingresos por debajo de la línea de pobreza. EPH puntual y continua.,Subsecretaría de Programación Macroeconómica,Instituto Nacional de Estadística y Censos (INDEC),Empleo e Ingresos
63.1_JP_0_0_13,hogares_pobres_pct_jujuy_palpala_puntual,Hogares con ingresos debajo de línea de pobreza (%) de 2001 a 2003. Jujuy - Palpalá. EPH puntual.,R/P6M,2001-05-01,2003-05-01,Porcentaje de hogares,Hogares con ingresos por debajo de la línea de pobreza. EPH puntual y continua.,Subsecretaría de Programación Macroeconómica,Instituto Nacional de Estadística y Censos (INDEC),Empleo e Ingresos
63.1_LR_0_0_8,hogares_pobres_pct_la_rioja_puntual,Hogares con ingresos debajo de línea de pobreza (%) de 2001 a 2003. La Rioja. EPH puntual.,R/P6M,2001-05-01,2003-05-01,Porcentaje de hogares,Hogares con ingresos por debajo de la línea de pobreza. EPH puntual y continua.,Subsecretaría de Programación Macroeconómica,Instituto Nacional de Estadística y Censos (INDEC),Empleo e Ingresos
63.1_MPB_0_0_15,hogares_pobres_pct_mar_plata_batan_puntual,Hogares con ingresos debajo de línea de pobreza (%) de 2001 a 2003. Mar del Plata - Batán. EPH puntual.,R/P6M,2001-05-01,2003-05-01,Porcentaje de hogares,Hogares con ingresos por debajo de la línea de pobreza. EPH puntual y continua.,Subsecretaría de Programación Macroeconómica,Instituto Nacional de Estadística y Censos (INDEC),Empleo e Ingresos
63.1_NP_0_0_16,hogares_pobres_pct_neuquen_plottier_puntual,Hogares con ingresos debajo de línea de pobreza (%) de 2001 a 2003. Neuquén - Plottier. EPH puntual.,R/P6M,2001-05-01,2003-05-01,Porcentaje de hogares,Hogares con ingresos por debajo de la línea de pobreza. EPH puntual y continua.,Subsecretaría de Programación Macroeconómica,Instituto Nacional de Estadística y Censos (INDEC),Empleo e Ingresos
63.1_PGBA_0_0_26,hogares_pobres_pct_partidos_gran_buenos_aires_puntual,Hogares con ingresos debajo de línea de pobreza (%) de 2001 a 2003. Partidos del Gran Buenos Aires. EPH puntual.,R/P6M,2001-05-01,2003-05-01,Porcentaje de hogares,Hogares con ingresos por debajo de la línea de pobreza. EPH puntual y continua.,Subsecretaría de Programación Macroeconómica,Instituto Nacional de Estadística y Censos (INDEC),Empleo e Ingresos
63.1_P_0_0_7,hogares_pobres_pct_posadas_puntual,Hogares con ingresos debajo de línea de pobreza (%) de 2001 a 2003. Posadas. EPH puntual.,R/P6M,2001-05-01,2003-05-01,Porcentaje de hogares,Hogares con ingresos por debajo de la línea de pobreza. EPH puntual y continua.,Subsecretaría de Programación Macroeconómica,Instituto Nacional de Estadística y Censos (INDEC),Empleo e Ingresos
63.1_RC_0_0_10,hogares_pobres_pct_rio_cuarto_puntual,Hogares con ingresos debajo de línea de pobreza (%) de 2001 a 2003. Río Cuarto. EPH puntual.,R/P6M,2001-05-01,2003-05-01,Porcentaje de hogares,Hogares con ingresos por debajo de la línea de pobreza. EPH puntual y continua.,Subsecretaría de Programación Macroeconómica,Instituto Nacional de Estadística y Censos (INDEC),Empleo e Ingresos
63.1_RG_0_0_12,hogares_pobres_pct_rio_gallegos_puntual,Hogares con ingresos debajo de línea de pobreza (%) de 2001 a 2003. Río Gallegos. EPH puntual.,R/P6M,2001-05-01,2003-05-01,Porcentaje de hogares,Hogares con ingresos por debajo de la línea de pobreza. EPH puntual y continua.,Subsecretaría de Programación Macroeconómica,Instituto Nacional de Estadística y Censos (INDEC),Empleo e Ingresos
63.1_RNE_0_0_15,hogares_pobres_pct_region_nordeste_puntual,Hogares con ingresos debajo de línea de pobreza (%) de 2001 a 2003. Región Nordeste. EPH puntual.,R/P6M,2001-05-01,2003-05-01,Porcentaje de hogares,Hogares con ingresos por debajo de la línea de pobreza. EPH puntual y continua.,Subsecretaría de Programación Macroeconómica,Instituto Nacional de Estadística y Censos (INDEC),Empleo e Ingresos
63.1_RNO_0_0_15,hogares_pobres_pct_region_noroeste_puntual,Hogares con ingresos debajo de línea de pobreza (%) de 2001 a 2003. Región Noroeste. EPH puntual.,R/P6M,2001-05-01,2003-05-01,Porcentaje de hogares,Hogares con ingresos por debajo de la línea de pobreza. EPH puntual y continua.,Subsecretaría de Programación Macroeconómica,Instituto Nacional de Estadística y Censos (INDEC),Empleo e Ingresos
63.1_RP_0_0_15,hogares_pobres_pct_region_pampeana_puntual,Hogares con ingresos debajo de línea de pobreza (%) de 2001 a 2003. Región Pampeana. EPH puntual.,R/P6M,2001-05-01,2003-05-01,Porcentaje de hogares,Hogares con ingresos por debajo de la línea de pobreza. EPH puntual y continua.,Subsecretaría de Programación Macroeconómica,Instituto Nacional de Estadística y Censos (INDEC),Empleo e Ingresos
63.1_RP_0_0_16,hogares_pobres_pct_region_patagonia_puntual,Hogares con ingresos debajo de línea de pobreza (%) de 2001 a 2003. Región Patagonia. EPH puntual.,R/P6M,2001-05-01,2003-05-01,Porcentaje de hogares,Hogares con ingresos por debajo de la línea de pobreza. EPH puntual y continua.,Subsecretaría de Programación Macroeconómica,Instituto Nacional de Estadística y Censos (INDEC),Empleo e Ingresos
63.1_RT_0_0_13,hogares_pobres_pct_rawson_trelew_puntual,Hogares con ingresos debajo de línea de pobreza (%) de 2001 a 2003. Rawson - Trelew. EPH puntual.,R/P6M,2002-11-01,2003-05-01,Porcentaje de hogares,Hogares con ingresos por debajo de la línea de pobreza. EPH puntual y continua.,Subsecretaría de Programación Macroeconómica,Instituto Nacional de Estadística y Censos (INDEC),Empleo e Ingresos
63.1_SELB_0_0_24,hogares_pobres_pct_santiago_estero_la_banda_puntual,Hogares con ingresos debajo de línea de pobreza (%) de 2001 a 2003. Santiago del Estero - La Banda. EPH puntual.,R/P6M,2001-05-01,2003-05-01,Porcentaje de hogares,Hogares con ingresos por debajo de la línea de pobreza. EPH puntual y continua.,Subsecretaría de Programación Macroeconómica,Instituto Nacional de Estadística y Censos (INDEC),Empleo e Ingresos
63.1_SLEC_0_0_21,hogares_pobres_pct_san_luis_el_chorrillo_puntual,Hogares con ingresos debajo de línea de pobreza (%) de 2001 a 2003. San Luis - El Chorrillo. EPH puntual.,R/P6M,2001-05-01,2003-05-01,Porcentaje de hogares,Hogares con ingresos por debajo de la línea de pobreza. EPH puntual y continua.,Subsecretaría de Programación Macroeconómica,Instituto Nacional de Estadística y Censos (INDEC),Empleo e Ingresos
63.1_SNVC_0_0_30,hogares_pobres_pct_san_nicolas_villa_constitucion_puntual,Hogares con ingresos debajo de línea de pobreza (%) de 2001 a 2003. San Nicolás - Villa Constitución. EPH puntual.,R/P6M,2002-11-01,2003-05-01,Porcentaje de hogares,Hogares con ingresos por debajo de la línea de pobreza. EPH puntual y continua.,Subsecretaría de Programación Macroeconómica,Instituto Nacional de Estadística y Censos (INDEC),Empleo e Ingresos
63.1_SRT_0_0_15,hogares_pobres_pct_santa_rosa_toay_puntual,Hogares con ingresos debajo de línea de pobreza (%) de 2001 a 2003. Santa Rosa - Toay. EPH puntual.,R/P6M,2001-05-01,2003-05-01,Porcentaje de hogares,Hogares con ingresos por debajo de la línea de pobreza. EPH puntual y continua.,Subsecretaría de Programación Macroeconómica,Instituto Nacional de Estadística y Censos (INDEC),Empleo e Ingresos
63.1_S_0_0_5,hogares_pobres_pct_salta_puntual,Hogares con ingresos debajo de línea de pobreza (%) de 2001 a 2003. Salta. EPH puntual.,R/P6M,2001-05-01,2003-05-01,Porcentaje de hogares,Hogares con ingresos por debajo de la línea de pobreza. EPH puntual y continua.,Subsecretaría de Programación Macroeconómica,Instituto Nacional de Estadística y Censos (INDEC),Empleo e Ingresos
63.1_T_0_0_5,hogares_pobres_pct_total_puntual,Hogares con ingresos debajo de línea de pobreza (%) de 2001 a 2003. TOTAL. EPH puntual.,R/P6M,2001-05-01,2003-05-01,Porcentaje de hogares,Hogares con ingresos por debajo de la línea de pobreza. EPH puntual y continua.,Subsecretaría de Programación Macroeconómica,Instituto Nacional de Estadística y Censos (INDEC),Empleo e Ingresos
63.1_URG_0_0_18,hogares_pobres_pct_ushuaia_rio_grande_puntual,Hogares con ingresos debajo de línea de pobreza (%) de 2001 a 2003. Ushuaia - Río Grande. EPH puntual.,R/P6M,2001-05-01,2003-05-01,Porcentaje de hogares,Hogares con ingresos por debajo de la línea de pobreza. EPH puntual y continua.,Subsecretaría de Programación Macroeconómica,Instituto Nacional de Estadística y Censos (INDEC),Empleo e Ingresos
63.1_VCP_0_0_23,hogares_pobres_pct_viedma_carmen_patagones_puntual,Hogares con ingresos debajo de línea de pobreza (%) de 2001 a 2003. Viedma - Carmen de Patagones. EPH puntual.,R/P6M,2002-11-01,2003-05-01,Índice,Hogares con ingresos por debajo de la línea de pobreza. EPH puntual y continua.,Subsecretaría de Programación Macroeconómica,Instituto Nacional de Estadística y Censos (INDEC),Empleo e Ingresos
63.2_HOGARES_PONUA_0_0_31_13,hogares_pobres_pct_gba_continua,Hogares con ingresos debajo de línea de pobreza (%) desde 2003. GBA. EPH continua.,R/P6M,2003-01-01,2025-07-01,Porcentaje de hogares,Hogares con ingresos por debajo de la línea de pobreza. EPH puntual y continua.,Subsecretaría de Programación Macroeconómica,Instituto Nacional de Estadística y Censos (INDEC),Empleo e Ingresos
63.2_HOGARES_PONUA_0_0_32_37,hogares_pobres_pct_caba_continua,Hogares con ingresos debajo de línea de pobreza (%) desde 2003. Ciudad de Buenos Aires. EPH continua.,R/P6M,2003-01-01,2025-07-01,Porcentaje de hogares,Hogares con ingresos por debajo de la línea de pobreza. EPH puntual y continua.,Subsecretaría de Programación Macroeconómica,Instituto Nacional de Estadística y Censos (INDEC),Empleo e Ingresos
63.2_HOGARES_PONUA_0_0_33_21,hogares_pobres_pct_total_continua,Hogares con ingresos debajo de línea de pobreza (%) desde 2003. TOTAL. EPH continua.,R/P6M,2003-01-01,2025-07-01,Porcentaje de hogares,Hogares con ingresos por debajo de la línea de pobreza. EPH puntual y continua.,Subsecretaría de Programación Macroeconómica,Instituto Nacional de Estadística y Censos (INDEC),Empleo e Ingresos
63.2_HOGARES_PONUA_0_0_33_52,hogares_pobres_pct_salta_continua,Hogares con ingresos debajo de línea de pobreza (%) desde 2003. Salta. EPH continua.,R/P6M,2003-01-01,2025-07-01,Porcentaje de hogares,Hogares con ingresos por debajo de la línea de pobreza. EPH puntual y continua.,Subsecretaría de Programación Macroeconómica,Instituto Nacional de Estadística y Censos (INDEC),Empleo e Ingresos
63.2_HOGARES_PONUA_0_0_35_1,hogares_pobres_pct_posadas_continua,Hogares con ingresos debajo de línea de pobreza (%) desde 2003. Posadas. EPH continua.,R/P6M,2003-01-01,2025-07-01,Porcentaje de hogares,Hogares con ingresos por debajo de la línea de pobreza. EPH puntual y continua.,Subsecretaría de Programación Macroeconómica,Instituto Nacional de Estadística y Censos (INDEC),Empleo e Ingresos
63.2_HOGARES_PONUA_0_0_35_100,hogares_pobres_pct_formosa_continua,Hogares con ingresos debajo de línea de pobreza (%) desde 2003. Formosa. EPH continua.,R/P6M,2003-01-01,2025-07-01,Porcentaje de hogares,Hogares con ingresos por debajo de la línea de pobreza. EPH puntual y continua.,Subsecretaría de Programación Macroeconómica,Instituto Nacional de Estadística y Censos (INDEC),Empleo e Ingresos
63.2_HOGARES_PONUA_0_0_36_88,hogares_pobres_pct_la_rioja_continua,Hogares con ingresos debajo de línea de pobreza (%) desde 2003. La Rioja. EPH continua.,R/P6M,2003-01-01,2025-07-01,Porcentaje de hogares,Hogares con ingresos por debajo de la línea de pobreza. EPH puntual y continua.,Subsecretaría de Programación Macroeconómica,Instituto Nacional de Estadística y Censos (INDEC),Empleo e Ingresos
63.2_HOGARES_PONUA_0_0_37_77,hogares_pobres_pct_concordia_continua,Hogares con ingresos debajo de línea de pobreza (%) desde 2003. Concordia. EPH continua.,R/P6M,2003-01-01,2025-07-01,Porcentaje de hogares,Hogares con ingresos por debajo de la línea de pobreza. EPH puntual y continua.,Subsecretaría de Programación Macroeconómica,Instituto Nacional de Estadística y Censos (INDEC),Empleo e Ingresos
63.2_HOGARES_PONUA_0_0_38_52,hogares_pobres_pct_rio_cuarto_continua,Hogares con ingresos debajo de línea de pobreza (%) desde 2003. Río Cuarto. EPH continua.,R/P6M,2003-01-01,2025-07-01,Porcentaje de hogares,Hogares con ingresos por debajo de la línea de pobreza. EPH puntual y continua.,Subsecretaría de Programación Macroeconómica,Instituto Nacional de Estadística y Censos (INDEC),Empleo e Ingresos
63.2_HOGARES_PONUA_0_0_38_89,hogares_pobres_pct_corrientes_continua,Hogares con ingresos debajo de línea de pobreza (%) desde 2003. Corrientes. EPH continua.,R/P6M,2003-01-01,2025-07-01,Porcentaje de hogares,Hogares con ingresos por debajo de la línea de pobreza. EPH puntual y continua.,Subsecretaría de Programación Macroeconómica,Instituto Nacional de Estadística y Censos (INDEC),Empleo e Ingresos
63.2_HOGARES_PONUA_0_0_39_23,hogares_pobres_pct_gran_parana_continua,Hogares con ingresos debajo de línea de pobreza (%) desde 2003. Gran Paraná. EPH continua.,R/P6M,2003-01-01,2025-07-01,Porcentaje de hogares,Hogares con ingresos por debajo de la línea de pobreza. EPH puntual y continua.,Subsecretaría de Programación Macroeconómica,Instituto Nacional de Estadística y Censos (INDEC),Empleo e Ingresos
63.2_HOGARES_PONUA_0_0_40_30,hogares_pobres_pct_gran_mendoza_continua,Hogares con ingresos debajo de línea de pobreza (%) desde 2003. Gran Mendoza. EPH continua.,R/P6M,2003-01-01,2025-07-01,Porcentaje de hogares,Hogares con ingresos por debajo de la línea de pobreza. EPH puntual y continua.,Subsecretaría de Programación Macroeconómica,Instituto Nacional de Estadística y Censos (INDEC),Empleo e Ingresos
63.2_HOGARES_PONUA_0_0_40_39,hogares_pobres_pct_rio_gallegos_continua,Hogares con ingresos debajo de línea de pobreza (%) desde 2003. Río Gallegos. EPH continua.,R/P6M,2003-01-01,2025-07-01,Porcentaje de hogares,Hogares con ingresos por debajo de la línea de pobreza. EPH puntual y continua.,Subsecretaría de Programación Macroeconómica,Instituto Nacional de Estadística y Censos (INDEC),Empleo e Ingresos
63.2_HOGARES_PONUA_0_0_40_48,hogares_pobres_pct_gran_rosario_continua,Hogares con ingresos debajo de línea de pobreza (%) desde 2003. Gran Rosario. EPH continua.,R/P6M,2003-01-01,2025-07-01,Porcentaje de hogares,Hogares con ingresos por debajo de la línea de pobreza. EPH puntual y continua.,Subsecretaría de Programación Macroeconómica,Instituto Nacional de Estadística y Censos (INDEC),Empleo e Ingresos
63.2_HOGARES_PONUA_0_0_40_49,hogares_pobres_pct_gran_cordoba_continua,Hogares con ingresos debajo de línea de pobreza (%) desde 2003. Gran Córdoba. EPH continua.,R/P6M,2003-01-01,2025-07-01,Porcentaje de hogares,Hogares con ingresos por debajo de la línea de pobreza. EPH puntual y continua.,Subsecretaría de Programación Macroeconómica,Instituto Nacional de Estadística y Censos (INDEC),Empleo e Ingresos
63.2_HOGARES_PONUA_0_0_41_10,hogares_pobres_pct_gran_san_juan_continua,Hogares con ingresos debajo de línea de pobreza (%) desde 2003. Gran San Juan. EPH continua.,R/P6M,2003-01-01,2025-07-01,Porcentaje de hogares,Hogares con ingresos por debajo de la línea de pobreza. EPH puntual y continua.,Subsecretaría de Programación Macroeconómica,Instituto Nacional de Estadística y Censos (INDEC),Empleo e Ingresos
63.2_HOGARES_PONUA_0_0_41_42,hogares_pobres_pct_gran_santa_fe_continua,Hogares con ingresos debajo de línea de pobreza (%) desde 2003. Gran Santa Fe. EPH continua.,R/P6M,2003-01-01,2025-07-01,Porcentaje de hogares,Hogares con ingresos por debajo de la línea de pobreza. EPH puntual y continua.,Subsecretaría de Programación Macroeconómica,Instituto Nacional de Estadística y Censos (INDEC),Empleo e Ingresos
63.2_HOGARES_PONUA_0_0_41_63,hogares_pobres_pct_jujuy_palpala_continua,Hogares con ingresos debajo de línea de pobreza (%) desde 2003. Jujuy - Palpalá. EPH continua.,R/P6M,2003-01-01,2025-07-01,Porcentaje de hogares,Hogares con ingresos por debajo de la línea de pobreza. EPH puntual y continua.,Subsecretaría de Programación Macroeconómica,Instituto Nacional de Estadística y Censos (INDEC),Empleo e Ingresos
63.2_HOGARES_PONUA_0_0_41_76,hogares_pobres_pct_gran_la_plata_continua,Hogares con ingresos debajo de línea de pobreza (%) desde 2003. Gran La Plata. EPH continua.,R/P6M,2003-01-01,2025-07-01,Porcentaje de hogares,Hogares con ingresos por debajo de la línea de pobreza. EPH puntual y continua.,Subsecretaría de Programación Macroeconómica,Instituto Nacional de Estadística y Censos (INDEC),Empleo e Ingresos
63.2_HOGARES_PONUA_0_0_41_84,hogares_pobres_pct_rawson_trelew_continua,Hogares con ingresos debajo de línea de pobreza (%) desde 2003. Rawson - Trelew. EPH continua.,R/P6M,2003-01-01,2025-07-01,Porcentaje de hogares,Hogares con ingresos por debajo de la línea de pobreza. EPH puntual y continua.,Subsecretaría de Programación Macroeconómica,Instituto Nacional de Estadística y Censos (INDEC),Empleo e Ingresos
63.2_HOGARES_PONUA_0_0_42_97,hogares_pobres_pct_gran_catamarca_continua,Hogares con ingresos debajo de línea de pobreza (%) desde 2003. Gran Catamarca. EPH continua.,R/P6M,2003-01-01,2025-07-01,Porcentaje de hogares,Hogares con ingresos por debajo de la línea de pobreza. EPH puntual y continua.,Subsecretaría de Programación Macroeconómica,Instituto Nacional de Estadística y Censos (INDEC),Empleo e Ingresos
63.2_HOGARES_PONUA_0_0_43_33,hogares_pobres_pct_region_nordeste_continua,Hogares con ingresos debajo de línea de pobreza (%) desde 2003. Región Nordeste. EPH continua.,R/P6M,2003-01-01,2025-07-01,Porcentaje de hogares,Hogares con ingresos por debajo de la línea de pobreza. EPH puntual y continua.,Subsecretaría de Programación Macroeconómica,Instituto Nacional de Estadística y Censos (INDEC),Empleo e Ingresos
63.2_HOGARES_PONUA_0_0_43_38,hogares_pobres_pct_santa_rosa_toay_continua,Hogares con ingresos debajo de línea de pobreza (%) desde 2003. Santa Rosa - Toay. EPH continua.,R/P6M,2003-01-01,2025-07-01,Porcentaje de hogares,Hogares con ingresos por debajo de la línea de pobreza. EPH puntual y continua.,Subsecretaría de Programación Macroeconómica,Instituto Nacional de Estadística y Censos (INDEC),Empleo e Ingresos
63.2_HOGARES_PONUA_0_0_43_5,hogares_pobres_pct_region_pampeana_continua,Hogares con ingresos debajo de línea de pobreza (%) desde 2003. Región Pampeana. EPH continua.,R/P6M,2003-01-01,2025-07-01,Porcentaje de hogares,Hogares con ingresos por debajo de la línea de pobreza. EPH puntual y continua.,Subsecretaría de Programación Macroeconómica,Instituto Nacional de Estadística y Censos (INDEC),Empleo e Ingresos
63.2_HOGARES_PONUA_0_0_43_57,hogares_pobres_pct_mar_plata_batan_continua,Hogares con ingresos debajo de línea de pobreza (%) desde 2003. Mar del Plata - Batán. EPH continua.,R/P6M,2003-01-01,2025-07-01,Porcentaje de hogares,Hogares con ingresos por debajo de la línea de pobreza. EPH puntual y continua.,Subsecretaría de Programación Macroeconómica,Instituto Nacional de Estadística y Censos (INDEC),Empleo e Ingresos
63.2_HOGARES_PONUA_0_0_43_74,hogares_pobres_pct_region_noroeste_continua,Hogares con ingresos debajo de línea de pobreza (%) desde 2003. Región Noroeste. EPH continua.,R/P6M,2003-01-01,2025-07-01,Porcentaje de hogares,Hogares con ingresos por debajo de la línea de pobreza. EPH puntual y continua.,Subsecretaría de Programación Macroeconómica,Instituto Nacional de Estadística y Censos (INDEC),Empleo e Ingresos
63.2_HOGARES_PONUA_0_0_44_29,hogares_pobres_pct_region_patagonia_continua,Hogares con ingresos debajo de línea de pobreza (%) desde 2003. Región Patagonia. EPH continua.,R/P6M,2003-01-01,2025-07-01,Porcentaje de hogares,Hogares con ingresos por debajo de la línea de pobreza. EPH puntual y continua.,Subsecretaría de Programación Macroeconómica,Instituto Nacional de Estadística y Censos (INDEC),Empleo e Ingresos
63.2_HOGARES_PONUA_0_0_44_82,hogares_pobres_pct_gran_resistencia_continua,Hogares con ingresos debajo de línea de pobreza (%) desde 2003. Gran Resistencia. EPH continua.,R/P6M,2003-01-01,2025-07-01,Porcentaje de hogares,Hogares con ingresos por debajo de la línea de pobreza. EPH puntual y continua.,Subsecretaría de Programación Macroeconómica,Instituto Nacional de Estadística y Censos (INDEC),Empleo e Ingresos
63.2_HOGARES_PONUA_0_0_44_99,hogares_pobres_pct_neuquen_plottier_continua,Hogares con ingresos debajo de línea de pobreza (%) desde 2003. Neuquén - Plottier. EPH continua.,R/P6M,2003-01-01,2025-07-01,Porcentaje de hogares,Hogares con ingresos por debajo de la línea de pobreza. EPH puntual y continua.,Subsecretaría de Programación Macroeconómica,Instituto Nacional de Estadística y Censos (INDEC),Empleo e Ingresos
63.2_HOGARES_PONUA_0_0_46_13,hogares_pobres_pct_bahia_blanca_cerri_continua,Hogares con ingresos debajo de línea de pobreza (%) desde 2003. Bahía Blanca - Cerri. EPH continua.,R/P6M,2003-01-01,2025-07-01,Porcentaje de hogares,Hogares con ingresos por debajo de la línea de pobreza. EPH puntual y continua.,Subsecretaría de Programación Macroeconómica,Instituto Nacional de Estadística y Censos (INDEC),Empleo e Ingresos
63.2_HOGARES_PONUA_0_0_46_70,hogares_pobres_pct_ushuaia_rio_grande_continua,Hogares con ingresos debajo de línea de pobreza (%) desde 2003. Ushuaia - Río Grande. EPH continua.,R/P6M,2003-01-01,2025-07-01,Porcentaje de hogares,Hogares con ingresos por debajo de la línea de pobreza. EPH puntual y continua.,Subsecretaría de Programación Macroeconómica,Instituto Nacional de Estadística y Censos (INDEC),Empleo e Ingresos
63.2_HOGARES_PONUA_0_0_49_97,hogares_pobres_pct_san_luis_el_chorrillo_continua,Hogares con ingresos debajo de línea de pobreza (%) desde 2003. San Luis - El Chorrillo. EPH continua.,R/P6M,2003-01-01,2025-07-01,Porcentaje de hogares,Hogares con ingresos por debajo de la línea de pobreza. EPH puntual y continua.,Subsecretaría de Programación Macroeconómica,Instituto Nacional de Estadística y Censos (INDEC),Empleo e Ingresos
63.2_HOGARES_PONUA_0_0_51_10,hogares_pobres_pct_gran_tucuman_tafi_viejo_continua,Hogares con ingresos debajo de línea de pobreza (%) desde 2003. Gran Tucumán - Tafí Viejo. EPH continua.,R/P6M,2003-01-01,2025-07-01,Porcentaje de hogares,Hogares con ingresos por debajo de la línea de pobreza. EPH puntual y continua.,Subsecretaría de Programación Macroeconómica,Instituto Nacional de Estadística y Censos (INDEC),Empleo e Ingresos
63.2_HOGARES_PONUA_0_0_51_16,hogares_pobres_pct_viedma_carmen_patagones_continua,Hogares con ingresos debajo de línea de pobreza (%) desde 2003. Viedma - Carmen de Patagones. EPH continua.,R/P6M,2003-01-01,2025-07-01,Índice,Hogares con ingresos por debajo de la línea de pobreza. EPH puntual y continua.,Subsecretaría de Programación Macroeconómica,Instituto Nacional de Estadística y Censos (INDEC),Empleo e Ingresos
63.2_HOGARES_PONUA_0_0_52_59,hogares_pobres_pct_santiago_estero_la_banda_continua,Hogares con ingresos debajo de línea de pobreza (%) desde 2003. Santiago del Estero - La Banda. EPH continua.,R/P6M,2003-01-01,2025-07-01,Porcentaje de hogares,Hogares con ingresos por debajo de la línea de pobreza. EPH puntual y continua.,Subsecretaría de Programación Macroeconómica,Instituto Nacional de Estadística y Censos (INDEC),Empleo e Ingresos
63.2_HOGARES_PONUA_0_0_53_41,hogares_pobres_pct_aglomerados_interior_pais_continua,Hogares con ingresos debajo de línea de pobreza (%) desde 2003. Aglomerados del Interior del País. EPH continua.,R/P6M,2003-01-01,2025-07-01,Porcentaje de hogares,Hogares con ingresos por debajo de la línea de pobreza. EPH puntual y continua.,Subsecretaría de Programación Macroeconómica,Instituto Nacional de Estadística y Censos (INDEC),Empleo e Ingresos
63.2_HOGARES_PONUA_0_0_54_16,hogares_pobres_pct_partidos_gran_buenos_aires_continua,Hogares con ingresos debajo de línea de pobreza (%) desde 2003. Partidos del Gran Buenos Aires. EPH continua.,R/P6M,2003-01-01,2025-07-01,Porcentaje de hogares,Hogares con ingresos por debajo de la línea de pobreza. EPH puntual y continua.,Subsecretaría de Programación Macroeconómica,Instituto Nacional de Estadística y Censos (INDEC),Empleo e Ingresos
63.2_HOGARES_PONUA_0_0_57_41,hogares_pobres_pct_comodoro_rivadavia_rada_tilly_continua,Hogares con ingresos debajo de línea de pobreza (%) desde 2003. Comodoro Rivadavia - Rada Tilly. EPH continua.,R/P6M,2003-01-01,2025-07-01,Porcentaje de hogares,Hogares con ingresos por debajo de la línea de pobreza. EPH puntual y continua.,Subsecretaría de Programación Macroeconómica,Instituto Nacional de Estadística y Censos (INDEC),Empleo e Ingresos
63.2_HOGARES_PONUA_0_0_58_99,hogares_pobres_pct_san_nicolas_villa_constitucion_continua,Hogares con ingresos debajo de línea de pobreza (%) desde 2003. San Nicolás - Villa Constitución. EPH continua.,R/P6M,2003-01-01,2025-07-01,Porcentaje de hogares,Hogares con ingresos por debajo de la línea de pobreza. EPH puntual y continua.,Subsecretaría de Programación Macroeconómica,Instituto Nacional de Estadística y Censos (INDEC),Empleo e Ingresos
64.1_AIP_0_0_25,poblacion_pobre_pct_aglomerados_interior_pais_puntual,Población con ingresos debajo de línea de pobreza (%) de 2001 a 2003. Aglomerados del Interior del País. EPH puntual.,R/P6M,2001-05-01,2003-05-01,Porcentaje de población,Población con ingresos por debajo de la línea de pobreza. EPH puntual y continua.,Subsecretaría de Programación Macroeconómica,Instituto Nacional de Estadística y Censos (INDEC),Empleo e Ingresos
64.1_BBC_0_0_18,poblacion_pobre_pct_bahia_blanca_cerri_puntual,Población con ingresos debajo de línea de pobreza (%) de 2001 a 2003. Bahía Blanca - Cerri. EPH puntual.,R/P6M,2001-05-01,2003-05-01,Porcentaje de población,Población con ingresos por debajo de la línea de pobreza. EPH puntual y continua.,Subsecretaría de Programación Macroeconómica,Instituto Nacional de Estadística y Censos (INDEC),Empleo e Ingresos
64.1_CRRT_0_0_29,poblacion_pobre_pct_comodoro_rivadavia_rada_tilly_puntual,Población con ingresos debajo de línea de pobreza (%) de 2001 a 2003. Comodoro Rivadavia - Rada Tilly. EPH puntual.,R/P6M,2001-05-01,2003-05-01,Porcentaje de población,Población con ingresos por debajo de la línea de pobreza. EPH puntual y continua.,Subsecretaría de Programación Macroeconómica,Instituto Nacional de Estadística y Censos (INDEC),Empleo e Ingresos
64.1_C_0_0_10,poblacion_pobre_pct_corrientes_puntual,Población con ingresos debajo de línea de pobreza (%) de 2001 a 2003. Corrientes. EPH puntual.,R/P6M,2001-05-01,2003-05-01,Porcentaje de población,Población con ingresos por debajo de la línea de pobreza. EPH puntual y continua.,Subsecretaría de Programación Macroeconómica,Instituto Nacional de Estadística y Censos (INDEC),Empleo e Ingresos
64.1_C_0_0_4,poblacion_pobre_pct_caba_puntual,Población con ingresos debajo de línea de pobreza (%) de 2001 a 2003. Ciudad de Buenos Aires. EPH puntual.,R/P6M,2001-05-01,2003-05-01,Porcentaje de población,Población con ingresos por debajo de la línea de pobreza. EPH puntual y continua.,Subsecretaría de Programación Macroeconómica,Instituto Nacional de Estadística y Censos (INDEC),Empleo e Ingresos
64.1_C_0_0_9,poblacion_pobre_pct_concordia_puntual,Población con ingresos debajo de línea de pobreza (%) de 2001 a 2003. Concordia. EPH puntual.,R/P6M,2001-05-01,2003-05-01,Porcentaje de población,Población con ingresos por debajo de la línea de pobreza. EPH puntual y continua.,Subsecretaría de Programación Macroeconómica,Instituto Nacional de Estadística y Censos (INDEC),Empleo e Ingresos
64.1_F_0_0_7,poblacion_pobre_pct_formosa_puntual,Población con ingresos debajo de línea de pobreza (%) de 2001 a 2003. Formosa. EPH puntual.,R/P6M,2001-05-01,2003-05-01,Porcentaje de población,Población con ingresos por debajo de la línea de pobreza. EPH puntual y continua.,Subsecretaría de Programación Macroeconómica,Instituto Nacional de Estadística y Censos (INDEC),Empleo e Ingresos
64.1_GC_0_0_12,poblacion_pobre_pct_gran_cordoba_puntual,Población con ingresos debajo de línea de pobreza (%) de 2001 a 2003. Gran Córdoba. EPH puntual.,R/P6M,2001-05-01,2003-05-01,Porcentaje de población,Población con ingresos por debajo de la línea de pobreza. EPH puntual y continua.,Subsecretaría de Programación Macroeconómica,Instituto Nacional de Estadística y Censos (INDEC),Empleo e Ingresos
64.1_GC_0_0_14,poblacion_pobre_pct_gran_catamarca_puntual,Población con ingresos debajo de línea de pobreza (%) de 2001 a 2003. Gran Catamarca. EPH puntual.,R/P6M,2001-05-01,2003-05-01,Porcentaje de población,Población con ingresos por debajo de la línea de pobreza. EPH puntual y continua.,Subsecretaría de Programación Macroeconómica,Instituto Nacional de Estadística y Censos (INDEC),Empleo e Ingresos
64.1_GLP_0_0_13,poblacion_pobre_pct_gran_la_plata_puntual,Población con ingresos debajo de línea de pobreza (%) de 2001 a 2003. Gran La Plata. EPH puntual.,R/P6M,2001-05-01,2003-05-01,Porcentaje de población,Población con ingresos por debajo de la línea de pobreza. EPH puntual y continua.,Subsecretaría de Programación Macroeconómica,Instituto Nacional de Estadística y Censos (INDEC),Empleo e Ingresos
64.1_GM_0_0_12,poblacion_pobre_pct_gran_mendoza_puntual,Población con ingresos debajo de línea de pobreza (%) de 2001 a 2003. Gran Mendoza. EPH puntual.,R/P6M,2001-05-01,2003-05-01,Porcentaje de población,Población con ingresos por debajo de la línea de pobreza. EPH puntual y continua.,Subsecretaría de Programación Macroeconómica,Instituto Nacional de Estadística y Censos (INDEC),Empleo e Ingresos
64.1_GP_0_0_11,poblacion_pobre_pct_gran_parana_puntual,Población con ingresos debajo de línea de pobreza (%) de 2001 a 2003. Gran Paraná. EPH puntual.,R/P6M,2001-05-01,2003-05-01,Porcentaje de población,Población con ingresos por debajo de la línea de pobreza. EPH puntual y continua.,Subsecretaría de Programación Macroeconómica,Instituto Nacional de Estadística y Censos (INDEC),Empleo e Ingresos
64.1_GR_0_0_12,poblacion_pobre_pct_gran_rosario_puntual,Población con ingresos debajo de línea de pobreza (%) de 2001 a 2003. Gran Rosario. EPH puntual.,R/P6M,2001-05-01,2003-05-01,Porcentaje de población,Población con ingresos por debajo de la línea de pobreza. EPH puntual y continua.,Subsecretaría de Programación Macroeconómica,Instituto Nacional de Estadística y Censos (INDEC),Empleo e Ingresos
64.1_GR_0_0_16,poblacion_pobre_pct_gran_resistencia_puntual,Población con ingresos debajo de línea de pobreza (%) de 2001 a 2003. Gran Resistencia. EPH puntual.,R/P6M,2001-05-01,2003-05-01,Porcentaje de población,Población con ingresos por debajo de la línea de pobreza. EPH puntual y continua.,Subsecretaría de Programación Macroeconómica,Instituto Nacional de Estadística y Censos (INDEC),Empleo e Ingresos
64.1_GSF_0_0_13,poblacion_pobre_pct_gran_santa_fe_puntual,Población con ingresos debajo de línea de pobreza (%) de 2001 a 2003. Gran Santa Fe. EPH puntual.,R/P6M,2001-05-01,2003-05-01,Porcentaje de población,Población con ingresos por debajo de la línea de pobreza. EPH puntual y continua.,Subsecretaría de Programación Macroeconómica,Instituto Nacional de Estadística y Censos (INDEC),Empleo e Ingresos
64.1_GSJ_0_0_13,poblacion_pobre_pct_gran_san_juan_puntual,Población con ingresos debajo de línea de pobreza (%) de 2001 a 2003. Gran San Juan. EPH puntual.,R/P6M,2001-05-01,2003-05-01,Porcentaje de población,Población con ingresos por debajo de la línea de pobreza. EPH puntual y continua.,Subsecretaría de Programación Macroeconómica,Instituto Nacional de Estadística y Censos (INDEC),Empleo e Ingresos
64.1_GTTV_0_0_23,poblacion_pobre_pct_gran_tucuman_tafi_viejo_puntual,Población con ingresos debajo de línea de pobreza (%) de 2001 a 2003. Gran Tucumán - Tafí Viejo. EPH puntual.,R/P6M,2001-05-01,2003-05-01,Porcentaje de población,Población con ingresos por debajo de la línea de pobreza. EPH puntual y continua.,Subsecretaría de Programación Macroeconómica,Instituto Nacional de Estadística y Censos (INDEC),Empleo e Ingresos
64.1_G_0_0_3,poblacion_pobre_pct_gba_puntual,Población con ingresos debajo de línea de pobreza (%) de 2001 a 2003. GBA. EPH puntual.,R/P6M,2001-05-01,2003-05-01,Porcentaje de población,Población con ingresos por debajo de la línea de pobreza. EPH puntual y continua.,Subsecretaría de Programación Macroeconómica,Instituto Nacional de Estadística y Censos (INDEC),Empleo e Ingresos
64.1_JP_0_0_13,poblacion_pobre_pct_jujuy_palpala_puntual,Población con ingresos debajo de línea de pobreza (%) de 2001 a 2003. Jujuy - Palpalá. EPH puntual.,R/P6M,2001-05-01,2003-05-01,Porcentaje de población,Población con ingresos por debajo de la línea de pobreza. EPH puntual y continua.,Subsecretaría de Programación Macroeconómica,Instituto Nacional de Estadística y Censos (INDEC),Empleo e Ingresos
64.1_LR_0_0_8,poblacion_pobre_pct_la_rioja_puntual,Población con ingresos debajo de línea de pobreza (%) de 2001 a 2003. La Rioja. EPH puntual.,R/P6M,2001-05-01,2003-05-01,Porcentaje de población,Población con ingresos por debajo de la línea de pobreza. EPH puntual y continua.,Subsecretaría de Programación Macroeconómica,Instituto Nacional de Estadística y Censos (INDEC),Empleo e Ingresos
64.1_MPB_0_0_15,poblacion_pobre_pct_mar_plata_batan_puntual,Población con ingresos debajo de línea de pobreza (%) de 2001 a 2003. Mar del Plata - Batán. EPH puntual.,R/P6M,2001-05-01,2003-05-01,Porcentaje de población,Población con ingresos por debajo de la línea de pobreza. EPH puntual y continua.,Subsecretaría de Programación Macroeconómica,Instituto Nacional de Estadística y Censos (INDEC),Empleo e Ingresos
64.1_NP_0_0_16,poblacion_pobre_pct_neuquen_plottier_puntual,Población con ingresos debajo de línea de pobreza (%) de 2001 a 2003. Neuquén - Plottier. EPH puntual.,R/P6M,2001-05-01,2003-05-01,Porcentaje de población,Población con ingresos por debajo de la línea de pobreza. EPH puntual y continua.,Subsecretaría de Programación Macroeconómica,Instituto Nacional de Estadística y Censos (INDEC),Empleo e Ingresos
64.1_PGBA_0_0_26,poblacion_pobre_pct_partidos_gran_buenos_aires_puntual,Población con ingresos debajo de línea de pobreza (%) de 2001 a 2003. Partidos del Gran Buenos Aires. EPH puntual.,R/P6M,2001-05-01,2003-05-01,Porcentaje de población,Población con ingresos por debajo de la línea de pobreza. EPH puntual y continua.,Subsecretaría de Programación Macroeconómica,Instituto Nacional de Estadística y Censos (INDEC),Empleo e Ingresos
64.1_P_0_0_7,poblacion_pobre_pct_posadas_puntual,Población con ingresos debajo de línea de pobreza (%) de 2001 a 2003. Posadas. EPH puntual.,R/P6M,2001-05-01,2003-05-01,Porcentaje de población,Población con ingresos por debajo de la línea de pobreza. EPH puntual y continua.,Subsecretaría de Programación Macroeconómica,Instituto Nacional de Estadística y Censos (INDEC),Empleo e Ingresos
64.1_RC_0_0_10,poblacion_pobre_pct_rio_cuarto_puntual,Población con ingresos debajo de línea de pobreza (%) de 2001 a 2003. Río Cuarto. EPH puntual.,R/P6M,2001-05-01,2003-05-01,Porcentaje de población,Población con ingresos por debajo de la línea de pobreza. EPH puntual y continua.,Subsecretaría de Programación Macroeconómica,Instituto Nacional de Estadística y Censos (INDEC),Empleo e Ingresos
64.1_RG_0_0_12,poblacion_pobre_pct_rio_gallegos_puntual,Población con ingresos debajo de línea de pobreza (%) de 2001 a 2003. Río Gallegos. EPH puntual.,R/P6M,2001-05-01,2003-05-01,Porcentaje de población,Población con ingresos por debajo de la línea de pobreza. EPH puntual y continua.,Subsecretaría de Programación Macroeconómica,Instituto Nacional de Estadística y Censos (INDEC),Empleo e Ingresos
64.1_RNE_0_0_15,poblacion_pobre_pct_region_nordeste_puntual,Población con ingresos debajo de línea de pobreza (%) de 2001 a 2003. Región Nordeste. EPH puntual.,R/P6M,2001-05-01,2003-05-01,Porcentaje de población,Población con ingresos por debajo de la línea de pobreza. EPH puntual y continua.,Subsecretaría de Programación Macroeconómica,Instituto Nacional de Estadística y Censos (INDEC),Empleo e Ingresos
64.1_RNO_0_0_15,poblacion_pobre_pct_region_noroeste_puntual,Población con ingresos debajo de línea de pobreza (%) de 2001 a 2003. Región Noroeste. EPH puntual.,R/P6M,2001-05-01,2003-05-01,Porcentaje de población,Población con ingresos por debajo de la línea de pobreza. EPH puntual y continua.,Subsecretaría de Programación Macroeconómica,Instituto Nacional de Estadística y Censos (INDEC),Empleo e Ingresos
64.1_RP_0_0_15,poblacion_pobre_pct_region_pampeana_puntual,Población con ingresos debajo de línea de pobreza (%) de 2001 a 2003. Región Pampeana. EPH puntual.,R/P6M,2001-05-01,2003-05-01,Porcentaje de población,Población con ingresos por debajo de la línea de pobreza. EPH puntual y continua.,Subsecretaría de Programación Macroeconómica,Instituto Nacional de Estadística y Censos (INDEC),Empleo e Ingresos
64.1_RP_0_0_16,poblacion_pobre_pct_region_patagonia_puntual,Población con ingresos debajo de línea de pobreza (%) de 2001 a 2003. Región Patagonia. EPH puntual.,R/P6M,2001-05-01,2003-05-01,Porcentaje de población,Población con ingresos por debajo de la línea de pobreza. EPH puntual y continua.,Subsecretaría de Programación Macroeconómica,Instituto Nacional de Estadística y Censos (INDEC),Empleo e Ingresos
64.1_RT_0_0_13,poblacion_pobre_pct_rawson_trelew_puntual,Población con ingresos debajo de línea de pobreza (%) de 2001 a 2003. Rawson - Trelew. EPH puntual.,R/P6M,2002-11-01,2003-05-01,Porcentaje de población,Población con ingresos por debajo de la línea de pobreza. EPH puntual y continua.,Subsecretaría de Programación Macroeconómica,Instituto Nacional de Estadística y Censos (INDEC),Empleo e Ingresos
64.1_SELB_0_0_24,poblacion_pobre_pct_santiago_estero_la_banda_puntual,Población con ingresos debajo de línea de pobreza (%) de 2001 a 2003. Santiago del Estero - La Banda. EPH puntual.,R/P6M,2001-05-01,2003-05-01,Porcentaje de población,Población con ingresos por debajo de la línea de pobreza. EPH puntual y continua.,Subsecretaría de Programación Macroeconómica,Instituto Nacional de Estadística y Censos (INDEC),Empleo e Ingresos
64.1_SLEC_0_0_21,poblacion_pobre_pct_san_luis_el_chorrillo_puntual,Población con ingresos debajo de línea de pobreza (%) de 2001 a 2003. San Luis - El Chorrillo. EPH puntual.,R/P6M,2001-05-01,2003-05-01,Porcentaje de población,Población con ingresos por debajo de la línea de pobreza. EPH puntual y continua.,Subsecretaría de Programación Macroeconómica,Instituto Nacional de Estadística y Censos (INDEC),Empleo e Ingresos
64.1_SNVC_0_0_30,poblacion_pobre_pct_san_nicolas_villa_constitucion_puntual,Población con ingresos debajo de línea de pobreza (%) de 2001 a 2003. San Nicolás - Villa Constitución. EPH puntual.,R/P6M,2002-11-01,2003-05-01,Porcentaje de población,Población con ingresos por debajo de la línea de pobreza. EPH puntual y continua.,Subsecretaría de Programación Macroeconómica,Instituto Nacional de Estadística y Censos (INDEC),Empleo e Ingresos
64.1_SRT_0_0_15,poblacion_pobre_pct_santa_rosa_toay_puntual,Población con ingresos debajo de línea de pobreza (%) de 2001 a 2003. Santa Rosa - Toay. EPH puntual.,R/P6M,2001-05-01,2003-05-01,Porcentaje de población,Población con ingresos por debajo de la línea de pobreza. EPH puntual y continua.,Subsecretaría de Programación Macroeconómica,Instituto Nacional de Estadística y Censos (INDEC),Empleo e Ingresos
64.1_S_0_0_5,poblacion_pobre_pct_salta_puntual,Población con ingresos debajo de línea de pobreza (%) de 2001 a 2003. Salta. EPH puntual.,R/P6M,2001-05-01,2003-05-01,Porcentaje de población,Población con ingresos por debajo de la línea de pobreza. EPH puntual y continua.,Subsecretaría de Programación Macroeconómica,Instituto Nacional de Estadística y Censos (INDEC),Empleo e Ingresos
64.1_T_0_0_5,poblacion_pobre_pct_total_puntual,Población con ingresos debajo de línea de pobreza (%) de 2001 a 2003. TOTAL. EPH puntual.,R/P6M,2001-05-01,2003-05-01,Porcentaje de población,Población con ingresos por debajo de la línea de pobreza. EPH puntual y continua.,Subsecretaría de Programación Macroeconómica,Instituto Nacional de Estadística y Censos (INDEC),Empleo e Ingresos
64.1_URG_0_0_18,poblacion_pobre_pct_ushuaia_rio_grande_puntual,Población con ingresos debajo de línea de pobreza (%) de 2001 a 2003. Ushuaia - Río Grande. EPH puntual.,R/P6M,2001-05-01,2003-05-01,Porcentaje de población,Población con ingresos por debajo de la línea de pobreza. EPH puntual y continua.,Subsecretaría de Programación Macroeconómica,Instituto Nacional de Estadística y Censos (INDEC),Empleo e Ingresos
64.1_VCP_0_0_23,poblacion_pobre_pct_viedma_carmen_patagones_puntual,Población con ingresos debajo de línea de pobreza (%) de 2001 a 2003. Viedma - Carmen de Patagones. EPH puntual.,R/P6M,2002-11-01,2003-05-01,Porcentaje de población,Población con ingresos por debajo de la línea de pobreza. EPH puntual y continua.,Subsecretaría de Programación Macroeconómica,Instituto Nacional de Estadística y Censos (INDEC),Empleo e Ingresos
64.2_POBLACION_NUA_0_0_32_61,poblacion_pobre_pct_gba_continua,Población con ingresos debajo de línea de pobreza (%) desde 2003. GBA. EPH continua.,R/P6M,2003-01-01,2025-07-01,Porcentaje de población,Población con ingresos por debajo de la línea de pobreza. EPH puntual y continua.,Subsecretaría de Programación Macroeconómica,Instituto Nacional de Estadística y Censos (INDEC),Empleo e Ingresos
64.2_POBLACION_NUA_0_0_33_99,poblacion_pobre_pct_caba_continua,Población con ingresos debajo de línea de pobreza (%) desde 2003. Ciudad de Buenos Aires. EPH continua.,R/P6M,2003-01-01,2025-07-01,Porcentaje de población,Población con ingresos por debajo de la línea de pobreza. EPH puntual y continua.,Subsecretaría de Programación Macroeconómica,Instituto Nacional de Estadística y Censos (INDEC),Empleo e Ingresos
64.2_POBLACION_NUA_0_0_34_74,poblacion_pobre_pct_total_continua,Población con ingresos debajo de línea de pobreza (%) desde 2003. TOTAL. EPH continua.,R/P6M,2003-01-01,2025-07-01,Porcentaje de población,Población con ingresos por debajo de la línea de pobreza. EPH puntual y continua.,Subsecretaría de Programación Macroeconómica,Instituto Nacional de Estadística y Censos (INDEC),Empleo e Ingresos
64.2_POBLACION_NUA_0_0_34_96,poblacion_pobre_pct_salta_continua,Población con ingresos debajo de línea de pobreza (%) desde 2003. Salta. EPH continua.,R/P6M,2003-01-01,2025-07-01,Porcentaje de población,Población con ingresos por debajo de la línea de pobreza. EPH puntual y continua.,Subsecretaría de Programación Macroeconómica,Instituto Nacional de Estadística y Censos (INDEC),Empleo e Ingresos
64.2_POBLACION_NUA_0_0_36_21,poblacion_pobre_pct_formosa_continua,Población con ingresos debajo de línea de pobreza (%) desde 2003. Formosa. EPH continua.,R/P6M,2003-01-01,2025-07-01,Porcentaje de población,Población con ingresos por debajo de la línea de pobreza. EPH puntual y continua.,Subsecretaría de Programación Macroeconómica,Instituto Nacional de Estadística y Censos (INDEC),Empleo e Ingresos
64.2_POBLACION_NUA_0_0_36_90,poblacion_pobre_pct_posadas_continua,Población con ingresos debajo de línea de pobreza (%) desde 2003. Posadas. EPH continua.,R/P6M,2003-01-01,2025-07-01,Porcentaje de población,Población con ingresos por debajo de la línea de pobreza. EPH puntual y continua.,Subsecretaría de Programación Macroeconómica,Instituto Nacional de Estadística y Censos (INDEC),Empleo e Ingresos
64.2_POBLACION_NUA_0_0_37_68,poblacion_pobre_pct_la_rioja_continua,Población con ingresos debajo de línea de pobreza (%) desde 2003. La Rioja. EPH continua.,R/P6M,2003-01-01,2025-07-01,Porcentaje de población,Población con ingresos por debajo de la línea de pobreza. EPH puntual y continua.,Subsecretaría de Programación Macroeconómica,Instituto Nacional de Estadística y Censos (INDEC),Empleo e Ingresos
64.2_POBLACION_NUA_0_0_38_9,poblacion_pobre_pct_concordia_continua,Población con ingresos debajo de línea de pobreza (%) desde 2003. Concordia. EPH continua.,R/P6M,2003-01-01,2025-07-01,Porcentaje de población,Población con ingresos por debajo de la línea de pobreza. EPH puntual y continua.,Subsecretaría de Programación Macroeconómica,Instituto Nacional de Estadística y Censos (INDEC),Empleo e Ingresos
64.2_POBLACION_NUA_0_0_39_29,poblacion_pobre_pct_rio_cuarto_continua,Población con ingresos debajo de línea de pobreza (%) desde 2003. Río Cuarto. EPH continua.,R/P6M,2003-01-01,2025-07-01,Porcentaje de población,Población con ingresos por debajo de la línea de pobreza. EPH puntual y continua.,Subsecretaría de Programación Macroeconómica,Instituto Nacional de Estadística y Censos (INDEC),Empleo e Ingresos
64.2_POBLACION_NUA_0_0_39_38,poblacion_pobre_pct_corrientes_continua,Población con ingresos debajo de línea de pobreza (%) desde 2003. Corrientes. EPH continua.,R/P6M,2003-01-01,2025-07-01,Porcentaje de población,Población con ingresos por debajo de la línea de pobreza. EPH puntual y continua.,Subsecretaría de Programación Macroeconómica,Instituto Nacional de Estadística y Censos (INDEC),Empleo e Ingresos
64.2_POBLACION_NUA_0_0_40_67,poblacion_pobre_pct_gran_parana_continua,Población con ingresos debajo de línea de pobreza (%) desde 2003. Gran Paraná. EPH continua.,R/P6M,2003-01-01,2025-07-01,Porcentaje de población,Población con ingresos por debajo de la línea de pobreza. EPH puntual y continua.,Subsecretaría de Programación Macroeconómica,Instituto Nacional de Estadística y Censos (INDEC),Empleo e Ingresos
64.2_POBLACION_NUA_0_0_41_1,poblacion_pobre_pct_gran_rosario_continua,Población con ingresos debajo de línea de pobreza (%) desde 2003. Gran Rosario. EPH continua.,R/P6M,2003-01-01,2025-07-01,Porcentaje de población,Población con ingresos por debajo de la línea de pobreza. EPH puntual y continua.,Subsecretaría de Programación Macroeconómica,Instituto Nacional de Estadística y Censos (INDEC),Empleo e Ingresos
64.2_POBLACION_NUA_0_0_41_17,poblacion_pobre_pct_rio_gallegos_continua,Población con ingresos debajo de línea de pobreza (%) desde 2003. Río Gallegos. EPH continua.,R/P6M,2003-01-01,2025-07-01,Porcentaje de población,Población con ingresos por debajo de la línea de pobreza. EPH puntual y continua.,Subsecretaría de Programación Macroeconómica,Instituto Nacional de Estadística y Censos (INDEC),Empleo e Ingresos
64.2_POBLACION_NUA_0_0_41_74,poblacion_pobre_pct_gran_mendoza_continua,Población con ingresos debajo de línea de pobreza (%) desde 2003. Gran Mendoza. EPH continua.,R/P6M,2003-01-01,2025-07-01,Porcentaje de población,Población con ingresos por debajo de la línea de pobreza. EPH puntual y continua.,Subsecretaría de Programación Macroeconómica,Instituto Nacional de Estadística y Censos (INDEC),Empleo e Ingresos
64.2_POBLACION_NUA_0_0_41_96,poblacion_pobre_pct_gran_cordoba_continua,Población con ingresos debajo de línea de pobreza (%) desde 2003. Gran Córdoba. EPH continua.,R/P6M,2003-01-01,2025-07-01,Porcentaje de población,Población con ingresos por debajo de la línea de pobreza. EPH puntual y continua.,Subsecretaría de Programación Macroeconómica,Instituto Nacional de Estadística y Censos (INDEC),Empleo e Ingresos
64.2_POBLACION_NUA_0_0_42_17,poblacion_pobre_pct_rawson_trelew_continua,Población con ingresos debajo de línea de pobreza (%) desde 2003. Rawson - Trelew. EPH continua.,R/P6M,2003-01-01,2025-07-01,Porcentaje de población,Población con ingresos por debajo de la línea de pobreza. EPH puntual y continua.,Subsecretaría de Programación Macroeconómica,Instituto Nacional de Estadística y Censos (INDEC),Empleo e Ingresos
64.2_POBLACION_NUA_0_0_42_23,poblacion_pobre_pct_gran_santa_fe_continua,Población con ingresos debajo de línea de pobreza (%) desde 2003. Gran Santa Fe. EPH continua.,R/P6M,2003-01-01,2025-07-01,Porcentaje de población,Población con ingresos por debajo de la línea de pobreza. EPH puntual y continua.,Subsecretaría de Programación Macroeconómica,Instituto Nacional de Estadística y Censos (INDEC),Empleo e Ingresos
64.2_POBLACION_NUA_0_0_42_29,poblacion_pobre_pct_gran_la_plata_continua,Población con ingresos debajo de línea de pobreza (%) desde 2003. Gran La Plata. EPH continua.,R/P6M,2003-01-01,2025-07-01,Porcentaje de población,Población con ingresos por debajo de la línea de pobreza. EPH puntual y continua.,Subsecretaría de Programación Macroeconómica,Instituto Nacional de Estadística y Censos (INDEC),Empleo e Ingresos
64.2_POBLACION_NUA_0_0_42_46,poblacion_pobre_pct_jujuy_palpala_continua,Población con ingresos debajo de línea de pobreza (%) desde 2003. Jujuy - Palpalá. EPH continua.,R/P6M,2003-01-01,2025-07-01,Porcentaje de población,Población con ingresos por debajo de la línea de pobreza. EPH puntual y continua.,Subsecretaría de Programación Macroeconómica,Instituto Nacional de Estadística y Censos (INDEC),Empleo e Ingresos
64.2_POBLACION_NUA_0_0_42_79,poblacion_pobre_pct_gran_san_juan_continua,Población con ingresos debajo de línea de pobreza (%) desde 2003. Gran San Juan. EPH continua.,R/P6M,2003-01-01,2025-07-01,Porcentaje de población,Población con ingresos por debajo de la línea de pobreza. EPH puntual y continua.,Subsecretaría de Programación Macroeconómica,Instituto Nacional de Estadística y Censos (INDEC),Empleo e Ingresos
64.2_POBLACION_NUA_0_0_43_58,poblacion_pobre_pct_gran_catamarca_continua,Población con ingresos debajo de línea de pobreza (%) desde 2003. Gran Catamarca. EPH continua.,R/P6M,2003-01-01,2025-07-01,Porcentaje de población,Población con ingresos por debajo de la línea de pobreza. EPH puntual y continua.,Subsecretaría de Programación Macroeconómica,Instituto Nacional de Estadística y Censos (INDEC),Empleo e Ingresos
64.2_POBLACION_NUA_0_0_44_4,poblacion_pobre_pct_mar_plata_batan_continua,Población con ingresos debajo de línea de pobreza (%) desde 2003. Mar del Plata - Batán. EPH continua.,R/P6M,2003-01-01,2025-07-01,Porcentaje de población,Población con ingresos por debajo de la línea de pobreza. EPH puntual y continua.,Subsecretaría de Programación Macroeconómica,Instituto Nacional de Estadística y Censos (INDEC),Empleo e Ingresos
64.2_POBLACION_NUA_0_0_44_49,poblacion_pobre_pct_region_noroeste_continua,Población con ingresos debajo de línea de pobreza (%) desde 2003. Región Noroeste. EPH continua.,R/P6M,2003-01-01,2025-07-01,Porcentaje de población,Población con ingresos por debajo de la línea de pobreza. EPH puntual y continua.,Subsecretaría de Programación Macroeconómica,Instituto Nacional de Estadística y Censos (INDEC),Empleo e Ingresos
64.2_POBLACION_NUA_0_0_44_54,poblacion_pobre_pct_santa_rosa_toay_continua,Población con ingresos debajo de línea de pobreza (%) desde 2003. Santa Rosa - Toay. EPH continua.,R/P6M,2003-01-01,2025-07-01,Porcentaje de población,Población con ingresos por debajo de la línea de pobreza. EPH puntual y continua.,Subsecretaría de Programación Macroeconómica,Instituto Nacional de Estadística y Censos (INDEC),Empleo e Ingresos
64.2_POBLACION_NUA_0_0_44_76,poblacion_pobre_pct_region_pampeana_continua,Población con ingresos debajo de línea de pobreza (%) desde 2003. Región Pampeana. EPH continua.,R/P6M,2003-01-01,2025-07-01,Porcentaje de población,Población con ingresos por debajo de la línea de pobreza. EPH puntual y continua.,Subsecretaría de Programación Macroeconómica,Instituto Nacional de Estadística y Censos (INDEC),Empleo e Ingresos
64.2_POBLACION_NUA_0_0_44_89,poblacion_pobre_pct_region_nordeste_continua,Población con ingresos debajo de línea de pobreza (%) desde 2003. Región Nordeste. EPH continua.,R/P6M,2003-01-01,2025-07-01,Porcentaje de población,Población con ingresos por debajo de la línea de pobreza. EPH puntual y continua.,Subsecretaría de Programación Macroeconómica,Instituto Nacional de Estadística y Censos (INDEC),Empleo e Ingresos
64.2_POBLACION_NUA_0_0_45_16,poblacion_pobre_pct_neuquen_plottier_continua,Población con ingresos debajo de línea de pobreza (%) desde 2003. Neuquén - Plottier. EPH continua.,R/P6M,2003-01-01,2025-07-01,Porcentaje de población,Población con ingresos por debajo de la línea de pobreza. EPH puntual y continua.,Subsecretaría de Programación Macroeconómica,Instituto Nacional de Estadística y Censos (INDEC),Empleo e Ingresos
64.2_POBLACION_NUA_0_0_45_25,poblacion_pobre_pct_region_patagonia_continua,Población con ingresos debajo de línea de pobreza (%) desde 2003. Región Patagonia. EPH continua.,R/P6M,2003-01-01,2025-07-01,Porcentaje de población,Población con ingresos por debajo de la línea de pobreza. EPH puntual y continua.,Subsecretaría de Programación Macroeconómica,Instituto Nacional de Estadística y Censos (INDEC),Empleo e Ingresos
64.2_POBLACION_NUA_0_0_45_58,poblacion_pobre_pct_gran_resistencia_continua,Población con ingresos debajo de línea de pobreza (%) desde 2003. Gran Resistencia. EPH continua.,R/P6M,2003-01-01,2025-07-01,Porcentaje de población,Población con ingresos por debajo de la línea de pobreza. EPH puntual y continua.,Subsecretaría de Programación Macroeconómica,Instituto Nacional de Estadística y Censos (INDEC),Empleo e Ingresos
64.2_POBLACION_NUA_0_0_47_23,poblacion_pobre_pct_bahia_blanca_cerri_continua,Población con ingresos debajo de línea de pobreza (%) desde 2003. Bahía Blanca - Cerri. EPH continua.,R/P6M,2003-01-01,2025-07-01,Porcentaje de población,Población con ingresos por debajo de la línea de pobreza. EPH puntual y continua.,Subsecretaría de Programación Macroeconómica,Instituto Nacional de Estadística y Censos (INDEC),Empleo e Ingresos
64.2_POBLACION_NUA_0_0_47_89,poblacion_pobre_pct_ushuaia_rio_grande_continua,Población con ingresos debajo de línea de pobreza (%) desde 2003. Ushuaia - Río Grande. EPH continua.,R/P6M,2003-01-01,2025-07-01,Porcentaje de población,Población con ingresos por debajo de la línea de pobreza. EPH puntual y continua.,Subsecretaría de Programación Macroeconómica,Instituto Nacional de Estadística y Censos (INDEC),Empleo e Ingresos
64.2_POBLACION_NUA_0_0_50_64,poblacion_pobre_pct_san_luis_el_chorrillo_continua,Población con ingresos debajo de línea de pobreza (%) desde 2003. San Luis - El Chorrillo. EPH continua.,R/P6M,2003-01-01,2025-07-01,Porcentaje de población,Población con ingresos por debajo de la línea de pobreza. EPH puntual y continua.,Subsecretaría de Programación Macroeconómica,Instituto Nacional de Estadística y Censos (INDEC),Empleo e Ingresos
64.2_POBLACION_NUA_0_0_52_1,poblacion_pobre_pct_gran_tucuman_tafi_viejo_continua,Población con ingresos debajo de línea de pobreza (%) desde 2003. Gran Tucumán - Tafí Viejo. EPH continua.,R/P6M,2003-01-01,2025-07-01,Porcentaje de población,Población con ingresos por debajo de la línea de pobreza. EPH puntual y continua.,Subsecretaría de Programación Macroeconómica,Instituto Nacional de Estadística y Censos (INDEC),Empleo e Ingresos
64.2_POBLACION_NUA_0_0_52_81,poblacion_pobre_pct_viedma_carmen_patagones_continua,Población con ingresos debajo de línea de pobreza (%) desde 2003. Viedma - Carmen de Patagones. EPH continua.,R/P6M,2003-01-01,2025-07-01,Porcentaje de población,Población con ingresos por debajo de la línea de pobreza. EPH puntual y continua.,Subsecretaría de Programación Macroeconómica,Instituto Nacional de Estadística y Censos (INDEC),Empleo e Ingresos
64.2_POBLACION_NUA_0_0_53_18,poblacion_pobre_pct_santiago_estero_la_banda_continua,Población con ingresos debajo de línea de pobreza (%) desde 2003. Santiago del Estero - La Banda. EPH continua.,R/P6M,2003-01-01,2025-07-01,Porcentaje de población,Población con ingresos por debajo de la línea de pobreza. EPH puntual y continua.,Subsecretaría de Programación Macroeconómica,Instituto Nacional de Estadística y Censos (INDEC),Empleo e Ingresos
64.2_POBLACION_NUA_0_0_54_70,poblacion_pobre_pct_aglomerados_interior_pais_continua,Población con ingresos debajo de línea de pobreza (%) desde 2003. Aglomerados del Interior del País. EPH continua.,R/P6M,2003-01-01,2025-07-01,Porcentaje de población,Población con ingresos por debajo de la línea de pobreza. EPH puntual y continua.,Subsecretaría de Programación Macroeconómica,Instituto Nacional de Estadística y Censos (INDEC),Empleo e Ingresos
64.2_POBLACION_NUA_0_0_55_72,poblacion_pobre_pct_partidos_gran_buenos_aires_continua,Población con ingresos debajo de línea de pobreza (%) desde 2003. Partidos del Gran Buenos Aires. EPH continua.,R/P6M,2003-01-01,2025-07-01,Porcentaje de población,Población con ingresos por debajo de la línea de pobreza. EPH puntual y continua.,Subsecretaría de Programación Macroeconómica,Instituto Nacional de Estadística y Censos (INDEC),Empleo e Ingresos
64.2_POBLACION_NUA_0_0_58_59,poblacion_pobre_pct_comodoro_rivadavia_rada_tilly_continua,Población con ingresos debajo de línea de pobreza (%) desde 2003. Comodoro Rivadavia - Rada Tilly. EPH continua.,R/P6M,2003-01-01,2025-07-01,Porcentaje de población,Población con ingresos por debajo de la línea de pobreza. EPH puntual y continua.,Subsecretaría de Programación Macroeconómica,Instituto Nacional de Estadística y Censos (INDEC),Empleo e Ingresos
64.2_POBLACION_NUA_0_0_59_29,poblacion_pobre_pct_san_nicolas_villa_constitucion_continua,Población con ingresos debajo de línea de pobreza (%) desde 2003. San Nicolás - Villa Constitución. EPH continua.,R/P6M,2003-01-01,2025-07-01,Porcentaje de población,Población con ingresos por debajo de la línea de pobreza. EPH puntual y continua.,Subsecretaría de Programación Macroeconómica,Instituto Nacional de Estadística y Censos (INDEC),Empleo e Ingresos
65.1_BII_0_0_19,brecha_ingresos_iop,Brecha del Ingreso de la ocupación principal (Ratio Percentil 90/ Percentil 10),R/P3M,2003-07-01,2015-04-01,Brecha de ingresos,Distribución Personal del Ingreso. Coeficiente de Gini y Brecha de Ingreso.,Subsecretaría de Programación Macroeconómica,Instituto Nacional de Estadística y Censos (INDEC),Empleo e Ingresos
65.1_BII_0_0_20,brecha_ingresos_ipcf,Brecha del Ingreso per cápita familiar (Ratio Percentil 90/ Percentil 10),R/P3M,2003-07-01,2015-04-01,Brecha de ingresos,Distribución Personal del Ingreso. Coeficiente de Gini y Brecha de Ingreso.,Subsecretaría de Programación Macroeconómica,Instituto Nacional de Estadística y Censos (INDEC),Empleo e Ingresos
65.1_CGI_0_0_20,coeficiente_gini_iop,Coeficiente de Gini del Ingreso de la ocupación principal,R/P3M,2003-07-01,2015-04-01,Coeficiente de Gini,Distribución Personal del Ingreso. Coeficiente de Gini y Brecha de Ingreso.,Subsecretaría de Programación Macroeconómica,Instituto Nacional de Estadística y Censos (INDEC),Empleo e Ingresos
65.1_CGI_0_0_21,coeficiente_gini_ipcf,Coeficiente de Gini del Ingreso per cápita familiar,R/P3M,2003-07-01,2026-01-01,Coeficiente de Gini,Distribución Personal del Ingreso. Coeficiente de Gini y Brecha de Ingreso.,Subsecretaría de Programación Macroeconómica,Instituto Nacional de Estadística y Censos (INDEC),Empleo e Ingresos
66.1_ABT_E_0_A_24,alimentos_bebidas_tabaco,"Miles de puestos de trabajo declarados. Alimentos, bebidas y tabaco",R/P1Y,2006-01-01,2014-01-01,Miles de personas,Puestos de trabajo declarados  por sector de actividad económica,Subsecretaría de Programación Macroeconómica,Instituto Nacional de Estadística y Censos (INDEC),Empleo e Ingresos
66.1_AGCS_E_0_A_39,agricultura_ganaderia_caza_silvicultura,Miles de puestos de trabajo declarados. Agricultura Ganaderia Caza y Silvicultura,R/P1Y,2006-01-01,2014-01-01,Miles de personas,Puestos de trabajo declarados  por sector de actividad económica,Subsecretaría de Programación Macroeconómica,Instituto Nacional de Estadística y Censos (INDEC),Empleo e Ingresos
66.1_AIEA_E_0_A_48,actividades_inmobiliarias_empresariales_alquiler,"Miles de puestos de trabajo declarados. Actividades Inmobiliarias, Empresariales y de Alquiler",R/P1Y,2006-01-01,2014-01-01,Miles de personas,Puestos de trabajo declarados  por sector de actividad económica,Subsecretaría de Programación Macroeconómica,Instituto Nacional de Estadística y Censos (INDEC),Empleo e Ingresos
66.1_APDOE_E_0_A_53,admin_publica_defensa_orgs_organos_extraterritoriales,"Miles de puestos de trabajo declarados. Administracion Publica, Defensa y Organizaciones y Organos Extraterritoriales",R/P1Y,2006-01-01,2014-01-01,Miles de personas,Puestos de trabajo declarados  por sector de actividad económica,Subsecretaría de Programación Macroeconómica,Instituto Nacional de Estadística y Censos (INDEC),Empleo e Ingresos
66.1_CMMR_E_0_A_41,comercio_mayorista_minorista_reparaciones,"Miles de puestos de trabajo declarados. Comercio Mayorista, Minorista y Reparaciones",R/P1Y,2006-01-01,2014-01-01,Miles de personas,Puestos de trabajo declarados  por sector de actividad económica,Subsecretaría de Programación Macroeconómica,Instituto Nacional de Estadística y Censos (INDEC),Empleo e Ingresos
66.1_C_E_0_A_12,construccion,Miles de puestos de trabajo declarados. Construccion,R/P1Y,2006-01-01,2014-01-01,Miles de personas,Puestos de trabajo declarados  por sector de actividad económica,Subsecretaría de Programación Macroeconómica,Instituto Nacional de Estadística y Censos (INDEC),Empleo e Ingresos
66.1_DPQ_E_0_A_27,derivados_petroleo_quimicos,Miles de puestos de trabajo declarados. Derivados del petroleo y Quimicos,R/P1Y,2006-01-01,2014-01-01,Miles de personas,Puestos de trabajo declarados  por sector de actividad económica,Subsecretaría de Programación Macroeconómica,Instituto Nacional de Estadística y Censos (INDEC),Empleo e Ingresos
66.1_EC_E_0_A_26,explotacion_minas_canteras,Miles de puestos de trabajo declarados. Explotacion de Minas y Canteras,R/P1Y,2006-01-01,2014-01-01,Miles de personas,Puestos de trabajo declarados  por sector de actividad económica,Subsecretaría de Programación Macroeconómica,Instituto Nacional de Estadística y Censos (INDEC),Empleo e Ingresos
66.1_HR_E_0_A_20,hoteles_restaurantes,Miles de puestos de trabajo declarados. Hoteles y Restaurantes,R/P1Y,2006-01-01,2014-01-01,Miles de personas,Puestos de trabajo declarados  por sector de actividad económica,Subsecretaría de Programación Macroeconómica,Instituto Nacional de Estadística y Censos (INDEC),Empleo e Ingresos
66.1_IF_E_0_A_25,intermediacion_financiera,Miles de puestos de trabajo declarados. Intermediacion Financiera,R/P1Y,2006-01-01,2014-01-01,Miles de personas,Puestos de trabajo declarados  por sector de actividad económica,Subsecretaría de Programación Macroeconómica,Instituto Nacional de Estadística y Censos (INDEC),Empleo e Ingresos
66.1_MBM_E_0_A_37,metalicas_basicas_productos_metalicos,"Miles de puestos de trabajo declarados. Metalicas basicas, prod. met. excepto maq. y equipo",R/P1Y,2006-01-01,2014-01-01,Miles de personas,Puestos de trabajo declarados  por sector de actividad económica,Subsecretaría de Programación Macroeconómica,Instituto Nacional de Estadística y Censos (INDEC),Empleo e Ingresos
66.1_MIE_E_0_A_33,madera_papel_imprenta_editoriales,"Miles de puestos de trabajo declarados. Madera, papel, imprenta y editoriales",R/P1Y,2006-01-01,2014-01-01,Miles de personas,Puestos de trabajo declarados  por sector de actividad económica,Subsecretaría de Programación Macroeconómica,Instituto Nacional de Estadística y Censos (INDEC),Empleo e Ingresos
66.1_MT_E_0_A_19,material_transporte,Miles de puestos de trabajo declarados. Material de transporte,R/P1Y,2006-01-01,2014-01-01,Miles de personas,Puestos de trabajo declarados  por sector de actividad económica,Subsecretaría de Programación Macroeconómica,Instituto Nacional de Estadística y Censos (INDEC),Empleo e Ingresos
66.1_M_E_0_A_19,maquinarias_equipos,Miles de puestos de trabajo declarados. Maquinarias y equipos,R/P1Y,2006-01-01,2014-01-01,Miles de personas,Puestos de trabajo declarados  por sector de actividad económica,Subsecretaría de Programación Macroeconómica,Instituto Nacional de Estadística y Censos (INDEC),Empleo e Ingresos
66.1_OASCSP_E_0_A_60,otras_actividades_servicios_comunitarios_sociales_personales,Miles de puestos de trabajo declarados. Otras Actividades de Servicios Comunitarios Sociales y Personales,R/P1Y,2006-01-01,2014-01-01,Miles de personas,Puestos de trabajo declarados  por sector de actividad económica,Subsecretaría de Programación Macroeconómica,Instituto Nacional de Estadística y Censos (INDEC),Empleo e Ingresos
66.1_OI_E_0_A_16,otras_industrias,Miles de puestos de trabajo declarados. Otras industrias,R/P1Y,2006-01-01,2014-01-01,Miles de personas,Puestos de trabajo declarados  por sector de actividad económica,Subsecretaría de Programación Macroeconómica,Instituto Nacional de Estadística y Censos (INDEC),Empleo e Ingresos
66.1_P_E_0_A_23,pesca_servicios_conexos,Miles de puestos de trabajo declarados. Pesca y servicios conexos,R/P1Y,2006-01-01,2014-01-01,Miles de personas,Puestos de trabajo declarados  por sector de actividad económica,Subsecretaría de Programación Macroeconómica,Instituto Nacional de Estadística y Censos (INDEC),Empleo e Ingresos
66.1_SC_E_0_A_14,sin_clasificar,Miles de puestos de trabajo declarados. Sin clasificar,R/P1Y,2006-01-01,2014-01-01,Miles de personas,Puestos de trabajo declarados  por sector de actividad económica,Subsecretaría de Programación Macroeconómica,Instituto Nacional de Estadística y Censos (INDEC),Empleo e Ingresos
66.1_SEGA_E_0_A_32,suministro_electricidad_gas_agua,Miles de puestos de trabajo declarados. Electricidad gas y agua,R/P1Y,2006-01-01,2014-01-01,Miles de personas,Puestos de trabajo declarados  por sector de actividad económica,Subsecretaría de Programación Macroeconómica,Instituto Nacional de Estadística y Censos (INDEC),Empleo e Ingresos
66.1_SP_E_0_A_14,sector_privado,Miles de puestos de trabajo declarados. Sector privado,R/P1Y,2006-01-01,2014-01-01,Miles de personas,Puestos de trabajo declarados  por sector de actividad económica,Subsecretaría de Programación Macroeconómica,Instituto Nacional de Estadística y Censos (INDEC),Empleo e Ingresos
66.1_SSESP_E_0_A_46,servicios_sociales_ensenianza_saludos_privados,"Miles de puestos de trabajo declarados. Servicios Sociales, Enseñanza y Salud Privados",R/P1Y,2006-01-01,2014-01-01,Miles de personas,Puestos de trabajo declarados  por sector de actividad económica,Subsecretaría de Programación Macroeconómica,Instituto Nacional de Estadística y Censos (INDEC),Empleo e Ingresos
66.1_TAC_E_0_A_40,transporte_almacenamiento_comunicaciones,"Miles de puestos de trabajo declarados. Transporte, Almacenamiento y Comunicaciones",R/P1Y,2006-01-01,2014-01-01,Miles de personas,Puestos de trabajo declarados  por sector de actividad económica,Subsecretaría de Programación Macroeconómica,Instituto Nacional de Estadística y Censos (INDEC),Empleo e Ingresos
66.1_TM_E_0_A_29,total_industria_manufacturera,Miles de puestos de trabajo declarados. Total Industria manufacturera,R/P1Y,2006-01-01,2014-01-01,Miles de personas,Puestos de trabajo declarados  por sector de actividad económica,Subsecretaría de Programación Macroeconómica,Instituto Nacional de Estadística y Censos (INDEC),Empleo e Ingresos
66.1_TPB_E_0_A_33,total_sectores_productores_bienes,Miles de puestos de trabajo declarados. Total sectores productores de bienes,R/P1Y,2006-01-01,2014-01-01,Miles de personas,Puestos de trabajo declarados  por sector de actividad económica,Subsecretaría de Programación Macroeconómica,Instituto Nacional de Estadística y Censos (INDEC),Empleo e Ingresos
66.1_TPS_E_0_A_36,total_sectores_productores_servicios,Miles de puestos de trabajo declarados. Total Sectores productores de servicios,R/P1Y,2006-01-01,2014-01-01,Miles de personas,Puestos de trabajo declarados  por sector de actividad económica,Subsecretaría de Programación Macroeconómica,Instituto Nacional de Estadística y Censos (INDEC),Empleo e Ingresos
66.1_TS_E_0_A_13,total_sistema,Miles de puestos de trabajo declarados. Total sistema,R/P1Y,2006-01-01,2014-01-01,Miles de personas,Puestos de trabajo declarados  por sector de actividad económica,Subsecretaría de Programación Macroeconómica,Instituto Nacional de Estadística y Censos (INDEC),Empleo e Ingresos
66.1_T_E_0_A_14,textiles_cuero,Miles de puestos de trabajo declarados. Textiles y cueros,R/P1Y,2006-01-01,2014-01-01,Miles de personas,Puestos de trabajo declarados  por sector de actividad económica,Subsecretaría de Programación Macroeconómica,Instituto Nacional de Estadística y Censos (INDEC),Empleo e Ingresos
66.2_ABT_E_0_T_24,alimentos_bebidas_tabaco,"Miles de puestos de trabajo declarados. Alimentos, bebidas y tabaco",R/P3M,2006-01-01,2015-04-01,Miles de personas,Puestos de trabajo declarados  por sector de actividad económica,Subsecretaría de Programación Macroeconómica,Instituto Nacional de Estadística y Censos (INDEC),Empleo e Ingresos
66.2_AGCS_E_0_T_39,agricultura_ganaderia_caza_silvicultura,Miles de puestos de trabajo declarados. Agricultura Ganaderia Caza y Silvicultura,R/P3M,2006-01-01,2015-04-01,Miles de personas,Puestos de trabajo declarados  por sector de actividad económica,Subsecretaría de Programación Macroeconómica,Instituto Nacional de Estadística y Censos (INDEC),Empleo e Ingresos
66.2_AIEA_E_0_T_48,actividades_inmobiliarias_empresariales_alquiler,"Miles de puestos de trabajo declarados. Actividades Inmobiliarias, Empresariales y de Alquiler",R/P3M,2006-01-01,2015-04-01,Miles de personas,Puestos de trabajo declarados  por sector de actividad económica,Subsecretaría de Programación Macroeconómica,Instituto Nacional de Estadística y Censos (INDEC),Empleo e Ingresos
66.2_APDOE_E_0_T_53,admin_publica_defensa_orgs_organos_extraterritoriales,"Miles de puestos de trabajo declarados. Administracion Publica, Defensa y Organizaciones y Organos Extraterritoriales",R/P3M,2006-01-01,2015-04-01,Miles de personas,Puestos de trabajo declarados  por sector de actividad económica,Subsecretaría de Programación Macroeconómica,Instituto Nacional de Estadística y Censos (INDEC),Empleo e Ingresos
66.2_CMMR_E_0_T_41,comercio_mayorista_minorista_reparaciones,"Miles de puestos de trabajo declarados. Comercio Mayorista, Minorista y Reparaciones",R/P3M,2006-01-01,2015-04-01,Miles de personas,Puestos de trabajo declarados  por sector de actividad económica,Subsecretaría de Programación Macroeconómica,Instituto Nacional de Estadística y Censos (INDEC),Empleo e Ingresos
66.2_C_E_0_T_12,construccion,Miles de puestos de trabajo declarados. Construccion,R/P3M,2006-01-01,2015-04-01,Miles de personas,Puestos de trabajo declarados  por sector de actividad económica,Subsecretaría de Programación Macroeconómica,Instituto Nacional de Estadística y Censos (INDEC),Empleo e Ingresos
66.2_DPQ_E_0_T_27,derivados_petroleo_quimicos,Miles de puestos de trabajo declarados. Derivados del petroleo y Quimicos,R/P3M,2006-01-01,2015-04-01,Miles de personas,Puestos de trabajo declarados  por sector de actividad económica,Subsecretaría de Programación Macroeconómica,Instituto Nacional de Estadística y Censos (INDEC),Empleo e Ingresos
66.2_EC_E_0_T_26,explotacion_minas_canteras,Miles de puestos de trabajo declarados. Explotacion de Minas y Canteras,R/P3M,2006-01-01,2015-04-01,Miles de personas,Puestos de trabajo declarados  por sector de actividad económica,Subsecretaría de Programación Macroeconómica,Instituto Nacional de Estadística y Censos (INDEC),Empleo e Ingresos
66.2_HR_E_0_T_20,hoteles_restaurantes,Miles de puestos de trabajo declarados. Hoteles y Restaurantes,R/P3M,2006-01-01,2015-04-01,Miles de personas,Puestos de trabajo declarados  por sector de actividad económica,Subsecretaría de Programación Macroeconómica,Instituto Nacional de Estadística y Censos (INDEC),Empleo e Ingresos
66.2_IF_E_0_T_25,intermediacion_financiera,Miles de puestos de trabajo declarados. Intermediacion Financiera,R/P3M,2006-01-01,2015-04-01,Miles de personas,Puestos de trabajo declarados  por sector de actividad económica,Subsecretaría de Programación Macroeconómica,Instituto Nacional de Estadística y Censos (INDEC),Empleo e Ingresos
66.2_MBM_E_0_T_37,metalicas_basicas_productos_metalicos,"Miles de puestos de trabajo declarados. Metalicas basicas, prod. met. excepto maq. y equipo",R/P3M,2006-01-01,2015-04-01,Miles de personas,Puestos de trabajo declarados  por sector de actividad económica,Subsecretaría de Programación Macroeconómica,Instituto Nacional de Estadística y Censos (INDEC),Empleo e Ingresos
66.2_MIE_E_0_T_33,madera_papel_imprenta_editoriales,"Miles de puestos de trabajo declarados. Madera, papel, imprenta y editoriales",R/P3M,2006-01-01,2015-04-01,Miles de personas,Puestos de trabajo declarados  por sector de actividad económica,Subsecretaría de Programación Macroeconómica,Instituto Nacional de Estadística y Censos (INDEC),Empleo e Ingresos
66.2_MT_E_0_T_19,material_transporte,Miles de puestos de trabajo declarados. Material de transporte,R/P3M,2006-01-01,2015-04-01,Miles de personas,Puestos de trabajo declarados  por sector de actividad económica,Subsecretaría de Programación Macroeconómica,Instituto Nacional de Estadística y Censos (INDEC),Empleo e Ingresos
66.2_M_E_0_T_19,maquinarias_equipos,Miles de puestos de trabajo declarados. Maquinarias y equipos,R/P3M,2006-01-01,2015-04-01,Miles de personas,Puestos de trabajo declarados  por sector de actividad económica,Subsecretaría de Programación Macroeconómica,Instituto Nacional de Estadística y Censos (INDEC),Empleo e Ingresos
66.2_OASCSP_E_0_T_60,otras_actividades_servicios_comunitarios_sociales_personales,Miles de puestos de trabajo declarados. Otras Actividades de Servicios Comunitarios Sociales y Personales,R/P3M,2006-01-01,2015-04-01,Miles de personas,Puestos de trabajo declarados  por sector de actividad económica,Subsecretaría de Programación Macroeconómica,Instituto Nacional de Estadística y Censos (INDEC),Empleo e Ingresos
66.2_OI_E_0_T_16,otras_industrias,Miles de puestos de trabajo declarados. Otras industrias,R/P3M,2006-01-01,2015-04-01,Miles de personas,Puestos de trabajo declarados  por sector de actividad económica,Subsecretaría de Programación Macroeconómica,Instituto Nacional de Estadística y Censos (INDEC),Empleo e Ingresos
66.2_P_E_0_T_23,pesca_servicios_conexos,Miles de puestos de trabajo declarados. Pesca y servicios conexos,R/P3M,2006-01-01,2015-04-01,Miles de personas,Puestos de trabajo declarados  por sector de actividad económica,Subsecretaría de Programación Macroeconómica,Instituto Nacional de Estadística y Censos (INDEC),Empleo e Ingresos
66.2_SC_E_0_T_14,sin_clasificar,Miles de puestos de trabajo declarados. Sin clasificar,R/P3M,2006-01-01,2015-04-01,Miles de personas,Puestos de trabajo declarados  por sector de actividad económica,Subsecretaría de Programación Macroeconómica,Instituto Nacional de Estadística y Censos (INDEC),Empleo e Ingresos
66.2_SEGA_E_0_T_32,suministro_electricidad_gas_agua,Miles de puestos de trabajo declarados. Electricidad gas y agua,R/P3M,2006-01-01,2015-04-01,Miles de personas,Puestos de trabajo declarados  por sector de actividad económica,Subsecretaría de Programación Macroeconómica,Instituto Nacional de Estadística y Censos (INDEC),Empleo e Ingresos
66.2_SP_E_0_T_14,sector_privado,Miles de puestos de trabajo declarados. Sector privado,R/P3M,2006-01-01,2015-04-01,Miles de personas,Puestos de trabajo declarados  por sector de actividad económica,Subsecretaría de Programación Macroeconómica,Instituto Nacional de Estadística y Censos (INDEC),Empleo e Ingresos
66.2_SSESP_E_0_T_46,servicios_sociales_ensenianza_saludos_privados,"Miles de puestos de trabajo declarados. Servicios Sociales, Enseñanza y Salud Privados",R/P3M,2006-01-01,2015-04-01,Miles de personas,Puestos de trabajo declarados  por sector de actividad económica,Subsecretaría de Programación Macroeconómica,Instituto Nacional de Estadística y Censos (INDEC),Empleo e Ingresos
66.2_TAC_E_0_T_40,transporte_almacenamiento_comunicaciones,"Miles de puestos de trabajo declarados. Transporte, Almacenamiento y Comunicaciones",R/P3M,2006-01-01,2015-04-01,Miles de personas,Puestos de trabajo declarados  por sector de actividad económica,Subsecretaría de Programación Macroeconómica,Instituto Nacional de Estadística y Censos (INDEC),Empleo e Ingresos
66.2_TM_E_0_T_29,total_industria_manufacturera,Miles de puestos de trabajo declarados. Total Industria manufacturera,R/P3M,2006-01-01,2015-04-01,Miles de personas,Puestos de trabajo declarados  por sector de actividad económica,Subsecretaría de Programación Macroeconómica,Instituto Nacional de Estadística y Censos (INDEC),Empleo e Ingresos
66.2_TPB_E_0_T_33,total_sectores_productores_bienes,Miles de puestos de trabajo declarados. Total sectores productores de bienes,R/P3M,2006-01-01,2015-04-01,Miles de personas,Puestos de trabajo declarados  por sector de actividad económica,Subsecretaría de Programación Macroeconómica,Instituto Nacional de Estadística y Censos (INDEC),Empleo e Ingresos
66.2_TPS_E_0_T_36,total_sectores_productores_servicios,Miles de puestos de trabajo declarados. Total Sectores productores de servicios,R/P3M,2006-01-01,2015-04-01,Miles de personas,Puestos de trabajo declarados  por sector de actividad económica,Subsecretaría de Programación Macroeconómica,Instituto Nacional de Estadística y Censos (INDEC),Empleo e Ingresos
66.2_TS_E_0_T_13,total_sistema,Miles de puestos de trabajo declarados. Total sistema,R/P3M,2006-01-01,2015-04-01,Miles de personas,Puestos de trabajo declarados  por sector de actividad económica,Subsecretaría de Programación Macroeconómica,Instituto Nacional de Estadística y Censos (INDEC),Empleo e Ingresos
66.2_T_E_0_T_14,textiles_cuero,Miles de puestos de trabajo declarados. Textiles y cueros,R/P3M,2006-01-01,2015-04-01,Miles de personas,Puestos de trabajo declarados  por sector de actividad económica,Subsecretaría de Programación Macroeconómica,Instituto Nacional de Estadística y Censos (INDEC),Empleo e Ingresos
67.1_ABT_E_0_A_24,alimentos_bebidas_tabaco,"Remuneracion total en pesos. Alimentos, bebidas y tabaco",R/P1Y,2006-01-01,2014-01-01,Pesos,"Remuneración total de los puestos de trabajo, por sector de actividad económica",Subsecretaría de Programación Macroeconómica,Instituto Nacional de Estadística y Censos (INDEC),Empleo e Ingresos
67.1_AGCS_E_0_A_39,agricultura_ganaderia_caza_silvicultura,Remuneracion total en pesos. Agricultura Ganaderia Caza y Silvicultura,R/P1Y,2006-01-01,2014-01-01,Pesos,"Remuneración total de los puestos de trabajo, por sector de actividad económica",Subsecretaría de Programación Macroeconómica,Instituto Nacional de Estadística y Censos (INDEC),Empleo e Ingresos
67.1_AIEA_E_0_A_48,actividades_inmobiliarias_empresariales_alquiler,"Remuneracion total en pesos. Actividades Inmobiliarias, Empresariales y de Alquiler",R/P1Y,2006-01-01,2014-01-01,Pesos,"Remuneración total de los puestos de trabajo, por sector de actividad económica",Subsecretaría de Programación Macroeconómica,Instituto Nacional de Estadística y Censos (INDEC),Empleo e Ingresos
67.1_APDOE_E_0_A_53,admin_publica_defensa_orgs_organos_extraterritoriales,"Remuneracion total en pesos. Administracion Publica, Defensa y Organizaciones y Organos Extraterritoriales",R/P1Y,2006-01-01,2014-01-01,Pesos,"Remuneración total de los puestos de trabajo, por sector de actividad económica",Subsecretaría de Programación Macroeconómica,Instituto Nacional de Estadística y Censos (INDEC),Empleo e Ingresos
67.1_CMMR_E_0_A_41,comercio_mayorista_minorista_reparaciones,"Remuneracion total en pesos. Comercio Mayorista, Minorista y Reparaciones",R/P1Y,2006-01-01,2014-01-01,Pesos,"Remuneración total de los puestos de trabajo, por sector de actividad económica",Subsecretaría de Programación Macroeconómica,Instituto Nacional de Estadística y Censos (INDEC),Empleo e Ingresos
67.1_C_E_0_A_12,construccion,Remuneracion total en pesos. Construccion,R/P1Y,2006-01-01,2014-01-01,Pesos,"Remuneración total de los puestos de trabajo, por sector de actividad económica",Subsecretaría de Programación Macroeconómica,Instituto Nacional de Estadística y Censos (INDEC),Empleo e Ingresos
67.1_DPQ_E_0_A_27,derivados_petroleo_quimicos,Remuneracion total en pesos.Derivados del petroleo y Quimicos,R/P1Y,2006-01-01,2014-01-01,Pesos,"Remuneración total de los puestos de trabajo, por sector de actividad económica",Subsecretaría de Programación Macroeconómica,Instituto Nacional de Estadística y Censos (INDEC),Empleo e Ingresos
67.1_EC_E_0_A_26,explotacion_minas_canteras,Remuneracion total en pesos. Explotacion de Minas y Canteras,R/P1Y,2006-01-01,2014-01-01,Pesos,"Remuneración total de los puestos de trabajo, por sector de actividad económica",Subsecretaría de Programación Macroeconómica,Instituto Nacional de Estadística y Censos (INDEC),Empleo e Ingresos
67.1_HR_E_0_A_20,hoteles_restaurantes,Remuneracion total en pesos. Hoteles y Restaurantes,R/P1Y,2006-01-01,2014-01-01,Pesos,"Remuneración total de los puestos de trabajo, por sector de actividad económica",Subsecretaría de Programación Macroeconómica,Instituto Nacional de Estadística y Censos (INDEC),Empleo e Ingresos
67.1_IF_E_0_A_25,intermediacion_financiera,Remuneracion total en pesos. Intermediacion Financiera,R/P1Y,2006-01-01,2014-01-01,Pesos,"Remuneración total de los puestos de trabajo, por sector de actividad económica",Subsecretaría de Programación Macroeconómica,Instituto Nacional de Estadística y Censos (INDEC),Empleo e Ingresos
67.1_MBM_E_0_A_37,metalicas_basicas_productos_metalicos,"Remuneracion total en pesos. Metalicas basicas, prod. met. excepto maq. y equipo",R/P1Y,2006-01-01,2014-01-01,Pesos,"Remuneración total de los puestos de trabajo, por sector de actividad económica",Subsecretaría de Programación Macroeconómica,Instituto Nacional de Estadística y Censos (INDEC),Empleo e Ingresos
67.1_MIE_E_0_A_33,madera_papel_imprenta_editoriales,"Remuneracion total en pesos. Madera, papel, imprenta y editoriales",R/P1Y,2006-01-01,2014-01-01,Pesos,"Remuneración total de los puestos de trabajo, por sector de actividad económica",Subsecretaría de Programación Macroeconómica,Instituto Nacional de Estadística y Censos (INDEC),Empleo e Ingresos
67.1_MT_E_0_A_19,material_transporte,Remuneracion total en pesos. Material de transporte,R/P1Y,2006-01-01,2014-01-01,Pesos,"Remuneración total de los puestos de trabajo, por sector de actividad económica",Subsecretaría de Programación Macroeconómica,Instituto Nacional de Estadística y Censos (INDEC),Empleo e Ingresos
67.1_M_E_0_A_19,maquinarias_equipos,Remuneracion total en pesos. Maquinarias y equipos,R/P1Y,2006-01-01,2014-01-01,Pesos,"Remuneración total de los puestos de trabajo, por sector de actividad económica",Subsecretaría de Programación Macroeconómica,Instituto Nacional de Estadística y Censos (INDEC),Empleo e Ingresos
67.1_OASCSP_E_0_A_60,otras_actividades_servicios_comunitarios_sociales_personales,Remuneracion total en pesos. Otras Actividades de Servicios Comunitarios Sociales y Personales,R/P1Y,2006-01-01,2014-01-01,Pesos,"Remuneración total de los puestos de trabajo, por sector de actividad económica",Subsecretaría de Programación Macroeconómica,Instituto Nacional de Estadística y Censos (INDEC),Empleo e Ingresos
67.1_OI_E_0_A_16,otras_industrias,Remuneracion total en pesos. Otras industrias,R/P1Y,2006-01-01,2014-01-01,Pesos,"Remuneración total de los puestos de trabajo, por sector de actividad económica",Subsecretaría de Programación Macroeconómica,Instituto Nacional de Estadística y Censos (INDEC),Empleo e Ingresos
67.1_P_E_0_A_23,pesca_servicios_conexos,Remuneracion total en pesos. Pesca y servicios conexos,R/P1Y,2006-01-01,2014-01-01,Pesos,"Remuneración total de los puestos de trabajo, por sector de actividad económica",Subsecretaría de Programación Macroeconómica,Instituto Nacional de Estadística y Censos (INDEC),Empleo e Ingresos
67.1_SC_E_0_A_14,sin_clasificar,Remuneracion total en pesos. Sin clasificar,R/P1Y,2006-01-01,2014-01-01,Pesos,"Remuneración total de los puestos de trabajo, por sector de actividad económica",Subsecretaría de Programación Macroeconómica,Instituto Nacional de Estadística y Censos (INDEC),Empleo e Ingresos
67.1_SEGA_E_0_A_32,suministro_electricidad_gas_agua,Remuneracion total en pesos. Electricidad gas y agua,R/P1Y,2006-01-01,2014-01-01,Pesos,"Remuneración total de los puestos de trabajo, por sector de actividad económica",Subsecretaría de Programación Macroeconómica,Instituto Nacional de Estadística y Censos (INDEC),Empleo e Ingresos
67.1_SP_E_0_A_14,sector_privado,Remuneracion total en pesos. Sector privado,R/P1Y,2006-01-01,2014-01-01,Pesos,"Remuneración total de los puestos de trabajo, por sector de actividad económica",Subsecretaría de Programación Macroeconómica,Instituto Nacional de Estadística y Censos (INDEC),Empleo e Ingresos
67.1_SSESP_E_0_A_46,servicios_sociales_ensenianza_saludos_privados,"Remuneracion total en pesos. Servicios Sociales, Enseñanza y Salud Privados",R/P1Y,2006-01-01,2014-01-01,Pesos,"Remuneración total de los puestos de trabajo, por sector de actividad económica",Subsecretaría de Programación Macroeconómica,Instituto Nacional de Estadística y Censos (INDEC),Empleo e Ingresos
67.1_TAC_E_0_A_40,transporte_almacenamiento_comunicaciones,"Remuneracion total en pesos. Transporte, Almacenamiento y Comunicaciones",R/P1Y,2006-01-01,2014-01-01,Pesos,"Remuneración total de los puestos de trabajo, por sector de actividad económica",Subsecretaría de Programación Macroeconómica,Instituto Nacional de Estadística y Censos (INDEC),Empleo e Ingresos
67.1_TM_E_0_A_29,total_industria_manufacturera,Remuneracion total en pesos. Total Industria manufacturera,R/P1Y,2006-01-01,2014-01-01,Pesos,"Remuneración total de los puestos de trabajo, por sector de actividad económica",Subsecretaría de Programación Macroeconómica,Instituto Nacional de Estadística y Censos (INDEC),Empleo e Ingresos
67.1_TPB_E_0_A_33,total_sectores_productores_bienes,Remuneracion total en pesos. Total sectores productores de bienes,R/P1Y,2006-01-01,2014-01-01,Pesos,"Remuneración total de los puestos de trabajo, por sector de actividad económica",Subsecretaría de Programación Macroeconómica,Instituto Nacional de Estadística y Censos (INDEC),Empleo e Ingresos
67.1_TPS_E_0_A_36,total_sectores_productores_servicios,Remuneracion total en pesos. Total Sectores productores de servicios,R/P1Y,2006-01-01,2014-01-01,Pesos,"Remuneración total de los puestos de trabajo, por sector de actividad económica",Subsecretaría de Programación Macroeconómica,Instituto Nacional de Estadística y Censos (INDEC),Empleo e Ingresos
67.1_TS_E_0_A_13,total_sistema,Remuneracion total en pesos. Total sistema,R/P1Y,2006-01-01,2014-01-01,Pesos,"Remuneración total de los puestos de trabajo, por sector de actividad económica",Subsecretaría de Programación Macroeconómica,Instituto Nacional de Estadística y Censos (INDEC),Empleo e Ingresos
67.1_T_E_0_A_14,textiles_cuero,Remuneracion total en pesos. Textiles y cueros,R/P1Y,2006-01-01,2014-01-01,Pesos,"Remuneración total de los puestos de trabajo, por sector de actividad económica",Subsecretaría de Programación Macroeconómica,Instituto Nacional de Estadística y Censos (INDEC),Empleo e Ingresos
67.2_ABT_E_0_T_24,alimentos_bebidas_tabaco,"Remuneracion total en pesos. Alimentos, bebidas y tabaco",R/P3M,2006-01-01,2015-04-01,Pesos,"Remuneración total de los puestos de trabajo, por sector de actividad económica",Subsecretaría de Programación Macroeconómica,Instituto Nacional de Estadística y Censos (INDEC),Empleo e Ingresos
67.2_AGCS_E_0_T_39,agricultura_ganaderia_caza_silvicultura,Remuneracion total en pesos. Agricultura Ganaderia Caza y Silvicultura,R/P3M,2006-01-01,2015-04-01,Pesos,"Remuneración total de los puestos de trabajo, por sector de actividad económica",Subsecretaría de Programación Macroeconómica,Instituto Nacional de Estadística y Censos (INDEC),Empleo e Ingresos
67.2_AIEA_E_0_T_48,actividades_inmobiliarias_empresariales_alquiler,"Remuneracion total en pesos. Actividades Inmobiliarias, Empresariales y de Alquiler",R/P3M,2006-01-01,2015-04-01,Pesos,"Remuneración total de los puestos de trabajo, por sector de actividad económica",Subsecretaría de Programación Macroeconómica,Instituto Nacional de Estadística y Censos (INDEC),Empleo e Ingresos
67.2_APDOE_E_0_T_53,admin_publica_defensa_orgs_organos_extraterritoriales,"Remuneracion total en pesos. Administracion Publica, Defensa y Organizaciones y Organos Extraterritoriales",R/P3M,2006-01-01,2015-04-01,Pesos,"Remuneración total de los puestos de trabajo, por sector de actividad económica",Subsecretaría de Programación Macroeconómica,Instituto Nacional de Estadística y Censos (INDEC),Empleo e Ingresos
67.2_CMMR_E_0_T_41,comercio_mayorista_minorista_reparaciones,"Remuneracion total en pesos. Comercio Mayorista, Minorista y Reparaciones",R/P3M,2006-01-01,2015-04-01,Pesos,"Remuneración total de los puestos de trabajo, por sector de actividad económica",Subsecretaría de Programación Macroeconómica,Instituto Nacional de Estadística y Censos (INDEC),Empleo e Ingresos
67.2_C_E_0_T_12,construccion,Remuneracion total en pesos. Construccion,R/P3M,2006-01-01,2015-04-01,Pesos,"Remuneración total de los puestos de trabajo, por sector de actividad económica",Subsecretaría de Programación Macroeconómica,Instituto Nacional de Estadística y Censos (INDEC),Empleo e Ingresos
67.2_DPQ_E_0_T_27,derivados_petroleo_quimicos,Remuneracion total en pesos.Derivados del petroleo y Quimicos,R/P3M,2006-01-01,2015-04-01,Pesos,"Remuneración total de los puestos de trabajo, por sector de actividad económica",Subsecretaría de Programación Macroeconómica,Instituto Nacional de Estadística y Censos (INDEC),Empleo e Ingresos
67.2_EC_E_0_T_26,explotacion_minas_canteras,Remuneracion total en pesos. Explotacion de Minas y Canteras,R/P3M,2006-01-01,2015-04-01,Pesos,"Remuneración total de los puestos de trabajo, por sector de actividad económica",Subsecretaría de Programación Macroeconómica,Instituto Nacional de Estadística y Censos (INDEC),Empleo e Ingresos
67.2_HR_E_0_T_20,hoteles_restaurantes,Remuneracion total en pesos. Hoteles y Restaurantes,R/P3M,2006-01-01,2015-04-01,Pesos,"Remuneración total de los puestos de trabajo, por sector de actividad económica",Subsecretaría de Programación Macroeconómica,Instituto Nacional de Estadística y Censos (INDEC),Empleo e Ingresos
67.2_IF_E_0_T_25,intermediacion_financiera,Remuneracion total en pesos. Intermediacion Financiera,R/P3M,2006-01-01,2015-04-01,Pesos,"Remuneración total de los puestos de trabajo, por sector de actividad económica",Subsecretaría de Programación Macroeconómica,Instituto Nacional de Estadística y Censos (INDEC),Empleo e Ingresos
67.2_MBM_E_0_T_37,metalicas_basicas_productos_metalicos,"Remuneracion total en pesos. Metalicas basicas, prod. met. excepto maq. y equipo",R/P3M,2006-01-01,2015-04-01,Pesos,"Remuneración total de los puestos de trabajo, por sector de actividad económica",Subsecretaría de Programación Macroeconómica,Instituto Nacional de Estadística y Censos (INDEC),Empleo e Ingresos
67.2_MIE_E_0_T_33,madera_papel_imprenta_editoriales,"Remuneracion total en pesos. Madera, papel, imprenta y editoriales",R/P3M,2006-01-01,2015-04-01,Pesos,"Remuneración total de los puestos de trabajo, por sector de actividad económica",Subsecretaría de Programación Macroeconómica,Instituto Nacional de Estadística y Censos (INDEC),Empleo e Ingresos
67.2_MT_E_0_T_19,material_transporte,Remuneracion total en pesos. Material de transporte,R/P3M,2006-01-01,2015-04-01,Pesos,"Remuneración total de los puestos de trabajo, por sector de actividad económica",Subsecretaría de Programación Macroeconómica,Instituto Nacional de Estadística y Censos (INDEC),Empleo e Ingresos
67.2_M_E_0_T_19,maquinarias_equipos,Remuneracion total en pesos. Maquinarias y equipos,R/P3M,2006-01-01,2015-04-01,Pesos,"Remuneración total de los puestos de trabajo, por sector de actividad económica",Subsecretaría de Programación Macroeconómica,Instituto Nacional de Estadística y Censos (INDEC),Empleo e Ingresos
67.2_OASCSP_E_0_T_60,otras_actividades_servicios_comunitarios_sociales_personales,Remuneracion total en pesos. Otras Actividades de Servicios Comunitarios Sociales y Personales,R/P3M,2006-01-01,2015-04-01,Pesos,"Remuneración total de los puestos de trabajo, por sector de actividad económica",Subsecretaría de Programación Macroeconómica,Instituto Nacional de Estadística y Censos (INDEC),Empleo e Ingresos
67.2_OI_E_0_T_16,otras_industrias,Remuneracion total en pesos. Otras industrias,R/P3M,2006-01-01,2015-04-01,Pesos,"Remuneración total de los puestos de trabajo, por sector de actividad económica",Subsecretaría de Programación Macroeconómica,Instituto Nacional de Estadística y Censos (INDEC),Empleo e Ingresos
67.2_P_E_0_T_23,pesca_servicios_conexos,Remuneracion total en pesos. Pesca y servicios conexos,R/P3M,2006-01-01,2015-04-01,Pesos,"Remuneración total de los puestos de trabajo, por sector de actividad económica",Subsecretaría de Programación Macroeconómica,Instituto Nacional de Estadística y Censos (INDEC),Empleo e Ingresos
67.2_SC_E_0_T_14,sin_clasificar,Remuneracion total en pesos. Sin clasificar,R/P3M,2006-01-01,2015-04-01,Pesos,"Remuneración total de los puestos de trabajo, por sector de actividad económica",Subsecretaría de Programación Macroeconómica,Instituto Nacional de Estadística y Censos (INDEC),Empleo e Ingresos
67.2_SEGA_E_0_T_32,suministro_electricidad_gas_agua,Remuneracion total en pesos. Electricidad gas y agua,R/P3M,2006-01-01,2015-04-01,Pesos,"Remuneración total de los puestos de trabajo, por sector de actividad económica",Subsecretaría de Programación Macroeconómica,Instituto Nacional de Estadística y Censos (INDEC),Empleo e Ingresos
67.2_SP_E_0_T_14,sector_privado,Remuneracion total en pesos. Sector privado,R/P3M,2006-01-01,2015-04-01,Pesos,"Remuneración total de los puestos de trabajo, por sector de actividad económica",Subsecretaría de Programación Macroeconómica,Instituto Nacional de Estadística y Censos (INDEC),Empleo e Ingresos
67.2_SSESP_E_0_T_46,servicios_sociales_ensenianza_saludos_privados,"Remuneracion total en pesos. Servicios Sociales, Enseñanza y Salud Privados",R/P3M,2006-01-01,2015-04-01,Pesos,"Remuneración total de los puestos de trabajo, por sector de actividad económica",Subsecretaría de Programación Macroeconómica,Instituto Nacional de Estadística y Censos (INDEC),Empleo e Ingresos
67.2_TAC_E_0_T_40,transporte_almacenamiento_comunicaciones,"Remuneracion total en pesos. Transporte, Almacenamiento y Comunicaciones",R/P3M,2006-01-01,2015-04-01,Pesos,"Remuneración total de los puestos de trabajo, por sector de actividad económica",Subsecretaría de Programación Macroeconómica,Instituto Nacional de Estadística y Censos (INDEC),Empleo e Ingresos
67.2_TM_E_0_T_29,total_industria_manufacturera,Remuneracion total en pesos. Total Industria manufacturera,R/P3M,2006-01-01,2015-04-01,Pesos,"Remuneración total de los puestos de trabajo, por sector de actividad económica",Subsecretaría de Programación Macroeconómica,Instituto Nacional de Estadística y Censos (INDEC),Empleo e Ingresos
67.2_TPB_E_0_T_33,total_sectores_productores_bienes,Remuneracion total en pesos. Total sectores productores de bienes,R/P3M,2006-01-01,2015-04-01,Pesos,"Remuneración total de los puestos de trabajo, por sector de actividad económica",Subsecretaría de Programación Macroeconómica,Instituto Nacional de Estadística y Censos (INDEC),Empleo e Ingresos
67.2_TPS_E_0_T_36,total_sectores_productores_servicios,Remuneracion total en pesos. Total Sectores productores de servicios,R/P3M,2006-01-01,2015-04-01,Pesos,"Remuneración total de los puestos de trabajo, por sector de actividad económica",Subsecretaría de Programación Macroeconómica,Instituto Nacional de Estadística y Censos (INDEC),Empleo e Ingresos
67.2_TS_E_0_T_13,total_sistema,Remuneracion total en pesos. Total sistema,R/P3M,2006-01-01,2015-04-01,Pesos,"Remuneración total de los puestos de trabajo, por sector de actividad económica",Subsecretaría de Programación Macroeconómica,Instituto Nacional de Estadística y Censos (INDEC),Empleo e Ingresos
67.2_T_E_0_T_14,textiles_cuero,Remuneracion total en pesos. Textiles y cueros,R/P3M,2006-01-01,2015-04-01,Pesos,"Remuneración total de los puestos de trabajo, por sector de actividad económica",Subsecretaría de Programación Macroeconómica,Instituto Nacional de Estadística y Censos (INDEC),Empleo e Ingresos
68.1_ABT_E_0_A_24,alimentos_bebidas_tabaco,"Remuneracion neta en pesos. Alimentos, bebidas y tabaco",R/P1Y,2006-01-01,2014-01-01,Pesos,"Remuneración neta de los puestos de trabajo, por sector de actividad económica",Subsecretaría de Programación Macroeconómica,Instituto Nacional de Estadística y Censos (INDEC),Empleo e Ingresos
68.1_AGCS_E_0_A_39,agricultura_ganaderia_caza_silvicultura,Remuneracion neta en pesos. Agricultura Ganaderia Caza y Silvicultura,R/P1Y,2006-01-01,2014-01-01,Pesos,"Remuneración neta de los puestos de trabajo, por sector de actividad económica",Subsecretaría de Programación Macroeconómica,Instituto Nacional de Estadística y Censos (INDEC),Empleo e Ingresos
68.1_AIEA_E_0_A_48,actividades_inmobiliarias_empresariales_alquiler,"Remuneracion neta en pesos. Actividades Inmobiliarias, Empresariales y de Alquiler",R/P1Y,2006-01-01,2014-01-01,Pesos,"Remuneración neta de los puestos de trabajo, por sector de actividad económica",Subsecretaría de Programación Macroeconómica,Instituto Nacional de Estadística y Censos (INDEC),Empleo e Ingresos
68.1_APDOE_E_0_A_53,admin_publica_defensa_orgs_organos_extraterritoriales,"Remuneracion neta en pesos. Administracion Publica, Defensa y Organizaciones y Organos Extraterritoriales",R/P1Y,2006-01-01,2014-01-01,Pesos,"Remuneración neta de los puestos de trabajo, por sector de actividad económica",Subsecretaría de Programación Macroeconómica,Instituto Nacional de Estadística y Censos (INDEC),Empleo e Ingresos
68.1_CMMR_E_0_A_41,comercio_mayorista_minorista_reparaciones,"Remuneracion neta en pesos. Comercio Mayorista, Minorista y Reparaciones",R/P1Y,2006-01-01,2014-01-01,Pesos,"Remuneración neta de los puestos de trabajo, por sector de actividad económica",Subsecretaría de Programación Macroeconómica,Instituto Nacional de Estadística y Censos (INDEC),Empleo e Ingresos
68.1_C_E_0_A_12,construccion,Remuneracion neta en pesos. Construccion,R/P1Y,2006-01-01,2014-01-01,Pesos,"Remuneración neta de los puestos de trabajo, por sector de actividad económica",Subsecretaría de Programación Macroeconómica,Instituto Nacional de Estadística y Censos (INDEC),Empleo e Ingresos
68.1_DPQ_E_0_A_27,derivados_petroleo_quimicos,Remuneracion neta en pesos.Derivados del petroleo y Quimicos,R/P1Y,2006-01-01,2014-01-01,Pesos,"Remuneración neta de los puestos de trabajo, por sector de actividad económica",Subsecretaría de Programación Macroeconómica,Instituto Nacional de Estadística y Censos (INDEC),Empleo e Ingresos
68.1_EC_E_0_A_26,explotacion_minas_canteras,Remuneracion neta en pesos. Explotacion de Minas y Canteras,R/P1Y,2006-01-01,2014-01-01,Pesos,"Remuneración neta de los puestos de trabajo, por sector de actividad económica",Subsecretaría de Programación Macroeconómica,Instituto Nacional de Estadística y Censos (INDEC),Empleo e Ingresos
68.1_HR_E_0_A_20,hoteles_restaurantes,Remuneracion neta en pesos. Hoteles y Restaurantes,R/P1Y,2006-01-01,2014-01-01,Pesos,"Remuneración neta de los puestos de trabajo, por sector de actividad económica",Subsecretaría de Programación Macroeconómica,Instituto Nacional de Estadística y Censos (INDEC),Empleo e Ingresos
68.1_IF_E_0_A_25,intermediacion_financiera,Remuneracion neta en pesos. Intermediacion Financiera,R/P1Y,2006-01-01,2014-01-01,Pesos,"Remuneración neta de los puestos de trabajo, por sector de actividad económica",Subsecretaría de Programación Macroeconómica,Instituto Nacional de Estadística y Censos (INDEC),Empleo e Ingresos
68.1_MBM_E_0_A_37,metalicas_basicas_productos_metalicos,"Remuneracion neta en pesos. Metalicas basicas, prod. met. excepto maq. y equipo",R/P1Y,2006-01-01,2014-01-01,Pesos,"Remuneración neta de los puestos de trabajo, por sector de actividad económica",Subsecretaría de Programación Macroeconómica,Instituto Nacional de Estadística y Censos (INDEC),Empleo e Ingresos
68.1_MIE_E_0_A_33,madera_papel_imprenta_editoriales,"Remuneracion neta en pesos. Madera, papel, imprenta y editoriales",R/P1Y,2006-01-01,2014-01-01,Pesos,"Remuneración neta de los puestos de trabajo, por sector de actividad económica",Subsecretaría de Programación Macroeconómica,Instituto Nacional de Estadística y Censos (INDEC),Empleo e Ingresos
68.1_MT_E_0_A_19,material_transporte,Remuneracion neta en pesos. Material de transporte,R/P1Y,2006-01-01,2014-01-01,Pesos,"Remuneración neta de los puestos de trabajo, por sector de actividad económica",Subsecretaría de Programación Macroeconómica,Instituto Nacional de Estadística y Censos (INDEC),Empleo e Ingresos
68.1_M_E_0_A_19,maquinarias_equipos,Remuneracion neta en pesos. Maquinarias y equipos,R/P1Y,2006-01-01,2014-01-01,Pesos,"Remuneración neta de los puestos de trabajo, por sector de actividad económica",Subsecretaría de Programación Macroeconómica,Instituto Nacional de Estadística y Censos (INDEC),Empleo e Ingresos
68.1_OASCSP_E_0_A_60,otras_actividades_servicios_comunitarios_sociales_personales,Remuneracion neta en pesos. Otras Actividades de Servicios Comunitarios Sociales y Personales,R/P1Y,2006-01-01,2014-01-01,Pesos,"Remuneración neta de los puestos de trabajo, por sector de actividad económica",Subsecretaría de Programación Macroeconómica,Instituto Nacional de Estadística y Censos (INDEC),Empleo e Ingresos
68.1_OI_E_0_A_16,otras_industrias,Remuneracion neta en pesos. Otras industrias,R/P1Y,2006-01-01,2014-01-01,Pesos,"Remuneración neta de los puestos de trabajo, por sector de actividad económica",Subsecretaría de Programación Macroeconómica,Instituto Nacional de Estadística y Censos (INDEC),Empleo e Ingresos
68.1_P_E_0_A_23,pesca_servicios_conexos,Remuneracion neta en pesos. Pesca y servicios conexos,R/P1Y,2006-01-01,2014-01-01,Pesos,"Remuneración neta de los puestos de trabajo, por sector de actividad económica",Subsecretaría de Programación Macroeconómica,Instituto Nacional de Estadística y Censos (INDEC),Empleo e Ingresos
68.1_SC_E_0_A_14,sin_clasificar,Remuneracion neta en pesos. Sin clasificar,R/P1Y,2006-01-01,2014-01-01,Pesos,"Remuneración neta de los puestos de trabajo, por sector de actividad económica",Subsecretaría de Programación Macroeconómica,Instituto Nacional de Estadística y Censos (INDEC),Empleo e Ingresos
68.1_SEGA_E_0_A_32,suministro_electricidad_gas_agua,Remuneracion neta en pesos. Electricidad gas y agua,R/P1Y,2006-01-01,2014-01-01,Pesos,"Remuneración neta de los puestos de trabajo, por sector de actividad económica",Subsecretaría de Programación Macroeconómica,Instituto Nacional de Estadística y Censos (INDEC),Empleo e Ingresos
68.1_SP_E_0_A_14,sector_privado,Remuneracion neta en pesos. Sector privado,R/P1Y,2006-01-01,2014-01-01,Pesos,"Remuneración neta de los puestos de trabajo, por sector de actividad económica",Subsecretaría de Programación Macroeconómica,Instituto Nacional de Estadística y Censos (INDEC),Empleo e Ingresos
68.1_SSESP_E_0_A_46,servicios_sociales_ensenianza_saludos_privados,"Remuneracion neta en pesos. Servicios Sociales, Enseñanza y Salud Privados",R/P1Y,2006-01-01,2014-01-01,Pesos,"Remuneración neta de los puestos de trabajo, por sector de actividad económica",Subsecretaría de Programación Macroeconómica,Instituto Nacional de Estadística y Censos (INDEC),Empleo e Ingresos
68.1_TAC_E_0_A_40,transporte_almacenamiento_comunicaciones,"Remuneracion neta en pesos. Transporte, Almacenamiento y Comunicaciones",R/P1Y,2006-01-01,2014-01-01,Pesos,"Remuneración neta de los puestos de trabajo, por sector de actividad económica",Subsecretaría de Programación Macroeconómica,Instituto Nacional de Estadística y Censos (INDEC),Empleo e Ingresos
68.1_TM_E_0_A_29,total_industria_manufacturera,Remuneracion neta en pesos. Total Industria manufacturera,R/P1Y,2006-01-01,2014-01-01,Pesos,"Remuneración neta de los puestos de trabajo, por sector de actividad económica",Subsecretaría de Programación Macroeconómica,Instituto Nacional de Estadística y Censos (INDEC),Empleo e Ingresos
68.1_TPB_E_0_A_33,total_sectores_productores_bienes,Remuneracion neta en pesos. Total Sectores productores de bienes,R/P1Y,2006-01-01,2014-01-01,Pesos,"Remuneración neta de los puestos de trabajo, por sector de actividad económica",Subsecretaría de Programación Macroeconómica,Instituto Nacional de Estadística y Censos (INDEC),Empleo e Ingresos
68.1_TPS_E_0_A_36,total_sectores_productores_servicios,Remuneracion neta en pesos. Total Sectores productores de servicios,R/P1Y,2006-01-01,2014-01-01,Pesos,"Remuneración neta de los puestos de trabajo, por sector de actividad económica",Subsecretaría de Programación Macroeconómica,Instituto Nacional de Estadística y Censos (INDEC),Empleo e Ingresos
68.1_TS_E_0_A_13,total_sistema,Remuneracion neta en pesos. Total sistema,R/P1Y,2006-01-01,2014-01-01,Pesos,"Remuneración neta de los puestos de trabajo, por sector de actividad económica",Subsecretaría de Programación Macroeconómica,Instituto Nacional de Estadística y Censos (INDEC),Empleo e Ingresos
68.1_T_E_0_A_14,textiles_cuero,Remuneracion neta en pesos. Textiles y cueros,R/P1Y,2006-01-01,2014-01-01,Pesos,"Remuneración neta de los puestos de trabajo, por sector de actividad económica",Subsecretaría de Programación Macroeconómica,Instituto Nacional de Estadística y Censos (INDEC),Empleo e Ingresos
68.2_ABT_E_0_T_24,alimentos_bebidas_tabaco,"Remuneracion neta en pesos. Alimentos, bebidas y tabaco",R/P3M,2006-01-01,2015-04-01,Pesos,"Remuneración neta de los puestos de trabajo, por sector de actividad económica",Subsecretaría de Programación Macroeconómica,Instituto Nacional de Estadística y Censos (INDEC),Empleo e Ingresos
68.2_AGCS_E_0_T_39,agricultura_ganaderia_caza_silvicultura,Remuneracion neta en pesos. Agricultura Ganaderia Caza y Silvicultura,R/P3M,2006-01-01,2015-04-01,Pesos,"Remuneración neta de los puestos de trabajo, por sector de actividad económica",Subsecretaría de Programación Macroeconómica,Instituto Nacional de Estadística y Censos (INDEC),Empleo e Ingresos
68.2_AIEA_E_0_T_48,actividades_inmobiliarias_empresariales_alquiler,"Remuneracion neta en pesos. Actividades Inmobiliarias, Empresariales y de Alquiler",R/P3M,2006-01-01,2015-04-01,Pesos,"Remuneración neta de los puestos de trabajo, por sector de actividad económica",Subsecretaría de Programación Macroeconómica,Instituto Nacional de Estadística y Censos (INDEC),Empleo e Ingresos
68.2_APDOE_E_0_T_53,admin_publica_defensa_orgs_organos_extraterritoriales,"Remuneracion neta en pesos. Administracion Publica, Defensa y Organizaciones y Organos Extraterritoriales",R/P3M,2006-01-01,2015-04-01,Pesos,"Remuneración neta de los puestos de trabajo, por sector de actividad económica",Subsecretaría de Programación Macroeconómica,Instituto Nacional de Estadística y Censos (INDEC),Empleo e Ingresos
68.2_CMMR_E_0_T_41,comercio_mayorista_minorista_reparaciones,"Remuneracion neta en pesos. Comercio Mayorista, Minorista y Reparaciones",R/P3M,2006-01-01,2015-04-01,Pesos,"Remuneración neta de los puestos de trabajo, por sector de actividad económica",Subsecretaría de Programación Macroeconómica,Instituto Nacional de Estadística y Censos (INDEC),Empleo e Ingresos
68.2_C_E_0_T_12,construccion,Remuneracion neta en pesos. Construccion,R/P3M,2006-01-01,2015-04-01,Pesos,"Remuneración neta de los puestos de trabajo, por sector de actividad económica",Subsecretaría de Programación Macroeconómica,Instituto Nacional de Estadística y Censos (INDEC),Empleo e Ingresos
68.2_DPQ_E_0_T_27,derivados_petroleo_quimicos,Remuneracion neta en pesos.Derivados del petroleo y Quimicos,R/P3M,2006-01-01,2015-04-01,Pesos,"Remuneración neta de los puestos de trabajo, por sector de actividad económica",Subsecretaría de Programación Macroeconómica,Instituto Nacional de Estadística y Censos (INDEC),Empleo e Ingresos
68.2_EC_E_0_T_26,explotacion_minas_canteras,Remuneracion neta en pesos. Explotacion de Minas y Canteras,R/P3M,2006-01-01,2015-04-01,Pesos,"Remuneración neta de los puestos de trabajo, por sector de actividad económica",Subsecretaría de Programación Macroeconómica,Instituto Nacional de Estadística y Censos (INDEC),Empleo e Ingresos
68.2_HR_E_0_T_20,hoteles_restaurantes,Remuneracion neta en pesos. Hoteles y Restaurantes,R/P3M,2006-01-01,2015-04-01,Pesos,"Remuneración neta de los puestos de trabajo, por sector de actividad económica",Subsecretaría de Programación Macroeconómica,Instituto Nacional de Estadística y Censos (INDEC),Empleo e Ingresos
68.2_IF_E_0_T_25,intermediacion_financiera,Remuneracion neta en pesos. Intermediacion Financiera,R/P3M,2006-01-01,2015-04-01,Pesos,"Remuneración neta de los puestos de trabajo, por sector de actividad económica",Subsecretaría de Programación Macroeconómica,Instituto Nacional de Estadística y Censos (INDEC),Empleo e Ingresos
68.2_MBM_E_0_T_37,metalicas_basicas_productos_metalicos,"Remuneracion neta en pesos. Metalicas basicas, prod. met. excepto maq. y equipo",R/P3M,2006-01-01,2015-04-01,Pesos,"Remuneración neta de los puestos de trabajo, por sector de actividad económica",Subsecretaría de Programación Macroeconómica,Instituto Nacional de Estadística y Censos (INDEC),Empleo e Ingresos
68.2_MIE_E_0_T_33,madera_papel_imprenta_editoriales,"Remuneracion neta en pesos. Madera, papel, imprenta y editoriales",R/P3M,2006-01-01,2015-04-01,Pesos,"Remuneración neta de los puestos de trabajo, por sector de actividad económica",Subsecretaría de Programación Macroeconómica,Instituto Nacional de Estadística y Censos (INDEC),Empleo e Ingresos
68.2_MT_E_0_T_19,material_transporte,Remuneracion neta en pesos. Material de transporte,R/P3M,2006-01-01,2015-04-01,Pesos,"Remuneración neta de los puestos de trabajo, por sector de actividad económica",Subsecretaría de Programación Macroeconómica,Instituto Nacional de Estadística y Censos (INDEC),Empleo e Ingresos
68.2_M_E_0_T_19,maquinarias_equipos,Remuneracion neta en pesos. Maquinarias y equipos,R/P3M,2006-01-01,2015-04-01,Pesos,"Remuneración neta de los puestos de trabajo, por sector de actividad económica",Subsecretaría de Programación Macroeconómica,Instituto Nacional de Estadística y Censos (INDEC),Empleo e Ingresos
68.2_OASCSP_E_0_T_60,otras_actividades_servicios_comunitarios_sociales_personales,Remuneracion neta en pesos. Otras Actividades de Servicios Comunitarios Sociales y Personales,R/P3M,2006-01-01,2015-04-01,Pesos,"Remuneración neta de los puestos de trabajo, por sector de actividad económica",Subsecretaría de Programación Macroeconómica,Instituto Nacional de Estadística y Censos (INDEC),Empleo e Ingresos
68.2_OI_E_0_T_16,otras_industrias,Remuneracion neta en pesos. Otras industrias,R/P3M,2006-01-01,2015-04-01,Pesos,"Remuneración neta de los puestos de trabajo, por sector de actividad económica",Subsecretaría de Programación Macroeconómica,Instituto Nacional de Estadística y Censos (INDEC),Empleo e Ingresos
68.2_P_E_0_T_23,pesca_servicios_conexos,Remuneracion neta en pesos. Pesca y servicios conexos,R/P3M,2006-01-01,2015-04-01,Pesos,"Remuneración neta de los puestos de trabajo, por sector de actividad económica",Subsecretaría de Programación Macroeconómica,Instituto Nacional de Estadística y Censos (INDEC),Empleo e Ingresos
68.2_SC_E_0_T_14,sin_clasificar,Remuneracion neta en pesos. Sin clasificar,R/P3M,2006-01-01,2015-04-01,Pesos,"Remuneración neta de los puestos de trabajo, por sector de actividad económica",Subsecretaría de Programación Macroeconómica,Instituto Nacional de Estadística y Censos (INDEC),Empleo e Ingresos
68.2_SEGA_E_0_T_32,suministro_electricidad_gas_agua,Remuneracion neta en pesos. Electricidad gas y agua,R/P3M,2006-01-01,2015-04-01,Pesos,"Remuneración neta de los puestos de trabajo, por sector de actividad económica",Subsecretaría de Programación Macroeconómica,Instituto Nacional de Estadística y Censos (INDEC),Empleo e Ingresos
68.2_SP_E_0_T_14,sector_privado,Remuneracion neta en pesos. Sector privado,R/P3M,2006-01-01,2015-04-01,Pesos,"Remuneración neta de los puestos de trabajo, por sector de actividad económica",Subsecretaría de Programación Macroeconómica,Instituto Nacional de Estadística y Censos (INDEC),Empleo e Ingresos
68.2_SSESP_E_0_T_46,servicios_sociales_ensenianza_saludos_privados,"Remuneracion neta en pesos. Servicios Sociales, Enseñanza y Salud Privados",R/P3M,2006-01-01,2015-04-01,Pesos,"Remuneración neta de los puestos de trabajo, por sector de actividad económica",Subsecretaría de Programación Macroeconómica,Instituto Nacional de Estadística y Censos (INDEC),Empleo e Ingresos
68.2_TAC_E_0_T_40,transporte_almacenamiento_comunicaciones,"Remuneracion neta en pesos. Transporte, Almacenamiento y Comunicaciones",R/P3M,2006-01-01,2015-04-01,Pesos,"Remuneración neta de los puestos de trabajo, por sector de actividad económica",Subsecretaría de Programación Macroeconómica,Instituto Nacional de Estadística y Censos (INDEC),Empleo e Ingresos
68.2_TM_E_0_T_29,total_industria_manufacturera,Remuneracion neta en pesos. neta Industria manufacturera,R/P3M,2006-01-01,2015-04-01,Pesos,"Remuneración neta de los puestos de trabajo, por sector de actividad económica",Subsecretaría de Programación Macroeconómica,Instituto Nacional de Estadística y Censos (INDEC),Empleo e Ingresos
68.2_TPB_E_0_T_33,total_sectores_productores_bienes,Remuneracion neta en pesos. Sectores productores de bienes,R/P3M,2006-01-01,2015-04-01,Pesos,"Remuneración neta de los puestos de trabajo, por sector de actividad económica",Subsecretaría de Programación Macroeconómica,Instituto Nacional de Estadística y Censos (INDEC),Empleo e Ingresos
68.2_TPS_E_0_T_36,total_sectores_productores_servicios,Remuneracion neta en pesos. Total Sectores productores de servicios,R/P3M,2006-01-01,2015-04-01,Pesos,"Remuneración neta de los puestos de trabajo, por sector de actividad económica",Subsecretaría de Programación Macroeconómica,Instituto Nacional de Estadística y Censos (INDEC),Empleo e Ingresos
68.2_TS_E_0_T_13,total_sistema,Remuneracion neta en pesos. Total sistema,R/P3M,2006-01-01,2015-04-01,Pesos,"Remuneración neta de los puestos de trabajo, por sector de actividad económica",Subsecretaría de Programación Macroeconómica,Instituto Nacional de Estadística y Censos (INDEC),Empleo e Ingresos
68.2_T_E_0_T_14,textiles_cuero,Remuneracion neta en pesos. Textiles y cueros,R/P3M,2006-01-01,2015-04-01,Pesos,"Remuneración neta de los puestos de trabajo, por sector de actividad económica",Subsecretaría de Programación Macroeconómica,Instituto Nacional de Estadística y Censos (INDEC),Empleo e Ingresos
69.1_ABT_E_0_A_24,alimentos_bebidas_tabaco,"Costo salarial promedio en pesos. Alimentos, bebidas y tabaco",R/P1Y,2006-01-01,2014-01-01,Pesos,"Costo Salarial, por rama de actividad económica",Subsecretaría de Programación Macroeconómica,Instituto Nacional de Estadística y Censos (INDEC),Empleo e Ingresos
69.1_AGCS_E_0_A_39,agricultura_ganaderia_caza_silvicultura,Costo salarial promedio en pesos. Agricultura Ganaderia Caza y Silvicultura,R/P1Y,2006-01-01,2014-01-01,Pesos,"Costo Salarial, por rama de actividad económica",Subsecretaría de Programación Macroeconómica,Instituto Nacional de Estadística y Censos (INDEC),Empleo e Ingresos
69.1_AIEA_E_0_A_48,actividades_inmobiliarias_empresariales_alquiler,"Costo salarial promedio en pesos. Actividades Inmobiliarias, Empresariales y de Alquiler",R/P1Y,2006-01-01,2014-01-01,Pesos,"Costo Salarial, por rama de actividad económica",Subsecretaría de Programación Macroeconómica,Instituto Nacional de Estadística y Censos (INDEC),Empleo e Ingresos
69.1_APDOE_E_0_A_53,admin_publica_defensa_orgs_organos_extraterritoriales,"Costo salarial promedio en pesos. Administracion Publica, Defensa y Organizaciones y Organos Extraterritoriales",R/P1Y,2006-01-01,2014-01-01,Pesos,"Costo Salarial, por rama de actividad económica",Subsecretaría de Programación Macroeconómica,Instituto Nacional de Estadística y Censos (INDEC),Empleo e Ingresos
69.1_CMMR_E_0_A_41,comercio_mayorista_minorista_reparaciones,"Costo salarial promedio en pesos. Comercio Mayorista, Minorista y Reparaciones",R/P1Y,2006-01-01,2014-01-01,Pesos,"Costo Salarial, por rama de actividad económica",Subsecretaría de Programación Macroeconómica,Instituto Nacional de Estadística y Censos (INDEC),Empleo e Ingresos
69.1_C_E_0_A_12,construccion,Costo salarial promedio en pesos. Construccion,R/P1Y,2006-01-01,2014-01-01,Pesos,"Costo Salarial, por rama de actividad económica",Subsecretaría de Programación Macroeconómica,Instituto Nacional de Estadística y Censos (INDEC),Empleo e Ingresos
69.1_DPQ_E_0_A_27,derivados_petroleo_quimicos,Costo salarial promedio en pesos.Derivados del petroleo y Quimicos,R/P1Y,2006-01-01,2014-01-01,Pesos,"Costo Salarial, por rama de actividad económica",Subsecretaría de Programación Macroeconómica,Instituto Nacional de Estadística y Censos (INDEC),Empleo e Ingresos
69.1_EC_E_0_A_26,explotacion_minas_canteras,Costo salarial promedio en pesos. Explotacion de Minas y Canteras,R/P1Y,2006-01-01,2014-01-01,Pesos,"Costo Salarial, por rama de actividad económica",Subsecretaría de Programación Macroeconómica,Instituto Nacional de Estadística y Censos (INDEC),Empleo e Ingresos
69.1_HR_E_0_A_20,hoteles_restaurantes,Costo salarial promedio en pesos. Hoteles y Restaurantes,R/P1Y,2006-01-01,2014-01-01,Pesos,"Costo Salarial, por rama de actividad económica",Subsecretaría de Programación Macroeconómica,Instituto Nacional de Estadística y Censos (INDEC),Empleo e Ingresos
69.1_IF_E_0_A_25,intermediacion_financiera,Costo salarial promedio en pesos. Intermediacion Financiera,R/P1Y,2006-01-01,2014-01-01,Pesos,"Costo Salarial, por rama de actividad económica",Subsecretaría de Programación Macroeconómica,Instituto Nacional de Estadística y Censos (INDEC),Empleo e Ingresos
69.1_MBM_E_0_A_37,metalicas_basicas_productos_metalicos,"Costo salarial promedio en pesos. Metalicas basicas, prod. met. excepto maq. y equipo",R/P1Y,2006-01-01,2014-01-01,Pesos,"Costo Salarial, por rama de actividad económica",Subsecretaría de Programación Macroeconómica,Instituto Nacional de Estadística y Censos (INDEC),Empleo e Ingresos
69.1_MIE_E_0_A_33,madera_papel_imprenta_editoriales,"Costo salarial promedio en pesos. Madera, papel, imprenta y editoriales",R/P1Y,2006-01-01,2014-01-01,Pesos,"Costo Salarial, por rama de actividad económica",Subsecretaría de Programación Macroeconómica,Instituto Nacional de Estadística y Censos (INDEC),Empleo e Ingresos
69.1_MT_E_0_A_19,material_transporte,Costo salarial promedio en pesos. Material de transporte,R/P1Y,2006-01-01,2014-01-01,Pesos,"Costo Salarial, por rama de actividad económica",Subsecretaría de Programación Macroeconómica,Instituto Nacional de Estadística y Censos (INDEC),Empleo e Ingresos
69.1_M_E_0_A_19,maquinarias_equipos,Costo salarial promedio en pesos. Maquinarias y equipos,R/P1Y,2006-01-01,2014-01-01,Pesos,"Costo Salarial, por rama de actividad económica",Subsecretaría de Programación Macroeconómica,Instituto Nacional de Estadística y Censos (INDEC),Empleo e Ingresos
69.1_OASCSP_E_0_A_60,otras_actividades_servicios_comunitarios_sociales_personales,Costo salarial promedio en pesos. Otras Actividades de Servicios Comunitarios Sociales y Personales,R/P1Y,2006-01-01,2014-01-01,Pesos,"Costo Salarial, por rama de actividad económica",Subsecretaría de Programación Macroeconómica,Instituto Nacional de Estadística y Censos (INDEC),Empleo e Ingresos
69.1_OI_E_0_A_16,otras_industrias,Costo salarial promedio en pesos. Otras industrias,R/P1Y,2006-01-01,2014-01-01,Pesos,"Costo Salarial, por rama de actividad económica",Subsecretaría de Programación Macroeconómica,Instituto Nacional de Estadística y Censos (INDEC),Empleo e Ingresos
69.1_P_E_0_A_23,pesca_servicios_conexos,Costo salarial promedio en pesos. Pesca y servicios conexos,R/P1Y,2006-01-01,2014-01-01,Pesos,"Costo Salarial, por rama de actividad económica",Subsecretaría de Programación Macroeconómica,Instituto Nacional de Estadística y Censos (INDEC),Empleo e Ingresos
69.1_SC_E_0_A_14,sin_clasificar,Costo salarial promedio en pesos. Sin clasificar,R/P1Y,2006-01-01,2014-01-01,Pesos,"Costo Salarial, por rama de actividad económica",Subsecretaría de Programación Macroeconómica,Instituto Nacional de Estadística y Censos (INDEC),Empleo e Ingresos
69.1_SEGA_E_0_A_32,suministro_electricidad_gas_agua,Costo salarial promedio en pesos. Electricidad gas y agua,R/P1Y,2006-01-01,2014-01-01,Pesos,"Costo Salarial, por rama de actividad económica",Subsecretaría de Programación Macroeconómica,Instituto Nacional de Estadística y Censos (INDEC),Empleo e Ingresos
69.1_SP_E_0_A_14,sector_privado,Costo salarial promedio en pesos. Sector privado,R/P1Y,2006-01-01,2014-01-01,Pesos,"Costo Salarial, por rama de actividad económica",Subsecretaría de Programación Macroeconómica,Instituto Nacional de Estadística y Censos (INDEC),Empleo e Ingresos
69.1_SSESP_E_0_A_46,servicios_sociales_ensenianza_saludos_privados,"Costo salarial promedio en pesos. Servicios Sociales, Enseñanza y Salud Privados",R/P1Y,2006-01-01,2014-01-01,Pesos,"Costo Salarial, por rama de actividad económica",Subsecretaría de Programación Macroeconómica,Instituto Nacional de Estadística y Censos (INDEC),Empleo e Ingresos
69.1_TAC_E_0_A_40,transporte_almacenamiento_comunicaciones,"Costo salarial promedio en pesos. Transporte, Almacenamiento y Comunicaciones",R/P1Y,2006-01-01,2014-01-01,Pesos,"Costo Salarial, por rama de actividad económica",Subsecretaría de Programación Macroeconómica,Instituto Nacional de Estadística y Censos (INDEC),Empleo e Ingresos
69.1_TM_E_0_A_29,total_industria_manufacturera,Costo salarial promedio en pesos. neta Industria manufacturera,R/P1Y,2006-01-01,2014-01-01,Pesos,"Costo Salarial, por rama de actividad económica",Subsecretaría de Programación Macroeconómica,Instituto Nacional de Estadística y Censos (INDEC),Empleo e Ingresos
69.1_TPB_E_0_A_33,total_sectores_productores_bienes,Costo salarial promedio en pesos. Sectores productores de bienes,R/P1Y,2006-01-01,2014-01-01,Pesos,"Costo Salarial, por rama de actividad económica",Subsecretaría de Programación Macroeconómica,Instituto Nacional de Estadística y Censos (INDEC),Empleo e Ingresos
69.1_TPS_E_0_A_36,total_sectores_productores_servicios,Costo salarial promedio en pesos. Total Sectores productores de servicios,R/P1Y,2006-01-01,2014-01-01,Pesos,"Costo Salarial, por rama de actividad económica",Subsecretaría de Programación Macroeconómica,Instituto Nacional de Estadística y Censos (INDEC),Empleo e Ingresos
69.1_TS_E_0_A_13,total_sistema,Costo salarial promedio en pesos. Total sistema,R/P1Y,2006-01-01,2014-01-01,Pesos,"Costo Salarial, por rama de actividad económica",Subsecretaría de Programación Macroeconómica,Instituto Nacional de Estadística y Censos (INDEC),Empleo e Ingresos
69.1_T_E_0_A_14,textiles_cuero,Costo salarial promedio en pesos. Textiles y cueros,R/P1Y,2006-01-01,2014-01-01,Pesos,"Costo Salarial, por rama de actividad económica",Subsecretaría de Programación Macroeconómica,Instituto Nacional de Estadística y Censos (INDEC),Empleo e Ingresos
69.2_ABT_E_0_T_24,alimentos_bebidas_tabaco,"Costo salarial promedio en pesos. Alimentos, bebidas y tabaco",R/P3M,2006-01-01,2015-04-01,Pesos,"Costo Salarial, por rama de actividad económica",Subsecretaría de Programación Macroeconómica,Instituto Nacional de Estadística y Censos (INDEC),Empleo e Ingresos
69.2_AGCS_E_0_T_39,agricultura_ganaderia_caza_silvicultura,Costo salarial promedio en pesos. Agricultura Ganaderia Caza y Silvicultura,R/P3M,2006-01-01,2015-04-01,Pesos,"Costo Salarial, por rama de actividad económica",Subsecretaría de Programación Macroeconómica,Instituto Nacional de Estadística y Censos (INDEC),Empleo e Ingresos
69.2_AIEA_E_0_T_48,actividades_inmobiliarias_empresariales_alquiler,"Costo salarial promedio en pesos. Actividades Inmobiliarias, Empresariales y de Alquiler",R/P3M,2006-01-01,2015-04-01,Pesos,"Costo Salarial, por rama de actividad económica",Subsecretaría de Programación Macroeconómica,Instituto Nacional de Estadística y Censos (INDEC),Empleo e Ingresos
69.2_APDOE_E_0_T_53,admin_publica_defensa_orgs_organos_extraterritoriales,"Costo salarial promedio en pesos. Administracion Publica, Defensa y Organizaciones y Organos Extraterritoriales",R/P3M,2006-01-01,2015-04-01,Pesos,"Costo Salarial, por rama de actividad económica",Subsecretaría de Programación Macroeconómica,Instituto Nacional de Estadística y Censos (INDEC),Empleo e Ingresos
69.2_CMMR_E_0_T_41,comercio_mayorista_minorista_reparaciones,"Costo salarial promedio en pesos. Comercio Mayorista, Minorista y Reparaciones",R/P3M,2006-01-01,2015-04-01,Pesos,"Costo Salarial, por rama de actividad económica",Subsecretaría de Programación Macroeconómica,Instituto Nacional de Estadística y Censos (INDEC),Empleo e Ingresos
69.2_C_E_0_T_12,construccion,Costo salarial promedio en pesos. Construccion,R/P3M,2006-01-01,2015-04-01,Pesos,"Costo Salarial, por rama de actividad económica",Subsecretaría de Programación Macroeconómica,Instituto Nacional de Estadística y Censos (INDEC),Empleo e Ingresos
69.2_DPQ_E_0_T_27,derivados_petroleo_quimicos,Costo salarial promedio en pesos.Derivados del petroleo y Quimicos,R/P3M,2006-01-01,2015-04-01,Pesos,"Costo Salarial, por rama de actividad económica",Subsecretaría de Programación Macroeconómica,Instituto Nacional de Estadística y Censos (INDEC),Empleo e Ingresos
69.2_EC_E_0_T_26,explotacion_minas_canteras,Costo salarial promedio en pesos. Explotacion de Minas y Canteras,R/P3M,2006-01-01,2015-04-01,Pesos,"Costo Salarial, por rama de actividad económica",Subsecretaría de Programación Macroeconómica,Instituto Nacional de Estadística y Censos (INDEC),Empleo e Ingresos
69.2_HR_E_0_T_20,hoteles_restaurantes,Costo salarial promedio en pesos. Hoteles y Restaurantes,R/P3M,2006-01-01,2015-04-01,Pesos,"Costo Salarial, por rama de actividad económica",Subsecretaría de Programación Macroeconómica,Instituto Nacional de Estadística y Censos (INDEC),Empleo e Ingresos
69.2_IF_E_0_T_25,intermediacion_financiera,Costo salarial promedio en pesos. Intermediacion Financiera,R/P3M,2006-01-01,2015-04-01,Pesos,"Costo Salarial, por rama de actividad económica",Subsecretaría de Programación Macroeconómica,Instituto Nacional de Estadística y Censos (INDEC),Empleo e Ingresos
69.2_MBM_E_0_T_37,metalicas_basicas_productos_metalicos,"Costo salarial promedio en pesos. Metalicas basicas, prod. met. excepto maq. y equipo",R/P3M,2006-01-01,2015-04-01,Pesos,"Costo Salarial, por rama de actividad económica",Subsecretaría de Programación Macroeconómica,Instituto Nacional de Estadística y Censos (INDEC),Empleo e Ingresos
69.2_MIE_E_0_T_33,madera_papel_imprenta_editoriales,"Costo salarial promedio en pesos. Madera, papel, imprenta y editoriales",R/P3M,2006-01-01,2015-04-01,Pesos,"Costo Salarial, por rama de actividad económica",Subsecretaría de Programación Macroeconómica,Instituto Nacional de Estadística y Censos (INDEC),Empleo e Ingresos
69.2_MT_E_0_T_19,material_transporte,Costo salarial promedio en pesos. Material de transporte,R/P3M,2006-01-01,2015-04-01,Pesos,"Costo Salarial, por rama de actividad económica",Subsecretaría de Programación Macroeconómica,Instituto Nacional de Estadística y Censos (INDEC),Empleo e Ingresos
69.2_M_E_0_T_19,maquinarias_equipos,Costo salarial promedio en pesos. Maquinarias y equipos,R/P3M,2006-01-01,2015-04-01,Pesos,"Costo Salarial, por rama de actividad económica",Subsecretaría de Programación Macroeconómica,Instituto Nacional de Estadística y Censos (INDEC),Empleo e Ingresos
69.2_OASCSP_E_0_T_60,otras_actividades_servicios_comunitarios_sociales_personales,Costo salarial promedio en pesos. Otras Actividades de Servicios Comunitarios Sociales y Personales,R/P3M,2006-01-01,2015-04-01,Pesos,"Costo Salarial, por rama de actividad económica",Subsecretaría de Programación Macroeconómica,Instituto Nacional de Estadística y Censos (INDEC),Empleo e Ingresos
69.2_OI_E_0_T_16,otras_industrias,Costo salarial promedio en pesos. Otras industrias,R/P3M,2006-01-01,2015-04-01,Pesos,"Costo Salarial, por rama de actividad económica",Subsecretaría de Programación Macroeconómica,Instituto Nacional de Estadística y Censos (INDEC),Empleo e Ingresos
69.2_P_E_0_T_23,pesca_servicios_conexos,Costo salarial promedio en pesos. Pesca y servicios conexos,R/P3M,2006-01-01,2015-04-01,Pesos,"Costo Salarial, por rama de actividad económica",Subsecretaría de Programación Macroeconómica,Instituto Nacional de Estadística y Censos (INDEC),Empleo e Ingresos
69.2_SC_E_0_T_14,sin_clasificar,Costo salarial promedio en pesos. Sin clasificar,R/P3M,2006-01-01,2015-04-01,Pesos,"Costo Salarial, por rama de actividad económica",Subsecretaría de Programación Macroeconómica,Instituto Nacional de Estadística y Censos (INDEC),Empleo e Ingresos
69.2_SEGA_E_0_T_32,suministro_electricidad_gas_agua,Costo salarial promedio en pesos. Electricidad gas y agua,R/P3M,2006-01-01,2015-04-01,Pesos,"Costo Salarial, por rama de actividad económica",Subsecretaría de Programación Macroeconómica,Instituto Nacional de Estadística y Censos (INDEC),Empleo e Ingresos
69.2_SP_E_0_T_14,sector_privado,Costo salarial promedio en pesos. Sector privado,R/P3M,2006-01-01,2015-04-01,Pesos,"Costo Salarial, por rama de actividad económica",Subsecretaría de Programación Macroeconómica,Instituto Nacional de Estadística y Censos (INDEC),Empleo e Ingresos
69.2_SSESP_E_0_T_46,servicios_sociales_ensenianza_saludos_privados,"Costo salarial promedio en pesos. Servicios Sociales, Enseñanza y Salud Privados",R/P3M,2006-01-01,2015-04-01,Pesos,"Costo Salarial, por rama de actividad económica",Subsecretaría de Programación Macroeconómica,Instituto Nacional de Estadística y Censos (INDEC),Empleo e Ingresos
69.2_TAC_E_0_T_40,transporte_almacenamiento_comunicaciones,"Costo salarial promedio en pesos. Transporte, Almacenamiento y Comunicaciones",R/P3M,2006-01-01,2015-04-01,Pesos,"Costo Salarial, por rama de actividad económica",Subsecretaría de Programación Macroeconómica,Instituto Nacional de Estadística y Censos (INDEC),Empleo e Ingresos
69.2_TM_E_0_T_29,total_industria_manufacturera,Costo salarial promedio en pesos. neta Industria manufacturera,R/P3M,2006-01-01,2015-04-01,Pesos,"Costo Salarial, por rama de actividad económica",Subsecretaría de Programación Macroeconómica,Instituto Nacional de Estadística y Censos (INDEC),Empleo e Ingresos
69.2_TPB_E_0_T_33,total_sectores_productores_bienes,Costo salarial promedio en pesos. Sectores productores de bienes,R/P3M,2006-01-01,2015-04-01,Pesos,"Costo Salarial, por rama de actividad económica",Subsecretaría de Programación Macroeconómica,Instituto Nacional de Estadística y Censos (INDEC),Empleo e Ingresos
69.2_TPS_E_0_T_36,total_sectores_productores_servicios,Costo salarial promedio en pesos. Total Sectores productores de servicios,R/P3M,2006-01-01,2015-04-01,Pesos,"Costo Salarial, por rama de actividad económica",Subsecretaría de Programación Macroeconómica,Instituto Nacional de Estadística y Censos (INDEC),Empleo e Ingresos
69.2_TS_E_0_T_13,total_sistema,Costo salarial promedio en pesos. Total sistema,R/P3M,2006-01-01,2015-04-01,Pesos,"Costo Salarial, por rama de actividad económica",Subsecretaría de Programación Macroeconómica,Instituto Nacional de Estadística y Censos (INDEC),Empleo e Ingresos
69.2_T_E_0_T_14,textiles_cuero,Costo salarial promedio en pesos. Textiles y cueros,R/P3M,2006-01-01,2015-04-01,Pesos,"Costo Salarial, por rama de actividad económica",Subsecretaría de Programación Macroeconómica,Instituto Nacional de Estadística y Censos (INDEC),Empleo e Ingresos
70.1_C_E_0_A_10,corrientes,Miles de puestos de trabajo declarados sector privado. Corrientes,R/P1Y,2006-01-01,2014-01-01,Miles de personas,Puestos de trabajo declarados  por sector provincia,Subsecretaría de Programación Macroeconómica,Instituto Nacional de Estadística y Censos (INDEC),Empleo e Ingresos
70.1_C_E_0_A_4,caba,Miles de puestos de trabajo declarados sector privado. Capital Federal,R/P1Y,2006-01-01,2014-01-01,Miles de personas,Puestos de trabajo declarados  por sector provincia,Subsecretaría de Programación Macroeconómica,Instituto Nacional de Estadística y Censos (INDEC),Empleo e Ingresos
70.1_C_E_0_A_5,chaco,Miles de puestos de trabajo declarados sector privado. Chaco,R/P1Y,2006-01-01,2014-01-01,Miles de personas,Puestos de trabajo declarados  por sector provincia,Subsecretaría de Programación Macroeconómica,Instituto Nacional de Estadística y Censos (INDEC),Empleo e Ingresos
70.1_C_E_0_A_6,chubut,Miles de puestos de trabajo declarados sector privado. Chubut,R/P1Y,2006-01-01,2014-01-01,Miles de personas,Puestos de trabajo declarados  por sector provincia,Subsecretaría de Programación Macroeconómica,Instituto Nacional de Estadística y Censos (INDEC),Empleo e Ingresos
70.1_C_E_0_A_7,cordoba,Miles de puestos de trabajo declarados sector privado. Cordoba,R/P1Y,2006-01-01,2014-01-01,Miles de personas,Puestos de trabajo declarados  por sector provincia,Subsecretaría de Programación Macroeconómica,Instituto Nacional de Estadística y Censos (INDEC),Empleo e Ingresos
70.1_C_E_0_A_9,catamarca,Miles de puestos de trabajo declarados sector privado. Catamarca,R/P1Y,2006-01-01,2014-01-01,Miles de personas,Puestos de trabajo declarados  por sector provincia,Subsecretaría de Programación Macroeconómica,Instituto Nacional de Estadística y Censos (INDEC),Empleo e Ingresos
70.1_ER_E_0_A_10,entre_rios,Miles de puestos de trabajo declarados sector privado. Entre Rios,R/P1Y,2006-01-01,2014-01-01,Miles de personas,Puestos de trabajo declarados  por sector provincia,Subsecretaría de Programación Macroeconómica,Instituto Nacional de Estadística y Censos (INDEC),Empleo e Ingresos
70.1_F_E_0_A_7,formosa,Miles de puestos de trabajo declarados sector privado. Formosa,R/P1Y,2006-01-01,2014-01-01,Miles de personas,Puestos de trabajo declarados  por sector provincia,Subsecretaría de Programación Macroeconómica,Instituto Nacional de Estadística y Censos (INDEC),Empleo e Ingresos
70.1_J_E_0_A_5,jujuy,Miles de puestos de trabajo declarados sector privado. Jujuy,R/P1Y,2006-01-01,2014-01-01,Miles de personas,Puestos de trabajo declarados  por sector provincia,Subsecretaría de Programación Macroeconómica,Instituto Nacional de Estadística y Censos (INDEC),Empleo e Ingresos
70.1_LP_E_0_A_8,la_pampa,Miles de puestos de trabajo declarados sector privado. La Pampa,R/P1Y,2006-01-01,2014-01-01,Miles de personas,Puestos de trabajo declarados  por sector provincia,Subsecretaría de Programación Macroeconómica,Instituto Nacional de Estadística y Censos (INDEC),Empleo e Ingresos
70.1_LR_E_0_A_8,la_rioja,Miles de puestos de trabajo declarados sector privado. La Rioja,R/P1Y,2006-01-01,2014-01-01,Miles de personas,Puestos de trabajo declarados  por sector provincia,Subsecretaría de Programación Macroeconómica,Instituto Nacional de Estadística y Censos (INDEC),Empleo e Ingresos
70.1_M_E_0_A_7,mendoza,Miles de puestos de trabajo declarados sector privado. Mendoza,R/P1Y,2006-01-01,2014-01-01,Miles de personas,Puestos de trabajo declarados  por sector provincia,Subsecretaría de Programación Macroeconómica,Instituto Nacional de Estadística y Censos (INDEC),Empleo e Ingresos
70.1_M_E_0_A_8,misiones,Miles de puestos de trabajo declarados sector privado. Misiones,R/P1Y,2006-01-01,2014-01-01,Miles de personas,Puestos de trabajo declarados  por sector provincia,Subsecretaría de Programación Macroeconómica,Instituto Nacional de Estadística y Censos (INDEC),Empleo e Ingresos
70.1_N_E_0_A_7,neuquen,Miles de puestos de trabajo declarados sector privado. Neuquen,R/P1Y,2006-01-01,2014-01-01,Miles de personas,Puestos de trabajo declarados  por sector provincia,Subsecretaría de Programación Macroeconómica,Instituto Nacional de Estadística y Censos (INDEC),Empleo e Ingresos
70.1_PBA_E_0_A_22,provincia_buenos_aires,Miles de puestos de trabajo declarados sector privado. Provincia de Buenos Aires,R/P1Y,2006-01-01,2014-01-01,Miles de personas,Puestos de trabajo declarados  por sector provincia,Subsecretaría de Programación Macroeconómica,Instituto Nacional de Estadística y Censos (INDEC),Empleo e Ingresos
70.1_RN_E_0_A_9,rio_negro,Miles de puestos de trabajo declarados sector privado. Rio Negro,R/P1Y,2006-01-01,2014-01-01,Miles de personas,Puestos de trabajo declarados  por sector provincia,Subsecretaría de Programación Macroeconómica,Instituto Nacional de Estadística y Censos (INDEC),Empleo e Ingresos
70.1_SC_E_0_A_10,santa_cruz,Miles de puestos de trabajo declarados sector privado. Santa Cruz,R/P1Y,2006-01-01,2014-01-01,Miles de personas,Puestos de trabajo declarados  por sector provincia,Subsecretaría de Programación Macroeconómica,Instituto Nacional de Estadística y Censos (INDEC),Empleo e Ingresos
70.1_SE_E_0_A_15,santiago_estero,Miles de puestos de trabajo declarados sector privado. Santiago del Estero,R/P1Y,2006-01-01,2014-01-01,Miles de personas,Puestos de trabajo declarados  por sector provincia,Subsecretaría de Programación Macroeconómica,Instituto Nacional de Estadística y Censos (INDEC),Empleo e Ingresos
70.1_SF_E_0_A_8,santa_fe,Miles de puestos de trabajo declarados sector privado. San Fe,R/P1Y,2006-01-01,2014-01-01,Miles de personas,Puestos de trabajo declarados  por sector provincia,Subsecretaría de Programación Macroeconómica,Instituto Nacional de Estadística y Censos (INDEC),Empleo e Ingresos
70.1_SJ_E_0_A_8,san_juan,Miles de puestos de trabajo declarados sector privado. San Juan,R/P1Y,2006-01-01,2014-01-01,Miles de personas,Puestos de trabajo declarados  por sector provincia,Subsecretaría de Programación Macroeconómica,Instituto Nacional de Estadística y Censos (INDEC),Empleo e Ingresos
70.1_SL_E_0_A_8,san_luis,Miles de puestos de trabajo declarados sector privado. San Luis,R/P1Y,2006-01-01,2014-01-01,Miles de personas,Puestos de trabajo declarados  por sector provincia,Subsecretaría de Programación Macroeconómica,Instituto Nacional de Estadística y Censos (INDEC),Empleo e Ingresos
70.1_S_E_0_A_14,sin_clasificar,Miles de puestos de trabajo declarados sector privado. Sin clasificar,R/P1Y,2006-01-01,2014-01-01,Miles de personas,Puestos de trabajo declarados  por sector provincia,Subsecretaría de Programación Macroeconómica,Instituto Nacional de Estadística y Censos (INDEC),Empleo e Ingresos
70.1_S_E_0_A_5,salta,Miles de puestos de trabajo declarados sector privado. Salta,R/P1Y,2006-01-01,2014-01-01,Miles de personas,Puestos de trabajo declarados  por sector provincia,Subsecretaría de Programación Macroeconómica,Instituto Nacional de Estadística y Censos (INDEC),Empleo e Ingresos
70.1_TF_E_0_A_12,tierra_fuego,Miles de puestos de trabajo declarados sector privado. Tierra del Fuego,R/P1Y,2006-01-01,2014-01-01,Miles de personas,Puestos de trabajo declarados  por sector provincia,Subsecretaría de Programación Macroeconómica,Instituto Nacional de Estadística y Censos (INDEC),Empleo e Ingresos
70.1_TSP_E_0_A_20,total_sector_privado,Miles de puestos de trabajo declarados sector privado. Total sector privado,R/P1Y,2006-01-01,2014-01-01,Miles de personas,Puestos de trabajo declarados  por sector provincia,Subsecretaría de Programación Macroeconómica,Instituto Nacional de Estadística y Censos (INDEC),Empleo e Ingresos
70.1_T_E_0_A_7,tucuman,Miles de puestos de trabajo declarados sector privado. Tucuman,R/P1Y,2006-01-01,2014-01-01,Miles de personas,Puestos de trabajo declarados  por sector provincia,Subsecretaría de Programación Macroeconómica,Instituto Nacional de Estadística y Censos (INDEC),Empleo e Ingresos
70.2_C_E_0_T_10,corrientes,Miles de puestos de trabajo declarados sector privado. Corrientes,R/P3M,2006-01-01,2015-04-01,Miles de personas,Puestos de trabajo declarados  por sector provincia,Subsecretaría de Programación Macroeconómica,Instituto Nacional de Estadística y Censos (INDEC),Empleo e Ingresos
70.2_C_E_0_T_4,caba,Miles de puestos de trabajo declarados sector privado. Capital Federal,R/P3M,2006-01-01,2015-04-01,Miles de personas,Puestos de trabajo declarados  por sector provincia,Subsecretaría de Programación Macroeconómica,Instituto Nacional de Estadística y Censos (INDEC),Empleo e Ingresos
70.2_C_E_0_T_5,chaco,Miles de puestos de trabajo declarados sector privado. Chaco,R/P3M,2006-01-01,2015-04-01,Miles de personas,Puestos de trabajo declarados  por sector provincia,Subsecretaría de Programación Macroeconómica,Instituto Nacional de Estadística y Censos (INDEC),Empleo e Ingresos
70.2_C_E_0_T_6,chubut,Miles de puestos de trabajo declarados sector privado. Chubut,R/P3M,2006-01-01,2015-04-01,Miles de personas,Puestos de trabajo declarados  por sector provincia,Subsecretaría de Programación Macroeconómica,Instituto Nacional de Estadística y Censos (INDEC),Empleo e Ingresos
70.2_C_E_0_T_7,cordoba,Miles de puestos de trabajo declarados sector privado. Cordoba,R/P3M,2006-01-01,2015-04-01,Miles de personas,Puestos de trabajo declarados  por sector provincia,Subsecretaría de Programación Macroeconómica,Instituto Nacional de Estadística y Censos (INDEC),Empleo e Ingresos
70.2_C_E_0_T_9,catamarca,Miles de puestos de trabajo declarados sector privado. Catamarca,R/P3M,2006-01-01,2015-04-01,Miles de personas,Puestos de trabajo declarados  por sector provincia,Subsecretaría de Programación Macroeconómica,Instituto Nacional de Estadística y Censos (INDEC),Empleo e Ingresos
70.2_ER_E_0_T_10,entre_rios,Miles de puestos de trabajo declarados sector privado. Entre Rios,R/P3M,2006-01-01,2015-04-01,Miles de personas,Puestos de trabajo declarados  por sector provincia,Subsecretaría de Programación Macroeconómica,Instituto Nacional de Estadística y Censos (INDEC),Empleo e Ingresos
70.2_F_E_0_T_7,formosa,Miles de puestos de trabajo declarados sector privado. Formosa,R/P3M,2006-01-01,2015-04-01,Miles de personas,Puestos de trabajo declarados  por sector provincia,Subsecretaría de Programación Macroeconómica,Instituto Nacional de Estadística y Censos (INDEC),Empleo e Ingresos
70.2_J_E_0_T_5,jujuy,Miles de puestos de trabajo declarados sector privado. Jujuy,R/P3M,2006-01-01,2015-04-01,Miles de personas,Puestos de trabajo declarados  por sector provincia,Subsecretaría de Programación Macroeconómica,Instituto Nacional de Estadística y Censos (INDEC),Empleo e Ingresos
70.2_LP_E_0_T_8,la_pampa,Miles de puestos de trabajo declarados sector privado. La Pampa,R/P3M,2006-01-01,2015-04-01,Miles de personas,Puestos de trabajo declarados  por sector provincia,Subsecretaría de Programación Macroeconómica,Instituto Nacional de Estadística y Censos (INDEC),Empleo e Ingresos
70.2_LR_E_0_T_8,la_rioja,Miles de puestos de trabajo declarados sector privado. La Rioja,R/P3M,2006-01-01,2015-04-01,Miles de personas,Puestos de trabajo declarados  por sector provincia,Subsecretaría de Programación Macroeconómica,Instituto Nacional de Estadística y Censos (INDEC),Empleo e Ingresos
70.2_M_E_0_T_7,mendoza,Miles de puestos de trabajo declarados sector privado. Mendoza,R/P3M,2006-01-01,2015-04-01,Miles de personas,Puestos de trabajo declarados  por sector provincia,Subsecretaría de Programación Macroeconómica,Instituto Nacional de Estadística y Censos (INDEC),Empleo e Ingresos
70.2_M_E_0_T_8,misiones,Miles de puestos de trabajo declarados sector privado. Misiones,R/P3M,2006-01-01,2015-04-01,Miles de personas,Puestos de trabajo declarados  por sector provincia,Subsecretaría de Programación Macroeconómica,Instituto Nacional de Estadística y Censos (INDEC),Empleo e Ingresos
70.2_N_E_0_T_7,neuquen,Miles de puestos de trabajo declarados sector privado. Neuquen,R/P3M,2006-01-01,2015-04-01,Miles de personas,Puestos de trabajo declarados  por sector provincia,Subsecretaría de Programación Macroeconómica,Instituto Nacional de Estadística y Censos (INDEC),Empleo e Ingresos
70.2_PBA_E_0_T_22,provincia_buenos_aires,Miles de puestos de trabajo declarados sector privado. Provincia de Buenos Aires,R/P3M,2006-01-01,2015-04-01,Miles de personas,Puestos de trabajo declarados  por sector provincia,Subsecretaría de Programación Macroeconómica,Instituto Nacional de Estadística y Censos (INDEC),Empleo e Ingresos
70.2_RN_E_0_T_9,rio_negro,Miles de puestos de trabajo declarados sector privado. Rio Negro,R/P3M,2006-01-01,2015-04-01,Miles de personas,Puestos de trabajo declarados  por sector provincia,Subsecretaría de Programación Macroeconómica,Instituto Nacional de Estadística y Censos (INDEC),Empleo e Ingresos
70.2_SC_E_0_T_10,santa_cruz,Miles de puestos de trabajo declarados sector privado. Santa Cruz,R/P3M,2006-01-01,2015-04-01,Miles de personas,Puestos de trabajo declarados  por sector provincia,Subsecretaría de Programación Macroeconómica,Instituto Nacional de Estadística y Censos (INDEC),Empleo e Ingresos
70.2_SE_E_0_T_15,santiago_estero,Miles de puestos de trabajo declarados sector privado. Santiago del Estero,R/P3M,2006-01-01,2015-04-01,Miles de personas,Puestos de trabajo declarados  por sector provincia,Subsecretaría de Programación Macroeconómica,Instituto Nacional de Estadística y Censos (INDEC),Empleo e Ingresos
70.2_SF_E_0_T_8,santa_fe,Miles de puestos de trabajo declarados sector privado. San Fe,R/P3M,2006-01-01,2015-04-01,Miles de personas,Puestos de trabajo declarados  por sector provincia,Subsecretaría de Programación Macroeconómica,Instituto Nacional de Estadística y Censos (INDEC),Empleo e Ingresos
70.2_SJ_E_0_T_8,san_juan,Miles de puestos de trabajo declarados sector privado. San Juan,R/P3M,2006-01-01,2015-04-01,Miles de personas,Puestos de trabajo declarados  por sector provincia,Subsecretaría de Programación Macroeconómica,Instituto Nacional de Estadística y Censos (INDEC),Empleo e Ingresos
70.2_SL_E_0_T_8,san_luis,Miles de puestos de trabajo declarados sector privado. San Luis,R/P3M,2006-01-01,2015-04-01,Miles de personas,Puestos de trabajo declarados  por sector provincia,Subsecretaría de Programación Macroeconómica,Instituto Nacional de Estadística y Censos (INDEC),Empleo e Ingresos
70.2_S_E_0_T_14,sin_clasificar,Miles de puestos de trabajo declarados sector privado. Sin clasificar,R/P3M,2006-01-01,2014-10-01,Miles de personas,Puestos de trabajo declarados  por sector provincia,Subsecretaría de Programación Macroeconómica,Instituto Nacional de Estadística y Censos (INDEC),Empleo e Ingresos
70.2_S_E_0_T_5,salta,Miles de puestos de trabajo declarados sector privado. Salta,R/P3M,2006-01-01,2015-04-01,Miles de personas,Puestos de trabajo declarados  por sector provincia,Subsecretaría de Programación Macroeconómica,Instituto Nacional de Estadística y Censos (INDEC),Empleo e Ingresos
70.2_TF_E_0_T_12,tierra_fuego,Miles de puestos de trabajo declarados sector privado. Tierra del Fuego,R/P3M,2006-01-01,2015-04-01,Miles de personas,Puestos de trabajo declarados  por sector provincia,Subsecretaría de Programación Macroeconómica,Instituto Nacional de Estadística y Censos (INDEC),Empleo e Ingresos
70.2_TSP_E_0_T_20,total_sector_privado,Miles de puestos de trabajo declarados sector privado. Total sector privado,R/P3M,2006-01-01,2015-04-01,Miles de personas,Puestos de trabajo declarados  por sector provincia,Subsecretaría de Programación Macroeconómica,Instituto Nacional de Estadística y Censos (INDEC),Empleo e Ingresos
70.2_T_E_0_T_7,tucuman,Miles de puestos de trabajo declarados sector privado. Tucuman,R/P3M,2006-01-01,2015-04-01,Miles de personas,Puestos de trabajo declarados  por sector provincia,Subsecretaría de Programación Macroeconómica,Instituto Nacional de Estadística y Censos (INDEC),Empleo e Ingresos
71.1_C_E_0_A_10,corrientes,Remuneracion total sector privado. Corrientes,R/P1Y,2006-01-01,2014-01-01,Pesos,"Remuneración total de los puestos de trabajo del sector privado, por provincia",Subsecretaría de Programación Macroeconómica,Instituto Nacional de Estadística y Censos (INDEC),Empleo e Ingresos
71.1_C_E_0_A_4,caba,Remuneracion total sector privado. Capital Federal,R/P1Y,2006-01-01,2014-01-01,Pesos,"Remuneración total de los puestos de trabajo del sector privado, por provincia",Subsecretaría de Programación Macroeconómica,Instituto Nacional de Estadística y Censos (INDEC),Empleo e Ingresos
71.1_C_E_0_A_5,chaco,Remuneracion total sector privado. Chaco,R/P1Y,2006-01-01,2014-01-01,Pesos,"Remuneración total de los puestos de trabajo del sector privado, por provincia",Subsecretaría de Programación Macroeconómica,Instituto Nacional de Estadística y Censos (INDEC),Empleo e Ingresos
71.1_C_E_0_A_6,chubut,Remuneracion total sector privado. Chubut,R/P1Y,2006-01-01,2014-01-01,Pesos,"Remuneración total de los puestos de trabajo del sector privado, por provincia",Subsecretaría de Programación Macroeconómica,Instituto Nacional de Estadística y Censos (INDEC),Empleo e Ingresos
71.1_C_E_0_A_7,cordoba,Remuneracion total sector privado. Cordoba,R/P1Y,2006-01-01,2014-01-01,Pesos,"Remuneración total de los puestos de trabajo del sector privado, por provincia",Subsecretaría de Programación Macroeconómica,Instituto Nacional de Estadística y Censos (INDEC),Empleo e Ingresos
71.1_C_E_0_A_9,catamarca,Remuneracion total sector privado. Catamarca,R/P1Y,2006-01-01,2014-01-01,Pesos,"Remuneración total de los puestos de trabajo del sector privado, por provincia",Subsecretaría de Programación Macroeconómica,Instituto Nacional de Estadística y Censos (INDEC),Empleo e Ingresos
71.1_ER_E_0_A_10,entre_rios,Remuneracion total sector privado. Entre Rios,R/P1Y,2006-01-01,2014-01-01,Pesos,"Remuneración total de los puestos de trabajo del sector privado, por provincia",Subsecretaría de Programación Macroeconómica,Instituto Nacional de Estadística y Censos (INDEC),Empleo e Ingresos
71.1_F_E_0_A_7,formosa,Remuneracion total sector privado. Formosa,R/P1Y,2006-01-01,2014-01-01,Pesos,"Remuneración total de los puestos de trabajo del sector privado, por provincia",Subsecretaría de Programación Macroeconómica,Instituto Nacional de Estadística y Censos (INDEC),Empleo e Ingresos
71.1_J_E_0_A_5,jujuy,Remuneracion total sector privado. Jujuy,R/P1Y,2006-01-01,2014-01-01,Pesos,"Remuneración total de los puestos de trabajo del sector privado, por provincia",Subsecretaría de Programación Macroeconómica,Instituto Nacional de Estadística y Censos (INDEC),Empleo e Ingresos
71.1_LP_E_0_A_8,la_pampa,Remuneracion total sector privado. La Pampa,R/P1Y,2006-01-01,2014-01-01,Pesos,"Remuneración total de los puestos de trabajo del sector privado, por provincia",Subsecretaría de Programación Macroeconómica,Instituto Nacional de Estadística y Censos (INDEC),Empleo e Ingresos
71.1_LR_E_0_A_8,la_rioja,Remuneracion total sector privado. La Rioja,R/P1Y,2006-01-01,2014-01-01,Pesos,"Remuneración total de los puestos de trabajo del sector privado, por provincia",Subsecretaría de Programación Macroeconómica,Instituto Nacional de Estadística y Censos (INDEC),Empleo e Ingresos
71.1_M_E_0_A_7,mendoza,Remuneracion total sector privado. Mendoza,R/P1Y,2006-01-01,2014-01-01,Pesos,"Remuneración total de los puestos de trabajo del sector privado, por provincia",Subsecretaría de Programación Macroeconómica,Instituto Nacional de Estadística y Censos (INDEC),Empleo e Ingresos
71.1_M_E_0_A_8,misiones,Remuneracion total sector privado. Misiones,R/P1Y,2006-01-01,2014-01-01,Pesos,"Remuneración total de los puestos de trabajo del sector privado, por provincia",Subsecretaría de Programación Macroeconómica,Instituto Nacional de Estadística y Censos (INDEC),Empleo e Ingresos
71.1_N_E_0_A_7,neuquen,Remuneracion total sector privado. Neuquen,R/P1Y,2006-01-01,2014-01-01,Pesos,"Remuneración total de los puestos de trabajo del sector privado, por provincia",Subsecretaría de Programación Macroeconómica,Instituto Nacional de Estadística y Censos (INDEC),Empleo e Ingresos
71.1_PBA_E_0_A_22,provincia_buenos_aires,Remuneracion total sector privado. Provincia de Buenos Aires,R/P1Y,2006-01-01,2014-01-01,Pesos,"Remuneración total de los puestos de trabajo del sector privado, por provincia",Subsecretaría de Programación Macroeconómica,Instituto Nacional de Estadística y Censos (INDEC),Empleo e Ingresos
71.1_RN_E_0_A_9,rio_negro,Remuneracion total sector privado. Rio Negro,R/P1Y,2006-01-01,2014-01-01,Pesos,"Remuneración total de los puestos de trabajo del sector privado, por provincia",Subsecretaría de Programación Macroeconómica,Instituto Nacional de Estadística y Censos (INDEC),Empleo e Ingresos
71.1_SC_E_0_A_10,santa_cruz,Remuneracion total sector privado. Santa Cruz,R/P1Y,2006-01-01,2014-01-01,Pesos,"Remuneración total de los puestos de trabajo del sector privado, por provincia",Subsecretaría de Programación Macroeconómica,Instituto Nacional de Estadística y Censos (INDEC),Empleo e Ingresos
71.1_SE_E_0_A_15,santiago_estero,Remuneracion total sector privado. Santiago del Estero,R/P1Y,2006-01-01,2014-01-01,Pesos,"Remuneración total de los puestos de trabajo del sector privado, por provincia",Subsecretaría de Programación Macroeconómica,Instituto Nacional de Estadística y Censos (INDEC),Empleo e Ingresos
71.1_SF_E_0_A_8,santa_fe,Remuneracion total sector privado. San Fe,R/P1Y,2006-01-01,2014-01-01,Pesos,"Remuneración total de los puestos de trabajo del sector privado, por provincia",Subsecretaría de Programación Macroeconómica,Instituto Nacional de Estadística y Censos (INDEC),Empleo e Ingresos
71.1_SJ_E_0_A_8,san_juan,Remuneracion total sector privado. San Juan,R/P1Y,2006-01-01,2014-01-01,Pesos,"Remuneración total de los puestos de trabajo del sector privado, por provincia",Subsecretaría de Programación Macroeconómica,Instituto Nacional de Estadística y Censos (INDEC),Empleo e Ingresos
71.1_SL_E_0_A_8,san_luis,Remuneracion total sector privado. San Luis,R/P1Y,2006-01-01,2014-01-01,Pesos,"Remuneración total de los puestos de trabajo del sector privado, por provincia",Subsecretaría de Programación Macroeconómica,Instituto Nacional de Estadística y Censos (INDEC),Empleo e Ingresos
71.1_S_E_0_A_14,sin_clasificar,Remuneracion total sector privado. Sin clasificar,R/P1Y,2006-01-01,2009-01-01,Pesos,"Remuneración total de los puestos de trabajo del sector privado, por provincia",Subsecretaría de Programación Macroeconómica,Instituto Nacional de Estadística y Censos (INDEC),Empleo e Ingresos
71.1_S_E_0_A_5,salta,Remuneracion total sector privado. Salta,R/P1Y,2006-01-01,2014-01-01,Pesos,"Remuneración total de los puestos de trabajo del sector privado, por provincia",Subsecretaría de Programación Macroeconómica,Instituto Nacional de Estadística y Censos (INDEC),Empleo e Ingresos
71.1_TF_E_0_A_12,tierra_fuego,Remuneracion total sector privado. Tierra del Fuego,R/P1Y,2006-01-01,2014-01-01,Pesos,"Remuneración total de los puestos de trabajo del sector privado, por provincia",Subsecretaría de Programación Macroeconómica,Instituto Nacional de Estadística y Censos (INDEC),Empleo e Ingresos
71.1_TSP_E_0_A_20,total_sector_privado,Remuneracion total sector privado. Total sector privado,R/P1Y,2006-01-01,2014-01-01,Pesos,"Remuneración total de los puestos de trabajo del sector privado, por provincia",Subsecretaría de Programación Macroeconómica,Instituto Nacional de Estadística y Censos (INDEC),Empleo e Ingresos
71.1_T_E_0_A_7,tucuman,Remuneracion total sector privado. Tucuman,R/P1Y,2006-01-01,2014-01-01,Pesos,"Remuneración total de los puestos de trabajo del sector privado, por provincia",Subsecretaría de Programación Macroeconómica,Instituto Nacional de Estadística y Censos (INDEC),Empleo e Ingresos
71.2_C_E_0_T_10,corrientes,Remuneracion total sector privado. Corrientes,R/P3M,2006-01-01,2015-04-01,Pesos,"Remuneración total de los puestos de trabajo del sector privado, por provincia",Subsecretaría de Programación Macroeconómica,Instituto Nacional de Estadística y Censos (INDEC),Empleo e Ingresos
71.2_C_E_0_T_4,caba,Remuneracion total sector privado. Capital Federal,R/P3M,2006-01-01,2015-04-01,Pesos,"Remuneración total de los puestos de trabajo del sector privado, por provincia",Subsecretaría de Programación Macroeconómica,Instituto Nacional de Estadística y Censos (INDEC),Empleo e Ingresos
71.2_C_E_0_T_5,chaco,Remuneracion total sector privado. Chaco,R/P3M,2006-01-01,2015-04-01,Pesos,"Remuneración total de los puestos de trabajo del sector privado, por provincia",Subsecretaría de Programación Macroeconómica,Instituto Nacional de Estadística y Censos (INDEC),Empleo e Ingresos
71.2_C_E_0_T_6,chubut,Remuneracion total sector privado. Chubut,R/P3M,2006-01-01,2015-04-01,Pesos,"Remuneración total de los puestos de trabajo del sector privado, por provincia",Subsecretaría de Programación Macroeconómica,Instituto Nacional de Estadística y Censos (INDEC),Empleo e Ingresos
71.2_C_E_0_T_7,cordoba,Remuneracion total sector privado. Cordoba,R/P3M,2006-01-01,2015-04-01,Pesos,"Remuneración total de los puestos de trabajo del sector privado, por provincia",Subsecretaría de Programación Macroeconómica,Instituto Nacional de Estadística y Censos (INDEC),Empleo e Ingresos
71.2_C_E_0_T_9,catamarca,Remuneracion total sector privado. Catamarca,R/P3M,2006-01-01,2015-04-01,Pesos,"Remuneración total de los puestos de trabajo del sector privado, por provincia",Subsecretaría de Programación Macroeconómica,Instituto Nacional de Estadística y Censos (INDEC),Empleo e Ingresos
71.2_ER_E_0_T_10,entre_rios,Remuneracion total sector privado. Entre Rios,R/P3M,2006-01-01,2015-04-01,Pesos,"Remuneración total de los puestos de trabajo del sector privado, por provincia",Subsecretaría de Programación Macroeconómica,Instituto Nacional de Estadística y Censos (INDEC),Empleo e Ingresos
71.2_F_E_0_T_7,formosa,Remuneracion total sector privado. Formosa,R/P3M,2006-01-01,2015-04-01,Pesos,"Remuneración total de los puestos de trabajo del sector privado, por provincia",Subsecretaría de Programación Macroeconómica,Instituto Nacional de Estadística y Censos (INDEC),Empleo e Ingresos
71.2_J_E_0_T_5,jujuy,Remuneracion total sector privado. Jujuy,R/P3M,2006-01-01,2015-04-01,Pesos,"Remuneración total de los puestos de trabajo del sector privado, por provincia",Subsecretaría de Programación Macroeconómica,Instituto Nacional de Estadística y Censos (INDEC),Empleo e Ingresos
71.2_LP_E_0_T_8,la_pampa,Remuneracion total sector privado. La Pampa,R/P3M,2006-01-01,2015-04-01,Pesos,"Remuneración total de los puestos de trabajo del sector privado, por provincia",Subsecretaría de Programación Macroeconómica,Instituto Nacional de Estadística y Censos (INDEC),Empleo e Ingresos
71.2_LR_E_0_T_8,la_rioja,Remuneracion total sector privado. La Rioja,R/P3M,2006-01-01,2015-04-01,Pesos,"Remuneración total de los puestos de trabajo del sector privado, por provincia",Subsecretaría de Programación Macroeconómica,Instituto Nacional de Estadística y Censos (INDEC),Empleo e Ingresos
71.2_M_E_0_T_7,mendoza,Remuneracion total sector privado. Mendoza,R/P3M,2006-01-01,2015-04-01,Pesos,"Remuneración total de los puestos de trabajo del sector privado, por provincia",Subsecretaría de Programación Macroeconómica,Instituto Nacional de Estadística y Censos (INDEC),Empleo e Ingresos
71.2_M_E_0_T_8,misiones,Remuneracion total sector privado. Misiones,R/P3M,2006-01-01,2015-04-01,Pesos,"Remuneración total de los puestos de trabajo del sector privado, por provincia",Subsecretaría de Programación Macroeconómica,Instituto Nacional de Estadística y Censos (INDEC),Empleo e Ingresos
71.2_N_E_0_T_7,neuquen,Remuneracion total sector privado. Neuquen,R/P3M,2006-01-01,2015-04-01,Pesos,"Remuneración total de los puestos de trabajo del sector privado, por provincia",Subsecretaría de Programación Macroeconómica,Instituto Nacional de Estadística y Censos (INDEC),Empleo e Ingresos
71.2_PBA_E_0_T_22,provincia_buenos_aires,Remuneracion total sector privado. Provincia de Buenos Aires,R/P3M,2006-01-01,2015-04-01,Pesos,"Remuneración total de los puestos de trabajo del sector privado, por provincia",Subsecretaría de Programación Macroeconómica,Instituto Nacional de Estadística y Censos (INDEC),Empleo e Ingresos
71.2_RN_E_0_T_9,rio_negro,Remuneracion total sector privado. Rio Negro,R/P3M,2006-01-01,2015-04-01,Pesos,"Remuneración total de los puestos de trabajo del sector privado, por provincia",Subsecretaría de Programación Macroeconómica,Instituto Nacional de Estadística y Censos (INDEC),Empleo e Ingresos
71.2_SC_E_0_T_10,santa_cruz,Remuneracion total sector privado. Santa Cruz,R/P3M,2006-01-01,2015-04-01,Pesos,"Remuneración total de los puestos de trabajo del sector privado, por provincia",Subsecretaría de Programación Macroeconómica,Instituto Nacional de Estadística y Censos (INDEC),Empleo e Ingresos
71.2_SE_E_0_T_15,santiago_estero,Remuneracion total sector privado. Santiago del Estero,R/P3M,2006-01-01,2015-04-01,Pesos,"Remuneración total de los puestos de trabajo del sector privado, por provincia",Subsecretaría de Programación Macroeconómica,Instituto Nacional de Estadística y Censos (INDEC),Empleo e Ingresos
71.2_SF_E_0_T_8,santa_fe,Remuneracion total sector privado. San Fe,R/P3M,2006-01-01,2015-04-01,Pesos,"Remuneración total de los puestos de trabajo del sector privado, por provincia",Subsecretaría de Programación Macroeconómica,Instituto Nacional de Estadística y Censos (INDEC),Empleo e Ingresos
71.2_SJ_E_0_T_8,san_juan,Remuneracion total sector privado. San Juan,R/P3M,2006-01-01,2015-04-01,Pesos,"Remuneración total de los puestos de trabajo del sector privado, por provincia",Subsecretaría de Programación Macroeconómica,Instituto Nacional de Estadística y Censos (INDEC),Empleo e Ingresos
71.2_SL_E_0_T_8,san_luis,Remuneracion total sector privado. San Luis,R/P3M,2006-01-01,2015-04-01,Pesos,"Remuneración total de los puestos de trabajo del sector privado, por provincia",Subsecretaría de Programación Macroeconómica,Instituto Nacional de Estadística y Censos (INDEC),Empleo e Ingresos
71.2_S_E_0_T_14,sin_clasificar,Remuneracion total sector privado. Sin clasificar,R/P3M,2006-01-01,2010-01-01,Pesos,"Remuneración total de los puestos de trabajo del sector privado, por provincia",Subsecretaría de Programación Macroeconómica,Instituto Nacional de Estadística y Censos (INDEC),Empleo e Ingresos
71.2_S_E_0_T_5,salta,Remuneracion total sector privado. Salta,R/P3M,2006-01-01,2015-04-01,Pesos,"Remuneración total de los puestos de trabajo del sector privado, por provincia",Subsecretaría de Programación Macroeconómica,Instituto Nacional de Estadística y Censos (INDEC),Empleo e Ingresos
71.2_TF_E_0_T_12,tierra_fuego,Remuneracion total sector privado. Tierra del Fuego,R/P3M,2006-01-01,2015-04-01,Pesos,"Remuneración total de los puestos de trabajo del sector privado, por provincia",Subsecretaría de Programación Macroeconómica,Instituto Nacional de Estadística y Censos (INDEC),Empleo e Ingresos
71.2_TSP_E_0_T_20,total_sector_privado,Remuneracion total sector privado. Total sector privado,R/P3M,2006-01-01,2015-04-01,Pesos,"Remuneración total de los puestos de trabajo del sector privado, por provincia",Subsecretaría de Programación Macroeconómica,Instituto Nacional de Estadística y Censos (INDEC),Empleo e Ingresos
71.2_T_E_0_T_7,tucuman,Remuneracion total sector privado. Tucuman,R/P3M,2006-01-01,2015-04-01,Pesos,"Remuneración total de los puestos de trabajo del sector privado, por provincia",Subsecretaría de Programación Macroeconómica,Instituto Nacional de Estadística y Censos (INDEC),Empleo e Ingresos
72.1_C_E_0_A_10,corrientes,Remuneracion neta sector privado. Corrientes,R/P1Y,2006-01-01,2014-01-01,Pesos,"Remuneración neta de los puestos de trabajo del sector privado, por provincia",Subsecretaría de Programación Macroeconómica,Instituto Nacional de Estadística y Censos (INDEC),Empleo e Ingresos
72.1_C_E_0_A_4,caba,Remuneracion neta sector privado. Capital Federal,R/P1Y,2006-01-01,2014-01-01,Pesos,"Remuneración neta de los puestos de trabajo del sector privado, por provincia",Subsecretaría de Programación Macroeconómica,Instituto Nacional de Estadística y Censos (INDEC),Empleo e Ingresos
72.1_C_E_0_A_5,chaco,Remuneracion neta sector privado. Chaco,R/P1Y,2006-01-01,2014-01-01,Pesos,"Remuneración neta de los puestos de trabajo del sector privado, por provincia",Subsecretaría de Programación Macroeconómica,Instituto Nacional de Estadística y Censos (INDEC),Empleo e Ingresos
72.1_C_E_0_A_6,chubut,Remuneracion neta sector privado. Chubut,R/P1Y,2006-01-01,2014-01-01,Pesos,"Remuneración neta de los puestos de trabajo del sector privado, por provincia",Subsecretaría de Programación Macroeconómica,Instituto Nacional de Estadística y Censos (INDEC),Empleo e Ingresos
72.1_C_E_0_A_7,cordoba,Remuneracion neta sector privado. Cordoba,R/P1Y,2006-01-01,2014-01-01,Pesos,"Remuneración neta de los puestos de trabajo del sector privado, por provincia",Subsecretaría de Programación Macroeconómica,Instituto Nacional de Estadística y Censos (INDEC),Empleo e Ingresos
72.1_C_E_0_A_9,catamarca,Remuneracion neta sector privado. Catamarca,R/P1Y,2006-01-01,2014-01-01,Pesos,"Remuneración neta de los puestos de trabajo del sector privado, por provincia",Subsecretaría de Programación Macroeconómica,Instituto Nacional de Estadística y Censos (INDEC),Empleo e Ingresos
72.1_ER_E_0_A_10,entre_rios,Remuneracion neta sector privado. Entre Rios,R/P1Y,2006-01-01,2014-01-01,Pesos,"Remuneración neta de los puestos de trabajo del sector privado, por provincia",Subsecretaría de Programación Macroeconómica,Instituto Nacional de Estadística y Censos (INDEC),Empleo e Ingresos
72.1_F_E_0_A_7,formosa,Remuneracion neta sector privado. Formosa,R/P1Y,2006-01-01,2014-01-01,Pesos,"Remuneración neta de los puestos de trabajo del sector privado, por provincia",Subsecretaría de Programación Macroeconómica,Instituto Nacional de Estadística y Censos (INDEC),Empleo e Ingresos
72.1_J_E_0_A_5,jujuy,Remuneracion neta sector privado. Jujuy,R/P1Y,2006-01-01,2014-01-01,Pesos,"Remuneración neta de los puestos de trabajo del sector privado, por provincia",Subsecretaría de Programación Macroeconómica,Instituto Nacional de Estadística y Censos (INDEC),Empleo e Ingresos
72.1_LP_E_0_A_8,la_pampa,Remuneracion neta sector privado. La Pampa,R/P1Y,2006-01-01,2014-01-01,Pesos,"Remuneración neta de los puestos de trabajo del sector privado, por provincia",Subsecretaría de Programación Macroeconómica,Instituto Nacional de Estadística y Censos (INDEC),Empleo e Ingresos
72.1_LR_E_0_A_8,la_rioja,Remuneracion neta sector privado. La Rioja,R/P1Y,2006-01-01,2014-01-01,Pesos,"Remuneración neta de los puestos de trabajo del sector privado, por provincia",Subsecretaría de Programación Macroeconómica,Instituto Nacional de Estadística y Censos (INDEC),Empleo e Ingresos
72.1_M_E_0_A_7,mendoza,Remuneracion neta sector privado. Mendoza,R/P1Y,2006-01-01,2014-01-01,Pesos,"Remuneración neta de los puestos de trabajo del sector privado, por provincia",Subsecretaría de Programación Macroeconómica,Instituto Nacional de Estadística y Censos (INDEC),Empleo e Ingresos
72.1_M_E_0_A_8,misiones,Remuneracion neta sector privado. Misiones,R/P1Y,2006-01-01,2014-01-01,Pesos,"Remuneración neta de los puestos de trabajo del sector privado, por provincia",Subsecretaría de Programación Macroeconómica,Instituto Nacional de Estadística y Censos (INDEC),Empleo e Ingresos
72.1_N_E_0_A_7,neuquen,Remuneracion neta sector privado. Neuquen,R/P1Y,2006-01-01,2014-01-01,Pesos,"Remuneración neta de los puestos de trabajo del sector privado, por provincia",Subsecretaría de Programación Macroeconómica,Instituto Nacional de Estadística y Censos (INDEC),Empleo e Ingresos
72.1_PBA_E_0_A_22,provincia_buenos_aires,Remuneracion neta sector privado. Provincia de Buenos Aires,R/P1Y,2006-01-01,2014-01-01,Pesos,"Remuneración neta de los puestos de trabajo del sector privado, por provincia",Subsecretaría de Programación Macroeconómica,Instituto Nacional de Estadística y Censos (INDEC),Empleo e Ingresos
72.1_RN_E_0_A_9,rio_negro,Remuneracion neta sector privado. Rio Negro,R/P1Y,2006-01-01,2014-01-01,Pesos,"Remuneración neta de los puestos de trabajo del sector privado, por provincia",Subsecretaría de Programación Macroeconómica,Instituto Nacional de Estadística y Censos (INDEC),Empleo e Ingresos
72.1_SC_E_0_A_10,santa_cruz,Remuneracion neta sector privado. Santa Cruz,R/P1Y,2006-01-01,2014-01-01,Pesos,"Remuneración neta de los puestos de trabajo del sector privado, por provincia",Subsecretaría de Programación Macroeconómica,Instituto Nacional de Estadística y Censos (INDEC),Empleo e Ingresos
72.1_SE_E_0_A_15,santiago_estero,Remuneracion neta sector privado. Santiago del Estero,R/P1Y,2006-01-01,2014-01-01,Pesos,"Remuneración neta de los puestos de trabajo del sector privado, por provincia",Subsecretaría de Programación Macroeconómica,Instituto Nacional de Estadística y Censos (INDEC),Empleo e Ingresos
72.1_SF_E_0_A_8,santa_fe,Remuneracion neta sector privado. San Fe,R/P1Y,2006-01-01,2014-01-01,Pesos,"Remuneración neta de los puestos de trabajo del sector privado, por provincia",Subsecretaría de Programación Macroeconómica,Instituto Nacional de Estadística y Censos (INDEC),Empleo e Ingresos
72.1_SJ_E_0_A_8,san_juan,Remuneracion neta sector privado. San Juan,R/P1Y,2006-01-01,2014-01-01,Pesos,"Remuneración neta de los puestos de trabajo del sector privado, por provincia",Subsecretaría de Programación Macroeconómica,Instituto Nacional de Estadística y Censos (INDEC),Empleo e Ingresos
72.1_SL_E_0_A_8,san_luis,Remuneracion neta sector privado. San Luis,R/P1Y,2006-01-01,2014-01-01,Pesos,"Remuneración neta de los puestos de trabajo del sector privado, por provincia",Subsecretaría de Programación Macroeconómica,Instituto Nacional de Estadística y Censos (INDEC),Empleo e Ingresos
72.1_S_E_0_A_14,sin_clasificar,Remuneracion neta sector privado. Sin clasificar,R/P1Y,2006-01-01,2010-01-01,Pesos,"Remuneración neta de los puestos de trabajo del sector privado, por provincia",Subsecretaría de Programación Macroeconómica,Instituto Nacional de Estadística y Censos (INDEC),Empleo e Ingresos
72.1_S_E_0_A_5,salta,Remuneracion neta sector privado. Salta,R/P1Y,2006-01-01,2014-01-01,Pesos,"Remuneración neta de los puestos de trabajo del sector privado, por provincia",Subsecretaría de Programación Macroeconómica,Instituto Nacional de Estadística y Censos (INDEC),Empleo e Ingresos
72.1_TF_E_0_A_12,tierra_fuego,Remuneracion neta sector privado. Tierra del Fuego,R/P1Y,2006-01-01,2014-01-01,Pesos,"Remuneración neta de los puestos de trabajo del sector privado, por provincia",Subsecretaría de Programación Macroeconómica,Instituto Nacional de Estadística y Censos (INDEC),Empleo e Ingresos
72.1_TSP_E_0_A_20,total_sector_privado,Remuneracion neta sector privado. total sector privado,R/P1Y,2006-01-01,2014-01-01,Pesos,"Remuneración neta de los puestos de trabajo del sector privado, por provincia",Subsecretaría de Programación Macroeconómica,Instituto Nacional de Estadística y Censos (INDEC),Empleo e Ingresos
72.1_T_E_0_A_7,tucuman,Remuneracion neta sector privado. Tucuman,R/P1Y,2006-01-01,2014-01-01,Pesos,"Remuneración neta de los puestos de trabajo del sector privado, por provincia",Subsecretaría de Programación Macroeconómica,Instituto Nacional de Estadística y Censos (INDEC),Empleo e Ingresos
72.2_C_E_0_T_10,corrientes,Remuneracion neta sector privado. Corrientes,R/P3M,2006-01-01,2015-04-01,Pesos,"Remuneración neta de los puestos de trabajo del sector privado, por provincia",Subsecretaría de Programación Macroeconómica,Instituto Nacional de Estadística y Censos (INDEC),Empleo e Ingresos
72.2_C_E_0_T_4,caba,Remuneracion neta sector privado. Capital Federal,R/P3M,2006-01-01,2015-04-01,Pesos,"Remuneración neta de los puestos de trabajo del sector privado, por provincia",Subsecretaría de Programación Macroeconómica,Instituto Nacional de Estadística y Censos (INDEC),Empleo e Ingresos
72.2_C_E_0_T_5,chaco,Remuneracion neta sector privado. Chaco,R/P3M,2006-01-01,2015-04-01,Pesos,"Remuneración neta de los puestos de trabajo del sector privado, por provincia",Subsecretaría de Programación Macroeconómica,Instituto Nacional de Estadística y Censos (INDEC),Empleo e Ingresos
72.2_C_E_0_T_6,chubut,Remuneracion neta sector privado. Chubut,R/P3M,2006-01-01,2015-04-01,Pesos,"Remuneración neta de los puestos de trabajo del sector privado, por provincia",Subsecretaría de Programación Macroeconómica,Instituto Nacional de Estadística y Censos (INDEC),Empleo e Ingresos
72.2_C_E_0_T_7,cordoba,Remuneracion neta sector privado. Cordoba,R/P3M,2006-01-01,2015-04-01,Pesos,"Remuneración neta de los puestos de trabajo del sector privado, por provincia",Subsecretaría de Programación Macroeconómica,Instituto Nacional de Estadística y Censos (INDEC),Empleo e Ingresos
72.2_C_E_0_T_9,catamarca,Remuneracion neta sector privado. Catamarca,R/P3M,2006-01-01,2015-04-01,Pesos,"Remuneración neta de los puestos de trabajo del sector privado, por provincia",Subsecretaría de Programación Macroeconómica,Instituto Nacional de Estadística y Censos (INDEC),Empleo e Ingresos
72.2_ER_E_0_T_10,entre_rios,Remuneracion neta sector privado. Entre Rios,R/P3M,2006-01-01,2015-04-01,Pesos,"Remuneración neta de los puestos de trabajo del sector privado, por provincia",Subsecretaría de Programación Macroeconómica,Instituto Nacional de Estadística y Censos (INDEC),Empleo e Ingresos
72.2_F_E_0_T_7,formosa,Remuneracion neta sector privado. Formosa,R/P3M,2006-01-01,2015-04-01,Pesos,"Remuneración neta de los puestos de trabajo del sector privado, por provincia",Subsecretaría de Programación Macroeconómica,Instituto Nacional de Estadística y Censos (INDEC),Empleo e Ingresos
72.2_J_E_0_T_5,jujuy,Remuneracion neta sector privado. Jujuy,R/P3M,2006-01-01,2015-04-01,Pesos,"Remuneración neta de los puestos de trabajo del sector privado, por provincia",Subsecretaría de Programación Macroeconómica,Instituto Nacional de Estadística y Censos (INDEC),Empleo e Ingresos
72.2_LP_E_0_T_8,la_pampa,Remuneracion neta sector privado. La Pampa,R/P3M,2006-01-01,2015-04-01,Pesos,"Remuneración neta de los puestos de trabajo del sector privado, por provincia",Subsecretaría de Programación Macroeconómica,Instituto Nacional de Estadística y Censos (INDEC),Empleo e Ingresos
72.2_LR_E_0_T_8,la_rioja,Remuneracion neta sector privado. La Rioja,R/P3M,2006-01-01,2015-04-01,Pesos,"Remuneración neta de los puestos de trabajo del sector privado, por provincia",Subsecretaría de Programación Macroeconómica,Instituto Nacional de Estadística y Censos (INDEC),Empleo e Ingresos
72.2_M_E_0_T_7,mendoza,Remuneracion neta sector privado. Mendoza,R/P3M,2006-01-01,2015-04-01,Pesos,"Remuneración neta de los puestos de trabajo del sector privado, por provincia",Subsecretaría de Programación Macroeconómica,Instituto Nacional de Estadística y Censos (INDEC),Empleo e Ingresos
72.2_M_E_0_T_8,misiones,Remuneracion neta sector privado. Misiones,R/P3M,2006-01-01,2015-04-01,Pesos,"Remuneración neta de los puestos de trabajo del sector privado, por provincia",Subsecretaría de Programación Macroeconómica,Instituto Nacional de Estadística y Censos (INDEC),Empleo e Ingresos
72.2_N_E_0_T_7,neuquen,Remuneracion neta sector privado. Neuquen,R/P3M,2006-01-01,2015-04-01,Pesos,"Remuneración neta de los puestos de trabajo del sector privado, por provincia",Subsecretaría de Programación Macroeconómica,Instituto Nacional de Estadística y Censos (INDEC),Empleo e Ingresos
72.2_PBA_E_0_T_22,provincia_buenos_aires,Remuneracion neta sector privado. Provincia de Buenos Aires,R/P3M,2006-01-01,2015-04-01,Pesos,"Remuneración neta de los puestos de trabajo del sector privado, por provincia",Subsecretaría de Programación Macroeconómica,Instituto Nacional de Estadística y Censos (INDEC),Empleo e Ingresos
72.2_RN_E_0_T_9,rio_negro,Remuneracion neta sector privado. Rio Negro,R/P3M,2006-01-01,2015-04-01,Pesos,"Remuneración neta de los puestos de trabajo del sector privado, por provincia",Subsecretaría de Programación Macroeconómica,Instituto Nacional de Estadística y Censos (INDEC),Empleo e Ingresos
72.2_SC_E_0_T_10,santa_cruz,Remuneracion neta sector privado. Santa Cruz,R/P3M,2006-01-01,2015-04-01,Pesos,"Remuneración neta de los puestos de trabajo del sector privado, por provincia",Subsecretaría de Programación Macroeconómica,Instituto Nacional de Estadística y Censos (INDEC),Empleo e Ingresos
72.2_SE_E_0_T_15,santiago_estero,Remuneracion neta sector privado. Santiago del Estero,R/P3M,2006-01-01,2015-04-01,Pesos,"Remuneración neta de los puestos de trabajo del sector privado, por provincia",Subsecretaría de Programación Macroeconómica,Instituto Nacional de Estadística y Censos (INDEC),Empleo e Ingresos
72.2_SF_E_0_T_8,santa_fe,Remuneracion neta sector privado. San Fe,R/P3M,2006-01-01,2015-04-01,Pesos,"Remuneración neta de los puestos de trabajo del sector privado, por provincia",Subsecretaría de Programación Macroeconómica,Instituto Nacional de Estadística y Censos (INDEC),Empleo e Ingresos
72.2_SJ_E_0_T_8,san_juan,Remuneracion neta sector privado. San Juan,R/P3M,2006-01-01,2015-04-01,Pesos,"Remuneración neta de los puestos de trabajo del sector privado, por provincia",Subsecretaría de Programación Macroeconómica,Instituto Nacional de Estadística y Censos (INDEC),Empleo e Ingresos
72.2_SL_E_0_T_8,san_luis,Remuneracion neta sector privado. San Luis,R/P3M,2006-01-01,2015-04-01,Pesos,"Remuneración neta de los puestos de trabajo del sector privado, por provincia",Subsecretaría de Programación Macroeconómica,Instituto Nacional de Estadística y Censos (INDEC),Empleo e Ingresos
72.2_S_E_0_T_14,sin_clasificar,Remuneracion neta sector privado. Sin clasificar,R/P3M,2006-01-01,2010-01-01,Pesos,"Remuneración neta de los puestos de trabajo del sector privado, por provincia",Subsecretaría de Programación Macroeconómica,Instituto Nacional de Estadística y Censos (INDEC),Empleo e Ingresos
72.2_S_E_0_T_5,salta,Remuneracion neta sector privado. Salta,R/P3M,2006-01-01,2015-04-01,Pesos,"Remuneración neta de los puestos de trabajo del sector privado, por provincia",Subsecretaría de Programación Macroeconómica,Instituto Nacional de Estadística y Censos (INDEC),Empleo e Ingresos
72.2_TF_E_0_T_12,tierra_fuego,Remuneracion neta sector privado. Tierra del Fuego,R/P3M,2006-01-01,2015-04-01,Pesos,"Remuneración neta de los puestos de trabajo del sector privado, por provincia",Subsecretaría de Programación Macroeconómica,Instituto Nacional de Estadística y Censos (INDEC),Empleo e Ingresos
72.2_TSP_E_0_T_20,total_sector_privado,Remuneracion neta sector privado. Total sector privado,R/P3M,2006-01-01,2015-04-01,Pesos,"Remuneración neta de los puestos de trabajo del sector privado, por provincia",Subsecretaría de Programación Macroeconómica,Instituto Nacional de Estadística y Censos (INDEC),Empleo e Ingresos
72.2_T_E_0_T_7,tucuman,Remuneracion neta sector privado. Tucuman,R/P3M,2006-01-01,2015-04-01,Pesos,"Remuneración neta de los puestos de trabajo del sector privado, por provincia",Subsecretaría de Programación Macroeconómica,Instituto Nacional de Estadística y Censos (INDEC),Empleo e Ingresos
73.1_C_E_0_A_10,corrientes,Costo salarial sector privado. Corrientes,R/P1Y,2006-01-01,2014-01-01,Pesos,"Costo Salarial  promedio del sector privado, por provincia",Subsecretaría de Programación Macroeconómica,Instituto Nacional de Estadística y Censos (INDEC),Empleo e Ingresos
73.1_C_E_0_A_4,caba,Costo salarial sector privado. Capital Federal,R/P1Y,2006-01-01,2014-01-01,Pesos,"Costo Salarial  promedio del sector privado, por provincia",Subsecretaría de Programación Macroeconómica,Instituto Nacional de Estadística y Censos (INDEC),Empleo e Ingresos
73.1_C_E_0_A_5,chaco,Costo salarial sector privado. Chaco,R/P1Y,2006-01-01,2014-01-01,Pesos,"Costo Salarial  promedio del sector privado, por provincia",Subsecretaría de Programación Macroeconómica,Instituto Nacional de Estadística y Censos (INDEC),Empleo e Ingresos
73.1_C_E_0_A_6,chubut,Costo salarial sector privado. Chubut,R/P1Y,2006-01-01,2014-01-01,Pesos,"Costo Salarial  promedio del sector privado, por provincia",Subsecretaría de Programación Macroeconómica,Instituto Nacional de Estadística y Censos (INDEC),Empleo e Ingresos
73.1_C_E_0_A_7,cordoba,Costo salarial sector privado. Cordoba,R/P1Y,2006-01-01,2014-01-01,Pesos,"Costo Salarial  promedio del sector privado, por provincia",Subsecretaría de Programación Macroeconómica,Instituto Nacional de Estadística y Censos (INDEC),Empleo e Ingresos
73.1_C_E_0_A_9,catamarca,Costo salarial sector privado. Catamarca,R/P1Y,2006-01-01,2014-01-01,Pesos,"Costo Salarial  promedio del sector privado, por provincia",Subsecretaría de Programación Macroeconómica,Instituto Nacional de Estadística y Censos (INDEC),Empleo e Ingresos
73.1_ER_E_0_A_10,entre_rios,Costo salarial sector privado. Entre Rios,R/P1Y,2006-01-01,2014-01-01,Pesos,"Costo Salarial  promedio del sector privado, por provincia",Subsecretaría de Programación Macroeconómica,Instituto Nacional de Estadística y Censos (INDEC),Empleo e Ingresos
73.1_F_E_0_A_7,formosa,Costo salarial sector privado. Formosa,R/P1Y,2006-01-01,2014-01-01,Pesos,"Costo Salarial  promedio del sector privado, por provincia",Subsecretaría de Programación Macroeconómica,Instituto Nacional de Estadística y Censos (INDEC),Empleo e Ingresos
73.1_J_E_0_A_5,jujuy,Costo salarial sector privado. Jujuy,R/P1Y,2006-01-01,2014-01-01,Pesos,"Costo Salarial  promedio del sector privado, por provincia",Subsecretaría de Programación Macroeconómica,Instituto Nacional de Estadística y Censos (INDEC),Empleo e Ingresos
73.1_LP_E_0_A_8,la_pampa,Costo salarial sector privado. La Pampa,R/P1Y,2006-01-01,2014-01-01,Pesos,"Costo Salarial  promedio del sector privado, por provincia",Subsecretaría de Programación Macroeconómica,Instituto Nacional de Estadística y Censos (INDEC),Empleo e Ingresos
73.1_LR_E_0_A_8,la_rioja,Costo salarial sector privado. La Rioja,R/P1Y,2006-01-01,2014-01-01,Pesos,"Costo Salarial  promedio del sector privado, por provincia",Subsecretaría de Programación Macroeconómica,Instituto Nacional de Estadística y Censos (INDEC),Empleo e Ingresos
73.1_M_E_0_A_7,mendoza,Costo salarial sector privado. Mendoza,R/P1Y,2006-01-01,2014-01-01,Pesos,"Costo Salarial  promedio del sector privado, por provincia",Subsecretaría de Programación Macroeconómica,Instituto Nacional de Estadística y Censos (INDEC),Empleo e Ingresos
73.1_M_E_0_A_8,misiones,Costo salarial sector privado. Misiones,R/P1Y,2006-01-01,2014-01-01,Pesos,"Costo Salarial  promedio del sector privado, por provincia",Subsecretaría de Programación Macroeconómica,Instituto Nacional de Estadística y Censos (INDEC),Empleo e Ingresos
73.1_N_E_0_A_7,neuquen,Costo salarial sector privado. Neuquen,R/P1Y,2006-01-01,2014-01-01,Pesos,"Costo Salarial  promedio del sector privado, por provincia",Subsecretaría de Programación Macroeconómica,Instituto Nacional de Estadística y Censos (INDEC),Empleo e Ingresos
73.1_PBA_E_0_A_22,provincia_buenos_aires,Costo salarial sector privado. Provincia de Buenos Aires,R/P1Y,2006-01-01,2014-01-01,Pesos,"Costo Salarial  promedio del sector privado, por provincia",Subsecretaría de Programación Macroeconómica,Instituto Nacional de Estadística y Censos (INDEC),Empleo e Ingresos
73.1_RN_E_0_A_9,rio_negro,Costo salarial sector privado. Rio Negro,R/P1Y,2006-01-01,2014-01-01,Pesos,"Costo Salarial  promedio del sector privado, por provincia",Subsecretaría de Programación Macroeconómica,Instituto Nacional de Estadística y Censos (INDEC),Empleo e Ingresos
73.1_SC_E_0_A_10,santa_cruz,Costo salarial sector privado. Santa Cruz,R/P1Y,2006-01-01,2014-01-01,Pesos,"Costo Salarial  promedio del sector privado, por provincia",Subsecretaría de Programación Macroeconómica,Instituto Nacional de Estadística y Censos (INDEC),Empleo e Ingresos
73.1_SE_E_0_A_15,santiago_estero,Costo salarial sector privado. Santiago del Estero,R/P1Y,2006-01-01,2014-01-01,Pesos,"Costo Salarial  promedio del sector privado, por provincia",Subsecretaría de Programación Macroeconómica,Instituto Nacional de Estadística y Censos (INDEC),Empleo e Ingresos
73.1_SF_E_0_A_8,santa_fe,Costo salarial sector privado. San Fe,R/P1Y,2006-01-01,2014-01-01,Pesos,"Costo Salarial  promedio del sector privado, por provincia",Subsecretaría de Programación Macroeconómica,Instituto Nacional de Estadística y Censos (INDEC),Empleo e Ingresos
73.1_SJ_E_0_A_8,san_juan,Costo salarial sector privado. San Juan,R/P1Y,2006-01-01,2014-01-01,Pesos,"Costo Salarial  promedio del sector privado, por provincia",Subsecretaría de Programación Macroeconómica,Instituto Nacional de Estadística y Censos (INDEC),Empleo e Ingresos
73.1_SL_E_0_A_8,san_luis,Costo salarial sector privado. San Luis,R/P1Y,2006-01-01,2014-01-01,Pesos,"Costo Salarial  promedio del sector privado, por provincia",Subsecretaría de Programación Macroeconómica,Instituto Nacional de Estadística y Censos (INDEC),Empleo e Ingresos
73.1_S_E_0_A_14,sin_clasificar,Costo salarial sector privado. Sin clasificar,R/P1Y,2006-01-01,2010-01-01,Pesos,"Costo Salarial  promedio del sector privado, por provincia",Subsecretaría de Programación Macroeconómica,Instituto Nacional de Estadística y Censos (INDEC),Empleo e Ingresos
73.1_S_E_0_A_5,salta,Costo salarial sector privado. Salta,R/P1Y,2006-01-01,2014-01-01,Pesos,"Costo Salarial  promedio del sector privado, por provincia",Subsecretaría de Programación Macroeconómica,Instituto Nacional de Estadística y Censos (INDEC),Empleo e Ingresos
73.1_TF_E_0_A_12,tierra_fuego,Costo salarial sector privado. Tierra del Fuego,R/P1Y,2006-01-01,2014-01-01,Pesos,"Costo Salarial  promedio del sector privado, por provincia",Subsecretaría de Programación Macroeconómica,Instituto Nacional de Estadística y Censos (INDEC),Empleo e Ingresos
73.1_TSP_E_0_A_20,total_sector_privado,Costo salarial sector privado. Total sector privado,R/P1Y,2006-01-01,2014-01-01,Pesos,"Costo Salarial  promedio del sector privado, por provincia",Subsecretaría de Programación Macroeconómica,Instituto Nacional de Estadística y Censos (INDEC),Empleo e Ingresos
73.1_T_E_0_A_7,tucuman,Costo salarial sector privado. Tucuman,R/P1Y,2006-01-01,2014-01-01,Pesos,"Costo Salarial  promedio del sector privado, por provincia",Subsecretaría de Programación Macroeconómica,Instituto Nacional de Estadística y Censos (INDEC),Empleo e Ingresos
73.2_C_E_0_T_10,corrientes,Costo salarial sector privado. Corrientes,R/P3M,2006-01-01,2015-04-01,Pesos,"Costo Salarial  promedio del sector privado, por provincia",Subsecretaría de Programación Macroeconómica,Instituto Nacional de Estadística y Censos (INDEC),Empleo e Ingresos
73.2_C_E_0_T_4,caba,Costo salarial sector privado. Capital Federal,R/P3M,2006-01-01,2015-04-01,Pesos,"Costo Salarial  promedio del sector privado, por provincia",Subsecretaría de Programación Macroeconómica,Instituto Nacional de Estadística y Censos (INDEC),Empleo e Ingresos
73.2_C_E_0_T_5,chaco,Costo salarial sector privado. Chaco,R/P3M,2006-01-01,2015-04-01,Pesos,"Costo Salarial  promedio del sector privado, por provincia",Subsecretaría de Programación Macroeconómica,Instituto Nacional de Estadística y Censos (INDEC),Empleo e Ingresos
73.2_C_E_0_T_6,chubut,Costo salarial sector privado. Chubut,R/P3M,2006-01-01,2015-04-01,Pesos,"Costo Salarial  promedio del sector privado, por provincia",Subsecretaría de Programación Macroeconómica,Instituto Nacional de Estadística y Censos (INDEC),Empleo e Ingresos
73.2_C_E_0_T_7,cordoba,Costo salarial sector privado. Cordoba,R/P3M,2006-01-01,2015-04-01,Pesos,"Costo Salarial  promedio del sector privado, por provincia",Subsecretaría de Programación Macroeconómica,Instituto Nacional de Estadística y Censos (INDEC),Empleo e Ingresos
73.2_C_E_0_T_9,catamarca,Costo salarial sector privado. Catamarca,R/P3M,2006-01-01,2015-04-01,Pesos,"Costo Salarial  promedio del sector privado, por provincia",Subsecretaría de Programación Macroeconómica,Instituto Nacional de Estadística y Censos (INDEC),Empleo e Ingresos
73.2_ER_E_0_T_10,entre_rios,Costo salarial sector privado. Entre Rios,R/P3M,2006-01-01,2015-04-01,Pesos,"Costo Salarial  promedio del sector privado, por provincia",Subsecretaría de Programación Macroeconómica,Instituto Nacional de Estadística y Censos (INDEC),Empleo e Ingresos
73.2_F_E_0_T_7,formosa,Costo salarial sector privado. Formosa,R/P3M,2006-01-01,2015-04-01,Pesos,"Costo Salarial  promedio del sector privado, por provincia",Subsecretaría de Programación Macroeconómica,Instituto Nacional de Estadística y Censos (INDEC),Empleo e Ingresos
73.2_J_E_0_T_5,jujuy,Costo salarial sector privado. Jujuy,R/P3M,2006-01-01,2015-04-01,Pesos,"Costo Salarial  promedio del sector privado, por provincia",Subsecretaría de Programación Macroeconómica,Instituto Nacional de Estadística y Censos (INDEC),Empleo e Ingresos
73.2_LP_E_0_T_8,la_pampa,Costo salarial sector privado. La Pampa,R/P3M,2006-01-01,2015-04-01,Pesos,"Costo Salarial  promedio del sector privado, por provincia",Subsecretaría de Programación Macroeconómica,Instituto Nacional de Estadística y Censos (INDEC),Empleo e Ingresos
73.2_LR_E_0_T_8,la_rioja,Costo salarial sector privado. La Rioja,R/P3M,2006-01-01,2015-04-01,Pesos,"Costo Salarial  promedio del sector privado, por provincia",Subsecretaría de Programación Macroeconómica,Instituto Nacional de Estadística y Censos (INDEC),Empleo e Ingresos
73.2_M_E_0_T_7,mendoza,Costo salarial sector privado. Mendoza,R/P3M,2006-01-01,2015-04-01,Pesos,"Costo Salarial  promedio del sector privado, por provincia",Subsecretaría de Programación Macroeconómica,Instituto Nacional de Estadística y Censos (INDEC),Empleo e Ingresos
73.2_M_E_0_T_8,misiones,Costo salarial sector privado. Misiones,R/P3M,2006-01-01,2015-04-01,Pesos,"Costo Salarial  promedio del sector privado, por provincia",Subsecretaría de Programación Macroeconómica,Instituto Nacional de Estadística y Censos (INDEC),Empleo e Ingresos
73.2_N_E_0_T_7,neuquen,Costo salarial sector privado. Neuquen,R/P3M,2006-01-01,2015-04-01,Pesos,"Costo Salarial  promedio del sector privado, por provincia",Subsecretaría de Programación Macroeconómica,Instituto Nacional de Estadística y Censos (INDEC),Empleo e Ingresos
73.2_PBA_E_0_T_22,provincia_buenos_aires,Costo salarial sector privado. Provincia de Buenos Aires,R/P3M,2006-01-01,2015-04-01,Pesos,"Costo Salarial  promedio del sector privado, por provincia",Subsecretaría de Programación Macroeconómica,Instituto Nacional de Estadística y Censos (INDEC),Empleo e Ingresos
73.2_RN_E_0_T_9,rio_negro,Costo salarial sector privado. Rio Negro,R/P3M,2006-01-01,2015-04-01,Pesos,"Costo Salarial  promedio del sector privado, por provincia",Subsecretaría de Programación Macroeconómica,Instituto Nacional de Estadística y Censos (INDEC),Empleo e Ingresos
73.2_SC_E_0_T_10,santa_cruz,Costo salarial sector privado. Santa Cruz,R/P3M,2006-01-01,2015-04-01,Pesos,"Costo Salarial  promedio del sector privado, por provincia",Subsecretaría de Programación Macroeconómica,Instituto Nacional de Estadística y Censos (INDEC),Empleo e Ingresos
73.2_SE_E_0_T_15,santiago_estero,Costo salarial sector privado. Santiago del Estero,R/P3M,2006-01-01,2015-04-01,Pesos,"Costo Salarial  promedio del sector privado, por provincia",Subsecretaría de Programación Macroeconómica,Instituto Nacional de Estadística y Censos (INDEC),Empleo e Ingresos
73.2_SF_E_0_T_8,santa_fe,Costo salarial sector privado. San Fe,R/P3M,2006-01-01,2015-04-01,Pesos,"Costo Salarial  promedio del sector privado, por provincia",Subsecretaría de Programación Macroeconómica,Instituto Nacional de Estadística y Censos (INDEC),Empleo e Ingresos
73.2_SJ_E_0_T_8,san_juan,Costo salarial sector privado. San Juan,R/P3M,2006-01-01,2015-04-01,Pesos,"Costo Salarial  promedio del sector privado, por provincia",Subsecretaría de Programación Macroeconómica,Instituto Nacional de Estadística y Censos (INDEC),Empleo e Ingresos
73.2_SL_E_0_T_8,san_luis,Costo salarial sector privado. San Luis,R/P3M,2006-01-01,2015-04-01,Pesos,"Costo Salarial  promedio del sector privado, por provincia",Subsecretaría de Programación Macroeconómica,Instituto Nacional de Estadística y Censos (INDEC),Empleo e Ingresos
73.2_S_E_0_T_14,sin_clasificar,Costo salarial sector privado. Sin clasificar,R/P3M,2006-01-01,2010-01-01,Pesos,"Costo Salarial  promedio del sector privado, por provincia",Subsecretaría de Programación Macroeconómica,Instituto Nacional de Estadística y Censos (INDEC),Empleo e Ingresos
73.2_S_E_0_T_5,salta,Costo salarial sector privado. Salta,R/P3M,2006-01-01,2015-04-01,Pesos,"Costo Salarial  promedio del sector privado, por provincia",Subsecretaría de Programación Macroeconómica,Instituto Nacional de Estadística y Censos (INDEC),Empleo e Ingresos
73.2_TF_E_0_T_12,tierra_fuego,Costo salarial sector privado. Tierra del Fuego,R/P3M,2006-01-01,2015-04-01,Pesos,"Costo Salarial  promedio del sector privado, por provincia",Subsecretaría de Programación Macroeconómica,Instituto Nacional de Estadística y Censos (INDEC),Empleo e Ingresos
73.2_TSP_E_0_T_20,total_sector_privado,Costo salarial sector privado. Total sector privado,R/P3M,2006-01-01,2015-04-01,Pesos,"Costo Salarial  promedio del sector privado, por provincia",Subsecretaría de Programación Macroeconómica,Instituto Nacional de Estadística y Censos (INDEC),Empleo e Ingresos
73.2_T_E_0_T_7,tucuman,Costo salarial sector privado. Tucuman,R/P3M,2006-01-01,2015-04-01,Pesos,"Costo Salarial  promedio del sector privado, por provincia",Subsecretaría de Programación Macroeconómica,Instituto Nacional de Estadística y Censos (INDEC),Empleo e Ingresos
