series_id,title,description,frequency,time_index_start,time_index_end,units,dataset_title,publisher_name,source,theme
100.2_I2AB_2003_T_26,ipc_2003_alimentos_bebidas,IPC Alimentos y Bebidas. Base 2003. Trimestral,R/P3M,2005-10-01,2008-01-01,Índice 2003=100,Índice de Precios al Consumidor (IPC) Nacional. Por capítulos. Base 2003. SERIE DISCONTINUADA,Subsecretaría de Programación Macroeconómica,Instituto Nacional de Estadística y Censos (INDEC),Precios
100.2_I2AMS_2003_T_30,ipc_2003_atencion_medica_salud,IPC Atención médica y salud. Base 2003. Trimestral,R/P3M,2005-10-01,2008-01-01,Índice 2003=100,Índice de Precios al Consumidor (IPC) Nacional. Por capítulos. Base 2003. SERIE DISCONTINUADA,Subsecretaría de Programación Macroeconómica,Instituto Nacional de Estadística y Censos (INDEC),Precios
100.2_I2BSV_2003_T_32,ipc_2003_bienes_servicios_varios,IPC Bienes y servicios varios. Base 2003. Trimestral,R/P3M,2005-10-01,2008-01-01,Índice 2003=100,Índice de Precios al Consumidor (IPC) Nacional. Por capítulos. Base 2003. SERIE DISCONTINUADA,Subsecretaría de Programación Macroeconómica,Instituto Nacional de Estadística y Censos (INDEC),Precios
100.2_I2EDH_2003_T_31,ipc_2003_equipamiento_del_hogar,IPC Equipamiento del hogar Base. 2003. Trimestral,R/P3M,2005-10-01,2008-01-01,Índice 2003=100,Índice de Precios al Consumidor (IPC) Nacional. Por capítulos. Base 2003. SERIE DISCONTINUADA,Subsecretaría de Programación Macroeconómica,Instituto Nacional de Estadística y Censos (INDEC),Precios
100.2_I2E_2003_T_18,ipc_2003_educacion,IPC Educación. Base 2003. Trimestral,R/P3M,2005-10-01,2008-01-01,Índice 2003=100,Índice de Precios al Consumidor (IPC) Nacional. Por capítulos. Base 2003. SERIE DISCONTINUADA,Subsecretaría de Programación Macroeconómica,Instituto Nacional de Estadística y Censos (INDEC),Precios
100.2_I2E_2003_T_22,ipc_2003_esparcimiento,IPC Esparcimiento. Base 2003. Trimestral,R/P3M,2005-10-01,2008-01-01,Índice 2003=100,Índice de Precios al Consumidor (IPC) Nacional. Por capítulos. Base 2003. SERIE DISCONTINUADA,Subsecretaría de Programación Macroeconómica,Instituto Nacional de Estadística y Censos (INDEC),Precios
100.2_I2I_2003_T_21,ipc_2003_indumentaria,IPC Indumentaria. Base 2003. Trimestral,R/P3M,2005-10-01,2008-01-01,Índice 2003=100,Índice de Precios al Consumidor (IPC) Nacional. Por capítulos. Base 2003. SERIE DISCONTINUADA,Subsecretaría de Programación Macroeconómica,Instituto Nacional de Estadística y Censos (INDEC),Precios
100.2_I2NG_2003_T_22,ipc_2003_nivel_general,IPC Nivel General. Base 2003. Trimestral,R/P3M,2005-10-01,2008-01-01,Índice 2003=100,Índice de Precios al Consumidor (IPC) Nacional. Por capítulos. Base 2003. SERIE DISCONTINUADA,Subsecretaría de Programación Macroeconómica,Instituto Nacional de Estadística y Censos (INDEC),Precios
100.2_I2TC_2003_T_34,ipc_2003_transporte_comunicaciones,IPC Transporte y comunicaciones. Base 2003. Trimestral,R/P3M,2005-10-01,2008-01-01,Índice 2003=100,Índice de Precios al Consumidor (IPC) Nacional. Por capítulos. Base 2003. SERIE DISCONTINUADA,Subsecretaría de Programación Macroeconómica,Instituto Nacional de Estadística y Censos (INDEC),Precios
100.2_I2V_2003_T_17,ipc_2003_vivienda,IPC Vivienda. Base 2003. Trimestral,R/P3M,2005-10-01,2008-01-01,Índice 2003=100,Índice de Precios al Consumidor (IPC) Nacional. Por capítulos. Base 2003. SERIE DISCONTINUADA,Subsecretaría de Programación Macroeconómica,Instituto Nacional de Estadística y Censos (INDEC),Precios
100.3_I2AB_2003_M_26,ipc_2003_alimentos_bebidas,IPC Alimentos y Bebidas. Base 2003. Mensual,R/P1M,2005-09-01,2008-03-01,Índice 2003=100,Índice de Precios al Consumidor (IPC) Nacional. Por capítulos. Base 2003. SERIE DISCONTINUADA,Subsecretaría de Programación Macroeconómica,Instituto Nacional de Estadística y Censos (INDEC),Precios
100.3_I2AMS_2003_M_30,ipc_2003_atencion_medica_salud,IPC Atención médica y salud. Base 2003. Mensual,R/P1M,2005-09-01,2008-03-01,Índice 2003=100,Índice de Precios al Consumidor (IPC) Nacional. Por capítulos. Base 2003. SERIE DISCONTINUADA,Subsecretaría de Programación Macroeconómica,Instituto Nacional de Estadística y Censos (INDEC),Precios
100.3_I2BSV_2003_M_32,ipc_2003_bienes_servicios_varios,IPC Bienes y servicios varios. Base 2003. Mensual,R/P1M,2005-09-01,2008-03-01,Índice 2003=100,Índice de Precios al Consumidor (IPC) Nacional. Por capítulos. Base 2003. SERIE DISCONTINUADA,Subsecretaría de Programación Macroeconómica,Instituto Nacional de Estadística y Censos (INDEC),Precios
100.3_I2EDH_2003_M_31,ipc_2003_equipamiento_del_hogar,IPC Equipamiento del hogar Base. 2003. Mensual,R/P1M,2005-09-01,2008-03-01,Índice 2003=100,Índice de Precios al Consumidor (IPC) Nacional. Por capítulos. Base 2003. SERIE DISCONTINUADA,Subsecretaría de Programación Macroeconómica,Instituto Nacional de Estadística y Censos (INDEC),Precios
100.3_I2E_2003_M_18,ipc_2003_educacion,IPC Educación. Base 2003. Mensual,R/P1M,2005-09-01,2008-03-01,Índice 2003=100,Índice de Precios al Consumidor (IPC) Nacional. Por capítulos. Base 2003. SERIE DISCONTINUADA,Subsecretaría de Programación Macroeconómica,Instituto Nacional de Estadística y Censos (INDEC),Precios
100.3_I2E_2003_M_22,ipc_2003_esparcimiento,IPC Esparcimiento. Base 2003. Mensual,R/P1M,2005-09-01,2008-03-01,Índice 2003=100,Índice de Precios al Consumidor (IPC) Nacional. Por capítulos. Base 2003. SERIE DISCONTINUADA,Subsecretaría de Programación Macroeconómica,Instituto Nacional de Estadística y Censos (INDEC),Precios
100.3_I2I_2003_M_21,ipc_2003_indumentaria,IPC Indumentaria. Base 2003. Mensual,R/P1M,2005-09-01,2008-03-01,Índice 2003=100,Índice de Precios al Consumidor (IPC) Nacional. Por capítulos. Base 2003. SERIE DISCONTINUADA,Subsecretaría de Programación Macroeconómica,Instituto Nacional de Estadística y Censos (INDEC),Precios
100.3_I2NG_2003_M_22,ipc_2003_nivel_general,IPC Nivel General. Base 2003. Mensual,R/P1M,2005-09-01,2008-03-01,Índice 2003=100,Índice de Precios al Consumidor (IPC) Nacional. Por capítulos. Base 2003. SERIE DISCONTINUADA,Subsecretaría de Programación Macroeconómica,Instituto Nacional de Estadística y Censos (INDEC),Precios
100.3_I2TC_2003_M_34,ipc_2003_transporte_comunicaciones,IPC Transporte y comunicaciones. Base 2003. Mensual,R/P1M,2005-09-01,2008-03-01,Índice 2003=100,Índice de Precios al Consumidor (IPC) Nacional. Por capítulos. Base 2003. SERIE DISCONTINUADA,Subsecretaría de Programación Macroeconómica,Instituto Nacional de Estadística y Censos (INDEC),Precios
100.3_I2V_2003_M_17,ipc_2003_vivienda,IPC Vivienda. Base 2003. Mensual,R/P1M,2005-09-01,2008-03-01,Índice 2003=100,Índice de Precios al Consumidor (IPC) Nacional. Por capítulos. Base 2003. SERIE DISCONTINUADA,Subsecretaría de Programación Macroeconómica,Instituto Nacional de Estadística y Censos (INDEC),Precios
101.1_I2ABA_2016_M_28,ipc_2016_bebidas_alcoholicas,IPC-GBA. Bebidas alcohólicas. Base dic 2016. Mensual,R/P1M,2016-04-01,2026-07-01,Índice Dic-2016=100,Índice de Precios al Consumidor GBA (IPC-GBA). Base diciembre 2016.,Subsecretaría de Programación Macroeconómica,Instituto Nacional de Estadística y Censos (INDEC),Precios
101.1_I2AB_2016_M_26,ipc_2016_alimentos_bebidas,IPC-GBA. Alimentos y Bebidas. Base dic 2016. Mensual,R/P1M,2016-04-01,2026-07-01,Índice Dic-2016=100,Índice de Precios al Consumidor GBA (IPC-GBA). Base diciembre 2016.,Subsecretaría de Programación Macroeconómica,Instituto Nacional de Estadística y Censos (INDEC),Precios
101.1_I2AMS_2016_M_30,ipc_2016_atencion_medica_salud,IPC-GBA. Atención médica y salud. Base dic 2016. Mensual,R/P1M,2016-04-01,2026-07-01,Índice Dic-2016=100,Índice de Precios al Consumidor GBA (IPC-GBA). Base diciembre 2016.,Subsecretaría de Programación Macroeconómica,Instituto Nacional de Estadística y Censos (INDEC),Precios
101.1_I2BSV_2016_M_15,ipc_2016_bienes_servicios_varios,IPC-GBA. Bienes y servicios varios. Base dic 2016. Mensual,R/P1M,2016-04-01,2026-07-01,Índice Dic-2016=100,Índice de Precios al Consumidor GBA (IPC-GBA). Base diciembre 2016.,Subsecretaría de Programación Macroeconómica,Instituto Nacional de Estadística y Censos (INDEC),Precios
101.1_I2EDH_2016_M_31,ipc_2016_equipamiento_del_hogar,IPC-GBA. Equipamiento del hogar. Base dic 2016. Mensual,R/P1M,2016-04-01,2026-07-01,Índice Dic-2016=100,Índice de Precios al Consumidor GBA (IPC-GBA). Base diciembre 2016.,Subsecretaría de Programación Macroeconómica,Instituto Nacional de Estadística y Censos (INDEC),Precios
101.1_I2ED_2016_M_13,ipc_2016_educacion,IPC-GBA. Educación. Base dic 2016. Mensual,R/P1M,2016-04-01,2026-07-01,Índice Dic-2016=100,Índice de Precios al Consumidor GBA (IPC-GBA). Base diciembre 2016.,Subsecretaría de Programación Macroeconómica,Instituto Nacional de Estadística y Censos (INDEC),Precios
101.1_I2E_2016_M_18,ipc_2016_informacion_comunicacion,IPC-GBA. Información y comunicación. Base dic 2016. Mensual,R/P1M,2016-04-01,2026-07-01,Índice Dic-2016=100,Índice de Precios al Consumidor GBA (IPC-GBA). Base diciembre 2016.,Subsecretaría de Programación Macroeconómica,Instituto Nacional de Estadística y Censos (INDEC),Precios
101.1_I2I_2016_M_21,ipc_2016_indumentaria,IPC-GBA. Indumentaria. Base dic 2016. Mensual,R/P1M,2016-04-01,2026-07-01,Índice Dic-2016=100,Índice de Precios al Consumidor GBA (IPC-GBA). Base diciembre 2016.,Subsecretaría de Programación Macroeconómica,Instituto Nacional de Estadística y Censos (INDEC),Precios
101.1_I2NG_2016_M_22,ipc_2016_nivel_general,IPC-GBA. Nivel General. Base dic 2016. Mensual,R/P1M,2016-04-01,2026-07-01,Índice Dic-2016=100,Índice de Precios al Consumidor GBA (IPC-GBA). Base diciembre 2016.,Subsecretaría de Programación Macroeconómica,Instituto Nacional de Estadística y Censos (INDEC),Precios
101.1_I2RC_2016_M_32,ipc_2016_recreacion_cultura,IPC-GBA. Esparcimiento. Base dic 2016. Mensual,R/P1M,2016-04-01,2026-07-01,Índice Dic-2016=100,Índice de Precios al Consumidor GBA (IPC-GBA). Base diciembre 2016.,Subsecretaría de Programación Macroeconómica,Instituto Nacional de Estadística y Censos (INDEC),Precios
101.1_I2RH_2016_M_22,ipc_2016_restauranes_hoteles,IPC-GBA. Restauranes y hoteles. Base dic 2016. Mensual,R/P1M,2016-04-01,2026-07-01,Índice Dic-2016=100,Índice de Precios al Consumidor GBA (IPC-GBA). Base diciembre 2016.,Subsecretaría de Programación Macroeconómica,Instituto Nacional de Estadística y Censos (INDEC),Precios
101.1_I2TC_2016_M_19,ipc_2016_transporte,IPC-GBA. Transporte. Base dic 2016. Mensual,R/P1M,2016-04-01,2026-07-01,Índice Dic-2016=100,Índice de Precios al Consumidor GBA (IPC-GBA). Base diciembre 2016.,Subsecretaría de Programación Macroeconómica,Instituto Nacional de Estadística y Censos (INDEC),Precios
101.1_I2V_2016_M_17,ipc_2016_vivienda,IPC-GBA. Vivienda. Base dic 2016. Mensual,R/P1M,2016-04-01,2026-07-01,Índice Dic-2016=100,Índice de Precios al Consumidor GBA (IPC-GBA). Base diciembre 2016.,Subsecretaría de Programación Macroeconómica,Instituto Nacional de Estadística y Censos (INDEC),Precios
101.2_I2016_ADAS_2016_T_26,ipc_gba_alimentos_bebidas,IPC-GBA. Alimentos y Bebidas. Base dic 2016. Trimestral,R/P3M,2016-04-01,2026-04-01,Índice,Índice de Precios al Consumidor GBA (IPC-GBA). Base diciembre 2016.,Subsecretaría de Programación Macroeconómica,Instituto Nacional de Estadística y Censos (INDEC),Precios
101.2_I2016_ALUD_2016_T_30,ipc_gba_atencion_medica_salud,IPC-GBA. Atención médica y salud. Base dic 2016. Trimestral,R/P3M,2016-04-01,2026-04-01,Índice,Índice de Precios al Consumidor GBA (IPC-GBA). Base diciembre 2016.,Subsecretaría de Programación Macroeconómica,Instituto Nacional de Estadística y Censos (INDEC),Precios
101.2_I2016_BCAS_2016_T_28,ipc_gba_bebidas_alcoholicas,IPC-GBA. Bebidas alcohólicas. Base dic 2016. Trimestral,R/P3M,2016-04-01,2026-04-01,Índice,Índice de Precios al Consumidor GBA (IPC-GBA). Base diciembre 2016.,Subsecretaría de Programación Macroeconómica,Instituto Nacional de Estadística y Censos (INDEC),Precios
101.2_I2016_BIOS_2016_T_32,ipc_gba_bienes_servicios_varios,IPC-GBA. Bienes y servicios varios. Base dic 2016. Trimestral,R/P3M,2016-04-01,2026-04-01,Índice,Índice de Precios al Consumidor GBA (IPC-GBA). Base diciembre 2016.,Subsecretaría de Programación Macroeconómica,Instituto Nacional de Estadística y Censos (INDEC),Precios
101.2_I2016_EGAR_2016_T_31,ipc_gba_equipamiento_del_hogar,IPC-GBA. Equipamiento del hogar Base. 2016. Trimestral,R/P3M,2016-04-01,2026-04-01,Índice,Índice de Precios al Consumidor GBA (IPC-GBA). Base diciembre 2016.,Subsecretaría de Programación Macroeconómica,Instituto Nacional de Estadística y Censos (INDEC),Precios
101.2_I2016_EION_2016_T_18,ipc_gba_educacion,IPC-GBA. Educación. Base dic 2016. Trimestral,R/P3M,2016-04-01,2026-04-01,Índice,Índice de Precios al Consumidor GBA (IPC-GBA). Base diciembre 2016.,Subsecretaría de Programación Macroeconómica,Instituto Nacional de Estadística y Censos (INDEC),Precios
101.2_I2016_IION_2016_T_33,ipc_gba_informacion_comunicacion,IPC-GBA. Información y comunicación. Base dic 2016. Trimestral,R/P3M,2016-04-01,2026-04-01,Índice,Índice de Precios al Consumidor GBA (IPC-GBA). Base diciembre 2016.,Subsecretaría de Programación Macroeconómica,Instituto Nacional de Estadística y Censos (INDEC),Precios
101.2_I2016_IRIA_2016_T_21,ipc_gba_indumentaria,IPC-GBA. Indumentaria. Base dic 2016. Trimestral,R/P3M,2016-04-01,2026-04-01,Índice,Índice de Precios al Consumidor GBA (IPC-GBA). Base diciembre 2016.,Subsecretaría de Programación Macroeconómica,Instituto Nacional de Estadística y Censos (INDEC),Precios
101.2_I2016_NRAL_2016_T_22,ipc_gba_nivel_general,IPC-GBA. Nivel General. Base dic 2016. Trimestral,R/P3M,2016-04-01,2026-04-01,Índice,Índice de Precios al Consumidor GBA (IPC-GBA). Base diciembre 2016.,Subsecretaría de Programación Macroeconómica,Instituto Nacional de Estadística y Censos (INDEC),Precios
101.2_I2016_RLES_2016_T_28,ipc_gba_restauranes_hoteles,IPC-GBA. Restauranes y hoteles. Base dic 2016. Trimestral,R/P3M,2016-04-01,2026-04-01,Índice,Índice de Precios al Consumidor GBA (IPC-GBA). Base diciembre 2016.,Subsecretaría de Programación Macroeconómica,Instituto Nacional de Estadística y Censos (INDEC),Precios
101.2_I2016_RURA_2016_T_27,ipc_gba_recreacion_cultura,IPC-GBA. Esparcimiento. Base dic 2016. Trimestral,R/P3M,2016-04-01,2026-04-01,Índice,Índice de Precios al Consumidor GBA (IPC-GBA). Base diciembre 2016.,Subsecretaría de Programación Macroeconómica,Instituto Nacional de Estadística y Censos (INDEC),Precios
101.2_I2016_TRTE_2016_T_19,ipc_gba_transporte,IPC-GBA. Transporte. Base dic 2016. Trimestral,R/P3M,2016-04-01,2026-04-01,Índice,Índice de Precios al Consumidor GBA (IPC-GBA). Base diciembre 2016.,Subsecretaría de Programación Macroeconómica,Instituto Nacional de Estadística y Censos (INDEC),Precios
101.2_I2016_VNDA_2016_T_17,ipc_gba_vivienda,IPC-GBA. Vivienda. Base dic 2016. Trimestral,R/P3M,2016-04-01,2026-04-01,Índice,Índice de Precios al Consumidor GBA (IPC-GBA). Base diciembre 2016.,Subsecretaría de Programación Macroeconómica,Instituto Nacional de Estadística y Censos (INDEC),Precios
102.1_I2B_ABRI_M_15,ipc_2016_bienes,IPC-GBA. Bienes. Base abr 2016. Mensual,R/P1M,2016-04-01,2026-07-01,Índice Dic-2016=100,Índice de Precios al Consumidor GBA (IPC-GBA). Base diciembre 2016.,Subsecretaría de Programación Macroeconómica,Instituto Nacional de Estadística y Censos (INDEC),Precios
102.1_I2NG_ABRI_M_22,ipc_2016_nivel_general,IPC-GBA. Nivel General. Base abr 2016. Mensual,R/P1M,2016-04-01,2026-07-01,Índice Dic-2016=100,Índice de Precios al Consumidor GBA (IPC-GBA). Base diciembre 2016.,Subsecretaría de Programación Macroeconómica,Instituto Nacional de Estadística y Censos (INDEC),Precios
102.1_I2S_ABRI_M_18,ipc_2016_servicios,IPC-GBA. Servicios. Base abr 2016. Mensual,R/P1M,2016-04-01,2026-07-01,Índice Dic-2016=100,Índice de Precios al Consumidor GBA (IPC-GBA). Base diciembre 2016.,Subsecretaría de Programación Macroeconómica,Instituto Nacional de Estadística y Censos (INDEC),Precios
102.2_I2016_BNES_ABRI_T_15,ipc_gba_bienes,IPC-GBA. Bienes. Base dic 2016. Trimestral,R/P3M,2016-04-01,2026-04-01,Índice,Índice de Precios al Consumidor GBA (IPC-GBA). Base diciembre 2016.,Subsecretaría de Programación Macroeconómica,Instituto Nacional de Estadística y Censos (INDEC),Precios
102.2_I2016_NRAL_ABRI_T_22,ipc_gba_nivel_general,IPC-GBA. Nivel General. Base dic 2016. Trimestral,R/P3M,2016-04-01,2026-04-01,Índice,Índice de Precios al Consumidor GBA (IPC-GBA). Base diciembre 2016.,Subsecretaría de Programación Macroeconómica,Instituto Nacional de Estadística y Censos (INDEC),Precios
102.2_I2016_SIOS_ABRI_T_18,ipc_gba_servicios,IPC-GBA. Servicios. Base dic 2016. Trimestral,R/P3M,2016-04-01,2026-04-01,Índice,Índice de Precios al Consumidor GBA (IPC-GBA). Base diciembre 2016.,Subsecretaría de Programación Macroeconómica,Instituto Nacional de Estadística y Censos (INDEC),Precios
103.1_I2E_2016_M_21,ipc_2016_estacionales,IPC-GBA. Estacionales. Base abr 2016. Mensual,R/P1M,2016-04-01,2026-07-01,Índice Dic-2016=100,Índice de Precios al Consumidor GBA (IPC-GBA). Base diciembre 2016.,Subsecretaría de Programación Macroeconómica,Instituto Nacional de Estadística y Censos (INDEC),Precios
103.1_I2N_2016_M_15,ipc_2016_nucleo,IPC-GBA. Núcleo. Base abr 2016. Mensual,R/P1M,2016-04-01,2026-07-01,Índice Dic-2016=100,Índice de Precios al Consumidor GBA (IPC-GBA). Base diciembre 2016.,Subsecretaría de Programación Macroeconómica,Instituto Nacional de Estadística y Censos (INDEC),Precios
103.1_I2N_2016_M_19,ipc_2016_nivgeneral,IPC-GBA. Nivel General. Base abr 2016. Mensual,R/P1M,2016-04-01,2026-07-01,Índice Dic-2016=100,Índice de Precios al Consumidor GBA (IPC-GBA). Base diciembre 2016.,Subsecretaría de Programación Macroeconómica,Instituto Nacional de Estadística y Censos (INDEC),Precios
103.1_I2R_2016_M_18,ipc_2016_regulados,IPC-GBA. Regulados. Base abr 2016. Mensual,R/P1M,2016-04-01,2026-07-01,Índice Dic-2016=100,Índice de Precios al Consumidor GBA (IPC-GBA). Base diciembre 2016.,Subsecretaría de Programación Macroeconómica,Instituto Nacional de Estadística y Censos (INDEC),Precios
103.2_I2016_ELES_2016_T_21,ipc_gba_estacionales,IPC-GBA. Estacionales. Base dic 2016. Trimestral,R/P3M,2016-04-01,2026-01-01,Índice,Índice de Precios al Consumidor GBA (IPC-GBA). Base diciembre 2016.,Subsecretaría de Programación Macroeconómica,Instituto Nacional de Estadística y Censos (INDEC),Precios
103.2_I2016_NLEO_2016_T_15,ipc_gba_nucleo,IPC-GBA. Núcleo. Base dic 2016. Trimestral,R/P3M,2016-04-01,2026-01-01,Índice,Índice de Precios al Consumidor GBA (IPC-GBA). Base diciembre 2016.,Subsecretaría de Programación Macroeconómica,Instituto Nacional de Estadística y Censos (INDEC),Precios
103.2_I2016_NRAL_2016_T_19,ipc_gba_nivgeneral,IPC-GBA. Nivel General. Base dic 2016. Trimestral,R/P3M,2016-04-01,2026-01-01,Índice,Índice de Precios al Consumidor GBA (IPC-GBA). Base diciembre 2016.,Subsecretaría de Programación Macroeconómica,Instituto Nacional de Estadística y Censos (INDEC),Precios
103.2_I2016_RDOS_2016_T_18,ipc_gba_regulados,IPC-GBA. Regulados. Base dic 2016. Trimestral,R/P3M,2016-04-01,2026-01-01,Índice,Índice de Precios al Consumidor GBA (IPC-GBA). Base diciembre 2016.,Subsecretaría de Programación Macroeconómica,Instituto Nacional de Estadística y Censos (INDEC),Precios
104.1_I2ABCFH_2016_M_30,ipc_2016_prendas_vestir_cazado,IPC-GBA. Prendas y Calzado. Base abr 2016. Mensual,R/P1M,2016-04-01,2026-07-01,Índice Dic-2016=100,Índice de Precios al Consumidor GBA (IPC-GBA). Base diciembre 2016.,Subsecretaría de Programación Macroeconómica,Instituto Nacional de Estadística y Censos (INDEC),Precios
104.1_I2AB_2016_M_38,ipc_2016_aimentos_bebidas_no_acohoicas,IPC-GBA. Alimentos y bebidas. Base abr 2016. Mensual,R/P1M,2016-04-01,2026-07-01,Índice Dic-2016=100,Índice de Precios al Consumidor GBA (IPC-GBA). Base diciembre 2016.,Subsecretaría de Programación Macroeconómica,Instituto Nacional de Estadística y Censos (INDEC),Precios
104.1_I2ACH_2016_M_17,ipc_2016_aimentos,IPC-GBA. Alimentos para consumir en el hogar. Base abr 2016. Mensual,R/P1M,2016-04-01,2026-07-01,Índice Dic-2016=100,Índice de Precios al Consumidor GBA (IPC-GBA). Base diciembre 2016.,Subsecretaría de Programación Macroeconómica,Instituto Nacional de Estadística y Censos (INDEC),Precios
104.1_I2AG_2016_M_31,ipc_2016_aceites_grasas_manteca,IPC-GBA. Aceites y grasas. Base abr 2016. Mensual,R/P1M,2016-04-01,2026-07-01,Índice Dic-2016=100,Índice de Precios al Consumidor GBA (IPC-GBA). Base diciembre 2016.,Subsecretaría de Programación Macroeconómica,Instituto Nacional de Estadística y Censos (INDEC),Precios
104.1_I2AMDC_2016_M_42,ipc_2016_azucar_duces_chocote_goosinas_etc,"IPC-GBA. Azúcar, miel, dulces y cacao. Base abr 2016. Mensual",R/P1M,2016-04-01,2026-07-01,Índice Dic-2016=100,Índice de Precios al Consumidor GBA (IPC-GBA). Base diciembre 2016.,Subsecretaría de Programación Macroeconómica,Instituto Nacional de Estadística y Censos (INDEC),Precios
104.1_I2AMGS_2016_M_33,ipc_2016_informacion_comunicacion,IPC-GBA. Información y comunicación. Base abr 2016. Mensual,R/P1M,2016-04-01,2026-07-01,Índice Dic-2016=100,Índice de Precios al Consumidor GBA (IPC-GBA). Base diciembre 2016.,Subsecretaría de Programación Macroeconómica,Instituto Nacional de Estadística y Censos (INDEC),Precios
104.1_I2AV_2016_M_32,ipc_2016_bienes_servicios_varios,IPC-GBA. Bienes y servicios varios. Base abr 2016. Mensual,R/P1M,2016-04-01,2026-07-01,Índice Dic-2016=100,Índice de Precios al Consumidor GBA (IPC-GBA). Base diciembre 2016.,Subsecretaría de Programación Macroeconómica,Instituto Nacional de Estadística y Censos (INDEC),Precios
104.1_I2AV_2016_M_41,ipc_2016_equipamiento_mantenimiento_hogar,IPC-GBA. Mantenimiento del hogar. Base abr 2016. Mensual,R/P1M,2016-04-01,2026-07-01,Índice Dic-2016=100,Índice de Precios al Consumidor GBA (IPC-GBA). Base diciembre 2016.,Subsecretaría de Programación Macroeconómica,Instituto Nacional de Estadística y Censos (INDEC),Precios
104.1_I2BAT_2016_M_34,ipc_2016_bebidas_acoholicas_tabaco,IPC-GBA. Bebidas alcohólicas y tabaco. Base abr 2016. Mensual,R/P1M,2016-04-01,2026-07-01,Índice Dic-2016=100,Índice de Precios al Consumidor GBA (IPC-GBA). Base diciembre 2016.,Subsecretaría de Programación Macroeconómica,Instituto Nacional de Estadística y Censos (INDEC),Precios
104.1_I2BA_2016_M_15,ipc_2016_tabaco,IPC-GBA. Bebidas tabaco. Base abr 2016. Mensual,R/P1M,2016-04-01,2026-07-01,Índice Dic-2016=100,Índice de Precios al Consumidor GBA (IPC-GBA). Base diciembre 2016.,Subsecretaría de Programación Macroeconómica,Instituto Nacional de Estadística y Censos (INDEC),Precios
104.1_I2BA_2016_M_27,ipc_2016_bebidas_acoholicas,IPC-GBA. Bebidas alcohólicas. Base abr 2016. Mensual,R/P1M,2016-04-01,2026-07-01,Índice Dic-2016=100,Índice de Precios al Consumidor GBA (IPC-GBA). Base diciembre 2016.,Subsecretaría de Programación Macroeconómica,Instituto Nacional de Estadística y Censos (INDEC),Precios
104.1_I2CLL_2016_M_29,ipc_2016_bebidas_no_acohoicas,IPC-GBA. Bebidas no alcohólicas. Base abr 2016. Mensual,R/P1M,2016-04-01,2026-07-01,Índice Dic-2016=100,Índice de Precios al Consumidor GBA (IPC-GBA). Base diciembre 2016.,Subsecretaría de Programación Macroeconómica,Instituto Nacional de Estadística y Censos (INDEC),Precios
104.1_I2CTY_2016_M_28,ipc_2016_cafe_te_yerba_cacao,"IPC-GBA. Café, Té y Yerbas. Base abr 2016. Mensual",R/P1M,2016-04-01,2026-07-01,Índice Dic-2016=100,Índice de Precios al Consumidor GBA (IPC-GBA). Base diciembre 2016.,Subsecretaría de Programación Macroeconómica,Instituto Nacional de Estadística y Censos (INDEC),Precios
104.1_I2C_2016_M_25,ipc_2016_carnes_derivados,IPC-GBA. Carnes. Base abr 2016. Mensual,R/P1M,2016-04-01,2026-07-01,Índice Dic-2016=100,Índice de Precios al Consumidor GBA (IPC-GBA). Base diciembre 2016.,Subsecretaría de Programación Macroeconómica,Instituto Nacional de Estadística y Censos (INDEC),Precios
104.1_I2C_2016_M_42,ipc_2016_mantenimiento_reparacion_vivienda,IPC-GBA. Reparaciones y gastos comunes de la vivienda. Base abr 2016. Mensual,R/P1M,2016-04-01,2026-07-01,Índice Dic-2016=100,Índice de Precios al Consumidor GBA (IPC-GBA). Base diciembre 2016.,Subsecretaría de Programación Macroeconómica,Instituto Nacional de Estadística y Censos (INDEC),Precios
104.1_I2EH_2016_M_19,ipc_2016_transporte,IPC-GBA. Transporte. Base abr 2016. Mensual,R/P1M,2016-04-01,2026-07-01,Índice Dic-2016=100,Índice de Precios al Consumidor GBA (IPC-GBA). Base diciembre 2016.,Subsecretaría de Programación Macroeconómica,Instituto Nacional de Estadística y Censos (INDEC),Precios
104.1_I2EMH_2016_M_55,ipc_2016_productos_medicinales_artefactos_equipos_salud,IPC-GBA. Medicinas. Base abr 2016. Mensual,R/P1M,2016-04-01,2026-07-01,Índice Dic-2016=100,Índice de Precios al Consumidor GBA (IPC-GBA). Base diciembre 2016.,Subsecretaría de Programación Macroeconómica,Instituto Nacional de Estadística y Censos (INDEC),Precios
104.1_I2FMV_2016_M_24,ipc_2016_cuidado_persona,IPC-GBA. Bienes para el cuidado de la persona. Base abr 2016. Mensual,R/P1M,2016-04-01,2026-07-01,Índice Dic-2016=100,Índice de Precios al Consumidor GBA (IPC-GBA). Base diciembre 2016.,Subsecretaría de Programación Macroeconómica,Instituto Nacional de Estadística y Censos (INDEC),Precios
104.1_I2F_2016_M_15,ipc_2016_frutas,IPC-GBA. Frutas. Base abr 2016. Mensual,R/P1M,2016-04-01,2026-07-01,Índice Dic-2016=100,Índice de Precios al Consumidor GBA (IPC-GBA). Base diciembre 2016.,Subsecretaría de Programación Macroeconómica,Instituto Nacional de Estadística y Censos (INDEC),Precios
104.1_I2I_2016_M_34,ipc_2016_prendas_vestir_materiales,IPC-GBA. Indumentaria y materiales. Base abr 2016. Mensual,R/P1M,2016-04-01,2026-07-01,Índice Dic-2016=100,Índice de Precios al Consumidor GBA (IPC-GBA). Base diciembre 2016.,Subsecretaría de Programación Macroeconómica,Instituto Nacional de Estadística y Censos (INDEC),Precios
104.1_I2MH_2016_M_29,ipc_2016_adquisicion_vehicuos,IPC-GBA. Adquisición de vehículos. Base abr 2016. Mensual,R/P1M,2016-04-01,2026-07-01,Índice Dic-2016=100,Índice de Precios al Consumidor GBA (IPC-GBA). Base diciembre 2016.,Subsecretaría de Programación Macroeconómica,Instituto Nacional de Estadística y Censos (INDEC),Precios
104.1_I2NG_2016_M_20,ipc_2016_nive_genera,IPC-GBA. Nivel General. Base abr 2016. Mensual,R/P1M,2016-04-01,2026-07-01,Índice Dic-2016=100,Índice de Precios al Consumidor GBA (IPC-GBA). Base diciembre 2016.,Subsecretaría de Programación Macroeconómica,Instituto Nacional de Estadística y Censos (INDEC),Precios
104.1_I2PLH_2016_M_37,ipc_2016_eche_productos_acteos_huevos,IPC-GBA. Productos lácteos y huevos. Base abr 2016. Mensual,R/P1M,2016-04-01,2026-07-01,Índice Dic-2016=100,Índice de Precios al Consumidor GBA (IPC-GBA). Base diciembre 2016.,Subsecretaría de Programación Macroeconómica,Instituto Nacional de Estadística y Censos (INDEC),Precios
104.1_I2PMAT_2016_M_27,ipc_2016_recreacion_cultura,IPC-GBA. Creación y cultura. Base abr 2016. Mensual,R/P1M,2016-04-01,2026-07-01,Índice Dic-2016=100,Índice de Precios al Consumidor GBA (IPC-GBA). Base diciembre 2016.,Subsecretaría de Programación Macroeconómica,Instituto Nacional de Estadística y Censos (INDEC),Precios
104.1_I2PPCP_2016_M_20,ipc_2016_pan_cereaes,"IPC-GBA. Productos de panificación, cereales y pastas. Base abr 2016. Mensual",R/P1M,2016-04-01,2026-07-01,Índice Dic-2016=100,Índice de Precios al Consumidor GBA (IPC-GBA). Base diciembre 2016.,Subsecretaría de Programación Macroeconómica,Instituto Nacional de Estadística y Censos (INDEC),Precios
104.1_I2PUL_2016_M_50,ipc_2016_funcionamiento_equipos_transporte_persona,IPC-GBA. Funcionamiento y mantenimiento de vehículos. Base abr 2016. Mensual,R/P1M,2016-04-01,2026-07-01,Índice Dic-2016=100,Índice de Precios al Consumidor GBA (IPC-GBA). Base diciembre 2016.,Subsecretaría de Programación Macroeconómica,Instituto Nacional de Estadística y Censos (INDEC),Precios
104.1_I2RE_2016_M_25,ipc_2016_aquiler_vivienda,IPC-GBA. Alquiler de la vivienda. Base abr 2016. Mensual,R/P1M,2016-04-01,2026-07-01,Índice Dic-2016=100,Índice de Precios al Consumidor GBA (IPC-GBA). Base diciembre 2016.,Subsecretaría de Programación Macroeconómica,Instituto Nacional de Estadística y Censos (INDEC),Precios
104.1_I2RGCV_2016_M_14,ipc_2016_salud,IPC-GBA. Atención médica y gastos para la salud. Base abr 2016. Mensual,R/P1M,2016-04-01,2026-07-01,Índice Dic-2016=100,Índice de Precios al Consumidor GBA (IPC-GBA). Base diciembre 2016.,Subsecretaría de Programación Macroeconómica,Instituto Nacional de Estadística y Censos (INDEC),Precios
104.1_I2RI_2016_M_53,ipc_2016_vivienda_agua_electricidad_otros_combustibes,"IPC-GBA. Vivienda y servicios básicos (agua, electricidad y otros combustibres). Base abr 2016. Mensual",R/P1M,2016-04-01,2026-07-01,Índice Dic-2016=100,Índice de Precios al Consumidor GBA (IPC-GBA). Base diciembre 2016.,Subsecretaría de Programación Macroeconómica,Instituto Nacional de Estadística y Censos (INDEC),Precios
104.1_I2R_2016_M_15,ipc_2016_cazado,IPC-GBA. Calzado. Base abr 2016. Mensual,R/P1M,2016-04-01,2026-07-01,Índice Dic-2016=100,Índice de Precios al Consumidor GBA (IPC-GBA). Base diciembre 2016.,Subsecretaría de Programación Macroeconómica,Instituto Nacional de Estadística y Censos (INDEC),Precios
104.1_I2SBCV_2016_M_49,ipc_2016_bienes_servicios_para_conservacion_hogar,IPC-GBA. Servicios básicos y combustibles para la vivienda. Base abr 2016. Mensual,R/P1M,2016-04-01,2026-07-01,Índice Dic-2016=100,Índice de Precios al Consumidor GBA (IPC-GBA). Base diciembre 2016.,Subsecretaría de Programación Macroeconómica,Instituto Nacional de Estadística y Censos (INDEC),Precios
104.1_I2SH_2016_M_26,ipc_2016_transporte_pubico,IPC-GBA. Transporte público. Base abr 2016. Mensual,R/P1M,2016-04-01,2026-07-01,Índice Dic-2016=100,Índice de Precios al Consumidor GBA (IPC-GBA). Base diciembre 2016.,Subsecretaría de Programación Macroeconómica,Instituto Nacional de Estadística y Censos (INDEC),Precios
104.1_I2SS_2016_M_60,ipc_2016_equipos_audiovisuaes_fotograficos_procesamiento_inf,IPC-GBA. Equipos audiovisuales. Base abr 2016. Mensual,R/P1M,2016-04-01,2026-07-01,Índice Dic-2016=100,Índice de Precios al Consumidor GBA (IPC-GBA). Base diciembre 2016.,Subsecretaría de Programación Macroeconómica,Instituto Nacional de Estadística y Censos (INDEC),Precios
104.1_I2TC_2016_M_60,ipc_2016_periodicos_diarios_revistas_ibros_articuos_papeeria,"IPC-GBA. Periódicos, diarios y revistas. Base abr 2016. Mensual",R/P1M,2016-04-01,2026-07-01,Índice Dic-2016=100,Índice de Precios al Consumidor GBA (IPC-GBA). Base diciembre 2016.,Subsecretaría de Programación Macroeconómica,Instituto Nacional de Estadística y Censos (INDEC),Precios
104.1_I2TPP_2016_M_29,ipc_2016_restaurantes_hoteles,IPC-GBA. Restaurantes y hoteles. Base abr 2016. Mensual,R/P1M,2016-04-01,2026-07-01,Índice Dic-2016=100,Índice de Precios al Consumidor GBA (IPC-GBA). Base diciembre 2016.,Subsecretaría de Programación Macroeconómica,Instituto Nacional de Estadística y Censos (INDEC),Precios
104.1_I2T_2016_M_18,ipc_2016_educacion,IPC-GBA. Educación. Base abr 2016. Mensual,R/P1M,2016-04-01,2026-07-01,Índice Dic-2016=100,Índice de Precios al Consumidor GBA (IPC-GBA). Base diciembre 2016.,Subsecretaría de Programación Macroeconómica,Instituto Nacional de Estadística y Censos (INDEC),Precios
104.1_I2VSB_2016_M_43,ipc_2016_electricidad_gas_otros_combustibes,IPC-GBA. Vivienda y servicios (electricidad y gas). Base abr 2016. Mensual,R/P1M,2016-04-01,2026-07-01,Índice Dic-2016=100,Índice de Precios al Consumidor GBA (IPC-GBA). Base diciembre 2016.,Subsecretaría de Programación Macroeconómica,Instituto Nacional de Estadística y Censos (INDEC),Precios
104.1_I2V_2016_M_36,ipc_2016_verduras_tubercuos_egumbres,IPC-GBA. Verduras. Base abr 2016. Mensual,R/P1M,2016-04-01,2026-07-01,Índice Dic-2016=100,Índice de Precios al Consumidor GBA (IPC-GBA). Base diciembre 2016.,Subsecretaría de Programación Macroeconómica,Instituto Nacional de Estadística y Censos (INDEC),Precios
104.2_I2016_ACAS_2016_T_38,ipc_gba_aimentos_bebidas_no_acohoicas,IPC-GBA. Alimentos y bebidas. Base dic 2016. Trimestral,R/P3M,2016-04-01,2026-04-01,Índice,Índice de Precios al Consumidor GBA (IPC-GBA). Base diciembre 2016.,Subsecretaría de Programación Macroeconómica,Instituto Nacional de Estadística y Censos (INDEC),Precios
104.2_I2016_AECA_2016_T_31,ipc_gba_aceites_grasas_manteca,IPC-GBA. Aceites y grasas. Base dic 2016. Trimestral,R/P3M,2016-04-01,2026-04-01,Índice,Índice de Precios al Consumidor GBA (IPC-GBA). Base diciembre 2016.,Subsecretaría de Programación Macroeconómica,Instituto Nacional de Estadística y Censos (INDEC),Precios
104.2_I2016_AETC_2016_T_42,ipc_gba_azucar_duces_chocote_goosinas_etc,"IPC-GBA. Azúcar, miel, dulces y cacao. Base dic 2016. Trimestral",R/P3M,2016-04-01,2026-04-01,Índice,Índice de Precios al Consumidor GBA (IPC-GBA). Base diciembre 2016.,Subsecretaría de Programación Macroeconómica,Instituto Nacional de Estadística y Censos (INDEC),Precios
104.2_I2016_ANDA_2016_T_25,ipc_gba_aquiler_vivienda,IPC-GBA. Alquiler de la vivienda. Base dic 2016. Trimestral,R/P3M,2016-04-01,2026-04-01,Índice,Índice de Precios al Consumidor GBA (IPC-GBA). Base diciembre 2016.,Subsecretaría de Programación Macroeconómica,Instituto Nacional de Estadística y Censos (INDEC),Precios
104.2_I2016_ATOS_2016_T_17,ipc_gba_aimentos,IPC-GBA. Alimentos para consumir en el hogar. Base dic 2016. Trimestral,R/P3M,2016-04-01,2026-04-01,Índice,Índice de Precios al Consumidor GBA (IPC-GBA). Base diciembre 2016.,Subsecretaría de Programación Macroeconómica,Instituto Nacional de Estadística y Censos (INDEC),Precios
104.2_I2016_AUOS_2016_T_29,ipc_gba_adquisicion_vehicuos,IPC-GBA. Adquisición de vehículos. Base dic 2016. Trimestral,R/P3M,2016-04-01,2026-04-01,Índice,Índice de Precios al Consumidor GBA (IPC-GBA). Base diciembre 2016.,Subsecretaría de Programación Macroeconómica,Instituto Nacional de Estadística y Censos (INDEC),Precios
104.2_I2016_BACO_2016_T_34,ipc_gba_bebidas_acoholicas_tabaco,IPC-GBA. Bebidas alcohólicas y tabaco. Base dic 2016. Trimestral,R/P3M,2016-04-01,2026-04-01,Índice,Índice de Precios al Consumidor GBA (IPC-GBA). Base diciembre 2016.,Subsecretaría de Programación Macroeconómica,Instituto Nacional de Estadística y Censos (INDEC),Precios
104.2_I2016_BCAS_2016_T_27,ipc_gba_bebidas_acoholicas,IPC-GBA. Bebidas alcohólicas . Base dic 2016. Trimestral,R/P3M,2016-04-01,2026-04-01,Índice,Índice de Precios al Consumidor GBA (IPC-GBA). Base diciembre 2016.,Subsecretaría de Programación Macroeconómica,Instituto Nacional de Estadística y Censos (INDEC),Precios
104.2_I2016_BCAS_2016_T_29,ipc_gba_bebidas_no_acohoicas,IPC-GBA. Bebidas no alcohólicas. Base dic 2016. Trimestral,R/P3M,2016-04-01,2026-04-01,Índice,Índice de Precios al Consumidor GBA (IPC-GBA). Base diciembre 2016.,Subsecretaría de Programación Macroeconómica,Instituto Nacional de Estadística y Censos (INDEC),Precios
104.2_I2016_BGAR_2016_T_49,ipc_gba_bienes_servicios_para_conservacion_hogar,IPC-GBA. Servicios básicos y combustibles para la vivienda. Base dic 2016. Trimestral,R/P3M,2016-04-01,2026-04-01,Índice,Índice de Precios al Consumidor GBA (IPC-GBA). Base diciembre 2016.,Subsecretaría de Programación Macroeconómica,Instituto Nacional de Estadística y Censos (INDEC),Precios
104.2_I2016_BIOS_2016_T_32,ipc_gba_bienes_servicios_varios,IPC-GBA. Bienes y servicios varios. Base dic 2016. Trimestral,R/P3M,2016-04-01,2026-04-01,Índice,Índice de Precios al Consumidor GBA (IPC-GBA). Base diciembre 2016.,Subsecretaría de Programación Macroeconómica,Instituto Nacional de Estadística y Censos (INDEC),Precios
104.2_I2016_CADO_2016_T_15,ipc_gba_cazado,IPC-GBA. Calzado. Base dic 2016. Trimestral,R/P3M,2016-04-01,2026-04-01,Índice,Índice de Precios al Consumidor GBA (IPC-GBA). Base diciembre 2016.,Subsecretaría de Programación Macroeconómica,Instituto Nacional de Estadística y Censos (INDEC),Precios
104.2_I2016_CCAO_2016_T_28,ipc_gba_cafe_te_yerba_cacao,"IPC-GBA. Café, Té y Yerbas. Base dic 2016. Trimestral",R/P3M,2016-04-01,2026-04-01,Índice,Índice de Precios al Consumidor GBA (IPC-GBA). Base diciembre 2016.,Subsecretaría de Programación Macroeconómica,Instituto Nacional de Estadística y Censos (INDEC),Precios
104.2_I2016_CDOS_2016_T_25,ipc_gba_carnes_derivados,IPC-GBA. Carnes. Base dic 2016. Trimestral,R/P3M,2016-04-01,2026-04-01,Índice,Índice de Precios al Consumidor GBA (IPC-GBA). Base diciembre 2016.,Subsecretaría de Programación Macroeconómica,Instituto Nacional de Estadística y Censos (INDEC),Precios
104.2_I2016_CONA_2016_T_24,ipc_gba_cuidado_persona,IPC-GBA. Bienes para el cuidado de la persona. Base dic 2016. Trimestral,R/P3M,2016-04-01,2026-04-01,Índice,Índice de Precios al Consumidor GBA (IPC-GBA). Base diciembre 2016.,Subsecretaría de Programación Macroeconómica,Instituto Nacional de Estadística y Censos (INDEC),Precios
104.2_I2016_EBES_2016_T_43,ipc_gba_electricidad_gas_otros_combustibes,IPC-GBA. Vivienda y servicios (electricidad y gas). Base dic 2016. Trimestral,R/P3M,2016-04-01,2026-04-01,Índice,Índice de Precios al Consumidor GBA (IPC-GBA). Base diciembre 2016.,Subsecretaría de Programación Macroeconómica,Instituto Nacional de Estadística y Censos (INDEC),Precios
104.2_I2016_EGAR_2016_T_41,ipc_gba_equipamiento_mantenimiento_hogar,IPC-GBA. Mantenimiento del hogar. Base dic 2016. Trimestral,R/P3M,2016-04-01,2026-04-01,Índice,Índice de Precios al Consumidor GBA (IPC-GBA). Base diciembre 2016.,Subsecretaría de Programación Macroeconómica,Instituto Nacional de Estadística y Censos (INDEC),Precios
104.2_I2016_EINF_2016_T_60,ipc_gba_equipos_audiovisuaes_fotograficos_procesamiento_inf,IPC-GBA. Equipos audiovisuales Base dic 2016. Trimestral,R/P3M,2016-04-01,2026-04-01,Índice,Índice de Precios al Consumidor GBA (IPC-GBA). Base diciembre 2016.,Subsecretaría de Programación Macroeconómica,Instituto Nacional de Estadística y Censos (INDEC),Precios
104.2_I2016_EION_2016_T_18,ipc_gba_educacion,IPC-GBA. Educación. Base dic 2016. Trimestral,R/P3M,2016-04-01,2026-04-01,Índice,Índice de Precios al Consumidor GBA (IPC-GBA). Base diciembre 2016.,Subsecretaría de Programación Macroeconómica,Instituto Nacional de Estadística y Censos (INDEC),Precios
104.2_I2016_EVOS_2016_T_37,ipc_gba_eche_productos_acteos_huevos,IPC-GBA. Productos lácteos y huevos. Base dic 2016. Trimestral,R/P3M,2016-04-01,2026-04-01,Índice,Índice de Precios al Consumidor GBA (IPC-GBA). Base diciembre 2016.,Subsecretaría de Programación Macroeconómica,Instituto Nacional de Estadística y Censos (INDEC),Precios
104.2_I2016_FONA_2016_T_50,ipc_gba_funcionamiento_equipos_transporte_persona,IPC-GBA. Funcionamiento y mantenimiento de vehículos. Base dic 2016. Trimestral,R/P3M,2016-04-01,2026-04-01,Índice,Índice de Precios al Consumidor GBA (IPC-GBA). Base diciembre 2016.,Subsecretaría de Programación Macroeconómica,Instituto Nacional de Estadística y Censos (INDEC),Precios
104.2_I2016_FTAS_2016_T_15,ipc_gba_frutas,IPC-GBA. Frutas. Base dic 2016. Trimestral,R/P3M,2016-04-01,2026-04-01,Índice,Índice de Precios al Consumidor GBA (IPC-GBA). Base diciembre 2016.,Subsecretaría de Programación Macroeconómica,Instituto Nacional de Estadística y Censos (INDEC),Precios
104.2_I2016_IION_2016_T_33,ipc_gba_informacion_comunicacion,IPC-GBA. Información y comunicación. Base dic 2016. Trimestral,R/P3M,2016-04-01,2026-04-01,Índice,Índice de Precios al Consumidor GBA (IPC-GBA). Base diciembre 2016.,Subsecretaría de Programación Macroeconómica,Instituto Nacional de Estadística y Censos (INDEC),Precios
104.2_I2016_MNDA_2016_T_42,ipc_gba_mantenimiento_reparacion_vivienda,IPC-GBA. Reparaciones y gastos comunes de la vivienda. Base dic 2016. Trimestral,R/P3M,2016-04-01,2026-04-01,Índice,Índice de Precios al Consumidor GBA (IPC-GBA). Base diciembre 2016.,Subsecretaría de Programación Macroeconómica,Instituto Nacional de Estadística y Censos (INDEC),Precios
104.2_I2016_NERA_2016_T_20,ipc_gba_nive_genera,IPC-GBA. Nivel General. Base dic 2016. Trimestral,R/P3M,2016-04-01,2026-04-01,Índice,Índice de Precios al Consumidor GBA (IPC-GBA). Base diciembre 2016.,Subsecretaría de Programación Macroeconómica,Instituto Nacional de Estadística y Censos (INDEC),Precios
104.2_I2016_PADO_2016_T_30,ipc_gba_prendas_vestir_cazado,IPC-GBA. Prendas y Calzado. Base dic 2016. Trimestral,R/P3M,2016-04-01,2026-04-01,Índice,Índice de Precios al Consumidor GBA (IPC-GBA). Base diciembre 2016.,Subsecretaría de Programación Macroeconómica,Instituto Nacional de Estadística y Censos (INDEC),Precios
104.2_I2016_PAES_2016_T_20,ipc_gba_pan_cereaes,"IPC-GBA. Productos de panificación, cereales y pastas. Base dic 2016. Trimestral",R/P3M,2016-04-01,2026-04-01,Índice,Índice de Precios al Consumidor GBA (IPC-GBA). Base diciembre 2016.,Subsecretaría de Programación Macroeconómica,Instituto Nacional de Estadística y Censos (INDEC),Precios
104.2_I2016_PLES_2016_T_34,ipc_gba_prendas_vestir_materiales,IPC-GBA. Indumentaria y materiales. Base dic 2016. Trimestral,R/P3M,2016-04-01,2026-04-01,Índice,Índice de Precios al Consumidor GBA (IPC-GBA). Base diciembre 2016.,Subsecretaría de Programación Macroeconómica,Instituto Nacional de Estadística y Censos (INDEC),Precios
104.2_I2016_PLUD_2016_T_55,ipc_gba_productos_medicinales_artefactos_equipos_salud,IPC-GBA. Medicinas. Base dic 2016. Trimestral,R/P3M,2016-04-01,2026-04-01,Índice,Índice de Precios al Consumidor GBA (IPC-GBA). Base diciembre 2016.,Subsecretaría de Programación Macroeconómica,Instituto Nacional de Estadística y Censos (INDEC),Precios
104.2_I2016_PRIA_2016_T_60,ipc_gba_periodicos_diarios_revistas_ibros_articuos_papeeria,"IPC-GBA. Periódicos, diarios y revistas. Base dic 2016. Trimestral",R/P3M,2016-04-01,2026-04-01,Índice,Índice de Precios al Consumidor GBA (IPC-GBA). Base diciembre 2016.,Subsecretaría de Programación Macroeconómica,Instituto Nacional de Estadística y Censos (INDEC),Precios
104.2_I2016_RLES_2016_T_29,ipc_gba_restaurantes_hoteles,IPC-GBA. Restaurantes y hoteles.Base dic 2016. Trimestral,R/P3M,2016-04-01,2026-04-01,Índice,Índice de Precios al Consumidor GBA (IPC-GBA). Base diciembre 2016.,Subsecretaría de Programación Macroeconómica,Instituto Nacional de Estadística y Censos (INDEC),Precios
104.2_I2016_RURA_2016_T_27,ipc_gba_recreacion_cultura,IPC-GBA. Creación y cultura. Base dic 2016. Trimestral,R/P3M,2016-04-01,2026-04-01,Índice,Índice de Precios al Consumidor GBA (IPC-GBA). Base diciembre 2016.,Subsecretaría de Programación Macroeconómica,Instituto Nacional de Estadística y Censos (INDEC),Precios
104.2_I2016_SLUD_2016_T_14,ipc_gba_salud,IPC-GBA. Atención médica y gastos para la salud. Base dic 2016. Trimestral,R/P3M,2016-04-01,2026-04-01,Índice,Índice de Precios al Consumidor GBA (IPC-GBA). Base diciembre 2016.,Subsecretaría de Programación Macroeconómica,Instituto Nacional de Estadística y Censos (INDEC),Precios
104.2_I2016_TACO_2016_T_15,ipc_gba_tabaco,IPC-GBA. Bebidas tabaco. Base dic 2016. Trimestral,R/P3M,2016-04-01,2026-04-01,Índice,Índice de Precios al Consumidor GBA (IPC-GBA). Base diciembre 2016.,Subsecretaría de Programación Macroeconómica,Instituto Nacional de Estadística y Censos (INDEC),Precios
104.2_I2016_TICO_2016_T_26,ipc_gba_transporte_pubico,IPC-GBA. Transporte público. Base dic 2016. Trimestral,R/P3M,2016-04-01,2026-04-01,Índice,Índice de Precios al Consumidor GBA (IPC-GBA). Base diciembre 2016.,Subsecretaría de Programación Macroeconómica,Instituto Nacional de Estadística y Censos (INDEC),Precios
104.2_I2016_TRTE_2016_T_19,ipc_gba_transporte,IPC-GBA. Transporte. Base dic 2016. Trimestral,R/P3M,2016-04-01,2026-04-01,Índice,Índice de Precios al Consumidor GBA (IPC-GBA). Base diciembre 2016.,Subsecretaría de Programación Macroeconómica,Instituto Nacional de Estadística y Censos (INDEC),Precios
104.2_I2016_VBES_2016_T_53,ipc_gba_vivienda_agua_electricidad_otros_combustibes,"IPC-GBA. Vivienda y servicios básicos (agua, electricidad y otros combustibres). Base dic 2016. Trimestral",R/P3M,2016-04-01,2026-04-01,Índice,Índice de Precios al Consumidor GBA (IPC-GBA). Base diciembre 2016.,Subsecretaría de Programación Macroeconómica,Instituto Nacional de Estadística y Censos (INDEC),Precios
104.2_I2016_VRES_2016_T_36,ipc_gba_verduras_tubercuos_egumbres,IPC-GBA. Verduras. Base dic 2016. Trimestral,R/P3M,2016-04-01,2026-04-01,Índice,Índice de Precios al Consumidor GBA (IPC-GBA). Base diciembre 2016.,Subsecretaría de Programación Macroeconómica,Instituto Nacional de Estadística y Censos (INDEC),Precios
105.1_I2ABS_2016_M_28,ipc_2016_arroz_blanco_simple,IPC-GBA. Precios. Arroz blanco simple. Mensual,R/P1M,2016-04-01,2026-07-01,Pesos,Índice de Precios al Consumidor GBA (IPC-GBA). Base diciembre 2016.,Subsecretaría de Programación Macroeconómica,Instituto Nacional de Estadística y Censos (INDEC),Precios
105.1_I2AG_2016_M_23,ipc_2016_aceite_girasol,IPC-GBA. Precios. Aceite de girasol. Mensual,R/P1M,2016-04-01,2026-07-01,Pesos,Índice de Precios al Consumidor GBA (IPC-GBA). Base diciembre 2016.,Subsecretaría de Programación Macroeconómica,Instituto Nacional de Estadística y Censos (INDEC),Precios
105.1_I2AM_2016_M_22,ipc_2016_aceite_mezcla,IPC-GBA. Precios. Aceite mezcla. Mensual,R/P1M,2016-04-01,2016-11-01,Pesos,Índice de Precios al Consumidor GBA (IPC-GBA). Base diciembre 2016.,Subsecretaría de Programación Macroeconómica,Instituto Nacional de Estadística y Censos (INDEC),Precios
105.1_I2ASG_2016_M_21,ipc_2016_agua_sin_gas,IPC-GBA. Precios. Agua sin gas. Mensual,R/P1M,2016-04-01,2026-07-01,Pesos,Índice de Precios al Consumidor GBA (IPC-GBA). Base diciembre 2016.,Subsecretaría de Programación Macroeconómica,Instituto Nacional de Estadística y Censos (INDEC),Precios
105.1_I2ASR_2016_M_32,ipc_2016_arvejas_secas_remojadas,IPC-GBA. Precios. Arvejas secas remojadas. Mensual,R/P1M,2016-04-01,2026-07-01,Pesos,Índice de Precios al Consumidor GBA (IPC-GBA). Base diciembre 2016.,Subsecretaría de Programación Macroeconómica,Instituto Nacional de Estadística y Censos (INDEC),Precios
105.1_I2A_2016_M_14,ipc_2016_asado,IPC-GBA. Precios. Asado. Mensual,R/P1M,2016-04-01,2026-07-01,Pesos,Índice de Precios al Consumidor GBA (IPC-GBA). Base diciembre 2016.,Subsecretaría de Programación Macroeconómica,Instituto Nacional de Estadística y Censos (INDEC),Precios
105.1_I2A_2016_M_15,ipc_2016_azucar,IPC-GBA. Precios. Azúcar. Mensual,R/P1M,2016-04-01,2026-07-01,Pesos,Índice de Precios al Consumidor GBA (IPC-GBA). Base diciembre 2016.,Subsecretaría de Programación Macroeconómica,Instituto Nacional de Estadística y Censos (INDEC),Precios
105.1_I2A_2016_M_16,ipc_2016_algodon,IPC-GBA. Precios. Algodón. Mensual,R/P1M,2016-07-01,2026-07-01,Pesos,Índice de Precios al Consumidor GBA (IPC-GBA). Base diciembre 2016.,Subsecretaría de Programación Macroeconómica,Instituto Nacional de Estadística y Censos (INDEC),Precios
105.1_I2BAT_2016_M_15,ipc_2016_batata,IPC-GBA. Precios. Batata. Mensual,R/P1M,2016-04-01,2026-07-01,Pesos,Índice de Precios al Consumidor GBA (IPC-GBA). Base diciembre 2016.,Subsecretaría de Programación Macroeconómica,Instituto Nacional de Estadística y Censos (INDEC),Precios
105.1_I2B_2016_M_15,ipc_2016_banana,IPC-GBA. Precios. Banana. Mensual,R/P1M,2016-04-01,2026-07-01,Pesos,Índice de Precios al Consumidor GBA (IPC-GBA). Base diciembre 2016.,Subsecretaría de Programación Macroeconómica,Instituto Nacional de Estadística y Censos (INDEC),Precios
105.1_I2CB_2016_M_24,ipc_2016_cerveza_botella,IPC-GBA. Precios. Cerveza en botella. Mensual,R/P1M,2016-04-01,2026-07-01,Pesos,Índice de Precios al Consumidor GBA (IPC-GBA). Base diciembre 2016.,Subsecretaría de Programación Macroeconómica,Instituto Nacional de Estadística y Censos (INDEC),Precios
105.1_I2CE_2016_M_16,ipc_2016_cebolla,IPC-GBA. Precios. Cebolla. Mensual,R/P1M,2016-04-01,2026-07-01,Pesos,Índice de Precios al Consumidor GBA (IPC-GBA). Base diciembre 2016.,Subsecretaría de Programación Macroeconómica,Instituto Nacional de Estadística y Censos (INDEC),Precios
105.1_I2CM_2016_M_20,ipc_2016_cafe_molido,IPC-GBA. Precios. Café molido. Mensual,R/P1M,2016-04-01,2026-07-01,Pesos,Índice de Precios al Consumidor GBA (IPC-GBA). Base diciembre 2016.,Subsecretaría de Programación Macroeconómica,Instituto Nacional de Estadística y Censos (INDEC),Precios
105.1_I2CPC_2016_M_27,ipc_2016_carne_picada_comun,IPC-GBA. Precios. Carne picada común. Mensual,R/P1M,2016-04-01,2026-07-01,Pesos,Índice de Precios al Consumidor GBA (IPC-GBA). Base diciembre 2016.,Subsecretaría de Programación Macroeconómica,Instituto Nacional de Estadística y Censos (INDEC),Precios
105.1_I2C_2016_M_15,ipc_2016_champu,IPC-GBA. Precios. Champú. Mensual,R/P1M,2016-07-01,2026-07-01,Pesos,Índice de Precios al Consumidor GBA (IPC-GBA). Base diciembre 2016.,Subsecretaría de Programación Macroeconómica,Instituto Nacional de Estadística y Censos (INDEC),Precios
105.1_I2C_2016_M_16,ipc_2016_cuadril,IPC-GBA. Precios. Cuadril. Mensual,R/P1M,2016-04-01,2026-07-01,Pesos,Índice de Precios al Consumidor GBA (IPC-GBA). Base diciembre 2016.,Subsecretaría de Programación Macroeconómica,Instituto Nacional de Estadística y Censos (INDEC),Precios
105.1_I2DL_2016_M_20,ipc_2016_dulce_leche,IPC-GBA. Precios. Dulce de leche. Mensual,R/P1M,2016-04-01,2026-07-01,Pesos,Índice de Precios al Consumidor GBA (IPC-GBA). Base diciembre 2016.,Subsecretaría de Programación Macroeconómica,Instituto Nacional de Estadística y Censos (INDEC),Precios
105.1_I2DL_2016_M_27,ipc_2016_detergente_liquido,IPC-GBA. Precios. Detergente líquido. Mensual,R/P1M,2016-07-01,2026-07-01,Pesos,Índice de Precios al Consumidor GBA (IPC-GBA). Base diciembre 2016.,Subsecretaría de Programación Macroeconómica,Instituto Nacional de Estadística y Censos (INDEC),Precios
105.1_I2D_2016_M_20,ipc_2016_desodorante,IPC-GBA. Precios. Desodorante. Mensual,R/P1M,2016-07-01,2026-07-01,Pesos,Índice de Precios al Consumidor GBA (IPC-GBA). Base diciembre 2016.,Subsecretaría de Programación Macroeconómica,Instituto Nacional de Estadística y Censos (INDEC),Precios
105.1_I2FMF_2016_M_29,ipc_2016_filet_merluza_fresco,IPC-GBA. Precios. Filet de merluza fresco. Mensual,R/P1M,2016-04-01,2026-07-01,Pesos,Índice de Precios al Consumidor GBA (IPC-GBA). Base diciembre 2016.,Subsecretaría de Programación Macroeconómica,Instituto Nacional de Estadística y Censos (INDEC),Precios
105.1_I2FS_2016_M_21,ipc_2016_fideos_secos,IPC-GBA. Precios. Fideos secos tipo guisero. Mensual,R/P1M,2016-04-01,2026-07-01,Pesos,Índice de Precios al Consumidor GBA (IPC-GBA). Base diciembre 2016.,Subsecretaría de Programación Macroeconómica,Instituto Nacional de Estadística y Censos (INDEC),Precios
105.1_I2GAE_2016_M_34,ipc_2016_galletitas_agua_envasadas,IPC-GBA. Precios. Galletitas de agua envasadas. Mensual,R/P1M,2016-04-01,2026-07-01,Pesos,Índice de Precios al Consumidor GBA (IPC-GBA). Base diciembre 2016.,Subsecretaría de Programación Macroeconómica,Instituto Nacional de Estadística y Censos (INDEC),Precios
105.1_I2GBC_2016_M_26,ipc_2016_gaseosa_base_cola,IPC-GBA. Precios. Gaseosa base cola. Mensual,R/P1M,2016-04-01,2026-07-01,Pesos,Índice de Precios al Consumidor GBA (IPC-GBA). Base diciembre 2016.,Subsecretaría de Programación Macroeconómica,Instituto Nacional de Estadística y Censos (INDEC),Precios
105.1_I2GDE_2016_M_36,ipc_2016_galletitas_dulces_envasadas,IPC-GBA. Precios. Galletitas dulces envasadas. Mensual,R/P1M,2016-04-01,2026-07-01,Pesos,Índice de Precios al Consumidor GBA (IPC-GBA). Base diciembre 2016.,Subsecretaría de Programación Macroeconómica,Instituto Nacional de Estadística y Censos (INDEC),Precios
105.1_I2HC_2016_M_32,ipc_2016_hamburguesas_congeladas,IPC-GBA. Precios. Hamburguesas congeladas. Mensual,R/P1M,2016-04-01,2026-07-01,Pesos,Índice de Precios al Consumidor GBA (IPC-GBA). Base diciembre 2016.,Subsecretaría de Programación Macroeconómica,Instituto Nacional de Estadística y Censos (INDEC),Precios
105.1_I2HG_2016_M_23,ipc_2016_huevos_gallina,IPC-GBA. Precios. Huevos de gallina. Mensual,R/P1M,2016-04-01,2026-07-01,Pesos,Índice de Precios al Consumidor GBA (IPC-GBA). Base diciembre 2016.,Subsecretaría de Programación Macroeconómica,Instituto Nacional de Estadística y Censos (INDEC),Precios
105.1_I2HTC_2016_M_27,ipc_2016_harina_trigo_comun,IPC-GBA. Precios. Harina de trigo común 000. Mensual,R/P1M,2016-04-01,2026-07-01,Pesos,Índice de Precios al Consumidor GBA (IPC-GBA). Base diciembre 2016.,Subsecretaría de Programación Macroeconómica,Instituto Nacional de Estadística y Censos (INDEC),Precios
105.1_I2JC_2016_M_21,ipc_2016_jamon_cocido,IPC-GBA. Precios. Jamón cocido. Mensual,R/P1M,2016-04-01,2026-07-01,Pesos,Índice de Precios al Consumidor GBA (IPC-GBA). Base diciembre 2016.,Subsecretaría de Programación Macroeconómica,Instituto Nacional de Estadística y Censos (INDEC),Precios
105.1_I2JPR_2016_M_25,ipc_2016_jabon_polvo_ropa,IPC-GBA. Precios. Jabón en polvo para ropa. Mensual,R/P1M,2016-07-01,2026-07-01,Pesos,Índice de Precios al Consumidor GBA (IPC-GBA). Base diciembre 2016.,Subsecretaría de Programación Macroeconómica,Instituto Nacional de Estadística y Censos (INDEC),Precios
105.1_I2JP_2016_M_18,ipc_2016_jabon_pan,IPC-GBA. Precios. Jabón en pan. Mensual,R/P1M,2016-07-01,2026-07-01,Pesos,Índice de Precios al Consumidor GBA (IPC-GBA). Base diciembre 2016.,Subsecretaría de Programación Macroeconómica,Instituto Nacional de Estadística y Censos (INDEC),Precios
105.1_I2JT_2016_M_22,ipc_2016_jabon_tocador,IPC-GBA. Precios. Jabón de tocador. Mensual,R/P1M,2016-07-01,2026-07-01,Pesos,Índice de Precios al Consumidor GBA (IPC-GBA). Base diciembre 2016.,Subsecretaría de Programación Macroeconómica,Instituto Nacional de Estadística y Censos (INDEC),Precios
105.1_I2LFES_2016_M_35,ipc_2016_leche_fresca_entera_sachet,IPC-GBA. Precios. Leche fresca entera en sachet. Mensual,R/P1M,2016-04-01,2026-07-01,Pesos,Índice de Precios al Consumidor GBA (IPC-GBA). Base diciembre 2016.,Subsecretaría de Programación Macroeconómica,Instituto Nacional de Estadística y Censos (INDEC),Precios
105.1_I2LPE_2016_M_27,ipc_2016_leche_polvo_entera,IPC-GBA. Precios. Leche en polvo entera. Mensual,R/P1M,2016-04-01,2026-07-01,Pesos,Índice de Precios al Consumidor GBA (IPC-GBA). Base diciembre 2016.,Subsecretaría de Programación Macroeconómica,Instituto Nacional de Estadística y Censos (INDEC),Precios
105.1_I2L_2016_M_14,ipc_2016_limon,IPC-GBA. Precios. Limón. Mensual,R/P1M,2016-04-01,2026-07-01,Pesos,Índice de Precios al Consumidor GBA (IPC-GBA). Base diciembre 2016.,Subsecretaría de Programación Macroeconómica,Instituto Nacional de Estadística y Censos (INDEC),Precios
105.1_I2L_2016_M_16,ipc_2016_lechuga,IPC-GBA. Precios. Lechuga. Mensual,R/P1M,2016-04-01,2026-07-01,Pesos,Índice de Precios al Consumidor GBA (IPC-GBA). Base diciembre 2016.,Subsecretaría de Programación Macroeconómica,Instituto Nacional de Estadística y Censos (INDEC),Precios
105.1_I2L_2016_M_18,ipc_2016_lavandina,IPC-GBA. Precios. Lavandina. Mensual,R/P1M,2016-07-01,2026-07-01,Pesos,Índice de Precios al Consumidor GBA (IPC-GBA). Base diciembre 2016.,Subsecretaría de Programación Macroeconómica,Instituto Nacional de Estadística y Censos (INDEC),Precios
105.1_I2MD_2016_M_26,ipc_2016_manzana_deliciosa,IPC-GBA. Precios. Manzana deliciosa. Mensual,R/P1M,2016-04-01,2026-07-01,Pesos,Índice de Precios al Consumidor GBA (IPC-GBA). Base diciembre 2016.,Subsecretaría de Programación Macroeconómica,Instituto Nacional de Estadística y Censos (INDEC),Precios
105.1_I2M_2016_M_16,ipc_2016_manteca,IPC-GBA. Precios. Manteca. Mensual,R/P1M,2016-04-01,2026-07-01,Pesos,Índice de Precios al Consumidor GBA (IPC-GBA). Base diciembre 2016.,Subsecretaría de Programación Macroeconómica,Instituto Nacional de Estadística y Censos (INDEC),Precios
105.1_I2N_2016_M_14,ipc_2016_nalga,IPC-GBA. Precios. Nalga. Mensual,R/P1M,2016-04-01,2026-07-01,Pesos,Índice de Precios al Consumidor GBA (IPC-GBA). Base diciembre 2016.,Subsecretaría de Programación Macroeconómica,Instituto Nacional de Estadística y Censos (INDEC),Precios
105.1_I2N_2016_M_16,ipc_2016_naranja,IPC-GBA. Precios. Naranja. Mensual,R/P1M,2016-04-01,2026-07-01,Pesos,Índice de Precios al Consumidor GBA (IPC-GBA). Base diciembre 2016.,Subsecretaría de Programación Macroeconómica,Instituto Nacional de Estadística y Censos (INDEC),Precios
105.1_I2PD_2016_M_30,ipc_2016_paniales_descartables,IPC-GBA. Precios. Pañales descartables. Mensual,R/P1M,2016-07-01,2026-07-01,Pesos,Índice de Precios al Consumidor GBA (IPC-GBA). Base diciembre 2016.,Subsecretaría de Programación Macroeconómica,Instituto Nacional de Estadística y Censos (INDEC),Precios
105.1_I2PE_2016_M_21,ipc_2016_pollo_entero,IPC-GBA. Precios. Pollo entero. Mensual,R/P1M,2016-04-01,2026-07-01,Pesos,Índice de Precios al Consumidor GBA (IPC-GBA). Base diciembre 2016.,Subsecretaría de Programación Macroeconómica,Instituto Nacional de Estadística y Censos (INDEC),Precios
105.1_I2PFF_2016_M_27,ipc_2016_pan_frances_flauta,IPC-GBA. Precios. Pan francés tipo flauta. Mensual,R/P1M,2016-04-01,2026-07-01,Pesos,Índice de Precios al Consumidor GBA (IPC-GBA). Base diciembre 2016.,Subsecretaría de Programación Macroeconómica,Instituto Nacional de Estadística y Censos (INDEC),Precios
105.1_I2PF_2016_M_19,ipc_2016_polvo_flan,IPC-GBA. Precios. Polvo para flan. Mensual,R/P1M,2016-04-01,2026-07-01,Pesos,Índice de Precios al Consumidor GBA (IPC-GBA). Base diciembre 2016.,Subsecretaría de Programación Macroeconómica,Instituto Nacional de Estadística y Censos (INDEC),Precios
105.1_I2PM_2016_M_17,ipc_2016_pan_mesa,IPC-GBA. Precios. Pan de mesa. Mensual,R/P1M,2016-04-01,2026-07-01,Pesos,Índice de Precios al Consumidor GBA (IPC-GBA). Base diciembre 2016.,Subsecretaría de Programación Macroeconómica,Instituto Nacional de Estadística y Censos (INDEC),Precios
105.1_I2P_2016_M_13,ipc_2016_papa,IPC-GBA. Precios. Papa. Mensual,R/P1M,2016-04-01,2026-07-01,Pesos,Índice de Precios al Consumidor GBA (IPC-GBA). Base diciembre 2016.,Subsecretaría de Programación Macroeconómica,Instituto Nacional de Estadística y Censos (INDEC),Precios
105.1_I2P_2016_M_15,ipc_2016_paleta,IPC-GBA. Precios. Paleta. Mensual,R/P1M,2016-04-01,2026-07-01,Pesos,Índice de Precios al Consumidor GBA (IPC-GBA). Base diciembre 2016.,Subsecretaría de Programación Macroeconómica,Instituto Nacional de Estadística y Censos (INDEC),Precios
105.1_I2QC_2016_M_22,ipc_2016_queso_cremoso,IPC-GBA. Precios. Queso cremoso. Mensual,R/P1M,2016-04-01,2026-07-01,Pesos,Índice de Precios al Consumidor GBA (IPC-GBA). Base diciembre 2016.,Subsecretaría de Programación Macroeconómica,Instituto Nacional de Estadística y Censos (INDEC),Precios
105.1_I2QPG_2016_M_25,ipc_2016_queso_pate_grass,IPC-GBA. Precios. Queso pate-grass. Mensual,R/P1M,2016-04-01,2026-07-01,Pesos,Índice de Precios al Consumidor GBA (IPC-GBA). Base diciembre 2016.,Subsecretaría de Programación Macroeconómica,Instituto Nacional de Estadística y Censos (INDEC),Precios
105.1_I2QS_2016_M_20,ipc_2016_queso_sardo,IPC-GBA. Precios. Queso sardo. Mensual,R/P1M,2016-04-01,2026-07-01,Pesos,Índice de Precios al Consumidor GBA (IPC-GBA). Base diciembre 2016.,Subsecretaría de Programación Macroeconómica,Instituto Nacional de Estadística y Censos (INDEC),Precios
105.1_I2SF_2016_M_17,ipc_2016_sal_fina,IPC-GBA. Precios. Sal fina. Mensual,R/P1M,2016-04-01,2026-07-01,Pesos,Índice de Precios al Consumidor GBA (IPC-GBA). Base diciembre 2016.,Subsecretaría de Programación Macroeconómica,Instituto Nacional de Estadística y Censos (INDEC),Precios
105.1_I2SV_2016_M_24,ipc_2016_salchicha_viena,IPC-GBA. Precios. Salchicha tipo viena. Mensual,R/P1M,2016-04-01,2026-07-01,Pesos,Índice de Precios al Consumidor GBA (IPC-GBA). Base diciembre 2016.,Subsecretaría de Programación Macroeconómica,Instituto Nacional de Estadística y Censos (INDEC),Precios
105.1_I2S_2016_M_15,ipc_2016_salame,IPC-GBA. Precios. Salame. Mensual,R/P1M,2016-04-01,2026-07-01,Pesos,Índice de Precios al Consumidor GBA (IPC-GBA). Base diciembre 2016.,Subsecretaría de Programación Macroeconómica,Instituto Nacional de Estadística y Censos (INDEC),Precios
105.1_I2S_2016_M_19,ipc_2016_salchichon,IPC-GBA. Precios. Salchichón. Mensual,R/P1M,2016-04-01,2026-07-01,Pesos,Índice de Precios al Consumidor GBA (IPC-GBA). Base diciembre 2016.,Subsecretaría de Programación Macroeconómica,Instituto Nacional de Estadística y Censos (INDEC),Precios
105.1_I2TEC_2016_M_31,ipc_2016_tomate_entero_conserva,IPC-GBA. Precios. Tomate entero en conserva. Mensual,R/P1M,2016-04-01,2026-07-01,Pesos,Índice de Precios al Consumidor GBA (IPC-GBA). Base diciembre 2016.,Subsecretaría de Programación Macroeconómica,Instituto Nacional de Estadística y Censos (INDEC),Precios
105.1_I2TR_2016_M_23,ipc_2016_tomate_redondo,IPC-GBA. Precios. Tomate redondo. Mensual,R/P1M,2016-04-01,2026-07-01,Pesos,Índice de Precios al Consumidor GBA (IPC-GBA). Base diciembre 2016.,Subsecretaría de Programación Macroeconómica,Instituto Nacional de Estadística y Censos (INDEC),Precios
105.1_I2VC_2016_M_19,ipc_2016_vino_comun,IPC-GBA. Precios. Vino común. Mensual,R/P1M,2016-04-01,2026-07-01,Pesos,Índice de Precios al Consumidor GBA (IPC-GBA). Base diciembre 2016.,Subsecretaría de Programación Macroeconómica,Instituto Nacional de Estadística y Censos (INDEC),Precios
105.1_I2YF_2016_M_20,ipc_2016_yogur_firme,IPC-GBA. Precios. Yogur firme. Mensual,R/P1M,2016-04-01,2026-07-01,Pesos,Índice de Precios al Consumidor GBA (IPC-GBA). Base diciembre 2016.,Subsecretaría de Programación Macroeconómica,Instituto Nacional de Estadística y Censos (INDEC),Precios
105.1_I2YM_2016_M_19,ipc_2016_yerba_mate,IPC-GBA. Precios. Yerba mate. Mensual,R/P1M,2016-04-01,2026-07-01,Pesos,Índice de Precios al Consumidor GBA (IPC-GBA). Base diciembre 2016.,Subsecretaría de Programación Macroeconómica,Instituto Nacional de Estadística y Censos (INDEC),Precios
105.1_I2Z_2016_M_16,ipc_2016_zapallo,IPC-GBA. Precios. Zapallo. Mensual,R/P1M,2016-04-01,2026-07-01,Pesos,Índice de Precios al Consumidor GBA (IPC-GBA). Base diciembre 2016.,Subsecretaría de Programación Macroeconómica,Instituto Nacional de Estadística y Censos (INDEC),Precios
105.2_I2016_AADO_2016_T_14,ipc_gba_asado,IPC-GBA. Asado. Base dic 2016. Trimestral,R/P3M,2016-04-01,2024-10-01,Índice,Índice de Precios al Consumidor GBA (IPC-GBA). Base diciembre 2016.,Subsecretaría de Programación Macroeconómica,Instituto Nacional de Estadística y Censos (INDEC),Precios
105.2_I2016_ACAR_2016_T_15,ipc_gba_azucar,IPC-GBA. Azúcar. Base dic 2016. Trimestral,R/P3M,2016-04-01,2024-10-01,Índice,Índice de Precios al Consumidor GBA (IPC-GBA). Base diciembre 2016.,Subsecretaría de Programación Macroeconómica,Instituto Nacional de Estadística y Censos (INDEC),Precios
105.2_I2016_ACLA_2016_T_22,ipc_gba_aceite_mezcla,IPC-GBA. Aceite mezcla. Base dic 2016. Trimestral,R/P3M,2016-04-01,2016-10-01,Índice,Índice de Precios al Consumidor GBA (IPC-GBA). Base diciembre 2016.,Subsecretaría de Programación Macroeconómica,Instituto Nacional de Estadística y Censos (INDEC),Precios
105.2_I2016_ADAS_2016_T_32,ipc_gba_arvejas_secas_remojadas,IPC-GBA. Arvejas secas remojadas. Base dic 2016. Trimestral,R/P3M,2016-04-01,2024-10-01,Índice,Índice de Precios al Consumidor GBA (IPC-GBA). Base diciembre 2016.,Subsecretaría de Programación Macroeconómica,Instituto Nacional de Estadística y Censos (INDEC),Precios
105.2_I2016_ADON_2016_T_16,ipc_gba_algodon,IPC-GBA. Algodón. Base dic 2016. Trimestral,R/P3M,2016-07-01,2024-10-01,Índice,Índice de Precios al Consumidor GBA (IPC-GBA). Base diciembre 2016.,Subsecretaría de Programación Macroeconómica,Instituto Nacional de Estadística y Censos (INDEC),Precios
105.2_I2016_AGAS_2016_T_21,ipc_gba_agua_sin_gas,IPC-GBA. Agua sin gas. Base dic 2016. Trimestral,R/P3M,2016-04-01,2024-10-01,Índice,Índice de Precios al Consumidor GBA (IPC-GBA). Base diciembre 2016.,Subsecretaría de Programación Macroeconómica,Instituto Nacional de Estadística y Censos (INDEC),Precios
105.2_I2016_APLE_2016_T_28,ipc_gba_arroz_blanco_simple,IPC-GBA. Arroz blanco simple. Base dic 2016. Trimestral,R/P3M,2016-04-01,2024-10-01,Índice,Índice de Precios al Consumidor GBA (IPC-GBA). Base diciembre 2016.,Subsecretaría de Programación Macroeconómica,Instituto Nacional de Estadística y Censos (INDEC),Precios
105.2_I2016_ASOL_2016_T_23,ipc_gba_aceite_girasol,IPC-GBA. Aceite de girasol. Base dic 2016. Trimestral,R/P3M,2016-04-01,2024-10-01,Índice,Índice de Precios al Consumidor GBA (IPC-GBA). Base diciembre 2016.,Subsecretaría de Programación Macroeconómica,Instituto Nacional de Estadística y Censos (INDEC),Precios
105.2_I2016_BANA_2016_T_15,ipc_gba_banana,IPC-GBA. Banana. Base dic 2016. Trimestral,R/P3M,2016-04-01,2024-10-01,Índice,Índice de Precios al Consumidor GBA (IPC-GBA). Base diciembre 2016.,Subsecretaría de Programación Macroeconómica,Instituto Nacional de Estadística y Censos (INDEC),Precios
105.2_I2016_BATA_2016_T_15,ipc_gba_batata,IPC-GBA. Batata. Base dic 2016. Trimestral,R/P3M,2016-04-01,2024-10-01,Índice,Índice de Precios al Consumidor GBA (IPC-GBA). Base diciembre 2016.,Subsecretaría de Programación Macroeconómica,Instituto Nacional de Estadística y Censos (INDEC),Precios
105.2_I2016_CIDO_2016_T_20,ipc_gba_cafe_molido,IPC-GBA. Café molido. Base dic 2016. Trimestral,R/P3M,2016-04-01,2024-10-01,Índice,Índice de Precios al Consumidor GBA (IPC-GBA). Base diciembre 2016.,Subsecretaría de Programación Macroeconómica,Instituto Nacional de Estadística y Censos (INDEC),Precios
105.2_I2016_CLLA_2016_T_16,ipc_gba_cebolla,IPC-GBA. Cebolla. Base dic 2016. Trimestral,R/P3M,2016-04-01,2024-10-01,Índice,Índice de Precios al Consumidor GBA (IPC-GBA). Base diciembre 2016.,Subsecretaría de Programación Macroeconómica,Instituto Nacional de Estadística y Censos (INDEC),Precios
105.2_I2016_CLLA_2016_T_24,ipc_gba_cerveza_botella,IPC-GBA. Cerveza en botella. Base dic 2016. Trimestral,R/P3M,2016-04-01,2024-10-01,Índice,Índice de Precios al Consumidor GBA (IPC-GBA). Base diciembre 2016.,Subsecretaría de Programación Macroeconómica,Instituto Nacional de Estadística y Censos (INDEC),Precios
105.2_I2016_CMPU_2016_T_15,ipc_gba_champu,IPC-GBA. Champú. Base dic 2016. Trimestral,R/P3M,2016-07-01,2024-10-01,Índice,Índice de Precios al Consumidor GBA (IPC-GBA). Base diciembre 2016.,Subsecretaría de Programación Macroeconómica,Instituto Nacional de Estadística y Censos (INDEC),Precios
105.2_I2016_CMUN_2016_T_27,ipc_gba_carne_picada_comun,IPC-GBA. Carne picada común. Base dic 2016. Trimestral,R/P3M,2016-04-01,2024-10-01,Índice,Índice de Precios al Consumidor GBA (IPC-GBA). Base diciembre 2016.,Subsecretaría de Programación Macroeconómica,Instituto Nacional de Estadística y Censos (INDEC),Precios
105.2_I2016_CRIL_2016_T_16,ipc_gba_cuadril,IPC-GBA. Cuadril. Base dic 2016. Trimestral,R/P3M,2016-04-01,2024-10-01,Índice,Índice de Precios al Consumidor GBA (IPC-GBA). Base diciembre 2016.,Subsecretaría de Programación Macroeconómica,Instituto Nacional de Estadística y Censos (INDEC),Precios
105.2_I2016_DCHE_2016_T_20,ipc_gba_dulce_leche,IPC-GBA. Dulce de leche. Base dic 2016. Trimestral,R/P3M,2016-04-01,2024-10-01,Índice,Índice de Precios al Consumidor GBA (IPC-GBA). Base diciembre 2016.,Subsecretaría de Programación Macroeconómica,Instituto Nacional de Estadística y Censos (INDEC),Precios
105.2_I2016_DIDO_2016_T_27,ipc_gba_detergente_liquido,IPC-GBA. Detergente líquido. Base dic 2016. Trimestral,R/P3M,2016-07-01,2024-10-01,Índice,Índice de Precios al Consumidor GBA (IPC-GBA). Base diciembre 2016.,Subsecretaría de Programación Macroeconómica,Instituto Nacional de Estadística y Censos (INDEC),Precios
105.2_I2016_DNTE_2016_T_20,ipc_gba_desodorante,IPC-GBA. Desodorante. Base dic 2016. Trimestral,R/P3M,2016-07-01,2024-10-01,Índice,Índice de Precios al Consumidor GBA (IPC-GBA). Base diciembre 2016.,Subsecretaría de Programación Macroeconómica,Instituto Nacional de Estadística y Censos (INDEC),Precios
105.2_I2016_FCOS_2016_T_21,ipc_gba_fideos_secos,IPC-GBA. Fideos secos tipo guisero. Base dic 2016. Trimestral,R/P3M,2016-04-01,2024-10-01,Índice,Índice de Precios al Consumidor GBA (IPC-GBA). Base diciembre 2016.,Subsecretaría de Programación Macroeconómica,Instituto Nacional de Estadística y Censos (INDEC),Precios
105.2_I2016_FSCO_2016_T_29,ipc_gba_filet_merluza_fresco,IPC-GBA. Filet de merluza fresco. Base dic 2016. Trimestral,R/P3M,2016-04-01,2024-10-01,Índice,Índice de Precios al Consumidor GBA (IPC-GBA). Base diciembre 2016.,Subsecretaría de Programación Macroeconómica,Instituto Nacional de Estadística y Censos (INDEC),Precios
105.2_I2016_GDAS_2016_T_34,ipc_gba_galletitas_agua_envasadas,IPC-GBA. Galletitas de agua envasadas. Base dic 2016. Trimestral,R/P3M,2016-04-01,2024-10-01,Índice,Índice de Precios al Consumidor GBA (IPC-GBA). Base diciembre 2016.,Subsecretaría de Programación Macroeconómica,Instituto Nacional de Estadística y Censos (INDEC),Precios
105.2_I2016_GDAS_2016_T_36,ipc_gba_galletitas_dulces_envasadas,IPC-GBA. Galletitas dulces envasadas. Base dic 2016. Trimestral,R/P3M,2016-04-01,2024-10-01,Índice,Índice de Precios al Consumidor GBA (IPC-GBA). Base diciembre 2016.,Subsecretaría de Programación Macroeconómica,Instituto Nacional de Estadística y Censos (INDEC),Precios
105.2_I2016_GOLA_2016_T_26,ipc_gba_gaseosa_base_cola,IPC-GBA. Gaseosa base cola. Base dic 2016. Trimestral,R/P3M,2016-04-01,2024-10-01,Índice,Índice de Precios al Consumidor GBA (IPC-GBA). Base diciembre 2016.,Subsecretaría de Programación Macroeconómica,Instituto Nacional de Estadística y Censos (INDEC),Precios
105.2_I2016_HDAS_2016_T_32,ipc_gba_hamburguesas_congeladas,IPC-GBA. Hamburguesas congeladas. Base dic 2016. Trimestral,R/P3M,2016-04-01,2024-10-01,Índice,Índice de Precios al Consumidor GBA (IPC-GBA). Base diciembre 2016.,Subsecretaría de Programación Macroeconómica,Instituto Nacional de Estadística y Censos (INDEC),Precios
105.2_I2016_HINA_2016_T_23,ipc_gba_huevos_gallina,IPC-GBA. Huevos de gallina. Base dic 2016. Trimestral,R/P3M,2016-04-01,2024-10-01,Índice,Índice de Precios al Consumidor GBA (IPC-GBA). Base diciembre 2016.,Subsecretaría de Programación Macroeconómica,Instituto Nacional de Estadística y Censos (INDEC),Precios
105.2_I2016_HMUN_2016_T_27,ipc_gba_harina_trigo_comun,IPC-GBA. Harina de trigo común 000. Base dic 2016. Trimestral,R/P3M,2016-04-01,2024-10-01,Índice,Índice de Precios al Consumidor GBA (IPC-GBA). Base diciembre 2016.,Subsecretaría de Programación Macroeconómica,Instituto Nacional de Estadística y Censos (INDEC),Precios
105.2_I2016_JDOR_2016_T_22,ipc_gba_jabon_tocador,IPC-GBA. Jabón de tocador. Base dic 2016. Trimestral,R/P3M,2016-07-01,2024-10-01,Índice,Índice de Precios al Consumidor GBA (IPC-GBA). Base diciembre 2016.,Subsecretaría de Programación Macroeconómica,Instituto Nacional de Estadística y Censos (INDEC),Precios
105.2_I2016_JIDO_2016_T_21,ipc_gba_jamon_cocido,IPC-GBA. Jamón cocido. Base dic 2016. Trimestral,R/P3M,2016-04-01,2024-10-01,Índice,Índice de Precios al Consumidor GBA (IPC-GBA). Base diciembre 2016.,Subsecretaría de Programación Macroeconómica,Instituto Nacional de Estadística y Censos (INDEC),Precios
105.2_I2016_JOPA_2016_T_25,ipc_gba_jabon_polvo_ropa,IPC-GBA. Jabón en polvo para ropa. Base dic 2016. Trimestral,R/P3M,2016-07-01,2024-10-01,Índice,Índice de Precios al Consumidor GBA (IPC-GBA). Base diciembre 2016.,Subsecretaría de Programación Macroeconómica,Instituto Nacional de Estadística y Censos (INDEC),Precios
105.2_I2016_JPAN_2016_T_18,ipc_gba_jabon_pan,IPC-GBA. Jabón en pan. Base dic 2016. Trimestral,R/P3M,2016-07-01,2024-10-01,Índice,Índice de Precios al Consumidor GBA (IPC-GBA). Base diciembre 2016.,Subsecretaría de Programación Macroeconómica,Instituto Nacional de Estadística y Censos (INDEC),Precios
105.2_I2016_LERA_2016_T_27,ipc_gba_leche_polvo_entera,IPC-GBA. Leche en polvo entera. Base dic 2016. Trimestral,R/P3M,2016-04-01,2024-10-01,Índice,Índice de Precios al Consumidor GBA (IPC-GBA). Base diciembre 2016.,Subsecretaría de Programación Macroeconómica,Instituto Nacional de Estadística y Censos (INDEC),Precios
105.2_I2016_LHET_2016_T_35,ipc_gba_leche_fresca_entera_sachet,IPC-GBA. Leche fresca entera en sachet. Base dic 2016. Trimestral,R/P3M,2016-04-01,2024-10-01,Índice,Índice de Precios al Consumidor GBA (IPC-GBA). Base diciembre 2016.,Subsecretaría de Programación Macroeconómica,Instituto Nacional de Estadística y Censos (INDEC),Precios
105.2_I2016_LINA_2016_T_18,ipc_gba_lavandina,IPC-GBA. Lavandina. Base dic 2016. Trimestral,R/P3M,2016-07-01,2024-10-01,Índice,Índice de Precios al Consumidor GBA (IPC-GBA). Base diciembre 2016.,Subsecretaría de Programación Macroeconómica,Instituto Nacional de Estadística y Censos (INDEC),Precios
105.2_I2016_LMON_2016_T_14,ipc_gba_limon,IPC-GBA. Limón. Base dic 2016. Trimestral,R/P3M,2016-04-01,2024-10-01,Índice,Índice de Precios al Consumidor GBA (IPC-GBA). Base diciembre 2016.,Subsecretaría de Programación Macroeconómica,Instituto Nacional de Estadística y Censos (INDEC),Precios
105.2_I2016_LUGA_2016_T_16,ipc_gba_lechuga,IPC-GBA. Lechuga. Base dic 2016. Trimestral,R/P3M,2016-04-01,2024-10-01,Índice,Índice de Precios al Consumidor GBA (IPC-GBA). Base diciembre 2016.,Subsecretaría de Programación Macroeconómica,Instituto Nacional de Estadística y Censos (INDEC),Precios
105.2_I2016_MECA_2016_T_16,ipc_gba_manteca,IPC-GBA. Manteca. Base dic 2016. Trimestral,R/P3M,2016-04-01,2024-10-01,Índice,Índice de Precios al Consumidor GBA (IPC-GBA). Base diciembre 2016.,Subsecretaría de Programación Macroeconómica,Instituto Nacional de Estadística y Censos (INDEC),Precios
105.2_I2016_MOSA_2016_T_26,ipc_gba_manzana_deliciosa,IPC-GBA. Manzana deliciosa. Base dic 2016. Trimestral,R/P3M,2016-04-01,2024-10-01,Índice,Índice de Precios al Consumidor GBA (IPC-GBA). Base diciembre 2016.,Subsecretaría de Programación Macroeconómica,Instituto Nacional de Estadística y Censos (INDEC),Precios
105.2_I2016_NLGA_2016_T_14,ipc_gba_nalga,IPC-GBA. Nalga. Base dic 2016. Trimestral,R/P3M,2016-04-01,2024-10-01,Índice,Índice de Precios al Consumidor GBA (IPC-GBA). Base diciembre 2016.,Subsecretaría de Programación Macroeconómica,Instituto Nacional de Estadística y Censos (INDEC),Precios
105.2_I2016_NNJA_2016_T_16,ipc_gba_naranja,IPC-GBA. Naranja. Base dic 2016. Trimestral,R/P3M,2016-04-01,2024-10-01,Índice,Índice de Precios al Consumidor GBA (IPC-GBA). Base diciembre 2016.,Subsecretaría de Programación Macroeconómica,Instituto Nacional de Estadística y Censos (INDEC),Precios
105.2_I2016_PAPA_2016_T_13,ipc_gba_papa,IPC-GBA. Papa. Base dic 2016. Trimestral,R/P3M,2016-04-01,2024-10-01,Índice,Índice de Precios al Consumidor GBA (IPC-GBA). Base diciembre 2016.,Subsecretaría de Programación Macroeconómica,Instituto Nacional de Estadística y Censos (INDEC),Precios
105.2_I2016_PERO_2016_T_21,ipc_gba_pollo_entero,IPC-GBA. Pollo entero. Base dic 2016. Trimestral,R/P3M,2016-04-01,2024-10-01,Índice,Índice de Precios al Consumidor GBA (IPC-GBA). Base diciembre 2016.,Subsecretaría de Programación Macroeconómica,Instituto Nacional de Estadística y Censos (INDEC),Precios
105.2_I2016_PESA_2016_T_17,ipc_gba_pan_mesa,IPC-GBA. Pan de mesa. Base dic 2016. Trimestral,R/P3M,2016-04-01,2024-10-01,Índice,Índice de Precios al Consumidor GBA (IPC-GBA). Base diciembre 2016.,Subsecretaría de Programación Macroeconómica,Instituto Nacional de Estadística y Censos (INDEC),Precios
105.2_I2016_PETA_2016_T_15,ipc_gba_paleta,IPC-GBA. Paleta. Base dic 2016. Trimestral,R/P3M,2016-04-01,2024-10-01,Índice,Índice de Precios al Consumidor GBA (IPC-GBA). Base diciembre 2016.,Subsecretaría de Programación Macroeconómica,Instituto Nacional de Estadística y Censos (INDEC),Precios
105.2_I2016_PLAN_2016_T_19,ipc_gba_polvo_flan,IPC-GBA. Polvo para flan. Base dic 2016. Trimestral,R/P3M,2016-04-01,2024-10-01,Índice,Índice de Precios al Consumidor GBA (IPC-GBA). Base diciembre 2016.,Subsecretaría de Programación Macroeconómica,Instituto Nacional de Estadística y Censos (INDEC),Precios
105.2_I2016_PLES_2016_T_30,ipc_gba_paniales_descartables,IPC-GBA. Pañales descartables. Base dic 2016. Trimestral,R/P3M,2016-07-01,2024-10-01,Índice,Índice de Precios al Consumidor GBA (IPC-GBA). Base diciembre 2016.,Subsecretaría de Programación Macroeconómica,Instituto Nacional de Estadística y Censos (INDEC),Precios
105.2_I2016_PUTA_2016_T_27,ipc_gba_pan_frances_flauta,IPC-GBA. Pan francés tipo flauta. Base dic 2016. Trimestral,R/P3M,2016-04-01,2024-10-01,Índice,Índice de Precios al Consumidor GBA (IPC-GBA). Base diciembre 2016.,Subsecretaría de Programación Macroeconómica,Instituto Nacional de Estadística y Censos (INDEC),Precios
105.2_I2016_QASS_2016_T_25,ipc_gba_queso_pate_grass,IPC-GBA. Queso pate-grass. Base dic 2016. Trimestral,R/P3M,2016-04-01,2024-10-01,Índice,Índice de Precios al Consumidor GBA (IPC-GBA). Base diciembre 2016.,Subsecretaría de Programación Macroeconómica,Instituto Nacional de Estadística y Censos (INDEC),Precios
105.2_I2016_QOSO_2016_T_22,ipc_gba_queso_cremoso,IPC-GBA. Queso cremoso. Base dic 2016. Trimestral,R/P3M,2016-04-01,2024-10-01,Índice,Índice de Precios al Consumidor GBA (IPC-GBA). Base diciembre 2016.,Subsecretaría de Programación Macroeconómica,Instituto Nacional de Estadística y Censos (INDEC),Precios
105.2_I2016_QRDO_2016_T_20,ipc_gba_queso_sardo,IPC-GBA. Queso sardo. Base dic 2016. Trimestral,R/P3M,2016-04-01,2024-10-01,Índice,Índice de Precios al Consumidor GBA (IPC-GBA). Base diciembre 2016.,Subsecretaría de Programación Macroeconómica,Instituto Nacional de Estadística y Censos (INDEC),Precios
105.2_I2016_SAME_2016_T_15,ipc_gba_salame,IPC-GBA. Salame. Base dic 2016. Trimestral,R/P3M,2016-04-01,2024-10-01,Índice,Índice de Precios al Consumidor GBA (IPC-GBA). Base diciembre 2016.,Subsecretaría de Programación Macroeconómica,Instituto Nacional de Estadística y Censos (INDEC),Precios
105.2_I2016_SENA_2016_T_24,ipc_gba_salchicha_viena,IPC-GBA. Salchicha tipo viena. Base dic 2016. Trimestral,R/P3M,2016-04-01,2024-10-01,Índice,Índice de Precios al Consumidor GBA (IPC-GBA). Base diciembre 2016.,Subsecretaría de Programación Macroeconómica,Instituto Nacional de Estadística y Censos (INDEC),Precios
105.2_I2016_SHON_2016_T_19,ipc_gba_salchichon,IPC-GBA. Salchichón. Base dic 2016. Trimestral,R/P3M,2016-04-01,2024-10-01,Índice,Índice de Precios al Consumidor GBA (IPC-GBA). Base diciembre 2016.,Subsecretaría de Programación Macroeconómica,Instituto Nacional de Estadística y Censos (INDEC),Precios
105.2_I2016_SINA_2016_T_17,ipc_gba_sal_fina,IPC-GBA. Sal fina. Base dic 2016. Trimestral,R/P3M,2016-04-01,2024-10-01,Índice,Índice de Precios al Consumidor GBA (IPC-GBA). Base diciembre 2016.,Subsecretaría de Programación Macroeconómica,Instituto Nacional de Estadística y Censos (INDEC),Precios
105.2_I2016_TNDO_2016_T_23,ipc_gba_tomate_redondo,IPC-GBA. Tomate redondo. Base dic 2016. Trimestral,R/P3M,2016-04-01,2024-10-01,Índice,Índice de Precios al Consumidor GBA (IPC-GBA). Base diciembre 2016.,Subsecretaría de Programación Macroeconómica,Instituto Nacional de Estadística y Censos (INDEC),Precios
105.2_I2016_TRVA_2016_T_31,ipc_gba_tomate_entero_conserva,IPC-GBA. Tomate entero en conserva. Base dic 2016. Trimestral,R/P3M,2016-04-01,2024-10-01,Índice,Índice de Precios al Consumidor GBA (IPC-GBA). Base diciembre 2016.,Subsecretaría de Programación Macroeconómica,Instituto Nacional de Estadística y Censos (INDEC),Precios
105.2_I2016_VMUN_2016_T_19,ipc_gba_vino_comun,IPC-GBA. Vino común. Base dic 2016. Trimestral,R/P3M,2016-04-01,2024-10-01,Índice,Índice de Precios al Consumidor GBA (IPC-GBA). Base diciembre 2016.,Subsecretaría de Programación Macroeconómica,Instituto Nacional de Estadística y Censos (INDEC),Precios
105.2_I2016_YATE_2016_T_19,ipc_gba_yerba_mate,IPC-GBA. Yerba mate. Base dic 2016. Trimestral,R/P3M,2016-04-01,2024-10-01,Índice,Índice de Precios al Consumidor GBA (IPC-GBA). Base diciembre 2016.,Subsecretaría de Programación Macroeconómica,Instituto Nacional de Estadística y Censos (INDEC),Precios
105.2_I2016_YRME_2016_T_20,ipc_gba_yogur_firme,IPC-GBA. Yogur firme. Base dic 2016. Trimestral,R/P3M,2016-04-01,2024-10-01,Índice,Índice de Precios al Consumidor GBA (IPC-GBA). Base diciembre 2016.,Subsecretaría de Programación Macroeconómica,Instituto Nacional de Estadística y Censos (INDEC),Precios
105.2_I2016_ZLLO_2016_T_16,ipc_gba_zapallo,IPC-GBA. Zapallo. Base dic 2016. Trimestral,R/P3M,2016-04-01,2024-10-01,Índice,Índice de Precios al Consumidor GBA (IPC-GBA). Base diciembre 2016.,Subsecretaría de Programación Macroeconómica,Instituto Nacional de Estadística y Censos (INDEC),Precios
106.1_I1NGVA_1993_A_39,ipim_1993_nivel_general_variacion_anual,IPIM. Nivel general anual. Variación % anual. Base 1993,R/P1Y,1996-01-01,2014-01-01,Porcentaje,Índice de Precios Internos al por Mayor (IPIM). SERIE DISCONTINUADA,Subsecretaría de Programación Macroeconómica,Instituto Nacional de Estadística y Censos (INDEC),Precios
106.1_I1NG_1993_A_23,ipim_1993_nivel_general,IPIM. Nivel general. Base 1993. Anual,R/P1Y,1995-01-01,2014-01-01,Índice 1993=100,Índice de Precios Internos al por Mayor (IPIM). SERIE DISCONTINUADA,Subsecretaría de Programación Macroeconómica,Instituto Nacional de Estadística y Censos (INDEC),Precios
106.1_I1PNMEE_1993_A_54,ipim_1993_productos_nacionales_manuf_energia_electrica,IPIM. Productos nacionales manufacturados y energía eléctrica. Base 1993. Anual,R/P1Y,1995-01-01,2014-01-01,Índice 1993=100,Índice de Precios Internos al por Mayor (IPIM). SERIE DISCONTINUADA,Subsecretaría de Programación Macroeconómica,Instituto Nacional de Estadística y Censos (INDEC),Precios
106.1_I1PNP_1993_A_40,ipim_1993_productos_nacionales_primarios,IPIM. Productos nacionales primarios. Base 1993. Anual,R/P1Y,1995-01-01,2014-01-01,Índice 1993=100,Índice de Precios Internos al por Mayor (IPIM). SERIE DISCONTINUADA,Subsecretaría de Programación Macroeconómica,Instituto Nacional de Estadística y Censos (INDEC),Precios
106.1_I1PRNI_1993_A_49,ipim_1993_precios_relativos_nacionales_importados,IPIM. Precios relativos Nacionales/Importados. Base 1993. Anual,R/P1Y,1995-01-01,2014-01-01,Índice 1993=100,Índice de Precios Internos al por Mayor (IPIM). SERIE DISCONTINUADA,Subsecretaría de Programación Macroeconómica,Instituto Nacional de Estadística y Censos (INDEC),Precios
106.1_I1PRPMEE_1993_A_51,ipim_1993_precios_primarios_manuf_energia_electrica,IPIM. Precios relativos Primarios/Manufacturados y energía eléctrica. Base 1993. Anual,R/P1Y,1995-01-01,2014-01-01,Índice 1993=100,Índice de Precios Internos al por Mayor (IPIM). SERIE DISCONTINUADA,Subsecretaría de Programación Macroeconómica,Instituto Nacional de Estadística y Censos (INDEC),Precios
106.1_I1TPN_1993_A_36,ipim_1993_total_productos_nacionales,IPIM. Total productos nacionales. Base 1993. Anual,R/P1Y,1995-01-01,2014-01-01,Índice 1993=100,Índice de Precios Internos al por Mayor (IPIM). SERIE DISCONTINUADA,Subsecretaría de Programación Macroeconómica,Instituto Nacional de Estadística y Censos (INDEC),Precios
106.1_IPI_1993_A_25,ipim_productos_importados,IPIM. Productos importados. Base 1993. Anual,R/P1Y,1995-01-01,2014-01-01,Índice 1993=100,Índice de Precios Internos al por Mayor (IPIM). SERIE DISCONTINUADA,Subsecretaría de Programación Macroeconómica,Instituto Nacional de Estadística y Censos (INDEC),Precios
106.2_I1NGVA_1993_T_39,ipim_1993_nivel_general_variacion_anual,IPIM. Nivel general trimestral. Variación % anual. Base 1993,R/P3M,1996-01-01,2015-07-01,Porcentaje,Índice de Precios Internos al por Mayor (IPIM). SERIE DISCONTINUADA,Subsecretaría de Programación Macroeconómica,Instituto Nacional de Estadística y Censos (INDEC),Precios
106.2_I1NGVM_1993_T_41,ipim_1993_nivel_general_variacion_mensual,IPIM. Nivel general trimestral. Variación % trimestral. Base 1993,R/P3M,1995-04-01,2015-07-01,Porcentaje,Índice de Precios Internos al por Mayor (IPIM). SERIE DISCONTINUADA,Subsecretaría de Programación Macroeconómica,Instituto Nacional de Estadística y Censos (INDEC),Precios
106.2_I1NG_1993_T_23,ipim_1993_nivel_general,IPIM. Nivel general. Base 1993. Trimestral,R/P3M,1995-01-01,2015-07-01,Índice 1993=100,Índice de Precios Internos al por Mayor (IPIM). SERIE DISCONTINUADA,Subsecretaría de Programación Macroeconómica,Instituto Nacional de Estadística y Censos (INDEC),Precios
106.2_I1PNMEE_1993_T_49,ipim_1993_prod_nacionales_manuf_energia_electrica,IPIM. Productos nacionales manufacturados y energía eléctrica. Base 1993. Trimestral,R/P3M,1995-01-01,2015-07-01,Índice 1993=100,Índice de Precios Internos al por Mayor (IPIM). SERIE DISCONTINUADA,Subsecretaría de Programación Macroeconómica,Instituto Nacional de Estadística y Censos (INDEC),Precios
106.2_I1PNP_1993_T_40,ipim_1993_productos_nacionales_primarios,IPIM. Productos nacionales primarios. Base 1993. Trimestral,R/P3M,1995-01-01,2015-07-01,Índice 1993=100,Índice de Precios Internos al por Mayor (IPIM). SERIE DISCONTINUADA,Subsecretaría de Programación Macroeconómica,Instituto Nacional de Estadística y Censos (INDEC),Precios
106.2_I1PRNI_1993_T_49,ipim_1993_precios_relativos_nacionales_importados,IPIM. Precios relativos Nacionales/Importados. Base 1993. Trimestral,R/P3M,1995-01-01,2015-07-01,Índice 1993=100,Índice de Precios Internos al por Mayor (IPIM). SERIE DISCONTINUADA,Subsecretaría de Programación Macroeconómica,Instituto Nacional de Estadística y Censos (INDEC),Precios
106.2_I1PRPMEE_1993_T_51,ipim_1993_precios_primarios_manuf_energia_electrica,IPIM. Precios relativos Primarios/Manufacturados y energía eléctrica. Base 1993. Trimestral,R/P3M,1995-01-01,2015-07-01,Índice 1993=100,Índice de Precios Internos al por Mayor (IPIM). SERIE DISCONTINUADA,Subsecretaría de Programación Macroeconómica,Instituto Nacional de Estadística y Censos (INDEC),Precios
106.2_I1TPN_1993_T_36,ipim_1993_total_productos_nacionales,IPIM. Total productos nacionales. Base 1993. Trimestral,R/P3M,1995-01-01,2015-07-01,Índice 1993=100,Índice de Precios Internos al por Mayor (IPIM). SERIE DISCONTINUADA,Subsecretaría de Programación Macroeconómica,Instituto Nacional de Estadística y Censos (INDEC),Precios
106.2_IPI_1993_T_25,ipim_productos_importados,IPIM. Productos importados. Base 1993. Trimestral,R/P3M,1995-01-01,2015-07-01,Índice 1993=100,Índice de Precios Internos al por Mayor (IPIM). SERIE DISCONTINUADA,Subsecretaría de Programación Macroeconómica,Instituto Nacional de Estadística y Censos (INDEC),Precios
106.3_I1NGVA_1993_M_39,ipim_1993_nivel_general_variacion_anual,IPIM. Nivel general mensual. Variación % anual. Base 1993,R/P1M,1996-01-01,2015-10-01,Porcentaje,Índice de Precios Internos al por Mayor (IPIM). SERIE DISCONTINUADA,Subsecretaría de Programación Macroeconómica,Instituto Nacional de Estadística y Censos (INDEC),Precios
106.3_I1NGVM_1993_M_41,ipim_1993_nivel_general_variacion_mensual,IPIM. Nivel general mensual. Variación % mensual. Base 1993,R/P1M,1995-02-01,2015-10-01,Porcentaje,Índice de Precios Internos al por Mayor (IPIM). SERIE DISCONTINUADA,Subsecretaría de Programación Macroeconómica,Instituto Nacional de Estadística y Censos (INDEC),Precios
106.3_I1NG_1993_M_23,ipim_1993_nivel_general,IPIM. Nivel general. Base 1993. Mensual,R/P1M,1995-01-01,2015-10-01,Índice 1993=100,Índice de Precios Internos al por Mayor (IPIM). SERIE DISCONTINUADA,Subsecretaría de Programación Macroeconómica,Instituto Nacional de Estadística y Censos (INDEC),Precios
106.3_I1PNMEEVM_1993_M_51,ipim_1993_prod_nac_manuf_energia_electrica_var_mens,IPIM. Productos nacionales manufacturados y energía eléctrica. Variación % mensual. Base 1993,R/P1M,1995-02-01,2015-10-01,Porcentaje,Índice de Precios Internos al por Mayor (IPIM). SERIE DISCONTINUADA,Subsecretaría de Programación Macroeconómica,Instituto Nacional de Estadística y Censos (INDEC),Precios
106.3_I1PNMEE_1993_M_47,ipim_1993_productos_nac_manuf_energia_electrica,IPIM. Productos nacionales manufacturados y energía eléctrica. Base 1993. Mensual,R/P1M,1995-01-01,2015-10-01,Índice 1993=100,Índice de Precios Internos al por Mayor (IPIM). SERIE DISCONTINUADA,Subsecretaría de Programación Macroeconómica,Instituto Nacional de Estadística y Censos (INDEC),Precios
106.3_I1PNPVM_1993_M_45,ipim_1993_productos_nac_primarios_var_mensual,IPIM. Productos nacionales primarios. Variación % mensual. Base 1993,R/P1M,1995-02-01,2015-10-01,Porcentaje,Índice de Precios Internos al por Mayor (IPIM). SERIE DISCONTINUADA,Subsecretaría de Programación Macroeconómica,Instituto Nacional de Estadística y Censos (INDEC),Precios
106.3_I1PNP_1993_M_33,ipim_1993_productos_nac_primarios,IPIM. Productos nacionales primarios. Base 1993. Mensual,R/P1M,1995-01-01,2015-10-01,Índice 1993=100,Índice de Precios Internos al por Mayor (IPIM). SERIE DISCONTINUADA,Subsecretaría de Programación Macroeconómica,Instituto Nacional de Estadística y Censos (INDEC),Precios
106.3_I1PRNI_1993_M_42,ipim_1993_precios_relativos_nac_importados,IPIM. Precios relativos Nacionales/Importados. Base 1993. Mensual,R/P1M,1995-01-01,2015-10-01,Índice 1993=100,Índice de Precios Internos al por Mayor (IPIM). SERIE DISCONTINUADA,Subsecretaría de Programación Macroeconómica,Instituto Nacional de Estadística y Censos (INDEC),Precios
106.3_I1PRPMEE_1993_M_51,ipim_1993_precios_primarios_manuf_energia_electrica,IPIM. Precios relativos Primarios/Manufacturados y energía eléctrica. Base 1993. Mensual,R/P1M,1995-01-01,2015-10-01,Índice 1993=100,Índice de Precios Internos al por Mayor (IPIM). SERIE DISCONTINUADA,Subsecretaría de Programación Macroeconómica,Instituto Nacional de Estadística y Censos (INDEC),Precios
106.3_I1TPNVM_1993_M_47,ipim_1993_total_productos_nac_variacion_mensual,IPIM. Total productos nacionales. Variación % mensual. Base 1993,R/P1M,1995-02-01,2015-10-01,Porcentaje,Índice de Precios Internos al por Mayor (IPIM). SERIE DISCONTINUADA,Subsecretaría de Programación Macroeconómica,Instituto Nacional de Estadística y Censos (INDEC),Precios
106.3_I1TPN_1993_M_36,ipim_1993_total_productos_nacionales,IPIM. Total productos nacionales. Base 1993. Mensual,R/P1M,1995-01-01,2015-10-01,Índice 1993=100,Índice de Precios Internos al por Mayor (IPIM). SERIE DISCONTINUADA,Subsecretaría de Programación Macroeconómica,Instituto Nacional de Estadística y Censos (INDEC),Precios
106.3_IPIVM_1993_M_43,ipim_productos_importados_variacion_mensual,IPIM. Productos importados. Variación % mensual. Base 1993,R/P1M,1995-02-01,2015-10-01,Porcentaje,Índice de Precios Internos al por Mayor (IPIM). SERIE DISCONTINUADA,Subsecretaría de Programación Macroeconómica,Instituto Nacional de Estadística y Censos (INDEC),Precios
106.3_IPI_1993_M_25,ipim_productos_importados,IPIM. Productos importados. Base 1993. Mensual,R/P1M,1995-01-01,2015-10-01,Índice 1993=100,Índice de Precios Internos al por Mayor (IPIM). SERIE DISCONTINUADA,Subsecretaría de Programación Macroeconómica,Instituto Nacional de Estadística y Censos (INDEC),Precios
107.1_I1NGVA_1993_A_39,ipib_1993_nivel_general_variacion_anual,IPIM. Nivel general anual. Variación % mensual. Base 1993,R/P1Y,1996-01-01,2014-01-01,Porcentaje,Índice de Precios Internos Básicos al por Mayor. SERIE DISCONTINUADA,Subsecretaría de Programación Macroeconómica,Instituto Nacional de Estadística y Censos (INDEC),Precios
107.1_I1NG_1993_A_23,ipib_1993_nivel_general,IPIM. Nivel general. Base 1993. Anual,R/P1Y,1995-01-01,2014-01-01,Índice 1993=100,Índice de Precios Internos Básicos al por Mayor. SERIE DISCONTINUADA,Subsecretaría de Programación Macroeconómica,Instituto Nacional de Estadística y Censos (INDEC),Precios
107.1_I1PNMEE_1993_A_54,ipib_1993_productos_nacionales_manuf_energia_electrica,IPIM. Productos nacionales manufacturados y energía eléctrica. Base 1993. Anual,R/P1Y,1995-01-01,2014-01-01,Índice 1993=100,Índice de Precios Internos Básicos al por Mayor. SERIE DISCONTINUADA,Subsecretaría de Programación Macroeconómica,Instituto Nacional de Estadística y Censos (INDEC),Precios
107.1_I1PNP_1993_A_40,ipib_1993_productos_nacionales_primarios,IPIM. Productos nacionales primarios. Base 1993. Anual,R/P1Y,1995-01-01,2014-01-01,Índice 1993=100,Índice de Precios Internos Básicos al por Mayor. SERIE DISCONTINUADA,Subsecretaría de Programación Macroeconómica,Instituto Nacional de Estadística y Censos (INDEC),Precios
107.1_I1PRNI_1993_A_49,ipib_1993_precios_relativos_nacionales_importados,IPIM. Precios relativos Nacionales/Importados. Base 1993. Anual,R/P1Y,1995-01-01,2014-01-01,Índice 1993=100,Índice de Precios Internos Básicos al por Mayor. SERIE DISCONTINUADA,Subsecretaría de Programación Macroeconómica,Instituto Nacional de Estadística y Censos (INDEC),Precios
107.1_I1PRPMEE_1993_A_57,ipib_1993_precios_relat_primarios_manuf_energia_electrica,IPIM. Precios relativos Primarios/Manufacturados y energía eléctrica. Base 1993. Anual,R/P1Y,1995-01-01,2014-01-01,Índice 1993=100,Índice de Precios Internos Básicos al por Mayor. SERIE DISCONTINUADA,Subsecretaría de Programación Macroeconómica,Instituto Nacional de Estadística y Censos (INDEC),Precios
107.1_I1TPN_1993_A_36,ipib_1993_total_productos_nacionales,IPIM. Total productos nacionales. Base 1993. Anual,R/P1Y,1995-01-01,2014-01-01,Índice 1993=100,Índice de Precios Internos Básicos al por Mayor. SERIE DISCONTINUADA,Subsecretaría de Programación Macroeconómica,Instituto Nacional de Estadística y Censos (INDEC),Precios
107.1_IPI_1993_A_25,ipib_productos_importados,IPIM. Productos importados. Base 1993. Anual,R/P1Y,1995-01-01,2014-01-01,Índice 1993=100,Índice de Precios Internos Básicos al por Mayor. SERIE DISCONTINUADA,Subsecretaría de Programación Macroeconómica,Instituto Nacional de Estadística y Censos (INDEC),Precios
107.2_I1NGVA_1993_T_39,ipib_1993_nivel_general_variacion_anual,IPIB. Nivel general trimestral. Variación % anual. Base 1993,R/P3M,1996-01-01,2015-07-01,Porcentaje,Índice de Precios Internos Básicos al por Mayor. SERIE DISCONTINUADA,Subsecretaría de Programación Macroeconómica,Instituto Nacional de Estadística y Censos (INDEC),Precios
107.2_I1NGVM_1993_T_41,ipib_1993_nivel_general_variacion_mensual,IPIB. Nivel general trimestral. Variación % mensual. Base 1993,R/P3M,1995-04-01,2015-07-01,Porcentaje,Índice de Precios Internos Básicos al por Mayor. SERIE DISCONTINUADA,Subsecretaría de Programación Macroeconómica,Instituto Nacional de Estadística y Censos (INDEC),Precios
107.2_I1NG_1993_T_23,ipib_1993_nivel_general,IPIB. Nivel general. Base 1993. Trimestral,R/P3M,1995-01-01,2015-07-01,Índice 1993=100,Índice de Precios Internos Básicos al por Mayor. SERIE DISCONTINUADA,Subsecretaría de Programación Macroeconómica,Instituto Nacional de Estadística y Censos (INDEC),Precios
107.2_I1PNMEE_1993_T_54,ipib_1993_productos_nacionales_manuf_energia_electrica,IPIB. Productos nacionales manufacturados y energía eléctrica. Base 1993. Trimestral,R/P3M,1995-01-01,2015-07-01,Índice 1993=100,Índice de Precios Internos Básicos al por Mayor. SERIE DISCONTINUADA,Subsecretaría de Programación Macroeconómica,Instituto Nacional de Estadística y Censos (INDEC),Precios
107.2_I1PNP_1993_T_40,ipib_1993_productos_nacionales_primarios,IPIB. Productos nacionales primarios. Base 1993. Trimestral,R/P3M,1995-01-01,2015-07-01,Índice 1993=100,Índice de Precios Internos Básicos al por Mayor. SERIE DISCONTINUADA,Subsecretaría de Programación Macroeconómica,Instituto Nacional de Estadística y Censos (INDEC),Precios
107.2_I1PRNI_1993_T_49,ipib_1993_precios_relativos_nacionales_importados,IPIB. Precios relativos Nacionales/Importados. Base 1993. Trimestral,R/P3M,1995-01-01,2015-07-01,Índice 1993=100,Índice de Precios Internos Básicos al por Mayor. SERIE DISCONTINUADA,Subsecretaría de Programación Macroeconómica,Instituto Nacional de Estadística y Censos (INDEC),Precios
107.2_I1PRPMEE_1993_T_57,ipib_1993_precios_relat_primarios_manuf_energia_electrica,IPIB. Precios relativos Primarios/Manufacturados y energía eléctrica. Base 1993. Trimestral,R/P3M,1995-01-01,2015-07-01,Índice 1993=100,Índice de Precios Internos Básicos al por Mayor. SERIE DISCONTINUADA,Subsecretaría de Programación Macroeconómica,Instituto Nacional de Estadística y Censos (INDEC),Precios
107.2_I1TPN_1993_T_36,ipib_1993_total_productos_nacionales,IPIB. Total productos nacionales. Base 1993. Trimestral,R/P3M,1995-01-01,2015-07-01,Índice 1993=100,Índice de Precios Internos Básicos al por Mayor. SERIE DISCONTINUADA,Subsecretaría de Programación Macroeconómica,Instituto Nacional de Estadística y Censos (INDEC),Precios
107.2_IPI_1993_T_25,ipib_productos_importados,IPIB. Productos importados. Base 1993. Trimestral,R/P3M,1995-01-01,2015-07-01,Índice 1993=100,Índice de Precios Internos Básicos al por Mayor. SERIE DISCONTINUADA,Subsecretaría de Programación Macroeconómica,Instituto Nacional de Estadística y Censos (INDEC),Precios
107.3_I1NGVA_1993_M_39,ipib_1993_nivel_general_variacion_anual,IPIB. Nivel general mensual. Variación % anual. Base 1993,R/P1M,1996-01-01,2015-10-01,Porcentaje,Índice de Precios Internos Básicos al por Mayor. SERIE DISCONTINUADA,Subsecretaría de Programación Macroeconómica,Instituto Nacional de Estadística y Censos (INDEC),Precios
107.3_I1NGVM_1993_M_41,ipib_1993_nivel_general_variacion_mensual,IPIB. Nivel general mensual. Variación % mensual. Base 1993,R/P1M,1995-02-01,2015-10-01,Porcentaje,Índice de Precios Internos Básicos al por Mayor. SERIE DISCONTINUADA,Subsecretaría de Programación Macroeconómica,Instituto Nacional de Estadística y Censos (INDEC),Precios
107.3_I1NG_1993_M_23,ipib_1993_nivel_general,IPIB. Nivel general. Base 1993. Mensual,R/P1M,1995-01-01,2015-10-01,Índice 1993=100,Índice de Precios Internos Básicos al por Mayor. SERIE DISCONTINUADA,Subsecretaría de Programación Macroeconómica,Instituto Nacional de Estadística y Censos (INDEC),Precios
107.3_I1PIVM_1993_M_48,ipib_1993_productos_importados_variacion_mensual,IPIB. Productos importados. Variación % mensual. Base 1993,R/P1M,1995-02-01,2015-10-01,Porcentaje,Índice de Precios Internos Básicos al por Mayor. SERIE DISCONTINUADA,Subsecretaría de Programación Macroeconómica,Instituto Nacional de Estadística y Censos (INDEC),Precios
107.3_I1PNMEEVM_1993_M_56,ipib_1993_productos_nacionales_energia_electrica_var_men,IPIB. Productos nacionales manufacturados y energía eléctrica. Variación % mensual. Base 1993,R/P1M,1995-02-01,2015-10-01,Porcentaje,Índice de Precios Internos Básicos al por Mayor. SERIE DISCONTINUADA,Subsecretaría de Programación Macroeconómica,Instituto Nacional de Estadística y Censos (INDEC),Precios
107.3_I1PNMEE_1993_M_54,ipib_1993_productos_nacionales_manuf_energia_electrica,IPIB. Productos nacionales manufacturados y energía eléctrica. Base 1993. Mensual,R/P1M,1995-01-01,2015-10-01,Índice 1993=100,Índice de Precios Internos Básicos al por Mayor. SERIE DISCONTINUADA,Subsecretaría de Programación Macroeconómica,Instituto Nacional de Estadística y Censos (INDEC),Precios
107.3_I1PNPVM_1993_M_58,ipib_1993_productos_nacionales_primarios_variacion_mensual,IPIB. Productos nacionales primarios. Variación % mensual. Base 1993,R/P1M,1995-02-01,2015-10-01,Porcentaje,Índice de Precios Internos Básicos al por Mayor. SERIE DISCONTINUADA,Subsecretaría de Programación Macroeconómica,Instituto Nacional de Estadística y Censos (INDEC),Precios
107.3_I1PNP_1993_M_40,ipib_1993_productos_nacionales_primarios,IPIB. Productos nacionales primarios. Base 1993. Mensual,R/P1M,1995-01-01,2015-10-01,Índice 1993=100,Índice de Precios Internos Básicos al por Mayor. SERIE DISCONTINUADA,Subsecretaría de Programación Macroeconómica,Instituto Nacional de Estadística y Censos (INDEC),Precios
107.3_I1PRNI_1993_M_49,ipib_1993_precios_relativos_nacionales_importados,IPIB. Precios relativos Nacionales/Importados. Base 1993. Mensual,R/P1M,1995-01-01,2015-10-01,Índice 1993=100,Índice de Precios Internos Básicos al por Mayor. SERIE DISCONTINUADA,Subsecretaría de Programación Macroeconómica,Instituto Nacional de Estadística y Censos (INDEC),Precios
107.3_I1PRPMEE_1993_M_57,ipib_1993_precios_relat_primarios_manuf_energia_electrica,IPIB. Precios relativos Primarios/Manufacturados y energía eléctrica. Base 1993. Mensual,R/P1M,1995-01-01,2015-10-01,Índice 1993=100,Índice de Precios Internos Básicos al por Mayor. SERIE DISCONTINUADA,Subsecretaría de Programación Macroeconómica,Instituto Nacional de Estadística y Censos (INDEC),Precios
107.3_I1TPNVM_1993_M_54,ipib_1993_total_productos_nacionales_variacion_mensual,IPIB. Total productos nacionales. Variación % mensual. Base 1993,R/P1M,1995-02-01,2015-10-01,Porcentaje,Índice de Precios Internos Básicos al por Mayor. SERIE DISCONTINUADA,Subsecretaría de Programación Macroeconómica,Instituto Nacional de Estadística y Censos (INDEC),Precios
107.3_I1TPN_1993_M_36,ipib_1993_total_productos_nacionales,IPIB. Total productos nacionales. Base 1993. Mensual,R/P1M,1995-01-01,2015-10-01,Índice 1993=100,Índice de Precios Internos Básicos al por Mayor. SERIE DISCONTINUADA,Subsecretaría de Programación Macroeconómica,Instituto Nacional de Estadística y Censos (INDEC),Precios
107.3_IPI_1993_M_25,ipib_productos_importados,IPIB. Productos importados. Base 1993. Mensual,R/P1M,1995-01-01,2015-10-01,Índice 1993=100,Índice de Precios Internos Básicos al por Mayor. SERIE DISCONTINUADA,Subsecretaría de Programación Macroeconómica,Instituto Nacional de Estadística y Censos (INDEC),Precios
108.1_I1NGVA_1993_A_38,ipp_1993_nivel_general_variacion_anual,IPP. Nivel general anual. Variación % anual. Base 1993,R/P1Y,1996-01-01,2014-01-01,Porcentaje,Índice de Precios Internos Básicos del Productor. SERIE DISCONTINUADA,Subsecretaría de Programación Macroeconómica,Instituto Nacional de Estadística y Censos (INDEC),Precios
108.1_I1NG_1993_A_22,ipp_1993_nivel_general,IPP. Nivel general. Base 1993. Anual,R/P1Y,1995-01-01,2014-01-01,Índice 1993=100,Índice de Precios Internos Básicos del Productor. SERIE DISCONTINUADA,Subsecretaría de Programación Macroeconómica,Instituto Nacional de Estadística y Censos (INDEC),Precios
108.1_I1PNMEE_1993_A_53,ipp_1993_productos_nacionales_manuf_energia_electrica,IPP. Productos nacionales manufacturados y energía eléctrica. Base 1993. Anual,R/P1Y,1995-01-01,2014-01-01,Índice 1993=100,Índice de Precios Internos Básicos del Productor. SERIE DISCONTINUADA,Subsecretaría de Programación Macroeconómica,Instituto Nacional de Estadística y Censos (INDEC),Precios
108.1_I1PNP_1993_A_39,ipp_1993_productos_nacionales_primarios,IPP. Productos nacionales primarios. Base 1993. Anual,R/P1Y,1995-01-01,2014-01-01,Índice 1993=100,Índice de Precios Internos Básicos del Productor. SERIE DISCONTINUADA,Subsecretaría de Programación Macroeconómica,Instituto Nacional de Estadística y Censos (INDEC),Precios
108.1_I1PRPMEE_1993_A_56,ipp_1993_precios_relat_primarios_manuf_energia_electrica,IPP. Precios relativos Primarios/Manufacturados y energía eléctrica. Base 1993. Anual,R/P1Y,1995-01-01,2014-01-01,Índice 1993=100,Índice de Precios Internos Básicos del Productor. SERIE DISCONTINUADA,Subsecretaría de Programación Macroeconómica,Instituto Nacional de Estadística y Censos (INDEC),Precios
108.1_I1TPN_1993_A_35,ipp_1993_total_productos_nacionales,IPP. Total productos nacionales. Base 1993. Anual,R/P1Y,1995-01-01,2014-01-01,Índice 1993=100,Índice de Precios Internos Básicos del Productor. SERIE DISCONTINUADA,Subsecretaría de Programación Macroeconómica,Instituto Nacional de Estadística y Censos (INDEC),Precios
108.2_I1NGVA_1993_T_38,ipp_1993_nivel_general_variacion_anual,IPP. Nivel general trimestral. Variación % anual. Base 1993,R/P3M,1996-01-01,2015-07-01,Porcentaje,Índice de Precios Internos Básicos del Productor. SERIE DISCONTINUADA,Subsecretaría de Programación Macroeconómica,Instituto Nacional de Estadística y Censos (INDEC),Precios
108.2_I1NGVM_1993_T_40,ipp_1993_nivel_general_variacion_mensual,IPP. Nivel general trimestral. Variación % mensual. Base 1993,R/P3M,1995-04-01,2015-07-01,Porcentaje,Índice de Precios Internos Básicos del Productor. SERIE DISCONTINUADA,Subsecretaría de Programación Macroeconómica,Instituto Nacional de Estadística y Censos (INDEC),Precios
108.2_I1NG_1993_T_22,ipp_1993_nivel_general,IPP. Nivel general. Base 1993. Trimestral,R/P3M,1995-01-01,2015-07-01,Índice 1993=100,Índice de Precios Internos Básicos del Productor. SERIE DISCONTINUADA,Subsecretaría de Programación Macroeconómica,Instituto Nacional de Estadística y Censos (INDEC),Precios
108.2_I1PNMEE_1993_T_53,ipp_1993_productos_nacionales_manuf_energia_electrica,IPP. Productos nacionales manufacturados y energía eléctrica. Base 1993. Trimestral,R/P3M,1995-01-01,2015-07-01,Índice 1993=100,Índice de Precios Internos Básicos del Productor. SERIE DISCONTINUADA,Subsecretaría de Programación Macroeconómica,Instituto Nacional de Estadística y Censos (INDEC),Precios
108.2_I1PNP_1993_T_39,ipp_1993_productos_nacionales_primarios,IPP. Productos nacionales primarios. Base 1993. Trimestral,R/P3M,1995-01-01,2015-07-01,Índice 1993=100,Índice de Precios Internos Básicos del Productor. SERIE DISCONTINUADA,Subsecretaría de Programación Macroeconómica,Instituto Nacional de Estadística y Censos (INDEC),Precios
108.2_I1PRPMEE_1993_T_56,ipp_1993_precios_relat_primarios_manuf_energia_electrica,IPP. Precios relativos Primarios/Manufacturados y energía eléctrica. Base 1993. Trimestral,R/P3M,1995-01-01,2015-07-01,Índice 1993=100,Índice de Precios Internos Básicos del Productor. SERIE DISCONTINUADA,Subsecretaría de Programación Macroeconómica,Instituto Nacional de Estadística y Censos (INDEC),Precios
108.2_I1TPN_1993_T_35,ipp_1993_total_productos_nacionales,IPP. Total productos nacionales. Base 1993. Trimestral,R/P3M,1995-01-01,2015-07-01,Índice 1993=100,Índice de Precios Internos Básicos del Productor. SERIE DISCONTINUADA,Subsecretaría de Programación Macroeconómica,Instituto Nacional de Estadística y Censos (INDEC),Precios
108.3_I1NGVA_1993_M_38,ipp_1993_nivel_general_variacion_anual,IPP. Nivel genera l Mensual. Variación % anual. Base 1993,R/P1M,1996-01-01,2015-10-01,Índice 1993=100,Índice de Precios Internos Básicos del Productor. SERIE DISCONTINUADA,Subsecretaría de Programación Macroeconómica,Instituto Nacional de Estadística y Censos (INDEC),Precios
108.3_I1NGVM_1993_M_40,ipp_1993_nivel_general_variacion_mensual,IPP. Nivel general Mensual. Variación % mensual. Base 1993,R/P1M,1995-02-01,2015-10-01,Índice 1993=100,Índice de Precios Internos Básicos del Productor. SERIE DISCONTINUADA,Subsecretaría de Programación Macroeconómica,Instituto Nacional de Estadística y Censos (INDEC),Precios
108.3_I1NG_1993_M_22,ipp_1993_nivel_general,IPP. Nivel general. Base 1993. Mensual,R/P1M,1995-01-01,2015-10-01,Índice 1993=100,Índice de Precios Internos Básicos del Productor. SERIE DISCONTINUADA,Subsecretaría de Programación Macroeconómica,Instituto Nacional de Estadística y Censos (INDEC),Precios
108.3_I1PMEEVM_1993_M_54,ipp_1993_productos_manuf_energia_electrica_var_mensual,IPP. Productos manufacturados y energía eléctrica. Variación % mensual. Base 1993,R/P1M,1995-02-01,2015-10-01,Porcentaje,Índice de Precios Internos Básicos del Productor. SERIE DISCONTINUADA,Subsecretaría de Programación Macroeconómica,Instituto Nacional de Estadística y Censos (INDEC),Precios
108.3_I1PNMEE_1993_M_53,ipp_1993_productos_nacionales_manuf_energia_electrica,IPP. Productos nacionales manufacturados y energía eléctrica. Base 1993. Mensual,R/P1M,1995-01-01,2015-10-01,Índice 1993=100,Índice de Precios Internos Básicos del Productor. SERIE DISCONTINUADA,Subsecretaría de Programación Macroeconómica,Instituto Nacional de Estadística y Censos (INDEC),Precios
108.3_I1PNP_1993_M_39,ipp_1993_productos_nacionales_primarios,IPP. Productos nacionales primarios. Base 1993. Mensual,R/P1M,1995-01-01,2015-10-01,Índice 1993=100,Índice de Precios Internos Básicos del Productor. SERIE DISCONTINUADA,Subsecretaría de Programación Macroeconómica,Instituto Nacional de Estadística y Censos (INDEC),Precios
108.3_I1PPVM_1993_M_46,ipp_1993_productos_primarios_variacion_mensual,IPP. Productos primarios. Variación % mensual. Base 1993,R/P1M,1995-02-01,2015-10-01,Índice 1993=100,Índice de Precios Internos Básicos del Productor. SERIE DISCONTINUADA,Subsecretaría de Programación Macroeconómica,Instituto Nacional de Estadística y Censos (INDEC),Precios
108.3_I1PRPMEE_1993_M_56,ipp_1993_precios_relat_primarios_manuf_energia_electrica,IPP. Precios relativos Primarios/Manufacturados y energía eléctrica. Base 1993. Mensual,R/P1M,1995-01-01,2015-10-01,Índice 1993=100,Índice de Precios Internos Básicos del Productor. SERIE DISCONTINUADA,Subsecretaría de Programación Macroeconómica,Instituto Nacional de Estadística y Censos (INDEC),Precios
108.3_I1TPN_1993_M_35,ipp_1993_total_productos_nacionales,IPP. Total productos nacionales. Base 1993. Mensual,R/P1M,1995-01-01,2015-10-01,Índice 1993=100,Índice de Precios Internos Básicos del Productor. SERIE DISCONTINUADA,Subsecretaría de Programación Macroeconómica,Instituto Nacional de Estadística y Censos (INDEC),Precios
109.1_I1GG_1993_A_25,icc_1993_gastos_generales,ICC. Gastos generales. Base 1933. Anual,R/P1Y,1995-01-01,2016-01-01,Índice 1993=100,Índice de Costo de la Construcción (ICC),Subsecretaría de Programación Macroeconómica,Instituto Nacional de Estadística y Censos (INDEC),Precios
109.1_I1MOM_1993_A_29,icc_1993_mano_obra_materiales,ICC. Mano de obra/Materiales. Base 1933. Anual,R/P1Y,1995-01-01,2016-01-01,Índice 1993=100,Índice de Costo de la Construcción (ICC),Subsecretaría de Programación Macroeconómica,Instituto Nacional de Estadística y Censos (INDEC),Precios
109.1_I1MO_1993_A_18,icc_1993_mano_obra,ICC. Mano de obra. Base 1933. Anual,R/P1Y,1995-01-01,2016-01-01,Índice 1993=100,Índice de Costo de la Construcción (ICC),Subsecretaría de Programación Macroeconómica,Instituto Nacional de Estadística y Censos (INDEC),Precios
109.1_I1M_1993_A_19,icc_1993_materiales,ICC. Materiales. Base 1933. Anual,R/P1Y,1995-01-01,2016-01-01,Índice 1993=100,Índice de Costo de la Construcción (ICC),Subsecretaría de Programación Macroeconómica,Instituto Nacional de Estadística y Censos (INDEC),Precios
109.1_I1NGVA_1993_A_38,icc_1993_nivel_general_variacion_anual,ICC. Nivel general Anual. Variación % anual. Base 1993,R/P1Y,1996-01-01,2016-01-01,Porcentaje,Índice de Costo de la Construcción (ICC),Subsecretaría de Programación Macroeconómica,Instituto Nacional de Estadística y Censos (INDEC),Precios
109.1_I1NG_1993_A_22,icc_1993_nivel_general,ICC. Nivel general. Base 1933. Anual,R/P1Y,1995-01-01,2016-01-01,Índice 1993=100,Índice de Costo de la Construcción (ICC),Subsecretaría de Programación Macroeconómica,Instituto Nacional de Estadística y Censos (INDEC),Precios
109.2_I1GG_1993_A_25,icc_1993_gastos_generales,ICC. Gastos generales. Base 1933. Trimestral,R/P3M,1995-01-01,2017-01-01,Índice 1993=100,Índice de Costo de la Construcción (ICC),Subsecretaría de Programación Macroeconómica,Instituto Nacional de Estadística y Censos (INDEC),Precios
109.2_I1MOM_1993_A_29,icc_1993_mano_obra_materiales,ICC. Mano de obra/Materiales. Base 1933. Trimestral,R/P3M,1995-01-01,2017-01-01,Índice 1993=100,Índice de Costo de la Construcción (ICC),Subsecretaría de Programación Macroeconómica,Instituto Nacional de Estadística y Censos (INDEC),Precios
109.2_I1MO_1993_A_18,icc_1993_mano_obra,ICC. Mano de obra. Base 1933. Trimestral,R/P3M,1995-01-01,2017-01-01,Índice 1993=100,Índice de Costo de la Construcción (ICC),Subsecretaría de Programación Macroeconómica,Instituto Nacional de Estadística y Censos (INDEC),Precios
109.2_I1M_1993_A_19,icc_1993_materiales,ICC. Materiales. Base 1933. Trimestral,R/P3M,1995-01-01,2017-01-01,Índice 1993=100,Índice de Costo de la Construcción (ICC),Subsecretaría de Programación Macroeconómica,Instituto Nacional de Estadística y Censos (INDEC),Precios
109.2_I1NGVA_1993_A_38,icc_1993_nivel_general_variacion_anual,ICC. Nivel general Trimestral. Variación % anual. Base 1993,R/P3M,1996-01-01,2017-01-01,Porcentaje,Índice de Costo de la Construcción (ICC),Subsecretaría de Programación Macroeconómica,Instituto Nacional de Estadística y Censos (INDEC),Precios
109.2_I1NGVM_1993_A_40,icc_1993_nivel_general_variacion_mensual,ICC. Nivel general Trimestral. Variación % mensual. Base 1993,R/P3M,1995-04-01,2017-01-01,Porcentaje,Índice de Costo de la Construcción (ICC),Subsecretaría de Programación Macroeconómica,Instituto Nacional de Estadística y Censos (INDEC),Precios
109.2_I1NG_1993_A_22,icc_1993_nivel_general,ICC. Nivel general. Base 1933. Trimestral,R/P3M,1995-01-01,2017-01-01,Índice 1993=100,Índice de Costo de la Construcción (ICC),Subsecretaría de Programación Macroeconómica,Instituto Nacional de Estadística y Censos (INDEC),Precios
109.3_I1GG_1993_A_25,icc_1993_gastos_generales,ICC. Gastos generales. Base 1933. Mensual,R/P1M,1995-01-01,2015-10-01,Índice 1993=100,Índice de Costo de la Construcción (ICC),Subsecretaría de Programación Macroeconómica,Instituto Nacional de Estadística y Censos (INDEC),Precios
109.3_I1MOM_1993_A_29,icc_1993_mano_obra_materiales,ICC. Mano de obra/Materiales. Base 1933. Mensual,R/P1M,1995-01-01,2015-10-01,Índice 1993=100,Índice de Costo de la Construcción (ICC),Subsecretaría de Programación Macroeconómica,Instituto Nacional de Estadística y Censos (INDEC),Precios
109.3_I1MO_1993_A_18,icc_1993_mano_obra,ICC. Mano de obra. Base 1933. Mensual,R/P1M,1995-01-01,2015-10-01,Índice 1993=100,Índice de Costo de la Construcción (ICC),Subsecretaría de Programación Macroeconómica,Instituto Nacional de Estadística y Censos (INDEC),Precios
109.3_I1M_1993_A_19,icc_1993_materiales,ICC. Materiales. Base 1933. Mensual,R/P1M,1995-01-01,2015-10-01,Índice 1993=100,Índice de Costo de la Construcción (ICC),Subsecretaría de Programación Macroeconómica,Instituto Nacional de Estadística y Censos (INDEC),Precios
109.3_I1NGVA_1993_A_38,icc_1993_nivel_general_variacion_anual,ICC. Nivel general Mensual. Variación % anual. Base 1993,R/P1M,1996-01-01,2015-10-01,Porcentaje,Índice de Costo de la Construcción (ICC),Subsecretaría de Programación Macroeconómica,Instituto Nacional de Estadística y Censos (INDEC),Precios
109.3_I1NGVM_1993_A_40,icc_1993_nivel_general_variacion_mensual,ICC. Nivel general Mensual. Variación % mensual. Base 1993,R/P1M,1995-02-01,2015-10-01,Porcentaje,Índice de Costo de la Construcción (ICC),Subsecretaría de Programación Macroeconómica,Instituto Nacional de Estadística y Censos (INDEC),Precios
109.3_I1NG_1993_A_22,icc_1993_nivel_general,ICC. Nivel general. Base 1933. Mensual,R/P1M,1995-01-01,2015-10-01,Índice 1993=100,Índice de Costo de la Construcción (ICC),Subsecretaría de Programación Macroeconómica,Instituto Nacional de Estadística y Censos (INDEC),Precios
110.1_IPCVA_1993_A_33,ipi_pib_corriente_variacion_anual,Índice de Precios Implícitos en el PIB corriente. Variación % interanual. Base 1993,R/P1Y,1994-01-01,2012-01-01,Porcentaje,Índice de Precios Implícitos del Producto Interno Bruto (IPI-PIB). Base 1993. (SERIE DISCONTINUADA),Subsecretaría de Programación Macroeconómica,Instituto Nacional de Estadística y Censos (INDEC),Precios
110.1_IPC_1993_A_17,ipi_pib_corriente,Índice de Precios Implícitos en el PIB corriente. Base 1993. Anual,R/P1Y,1993-01-01,2012-01-01,Índice 1993=100,Índice de Precios Implícitos del Producto Interno Bruto (IPI-PIB). Base 1993. (SERIE DISCONTINUADA),Subsecretaría de Programación Macroeconómica,Instituto Nacional de Estadística y Censos (INDEC),Precios
110.2_IPCVA_1993_T_33,ipi_pib_corriente_variacion_trimestral,Índice de Precios Implícitos en el PIB corriente. Variación % trimestral. Base 1993,R/P3M,1994-01-01,2013-07-01,Porcentaje,Índice de Precios Implícitos del Producto Interno Bruto (IPI-PIB). Base 1993. (SERIE DISCONTINUADA),Subsecretaría de Programación Macroeconómica,Instituto Nacional de Estadística y Censos (INDEC),Precios
110.2_IPCVT_1993_T_38,ipi_pib_corriente_variacion_anual,Índice de Precios Implícitos en el PIB corriente. Variación % interanual. Base 1993,R/P3M,1993-04-01,2013-07-01,Porcentaje,Índice de Precios Implícitos del Producto Interno Bruto (IPI-PIB). Base 1993. (SERIE DISCONTINUADA),Subsecretaría de Programación Macroeconómica,Instituto Nacional de Estadística y Censos (INDEC),Precios
110.2_IPC_1993_T_17,ipi_pib_corriente,Índice de Precios Implícitos en el PIB corriente. Base 1993. Anual,R/P3M,1993-01-01,2013-07-01,Índice 1993=100,Índice de Precios Implícitos del Producto Interno Bruto (IPI-PIB). Base 1993. (SERIE DISCONTINUADA),Subsecretaría de Programación Macroeconómica,Instituto Nacional de Estadística y Censos (INDEC),Precios
111.1_IPBS_1993_A_24,ipi_pib_bienes_servicios,Índice de precios implícitos en el PIB de Sectores Productores de Bienes y de Servicios. Base 1993. Anual,R/P1Y,1993-01-01,2012-01-01,Índice 1993=100,Índice de Precios Implícitos del Producto Interno Bruto (IPI-PIB). Base 1993. (SERIE DISCONTINUADA),Subsecretaría de Programación Macroeconómica,Instituto Nacional de Estadística y Censos (INDEC),Precios
111.1_IPB_1993_A_14,ipi_pib_bienes,Índice de precios implícitos en el PIB de Sectores Productores de Bienes. Base 1993. Anual,R/P1Y,1993-01-01,2012-01-01,Índice 1993=100,Índice de Precios Implícitos del Producto Interno Bruto (IPI-PIB). Base 1993. (SERIE DISCONTINUADA),Subsecretaría de Programación Macroeconómica,Instituto Nacional de Estadística y Censos (INDEC),Precios
111.1_IPS_1993_A_17,ipi_pib_servicios,Índice de precios implícitos en el PIB de Sectores Productores de Servicios. Base 1993. Anual,R/P1Y,1993-01-01,2012-01-01,Índice 1993=100,Índice de Precios Implícitos del Producto Interno Bruto (IPI-PIB). Base 1993. (SERIE DISCONTINUADA),Subsecretaría de Programación Macroeconómica,Instituto Nacional de Estadística y Censos (INDEC),Precios
111.2_IPBS_1993_T_24,ipi_pib_bienes_servicios,Índice de precios implícitos en el PIB de Sectores Productores de Bienes y de Servicios. Base 1993. Trimestral,R/P3M,1993-01-01,2013-07-01,Índice 1993=100,Índice de Precios Implícitos del Producto Interno Bruto (IPI-PIB). Base 1993. (SERIE DISCONTINUADA),Subsecretaría de Programación Macroeconómica,Instituto Nacional de Estadística y Censos (INDEC),Precios
111.2_IPB_1993_T_14,ipi_pib_bienes,Índice de precios implícitos en el PIB de Sectores Productores de Bienes. Base 1993. Trimestral,R/P3M,1993-01-01,2013-07-01,Índice 1993=100,Índice de Precios Implícitos del Producto Interno Bruto (IPI-PIB). Base 1993. (SERIE DISCONTINUADA),Subsecretaría de Programación Macroeconómica,Instituto Nacional de Estadística y Censos (INDEC),Precios
111.2_IPS_1993_T_17,ipi_pib_servicios,Índice de precios implícitos en el PIB de Sectores Productores de Servicios. Base 1993. Trimestral,R/P3M,1993-01-01,2013-07-01,Índice 1993=100,Índice de Precios Implícitos del Producto Interno Bruto (IPI-PIB). Base 1993. (SERIE DISCONTINUADA),Subsecretaría de Programación Macroeconómica,Instituto Nacional de Estadística y Censos (INDEC),Precios
112.1_IAGCS_2004_A_43,ipi_agricultura_ganaderia_caza_silvicultura,"Índice de Precios Implícitos del VAB a precios de mercado de Agricultura, ganadería, caza y silvicultura. Base 2004. Anual",R/P1Y,2004-01-01,2024-01-01,Índice 2004=100,Índice de Precios Implícitos del Producto Interno Bruto (IPI - PIB). Base 2004,Subsecretaría de Programación Macroeconómica,Instituto Nacional de Estadística y Censos (INDEC),Precios
112.1_IAIEA_2004_A_52,ipi_actividades_inmobiliarias_empresariales_alquiler,"Índice de Precios Implícitos del VAB a precios de mercado de Actividades inmobiliarias, empresariales y de alquiler. Base 2004. Anual",R/P1Y,2004-01-01,2024-01-01,Índice 2004=100,Índice de Precios Implícitos del Producto Interno Bruto (IPI - PIB). Base 2004,Subsecretaría de Programación Macroeconómica,Instituto Nacional de Estadística y Censos (INDEC),Precios
112.1_IAPDSS_2004_A_51,ipi_administracion_publica_defensa_seguridad_social,Índice de Precios Implícitos del VAB a precios de mercado de Administración Pública y Defensa; Planes de Seguridad Social de Afiliación Obligatoria. Base 2004. Anual,R/P1Y,2004-01-01,2024-01-01,Índice 2004=100,Índice de Precios Implícitos del Producto Interno Bruto (IPI - PIB). Base 2004,Subsecretaría de Programación Macroeconómica,Instituto Nacional de Estadística y Censos (INDEC),Precios
112.1_ICMMR_2004_A_45,ipi_comercio_mayorista_minorista_reparaciones,Índice de Precios Implícitos del VAB a precios de mercado de Comercio mayorista y minorista y reparaciones. Base 2004. Anual,R/P1Y,2004-01-01,2024-01-01,Índice 2004=100,Índice de Precios Implícitos del Producto Interno Bruto (IPI - PIB). Base 2004,Subsecretaría de Programación Macroeconómica,Instituto Nacional de Estadística y Censos (INDEC),Precios
112.1_IC_2004_A_16,ipi_construccion,Índice de Precios Implícitos del VAB a precios de mercado de Construcción. Base 2004. Anual,R/P1Y,2004-01-01,2024-01-01,Índice 2004=100,Índice de Precios Implícitos del Producto Interno Bruto (IPI - PIB). Base 2004,Subsecretaría de Programación Macroeconómica,Instituto Nacional de Estadística y Censos (INDEC),Precios
112.1_IDI_2004_A_24,ipi_derechos_importacion,Índice de Precios Implícitos del VAB a precios de mercado de Derechos de Importación. Base 2004. Anual,R/P1Y,2004-01-01,2024-01-01,Índice 2004=100,Índice de Precios Implícitos del Producto Interno Bruto (IPI - PIB). Base 2004,Subsecretaría de Programación Macroeconómica,Instituto Nacional de Estadística y Censos (INDEC),Precios
112.1_IEMC_2004_A_30,ipi_explotacion_minas_canteras,Índice de Precios Implícitos del VAB a precios de mercado de Explotación de minas y canteras. Base 2004. Anual,R/P1Y,2004-01-01,2024-01-01,Índice 2004=100,Índice de Precios Implícitos del Producto Interno Bruto (IPI - PIB). Base 2004,Subsecretaría de Programación Macroeconómica,Instituto Nacional de Estadística y Censos (INDEC),Precios
112.1_IE_2004_A_14,ipi_ensenianza,Índice de Precios Implícitos del VAB a precios de mercado de Enseñanza. Base 2004. Anual,R/P1Y,2004-01-01,2024-01-01,Índice 2004=100,Índice de Precios Implícitos del Producto Interno Bruto (IPI - PIB). Base 2004,Subsecretaría de Programación Macroeconómica,Instituto Nacional de Estadística y Censos (INDEC),Precios
112.1_IHPSD_2004_A_39,ipi_hogares_privados_servicio_domestico,Índice de Precios Implícitos del VAB a precios de mercado de Hogares Privados con Servicios Domésticos. Base 2004. Anual,R/P1Y,2004-01-01,2024-01-01,Índice 2004=100,Índice de Precios Implícitos del Producto Interno Bruto (IPI - PIB). Base 2004,Subsecretaría de Programación Macroeconómica,Instituto Nacional de Estadística y Censos (INDEC),Precios
112.1_IHR_2004_A_24,ipi_hoteles_restaurantes,Índice de Precios Implícitos del VAB a precios de mercado de Hoteles y restaurantes. Base 2004. Anual,R/P1Y,2004-01-01,2024-01-01,Índice 2004=100,Índice de Precios Implícitos del Producto Interno Bruto (IPI - PIB). Base 2004,Subsecretaría de Programación Macroeconómica,Instituto Nacional de Estadística y Censos (INDEC),Precios
112.1_IIF_2004_A_29,ipi_intermediacion_financiera,Índice de Precios Implícitos del VAB a precios de mercado de Intermediación financiera. Base 2004. Anual,R/P1Y,2004-01-01,2024-01-01,Índice 2004=100,Índice de Precios Implícitos del Producto Interno Bruto (IPI - PIB). Base 2004,Subsecretaría de Programación Macroeconómica,Instituto Nacional de Estadística y Censos (INDEC),Precios
112.1_IIM_2004_A_27,ipi_industria_manufacturera,Índice de Precios Implícitos del VAB a precios de mercado de Industria manufacturera. Base 2004. Anual,R/P1Y,2004-01-01,2024-01-01,Índice 2004=100,Índice de Precios Implícitos del Producto Interno Bruto (IPI - PIB). Base 2004,Subsecretaría de Programación Macroeconómica,Instituto Nacional de Estadística y Censos (INDEC),Precios
112.1_IIPNS_2004_A_39,ipi_impuestos_productos_netos_subsidios,Índice de Precios Implícitos del VAB a precios de mercado de Impuestos a los productos netos de subsidios. Base 2004. Anual,R/P1Y,2004-01-01,2024-01-01,Índice 2004=100,Índice de Precios Implícitos del Producto Interno Bruto (IPI - PIB). Base 2004,Subsecretaría de Programación Macroeconómica,Instituto Nacional de Estadística y Censos (INDEC),Precios
112.1_IIVA_2004_A_27,ipi_impuesto_valor_agregado,Índice de Precios Implícitos del VAB a precios de mercado de Impuesto al Valor Agregado. Base 2004. Anual,R/P1Y,2004-01-01,2024-01-01,Índice 2004=100,Índice de Precios Implícitos del Producto Interno Bruto (IPI - PIB). Base 2004,Subsecretaría de Programación Macroeconómica,Instituto Nacional de Estadística y Censos (INDEC),Precios
112.1_IOASCSP_2004_A_45,ipi_otras_actividades_ser_sociales_personales,"Índice de Precios Implícitos del VAB a precios de mercado de Otras actividades de servicios comunitarias sociales, personales . Base 2004. Anual",R/P1Y,2004-01-01,2024-01-01,Índice 2004=100,Índice de Precios Implícitos del Producto Interno Bruto (IPI - PIB). Base 2004,Subsecretaría de Programación Macroeconómica,Instituto Nacional de Estadística y Censos (INDEC),Precios
112.1_IPIBPM_2004_A_42,ipi_producto_interno_bruto_precios_mercado,Índice de Precios Implícitos del VAB a precios de mercado de PRODUCTO INTERNO BRUTO a precios de mercado. Base 2004. Anual,R/P1Y,2004-01-01,2024-01-01,Índice 2004=100,Índice de Precios Implícitos del Producto Interno Bruto (IPI - PIB). Base 2004,Subsecretaría de Programación Macroeconómica,Instituto Nacional de Estadística y Censos (INDEC),Precios
112.1_IP_2004_A_9,ipi_pesca,Índice de Precios Implícitos del VAB a precios de mercado de Pesca. Base 2004. Anual,R/P1Y,2004-01-01,2024-01-01,Índice 2004=100,Índice de Precios Implícitos del Producto Interno Bruto (IPI - PIB). Base 2004,Subsecretaría de Programación Macroeconómica,Instituto Nacional de Estadística y Censos (INDEC),Precios
112.1_ISEGA_2004_A_36,ipi_suministro_electricidad_gas_agua,"Índice de Precios Implícitos del VAB a precios de mercado de Suministro de electricidad, gas y agua. Base 2004. Anual",R/P1Y,2004-01-01,2024-01-01,Índice 2004=100,Índice de Precios Implícitos del Producto Interno Bruto (IPI - PIB). Base 2004,Subsecretaría de Programación Macroeconómica,Instituto Nacional de Estadística y Censos (INDEC),Precios
112.1_ISPB_2004_A_31,ipi_sectores_productores_bienes,Índice de Precios Implícitos del VAB a precios de mercado de Sectores productores de bienes. Base 2004. Anual,R/P1Y,2004-01-01,2024-01-01,Índice 2004=100,Índice de Precios Implícitos del Producto Interno Bruto (IPI - PIB). Base 2004,Subsecretaría de Programación Macroeconómica,Instituto Nacional de Estadística y Censos (INDEC),Precios
112.1_ISPS_2004_A_34,ipi_sectores_productores_servicios,Índice de Precios Implícitos del VAB a precios de mercado de Sectores productores de servicios. Base 2004. Anual,R/P1Y,2004-01-01,2024-01-01,Índice 2004=100,Índice de Precios Implícitos del Producto Interno Bruto (IPI - PIB). Base 2004,Subsecretaría de Programación Macroeconómica,Instituto Nacional de Estadística y Censos (INDEC),Precios
112.1_ISSS_2004_A_28,ipi_servicios_sociales_salud,Índice de Precios Implícitos del VAB a precios de mercado de Servicios Sociales y de Salud. Base 2004. Anual,R/P1Y,2004-01-01,2024-01-01,Índice 2004=100,Índice de Precios Implícitos del Producto Interno Bruto (IPI - PIB). Base 2004,Subsecretaría de Programación Macroeconómica,Instituto Nacional de Estadística y Censos (INDEC),Precios
112.1_ITAC_2004_A_44,ipi_transporte_almacenamiento_comunicaciones,"Índice de Precios Implícitos del VAB a precios de mercado de Transporte, almacenamiento y comunicaciones. Base 2004. Anual",R/P1Y,2004-01-01,2024-01-01,Índice 2004=100,Índice de Precios Implícitos del Producto Interno Bruto (IPI - PIB). Base 2004,Subsecretaría de Programación Macroeconómica,Instituto Nacional de Estadística y Censos (INDEC),Precios
112.1_IVABPB_2004_A_40,ipi_valor_agregado_bruto_precios_basicos,Índice de Precios Implícitos del VAB a precios de mercado de VALOR AGREGADO BRUTO a precios básicos. Base 2004. Anual,R/P1Y,2004-01-01,2024-01-01,Índice 2004=100,Índice de Precios Implícitos del Producto Interno Bruto (IPI - PIB). Base 2004,Subsecretaría de Programación Macroeconómica,Instituto Nacional de Estadística y Censos (INDEC),Precios
112.2_IAGCS_2004_T_43,ipi_agricultura_ganaderia_caza_silvicultura,"Índice de Precios Implícitos del VAB a precios de mercado de Agricultura, ganadería, caza y silvicultura. Base 2004. Trimestral",R/P3M,2004-01-01,2025-07-01,Índice 2004=100,Índice de Precios Implícitos del Producto Interno Bruto (IPI - PIB). Base 2004,Subsecretaría de Programación Macroeconómica,Instituto Nacional de Estadística y Censos (INDEC),Precios
112.2_IAIEA_2004_T_52,ipi_actividades_inmobiliarias_empresariales_alquiler,"Índice de Precios Implícitos del VAB a precios de mercado de Actividades inmobiliarias, empresariales y de alquiler. Base 2004. Trimestral",R/P3M,2004-01-01,2025-07-01,Índice 2004=100,Índice de Precios Implícitos del Producto Interno Bruto (IPI - PIB). Base 2004,Subsecretaría de Programación Macroeconómica,Instituto Nacional de Estadística y Censos (INDEC),Precios
112.2_IAPDSS_2004_T_51,ipi_administracion_publica_defensa_seguridad_social,Índice de Precios Implícitos del VAB a precios de mercado de Administración Pública y Defensa; Planes de Seguridad Social de Afiliación Obligatoria. Base 2004. Trimestral,R/P3M,2004-01-01,2025-07-01,Índice 2004=100,Índice de Precios Implícitos del Producto Interno Bruto (IPI - PIB). Base 2004,Subsecretaría de Programación Macroeconómica,Instituto Nacional de Estadística y Censos (INDEC),Precios
112.2_ICMMR_2004_T_45,ipi_comercio_mayorista_minorista_reparaciones,Índice de Precios Implícitos del VAB a precios de mercado de Comercio mayorista y minorista y reparaciones. Base 2004. Trimestral,R/P3M,2004-01-01,2025-07-01,Índice 2004=100,Índice de Precios Implícitos del Producto Interno Bruto (IPI - PIB). Base 2004,Subsecretaría de Programación Macroeconómica,Instituto Nacional de Estadística y Censos (INDEC),Precios
112.2_IC_2004_T_16,ipi_construccion,Índice de Precios Implícitos del VAB a precios de mercado de Construcción. Base 2004. Trimestral,R/P3M,2004-01-01,2025-07-01,Índice 2004=100,Índice de Precios Implícitos del Producto Interno Bruto (IPI - PIB). Base 2004,Subsecretaría de Programación Macroeconómica,Instituto Nacional de Estadística y Censos (INDEC),Precios
112.2_IDI_2004_T_24,ipi_derechos_importacion,Índice de Precios Implícitos del VAB a precios de mercado de Derechos de Importación. Base 2004. Trimestral,R/P3M,2004-01-01,2025-07-01,Índice 2004=100,Índice de Precios Implícitos del Producto Interno Bruto (IPI - PIB). Base 2004,Subsecretaría de Programación Macroeconómica,Instituto Nacional de Estadística y Censos (INDEC),Precios
112.2_IEMC_2004_T_30,ipi_explotacion_minas_canteras,Índice de Precios Implícitos del VAB a precios de mercado de Explotación de minas y canteras. Base 2004. Trimestral,R/P3M,2004-01-01,2025-07-01,Índice 2004=100,Índice de Precios Implícitos del Producto Interno Bruto (IPI - PIB). Base 2004,Subsecretaría de Programación Macroeconómica,Instituto Nacional de Estadística y Censos (INDEC),Precios
112.2_IE_2004_T_14,ipi_ensenianza,Índice de Precios Implícitos del VAB a precios de mercado de Enseñanza. Base 2004. Trimestral,R/P3M,2004-01-01,2025-07-01,Índice 2004=100,Índice de Precios Implícitos del Producto Interno Bruto (IPI - PIB). Base 2004,Subsecretaría de Programación Macroeconómica,Instituto Nacional de Estadística y Censos (INDEC),Precios
112.2_IHPSD_2004_T_39,ipi_hogares_privados_servicio_domestico,Índice de Precios Implícitos del VAB a precios de mercado de Hogares Privados con Servicios Domésticos. Base 2004. Trimestral,R/P3M,2004-01-01,2025-07-01,Índice 2004=100,Índice de Precios Implícitos del Producto Interno Bruto (IPI - PIB). Base 2004,Subsecretaría de Programación Macroeconómica,Instituto Nacional de Estadística y Censos (INDEC),Precios
112.2_IHR_2004_T_24,ipi_hoteles_restaurantes,Índice de Precios Implícitos del VAB a precios de mercado de Hoteles y restaurantes. Base 2004. Trimestral,R/P3M,2004-01-01,2025-07-01,Índice 2004=100,Índice de Precios Implícitos del Producto Interno Bruto (IPI - PIB). Base 2004,Subsecretaría de Programación Macroeconómica,Instituto Nacional de Estadística y Censos (INDEC),Precios
112.2_IIF_2004_T_29,ipi_intermediacion_financiera,Índice de Precios Implícitos del VAB a precios de mercado de Intermediación financiera. Base 2004. Trimestral,R/P3M,2004-01-01,2025-07-01,Índice 2004=100,Índice de Precios Implícitos del Producto Interno Bruto (IPI - PIB). Base 2004,Subsecretaría de Programación Macroeconómica,Instituto Nacional de Estadística y Censos (INDEC),Precios
112.2_IIM_2004_T_27,ipi_industria_manufacturera,Índice de Precios Implícitos del VAB a precios de mercado de Industria manufacturera. Base 2004. Trimestral,R/P3M,2004-01-01,2025-07-01,Índice 2004=100,Índice de Precios Implícitos del Producto Interno Bruto (IPI - PIB). Base 2004,Subsecretaría de Programación Macroeconómica,Instituto Nacional de Estadística y Censos (INDEC),Precios
112.2_IIPNS_2004_T_39,ipi_impuestos_productos_netos_subsidios,Índice de Precios Implícitos del VAB a precios de mercado de Impuestos a los productos netos de subsidios. Base 2004. Trimestral,R/P3M,2004-01-01,2025-07-01,Índice 2004=100,Índice de Precios Implícitos del Producto Interno Bruto (IPI - PIB). Base 2004,Subsecretaría de Programación Macroeconómica,Instituto Nacional de Estadística y Censos (INDEC),Precios
112.2_IIVA_2004_T_27,ipi_impuesto_valor_agregado,Índice de Precios Implícitos del VAB a precios de mercado de Impuesto al Valor Agregado. Base 2004. Trimestral,R/P3M,2004-01-01,2025-07-01,Índice 2004=100,Índice de Precios Implícitos del Producto Interno Bruto (IPI - PIB). Base 2004,Subsecretaría de Programación Macroeconómica,Instituto Nacional de Estadística y Censos (INDEC),Precios
112.2_IOASCSP_2004_T_45,ipi_otras_actividades_ser_sociales_personales,"Índice de Precios Implícitos del VAB a precios de mercado de Otras actividades de servicios comunitarias sociales, personales . Base 2004. Trimestral",R/P3M,2004-01-01,2025-07-01,Índice 2004=100,Índice de Precios Implícitos del Producto Interno Bruto (IPI - PIB). Base 2004,Subsecretaría de Programación Macroeconómica,Instituto Nacional de Estadística y Censos (INDEC),Precios
112.2_IPIBPM_2004_T_42,ipi_producto_interno_bruto_precios_mercado,Índice de Precios Implícitos del VAB a precios de mercado de PRODUCTO INTERNO BRUTO a precios de mercado. Base 2004. Trimestral,R/P3M,2004-01-01,2025-07-01,Índice 2004=100,Índice de Precios Implícitos del Producto Interno Bruto (IPI - PIB). Base 2004,Subsecretaría de Programación Macroeconómica,Instituto Nacional de Estadística y Censos (INDEC),Precios
112.2_IP_2004_T_9,ipi_pesca,Índice de Precios Implícitos del VAB a precios de mercado de Pesca. Base 2004. Trimestral,R/P3M,2004-01-01,2025-07-01,Índice 2004=100,Índice de Precios Implícitos del Producto Interno Bruto (IPI - PIB). Base 2004,Subsecretaría de Programación Macroeconómica,Instituto Nacional de Estadística y Censos (INDEC),Precios
112.2_ISEGA_2004_T_36,ipi_suministro_electricidad_gas_agua,"Índice de Precios Implícitos del VAB a precios de mercado de Suministro de electricidad, gas y agua. Base 2004. Trimestral",R/P3M,2004-01-01,2025-07-01,Índice 2004=100,Índice de Precios Implícitos del Producto Interno Bruto (IPI - PIB). Base 2004,Subsecretaría de Programación Macroeconómica,Instituto Nacional de Estadística y Censos (INDEC),Precios
112.2_ISPB_2004_T_31,ipi_sectores_productores_bienes,Índice de Precios Implícitos del VAB a precios de mercado de Sectores productores de bienes. Base 2004. Trimestral,R/P3M,2004-01-01,2025-07-01,Índice 2004=100,Índice de Precios Implícitos del Producto Interno Bruto (IPI - PIB). Base 2004,Subsecretaría de Programación Macroeconómica,Instituto Nacional de Estadística y Censos (INDEC),Precios
112.2_ISPS_2004_T_34,ipi_sectores_productores_servicios,Índice de Precios Implícitos del VAB a precios de mercado de Sectores productores de servicios. Base 2004. Trimestral,R/P3M,2004-01-01,2025-07-01,Índice 2004=100,Índice de Precios Implícitos del Producto Interno Bruto (IPI - PIB). Base 2004,Subsecretaría de Programación Macroeconómica,Instituto Nacional de Estadística y Censos (INDEC),Precios
112.2_ISSS_2004_T_28,ipi_servicios_sociales_salud,Índice de Precios Implícitos del VAB a precios de mercado de Servicios Sociales y de Salud. Base 2004. Trimestral,R/P3M,2004-01-01,2025-07-01,Índice 2004=100,Índice de Precios Implícitos del Producto Interno Bruto (IPI - PIB). Base 2004,Subsecretaría de Programación Macroeconómica,Instituto Nacional de Estadística y Censos (INDEC),Precios
112.2_ITAC_2004_T_44,ipi_transporte_almacenamiento_comunicaciones,"Índice de Precios Implícitos del VAB a precios de mercado de Transporte, almacenamiento y comunicaciones. Base 2004. Trimestral",R/P3M,2004-01-01,2025-07-01,Índice 2004=100,Índice de Precios Implícitos del Producto Interno Bruto (IPI - PIB). Base 2004,Subsecretaría de Programación Macroeconómica,Instituto Nacional de Estadística y Censos (INDEC),Precios
112.2_IVABPB_2004_T_40,ipi_valor_agregado_bruto_precios_basicos,Índice de Precios Implícitos del VAB a precios de mercado de VALOR AGREGADO BRUTO a precios básicos. Base 2004. Trimestral,R/P3M,2004-01-01,2025-07-01,Índice 2004=100,Índice de Precios Implícitos del Producto Interno Bruto (IPI - PIB). Base 2004,Subsecretaría de Programación Macroeconómica,Instituto Nacional de Estadística y Censos (INDEC),Precios
113.1_IDGCP_2004_A_34,ipi_demanda_global_consumo_publico,Índice de Precios Implícitosdel Consumo Público. Base 2004. Anual,R/P1Y,2004-01-01,2024-01-01,Índice 2004=100,Índice de Precios Implícitos del Producto Interno Bruto (IPI - PIB). Base 2004,Subsecretaría de Programación Macroeconómica,Instituto Nacional de Estadística y Censos (INDEC),Precios
113.1_IDGE_2004_A_30,ipi_demanda_global_exportacion,Índice de Precios Implícitosde las Exportaciones. Base 2004. Anual,R/P1Y,2004-01-01,2024-01-01,Índice 2004=100,Índice de Precios Implícitos del Producto Interno Bruto (IPI - PIB). Base 2004,Subsecretaría de Programación Macroeconómica,Instituto Nacional de Estadística y Censos (INDEC),Precios
113.1_IDGIC_2004_A_36,ipi_demanda_global_ibif_construccion,Índice de Precios Implícitosde la Inversión en Construcciones. Base 2004. Anual,R/P1Y,2004-01-01,2024-01-01,Índice 2004=100,Índice de Precios Implícitos del Producto Interno Bruto (IPI - PIB). Base 2004,Subsecretaría de Programación Macroeconómica,Instituto Nacional de Estadística y Censos (INDEC),Precios
113.1_IDGIEDPI_2004_A_59,ipi_demanda_global_ibif_equipo_durable_produccion_importado,Índice de Precios Implícitosde la Inversión en Equipos Durables de Producción Importados. Base 2004. Anual,R/P1Y,2004-01-01,2024-01-01,Índice 2004=100,Índice de Precios Implícitos del Producto Interno Bruto (IPI - PIB). Base 2004,Subsecretaría de Programación Macroeconómica,Instituto Nacional de Estadística y Censos (INDEC),Precios
113.1_IDGIEDPMEI_2004_A_59,ipi_dg_ibif_equipo_durable_prod_maquinaria_equipo_importado,Índice de Precios Implícitosde la Inversión en Maquinaria y Equipo Impotado. Base 2004. Anual,R/P1Y,2004-01-01,2024-01-01,Índice 2004=100,Índice de Precios Implícitos del Producto Interno Bruto (IPI - PIB). Base 2004,Subsecretaría de Programación Macroeconómica,Instituto Nacional de Estadística y Censos (INDEC),Precios
113.1_IDGIEDPMEN_2004_A_58,ipi_dg_ibif_equipo_durable_prod_maquinaria_equipo_nacional,Índice de Precios Implícitosde la Inversión en Maquinaria y Equipo Nacional. Base 2004. Anual,R/P1Y,2004-01-01,2024-01-01,Índice 2004=100,Índice de Precios Implícitos del Producto Interno Bruto (IPI - PIB). Base 2004,Subsecretaría de Programación Macroeconómica,Instituto Nacional de Estadística y Censos (INDEC),Precios
113.1_IDGIEDPMET_2004_A_55,ipi_dg_ibif_equipo_durable_prod_maquinaria_equipo_total,Índice de Precios Implícitosde la Inversión en Maquinaria y Equipo Total. Base 2004. Anual,R/P1Y,2004-01-01,2024-01-01,Índice 2004=100,Índice de Precios Implícitos del Producto Interno Bruto (IPI - PIB). Base 2004,Subsecretaría de Programación Macroeconómica,Instituto Nacional de Estadística y Censos (INDEC),Precios
113.1_IDGIEDPMTI_2004_A_55,ipi_dg_ibif_equipo_durable_prod_material_transporte_imp,Índice de Precios Implícitosde la Inversión en Material de Transporte Importado. Base 2004. Anual,R/P1Y,2004-01-01,2024-01-01,Índice 2004=100,Índice de Precios Implícitos del Producto Interno Bruto (IPI - PIB). Base 2004,Subsecretaría de Programación Macroeconómica,Instituto Nacional de Estadística y Censos (INDEC),Precios
113.1_IDGIEDPMTN_2004_A_60,ipi_dg_ibif_equipo_durable_prod_material_transporte_nacional,Índice de Precios Implícitosde la Inversión en Material de Transporte Nacional. Base 2004. Anual,R/P1Y,2004-01-01,2024-01-01,Índice 2004=100,Índice de Precios Implícitos del Producto Interno Bruto (IPI - PIB). Base 2004,Subsecretaría de Programación Macroeconómica,Instituto Nacional de Estadística y Censos (INDEC),Precios
113.1_IDGIEDPMTT_2004_A_57,ipi_dg_ibif_equipo_durable_prod_material_transporte_total,Índice de Precios Implícitosde la Inversión en Material de Transporte Total. Base 2004. Anual,R/P1Y,2004-01-01,2024-01-01,Índice 2004=100,Índice de Precios Implícitos del Producto Interno Bruto (IPI - PIB). Base 2004,Subsecretaría de Programación Macroeconómica,Instituto Nacional de Estadística y Censos (INDEC),Precios
113.1_IDGIEDPN_2004_A_58,ipi_demanda_global_ibif_equipo_durable_produccion_nacional,Índice de Precios Implícitosde la Inversión en Equipos Durables de Producción Nacionales. Base 2004. Anual,R/P1Y,2004-01-01,2024-01-01,Índice 2004=100,Índice de Precios Implícitos del Producto Interno Bruto (IPI - PIB). Base 2004,Subsecretaría de Programación Macroeconómica,Instituto Nacional de Estadística y Censos (INDEC),Precios
113.1_IDGIEDPT_2004_A_55,ipi_demanda_global_ibif_equipo_durable_produccion_total,Índice de Precios Implícitosde la Inversión en Equipos Durables de Producción Total. Base 2004. Anual,R/P1Y,2004-01-01,2024-01-01,Índice 2004=100,Índice de Precios Implícitos del Producto Interno Bruto (IPI - PIB). Base 2004,Subsecretaría de Programación Macroeconómica,Instituto Nacional de Estadística y Censos (INDEC),Precios
113.1_IDGIOAF_2004_A_43,ipi_demanda_global_ibif_otros_activos_fijos,Índice de Precios Implícitosde la Inversión en Otros Activos Fijos. Base 2004. Anual,R/P1Y,2004-01-01,2024-01-01,Índice 2004=100,Índice de Precios Implícitos del Producto Interno Bruto (IPI - PIB). Base 2004,Subsecretaría de Programación Macroeconómica,Instituto Nacional de Estadística y Censos (INDEC),Precios
113.1_IDGIOC_2004_A_44,ipi_demanda_global_ibif_otras_construcciones,Índice de Precios Implícitosde la Inversión en Otras Construcciones. Base 2004. Anual,R/P1Y,2004-01-01,2024-01-01,Índice 2004=100,Índice de Precios Implícitos del Producto Interno Bruto (IPI - PIB). Base 2004,Subsecretaría de Programación Macroeconómica,Instituto Nacional de Estadística y Censos (INDEC),Precios
113.1_IDGIT_2004_A_29,ipi_demanda_global_ibif_total,Índice de Precios Implícitosde la Formación Bruta de Capital Fijo Total. Base 2004. Anual,R/P1Y,2004-01-01,2024-01-01,Índice 2004=100,Índice de Precios Implícitos del Producto Interno Bruto (IPI - PIB). Base 2004,Subsecretaría de Programación Macroeconómica,Instituto Nacional de Estadística y Censos (INDEC),Precios
113.1_IDGT_2004_A_24,ipi_demanda_global_total,Índice de Precios Implícitosde la Demanda Global Total. Base 2004. Anual,R/P1Y,2004-01-01,2024-01-01,Índice 2004=100,Índice de Precios Implícitos del Producto Interno Bruto (IPI - PIB). Base 2004,Subsecretaría de Programación Macroeconómica,Instituto Nacional de Estadística y Censos (INDEC),Precios
113.1_IMGCP_2004_A_32,ipi_manda_global_consumo_privado,Índice de Precios Implícitosdel Consumo Privado. Base 2004. Anual,R/P1Y,2004-01-01,2024-01-01,Índice 2004=100,Índice de Precios Implícitos del Producto Interno Bruto (IPI - PIB). Base 2004,Subsecretaría de Programación Macroeconómica,Instituto Nacional de Estadística y Censos (INDEC),Precios
113.1_IOGI_2004_A_29,ipi_oferta_global_importacion,Índice de Precios Implícitosde las Importaciones. Base 2004. Anual,R/P1Y,2004-01-01,2024-01-01,Índice 2004=100,Índice de Precios Implícitos del Producto Interno Bruto (IPI - PIB). Base 2004,Subsecretaría de Programación Macroeconómica,Instituto Nacional de Estadística y Censos (INDEC),Precios
113.1_IOGP_2004_A_21,ipi_oferta_global_pib,Índice de Precios Implícitosdel PIB. Base 2004. Anual,R/P1Y,2004-01-01,2024-01-01,Índice 2004=100,Índice de Precios Implícitos del Producto Interno Bruto (IPI - PIB). Base 2004,Subsecretaría de Programación Macroeconómica,Instituto Nacional de Estadística y Censos (INDEC),Precios
113.1_IOGT_2004_A_23,ipi_oferta_global_total,Índice de Precios Implícitosde la Oferta Global Total. Base 2004. Anual,R/P1Y,2004-01-01,2024-01-01,Índice 2004=100,Índice de Precios Implícitos del Producto Interno Bruto (IPI - PIB). Base 2004,Subsecretaría de Programación Macroeconómica,Instituto Nacional de Estadística y Censos (INDEC),Precios
113.2_IDGCP_2004_T_34,ipi_demanda_global_consumo_publico,Índice de Precios Implícitosdel Consumo Público. Base 2004. Trimestral,R/P3M,2004-01-01,2025-07-01,Índice 2004=100,Índice de Precios Implícitos del Producto Interno Bruto (IPI - PIB). Base 2004,Subsecretaría de Programación Macroeconómica,Instituto Nacional de Estadística y Censos (INDEC),Precios
113.2_IDGE_2004_T_30,ipi_demanda_global_exportacion,Índice de Precios Implícitosde las Exportaciones. Base 2004. Trimestral,R/P3M,2004-01-01,2025-07-01,Índice 2004=100,Índice de Precios Implícitos del Producto Interno Bruto (IPI - PIB). Base 2004,Subsecretaría de Programación Macroeconómica,Instituto Nacional de Estadística y Censos (INDEC),Precios
113.2_IDGIC_2004_T_36,ipi_demanda_global_ibif_construccion,Índice de Precios Implícitosde la Inversión en Construcciones. Base 2004. Trimestral,R/P3M,2004-01-01,2025-07-01,Índice 2004=100,Índice de Precios Implícitos del Producto Interno Bruto (IPI - PIB). Base 2004,Subsecretaría de Programación Macroeconómica,Instituto Nacional de Estadística y Censos (INDEC),Precios
113.2_IDGIEDPI_2004_T_59,ipi_demanda_global_ibif_equipo_durable_produccion_importado,Índice de Precios Implícitosde la Inversión en Equipos Durables de Producción Importados. Base 2004. Trimestral,R/P3M,2004-01-01,2025-07-01,Índice 2004=100,Índice de Precios Implícitos del Producto Interno Bruto (IPI - PIB). Base 2004,Subsecretaría de Programación Macroeconómica,Instituto Nacional de Estadística y Censos (INDEC),Precios
113.2_IDGIEDPMEI_2004_T_59,ipi_dg_ibif_equipo_durable_prod_maquinaria_equipo_importado,Índice de Precios Implícitosde la Inversión en Maquinaria y Equipo Impotado. Base 2004. Trimestral,R/P3M,2004-01-01,2025-07-01,Índice 2004=100,Índice de Precios Implícitos del Producto Interno Bruto (IPI - PIB). Base 2004,Subsecretaría de Programación Macroeconómica,Instituto Nacional de Estadística y Censos (INDEC),Precios
113.2_IDGIEDPMEN_2004_T_58,ipi_dg_ibif_equipo_durable_prod_maquinaria_equipo_nacional,Índice de Precios Implícitosde la Inversión en Maquinaria y Equipo Nacional. Base 2004. Trimestral,R/P3M,2004-01-01,2025-07-01,Índice 2004=100,Índice de Precios Implícitos del Producto Interno Bruto (IPI - PIB). Base 2004,Subsecretaría de Programación Macroeconómica,Instituto Nacional de Estadística y Censos (INDEC),Precios
113.2_IDGIEDPMET_2004_T_55,ipi_dg_ibif_equipo_durable_prod_maquinaria_equipo_total,Índice de Precios Implícitosde la Inversión en Maquinaria y Equipo Total. Base 2004. Trimestral,R/P3M,2004-01-01,2025-07-01,Índice 2004=100,Índice de Precios Implícitos del Producto Interno Bruto (IPI - PIB). Base 2004,Subsecretaría de Programación Macroeconómica,Instituto Nacional de Estadística y Censos (INDEC),Precios
113.2_IDGIEDPMTI_2004_T_55,ipi_dg_ibif_equipo_durable_prod_material_transporte_imp,Índice de Precios Implícitosde la Inversión en Material de Transporte Importado. Base 2004. Trimestral,R/P3M,2004-01-01,2025-07-01,Índice 2004=100,Índice de Precios Implícitos del Producto Interno Bruto (IPI - PIB). Base 2004,Subsecretaría de Programación Macroeconómica,Instituto Nacional de Estadística y Censos (INDEC),Precios
113.2_IDGIEDPMTN_2004_T_60,ipi_dg_ibif_equipo_durable_prod_material_transporte_nacional,Índice de Precios Implícitosde la Inversión en Material de Transporte Nacional. Base 2004. Trimestral,R/P3M,2004-01-01,2025-07-01,Índice 2004=100,Índice de Precios Implícitos del Producto Interno Bruto (IPI - PIB). Base 2004,Subsecretaría de Programación Macroeconómica,Instituto Nacional de Estadística y Censos (INDEC),Precios
113.2_IDGIEDPMTT_2004_T_57,ipi_dg_ibif_equipo_durable_prod_material_transporte_total,Índice de Precios Implícitosde la Inversión en Material de Transporte Total. Base 2004. Trimestral,R/P3M,2004-01-01,2025-07-01,Índice 2004=100,Índice de Precios Implícitos del Producto Interno Bruto (IPI - PIB). Base 2004,Subsecretaría de Programación Macroeconómica,Instituto Nacional de Estadística y Censos (INDEC),Precios
113.2_IDGIEDPN_2004_T_58,ipi_demanda_global_ibif_equipo_durable_produccion_nacional,Índice de Precios Implícitosde la Inversión en Equipos Durables de Producción Nacionales. Base 2004. Trimestral,R/P3M,2004-01-01,2025-07-01,Índice 2004=100,Índice de Precios Implícitos del Producto Interno Bruto (IPI - PIB). Base 2004,Subsecretaría de Programación Macroeconómica,Instituto Nacional de Estadística y Censos (INDEC),Precios
113.2_IDGIEDPT_2004_T_55,ipi_demanda_global_ibif_equipo_durable_produccion_total,Índice de Precios Implícitosde la Inversión en Equipos Durables de Producción Total. Base 2004. Trimestral,R/P3M,2004-01-01,2025-07-01,Índice 2004=100,Índice de Precios Implícitos del Producto Interno Bruto (IPI - PIB). Base 2004,Subsecretaría de Programación Macroeconómica,Instituto Nacional de Estadística y Censos (INDEC),Precios
113.2_IDGIOAF_2004_T_43,ipi_demanda_global_ibif_otros_activos_fijos,Índice de Precios Implícitosde la Inversión en Otros Activos Fijos. Base 2004. Trimestral,R/P3M,2004-01-01,2025-07-01,Índice 2004=100,Índice de Precios Implícitos del Producto Interno Bruto (IPI - PIB). Base 2004,Subsecretaría de Programación Macroeconómica,Instituto Nacional de Estadística y Censos (INDEC),Precios
113.2_IDGIOC_2004_T_44,ipi_demanda_global_ibif_otras_construcciones,Índice de Precios Implícitosde la Inversión en Otras Construcciones. Base 2004. Trimestral,R/P3M,2004-01-01,2025-07-01,Índice 2004=100,Índice de Precios Implícitos del Producto Interno Bruto (IPI - PIB). Base 2004,Subsecretaría de Programación Macroeconómica,Instituto Nacional de Estadística y Censos (INDEC),Precios
113.2_IDGIT_2004_T_29,ipi_demanda_global_ibif_total,Índice de Precios Implícitosde la Formación Bruta de Capital Fijo Total. Base 2004. Trimestral,R/P3M,2004-01-01,2025-07-01,Índice 2004=100,Índice de Precios Implícitos del Producto Interno Bruto (IPI - PIB). Base 2004,Subsecretaría de Programación Macroeconómica,Instituto Nacional de Estadística y Censos (INDEC),Precios
113.2_IDGT_2004_T_24,ipi_demanda_global_total,Índice de Precios Implícitosde la Demanda Global Total. Base 2004. Trimestral,R/P3M,2004-01-01,2025-07-01,Índice 2004=100,Índice de Precios Implícitos del Producto Interno Bruto (IPI - PIB). Base 2004,Subsecretaría de Programación Macroeconómica,Instituto Nacional de Estadística y Censos (INDEC),Precios
113.2_IMGCP_2004_T_32,ipi_manda_global_consumo_privado,Índice de Precios Implícitosdel Consumo Privado. Base 2004. Trimestral,R/P3M,2004-01-01,2025-07-01,Índice 2004=100,Índice de Precios Implícitos del Producto Interno Bruto (IPI - PIB). Base 2004,Subsecretaría de Programación Macroeconómica,Instituto Nacional de Estadística y Censos (INDEC),Precios
113.2_IOGI_2004_T_29,ipi_oferta_global_importacion,Índice de Precios Implícitosde las Importaciones. Base 2004. Trimestral,R/P3M,2004-01-01,2025-07-01,Índice 2004=100,Índice de Precios Implícitos del Producto Interno Bruto (IPI - PIB). Base 2004,Subsecretaría de Programación Macroeconómica,Instituto Nacional de Estadística y Censos (INDEC),Precios
113.2_IOGP_2004_T_21,ipi_oferta_global_pib,Índice de Precios Implícitosdel PIB. Base 2004. Trimestral,R/P3M,2004-01-01,2025-07-01,Índice 2004=100,Índice de Precios Implícitos del Producto Interno Bruto (IPI - PIB). Base 2004,Subsecretaría de Programación Macroeconómica,Instituto Nacional de Estadística y Censos (INDEC),Precios
113.2_IOGT_2004_T_23,ipi_oferta_global_total,Índice de Precios Implícitosde la Oferta Global Total. Base 2004. Trimestral,R/P3M,2004-01-01,2025-07-01,Índice 2004=100,Índice de Precios Implícitos del Producto Interno Bruto (IPI - PIB). Base 2004,Subsecretaría de Programación Macroeconómica,Instituto Nacional de Estadística y Censos (INDEC),Precios
121.1_AB_0_0_17,alimentos_bebidas,Índice de Commodities. Alimentos y Bebidas. Anual,R/P1Y,1991-01-01,2016-01-01,Índice 2005=100,Índices de precios internacionales de productos básicos,Subsecretaría de Programación Macroeconómica,Fondo Monetario Internacional (FMI),Precios
121.1_AC_0_0_12,aceite_colza,Aceite de colza. US$ por tonelada. Anual,R/P1Y,1980-01-01,2016-01-01,Dólares por tonelada,Índices de precios internacionales de productos básicos,Subsecretaría de Programación Macroeconómica,Fondo Monetario Internacional (FMI),Precios
121.1_AE_0_0_11,azucar_eeuu,Azúcar (EE.UU.). Centavos de US$ por libra. Anual,R/P1Y,1980-01-01,2016-01-01,Centavos de dólar por libra,Índices de precios internacionales de productos básicos,Subsecretaría de Programación Macroeconómica,Fondo Monetario Internacional (FMI),Precios
121.1_AE_0_0_13,azucar_europa,Azúcar (Europa). Centavos de US$ por libra. Anual,R/P1Y,1991-01-01,2016-01-01,Centavos de dólar por libra,Índices de precios internacionales de productos básicos,Subsecretaría de Programación Macroeconómica,Fondo Monetario Internacional (FMI),Precios
121.1_AG_0_0_14,aceite_girasol,Aceite de girasol. US$ por tonelada. Anual,R/P1Y,1980-01-01,2016-01-01,Dólares por tonelada,Índices de precios internacionales de productos básicos,Subsecretaría de Programación Macroeconómica,Fondo Monetario Internacional (FMI),Precios
121.1_AML_0_0_20,azucar_mercado_libre,Azúcar mercado libre. Centavos de US$ por libra. Anual,R/P1Y,1980-01-01,2016-01-01,Centavos de dólar por libra,Índices de precios internacionales de productos básicos,Subsecretaría de Programación Macroeconómica,Fondo Monetario Internacional (FMI),Precios
121.1_ANC_0_0_28,agropecuarios_no_comestibles,Índice de Commodities. Agropecuarios No Comestibles. Anual,R/P1Y,1980-01-01,2016-01-01,Índice 2005=100,Índices de precios internacionales de productos básicos,Subsecretaría de Programación Macroeconómica,Fondo Monetario Internacional (FMI),Precios
121.1_AO_0_0_12,aceite_oliva,Aceite de oliva. US$ por tonelada. Anual,R/P1Y,1980-01-01,2016-01-01,Dólares por tonelada,Índices de precios internacionales de productos básicos,Subsecretaría de Programación Macroeconómica,Fondo Monetario Internacional (FMI),Precios
121.1_AP_0_0_12,aceite_palma,Aceite de palma. US$ por tonelada. Anual,R/P1Y,1980-01-01,2016-01-01,Dólares por tonelada,Índices de precios internacionales de productos básicos,Subsecretaría de Programación Macroeconómica,Fondo Monetario Internacional (FMI),Precios
121.1_AS_0_0_11,aceite_soja,Aceite de soja. US$ por tonelada. Anual,R/P1Y,1980-01-01,2016-01-01,Dólares por tonelada,Índices de precios internacionales de productos básicos,Subsecretaría de Programación Macroeconómica,Fondo Monetario Internacional (FMI),Precios
121.1_A_0_0_5,arroz,Arroz. US$ por tonelada. Anual,R/P1Y,1980-01-01,2016-01-01,Dólares por tonelada,Índices de precios internacionales de productos básicos,Subsecretaría de Programación Macroeconómica,Fondo Monetario Internacional (FMI),Precios
121.1_A_0_0_7,algodon,Algodón. Centavos de US$ por libra. Anual,R/P1Y,1980-01-01,2016-01-01,Centavos de dólar por libra,Índices de precios internacionales de productos básicos,Subsecretaría de Programación Macroeconómica,Fondo Monetario Internacional (FMI),Precios
121.1_A_0_0_8,aluminio,Aluminio. US$ por tonelada. Anual,R/P1Y,1980-01-01,2016-01-01,Dólares por tonelada,Índices de precios internacionales de productos básicos,Subsecretaría de Programación Macroeconómica,Fondo Monetario Internacional (FMI),Precios
121.1_A_0_0_9,alimentos,Índice de Commodities. Alimentos. Anual,R/P1Y,1980-01-01,2016-01-01,Índice 2005=100,Índices de precios internacionales de productos básicos,Subsecretaría de Programación Macroeconómica,Fondo Monetario Internacional (FMI),Precios
121.1_B_0_0_6,banana,Banana. US$ por tonelada. Anual,R/P1Y,1980-01-01,2016-01-01,Dólares por tonelada,Índices de precios internacionales de productos básicos,Subsecretaría de Programación Macroeconómica,Fondo Monetario Internacional (FMI),Precios
121.1_B_0_0_7,bebidas,Índice de Commodities. Bebidas. Anual,R/P1Y,1980-01-01,2016-01-01,Índice 2005=100,Índices de precios internacionales de productos básicos,Subsecretaría de Programación Macroeconómica,Fondo Monetario Internacional (FMI),Precios
121.1_CAU_0_0_6,caucho,Caucho. Centavos de US$ por libra. Anual,R/P1Y,1980-01-01,2016-01-01,Centavos de dólar por libra,Índices de precios internacionales de productos básicos,Subsecretaría de Programación Macroeconómica,Fondo Monetario Internacional (FMI),Precios
121.1_CA_0_0_12,cafe_arabica,Café Arábica. Centavos de US$ por libra. Anual,R/P1Y,1980-01-01,2016-01-01,Centavos de dólar por libra,Índices de precios internacionales de productos básicos,Subsecretaría de Programación Macroeconómica,Fondo Monetario Internacional (FMI),Precios
121.1_CA_0_0_16,carbon_australia,Carbón (Australia). US$ por tonelada. Anual,R/P1Y,1980-01-01,2016-01-01,Dólares por tonelada,Índices de precios internacionales de productos básicos,Subsecretaría de Programación Macroeconómica,Fondo Monetario Internacional (FMI),Precios
121.1_CA_0_0_5,cacao,Cacao. US$ por tonelada. Anual,R/P1Y,1980-01-01,2016-01-01,Dólares por tonelada,Índices de precios internacionales de productos básicos,Subsecretaría de Programación Macroeconómica,Fondo Monetario Internacional (FMI),Precios
121.1_CB_0_0_12,carne_bovina,Carne Bovina. Centavos de US$ por libra. Anual,R/P1Y,1980-01-01,2016-01-01,Centavos de dólar por libra,Índices de precios internacionales de productos básicos,Subsecretaría de Programación Macroeconómica,Fondo Monetario Internacional (FMI),Precios
121.1_CO_0_0_5,cobre,Cobre. US$ por tonelada. Anual,R/P1Y,1980-01-01,2016-01-01,Dólares por tonelada,Índices de precios internacionales de productos básicos,Subsecretaría de Programación Macroeconómica,Fondo Monetario Internacional (FMI),Precios
121.1_CR_0_0_12,cafe_robusta,Café Robusta. Centavos de US$ por libra. Anual,R/P1Y,1980-01-01,2016-01-01,Centavos de dólar por libra,Índices de precios internacionales de productos básicos,Subsecretaría de Programación Macroeconómica,Fondo Monetario Internacional (FMI),Precios
121.1_CS_0_0_16,carbon_sudafrica,Carbón (Sudáfrica). US$ por tonelada. Anual,R/P1Y,1992-01-01,2013-01-01,Dólares por tonelada,Índices de precios internacionales de productos básicos,Subsecretaría de Programación Macroeconómica,Fondo Monetario Internacional (FMI),Precios
121.1_CU_0_0_5,cuero,Cuero. Centavos de US$ por libra. Anual,R/P1Y,1980-01-01,2016-01-01,Centavos de dólar por libra,Índices de precios internacionales de productos básicos,Subsecretaría de Programación Macroeconómica,Fondo Monetario Internacional (FMI),Precios
121.1_C_0_0_5,cerdo,Cerdo. Centavos de US$ por libra. Anual,R/P1Y,1980-01-01,2016-01-01,Centavos de dólar por libra,Índices de precios internacionales de productos básicos,Subsecretaría de Programación Macroeconómica,Fondo Monetario Internacional (FMI),Precios
121.1_C_0_0_6,cebada,Cebada. US$ por tonelada. Anual,R/P1Y,1980-01-01,2016-01-01,Dólares por tonelada,Índices de precios internacionales de productos básicos,Subsecretaría de Programación Macroeconómica,Fondo Monetario Internacional (FMI),Precios
121.1_C_0_0_7,cordero,Cordero. Centavos de US$ por libra. Anual,R/P1Y,1980-01-01,2016-01-01,Centavos de dólar por libra,Índices de precios internacionales de productos básicos,Subsecretaría de Programación Macroeconómica,Fondo Monetario Internacional (FMI),Precios
121.1_EN_0_0_7,energia,Índice de Commodities. Energía. Anual,R/P1Y,1992-01-01,2016-01-01,Índice 2005=100,Índices de precios internacionales de productos básicos,Subsecretaría de Programación Macroeconómica,Fondo Monetario Internacional (FMI),Precios
121.1_E_0_0_7,estanio,Estaño. US$ por tonelada. Anual,R/P1Y,1980-01-01,2016-01-01,Dólares por tonelada,Índices de precios internacionales de productos básicos,Subsecretaría de Programación Macroeconómica,Fondo Monetario Internacional (FMI),Precios
121.1_GC_0_0_19,general_commodities,Índice de Commodities. General. Anual,R/P1Y,1992-01-01,2016-01-01,Índice 2005=100,Índices de precios internacionales de productos básicos,Subsecretaría de Programación Macroeconómica,Fondo Monetario Internacional (FMI),Precios
121.1_GNE_0_0_16,gas_natural_eeuu,Gas natural (EE.UU.). US$ por millón de BTU. Anual,R/P1Y,1991-01-01,2016-01-01,Dólares por millón de BTU,Índices de precios internacionales de productos básicos,Subsecretaría de Programación Macroeconómica,Fondo Monetario Internacional (FMI),Precios
121.1_GNL_0_0_19,gas_natural_licuado,Gas natural licuado. US$ por millón de BTU. Anual,R/P1Y,1992-01-01,2016-01-01,Dólares por millón de BTU,Índices de precios internacionales de productos básicos,Subsecretaría de Programación Macroeconómica,Fondo Monetario Internacional (FMI),Precios
121.1_GNR_0_0_17,gas_natural_rusia,Gas natural (Rusia). US$ por millón de BTU. Anual,R/P1Y,1985-01-01,2016-01-01,Dólares por millón de BTU,Índices de precios internacionales de productos básicos,Subsecretaría de Programación Macroeconómica,Fondo Monetario Internacional (FMI),Precios
121.1_HP_0_0_14,harina_pescado,Harina de pescado. US$ por tonelada. Anual,R/P1Y,1980-01-01,2016-01-01,Dólares por tonelada,Índices de precios internacionales de productos básicos,Subsecretaría de Programación Macroeconómica,Fondo Monetario Internacional (FMI),Precios
121.1_HS_0_0_11,harina_soja,Harina de soja. US$ por tonelada. Anual,R/P1Y,1980-01-01,2016-01-01,Dólares por tonelada,Índices de precios internacionales de productos básicos,Subsecretaría de Programación Macroeconómica,Fondo Monetario Internacional (FMI),Precios
121.1_II_0_0_20,insumos_industriales,Índice de Commodities. Insumos Industriales. Anual,R/P1Y,1980-01-01,2016-01-01,Índice 2005=100,Índices de precios internacionales de productos básicos,Subsecretaría de Programación Macroeconómica,Fondo Monetario Internacional (FMI),Precios
121.1_LF_0_0_9,lana_fina,Lana fina. Centavos de US$ por Kg. Anual,R/P1Y,1980-01-01,2016-01-01,Centavos de dólar por kilogramo,Índices de precios internacionales de productos básicos,Subsecretaría de Programación Macroeconómica,Fondo Monetario Internacional (FMI),Precios
121.1_LG_0_0_11,lana_gruesa,Lana gruesa. Centavos de US$ por Kg. Anual,R/P1Y,1980-01-01,2016-01-01,Centavos de dólar por kilogramo,Índices de precios internacionales de productos básicos,Subsecretaría de Programación Macroeconómica,Fondo Monetario Internacional (FMI),Precios
121.1_L_0_0_10,langostino,Langostino. US$ por kg. Anual,R/P1Y,1980-01-01,2016-01-01,Dólares por kilogramo,Índices de precios internacionales de productos básicos,Subsecretaría de Programación Macroeconómica,Fondo Monetario Internacional (FMI),Precios
121.1_MA_0_0_4,mani,Maní. US$ por tonelada. Anual,R/P1Y,1980-01-01,2016-01-01,Dólares por tonelada,Índices de precios internacionales de productos básicos,Subsecretaría de Programación Macroeconómica,Fondo Monetario Internacional (FMI),Precios
121.1_MBA_0_0_22,madera_blanda_aserrada,Madera blanda aserrada. US$ por m3. Anual,R/P1Y,1980-01-01,2016-01-01,Dólares por m3,Índices de precios internacionales de productos básicos,Subsecretaría de Programación Macroeconómica,Fondo Monetario Internacional (FMI),Precios
121.1_MDA_0_0_20,madera_dura_aserrada,Madera dura aserrada. US$ por m3. Anual,R/P1Y,1980-01-01,2016-01-01,Dólares por m3,Índices de precios internacionales de productos básicos,Subsecretaría de Programación Macroeconómica,Fondo Monetario Internacional (FMI),Precios
121.1_MH_0_0_14,mineral_hierro,Mineral de hierro. US$ por tonelada. Anual,R/P1Y,1980-01-01,2016-01-01,Dólares por tonelada,Índices de precios internacionales de productos básicos,Subsecretaría de Programación Macroeconómica,Fondo Monetario Internacional (FMI),Precios
121.1_M_0_0_4,maiz,Maiz. US$ por tonelada. Anual,R/P1Y,1980-01-01,2016-01-01,Dólares por tonelada,Índices de precios internacionales de productos básicos,Subsecretaría de Programación Macroeconómica,Fondo Monetario Internacional (FMI),Precios
121.1_M_0_0_7,metales,Índice de Commodities. Metales. Anual,R/P1Y,1992-01-01,2016-01-01,Índice 2005=100,Índices de precios internacionales de productos básicos,Subsecretaría de Programación Macroeconómica,Fondo Monetario Internacional (FMI),Precios
121.1_NE_0_0_14,no_energeticos,Índice de Commodities. No Energéticos. Anual,R/P1Y,1991-01-01,2016-01-01,Índice 2005=100,Índices de precios internacionales de productos básicos,Subsecretaría de Programación Macroeconómica,Fondo Monetario Internacional (FMI),Precios
121.1_N_0_0_6,niquel,Níquel. US$ por tonelada. Anual,R/P1Y,1980-01-01,2016-01-01,Dólares por tonelada,Índices de precios internacionales de productos básicos,Subsecretaría de Programación Macroeconómica,Fondo Monetario Internacional (FMI),Precios
121.1_N_0_0_7,naranja,Naranja. US$ por tonelada. Anual,R/P1Y,1980-01-01,2016-01-01,Dólares por tonelada,Índices de precios internacionales de productos básicos,Subsecretaría de Programación Macroeconómica,Fondo Monetario Internacional (FMI),Precios
121.1_PB_0_0_14,petroleo_brent,Petróleo Brent. US$ por barril. Anual,R/P1Y,1980-01-01,2016-01-01,Dólares por barril,Índices de precios internacionales de productos básicos,Subsecretaría de Programación Macroeconómica,Fondo Monetario Internacional (FMI),Precios
121.1_PD_0_0_14,petroleo_dubai,Petróleo Dubai. US$ por barril. Anual,R/P1Y,1980-01-01,2016-01-01,Dólares por barril,Índices de precios internacionales de productos básicos,Subsecretaría de Programación Macroeconómica,Fondo Monetario Internacional (FMI),Precios
121.1_PET_0_0_8,petroleo,Índice de Commodities. Petróleo. Anual,R/P1Y,1983-01-01,2016-01-01,Índice 2005=100,Índices de precios internacionales de productos básicos,Subsecretaría de Programación Macroeconómica,Fondo Monetario Internacional (FMI),Precios
121.1_PLO_0_0_5,plomo,Plomo. US$ por tonelada. Anual,R/P1Y,1980-01-01,2016-01-01,Dólares por tonelada,Índices de precios internacionales de productos básicos,Subsecretaría de Programación Macroeconómica,Fondo Monetario Internacional (FMI),Precios
121.1_PS_0_0_11,poroto_soja,Poroto de soja. US$ por tonelada. Anual,R/P1Y,1980-01-01,2016-01-01,Dólares por tonelada,Índices de precios internacionales de productos básicos,Subsecretaría de Programación Macroeconómica,Fondo Monetario Internacional (FMI),Precios
121.1_PW_0_0_12,petroleo_wti,Petróleo WTI. US$ por barril. Anual,R/P1Y,1980-01-01,2016-01-01,Dólares por barril,Índices de precios internacionales de productos básicos,Subsecretaría de Programación Macroeconómica,Fondo Monetario Internacional (FMI),Precios
121.1_P_0_0_16,petroleo_general,Petróleo. US$ por barril. Anual,R/P1Y,1983-01-01,2016-01-01,Dólares por barril,Índices de precios internacionales de productos básicos,Subsecretaría de Programación Macroeconómica,Fondo Monetario Internacional (FMI),Precios
121.1_P_0_0_5,pollo,Pollo. Centavos de US$ por libra. Anual,R/P1Y,1980-01-01,2016-01-01,Centavos de dólar por libra,Índices de precios internacionales de productos básicos,Subsecretaría de Programación Macroeconómica,Fondo Monetario Internacional (FMI),Precios
121.1_S_0_0_6,salmon,Salmón. US$ por kg. Anual,R/P1Y,1980-01-01,2016-01-01,Dólares por kilogramo,Índices de precios internacionales de productos básicos,Subsecretaría de Programación Macroeconómica,Fondo Monetario Internacional (FMI),Precios
121.1_TMB_0_0_20,tronco_madera_blanda,Tronco de madera blanda. US$ por m3. Anual,R/P1Y,1980-01-01,2016-01-01,Dólares por m3,Índices de precios internacionales de productos básicos,Subsecretaría de Programación Macroeconómica,Fondo Monetario Internacional (FMI),Precios
121.1_TMD_0_0_18,tronco_madera_dura,Tronco de madera dura. US$ por m3. Anual,R/P1Y,1980-01-01,2016-01-01,Dólares por m3,Índices de precios internacionales de productos básicos,Subsecretaría de Programación Macroeconómica,Fondo Monetario Internacional (FMI),Precios
121.1_T_0_0_2,te,Té. Centavos de US$ por Kg. Anual,R/P1Y,1980-01-01,2016-01-01,Dólares por kilogramo,Índices de precios internacionales de productos básicos,Subsecretaría de Programación Macroeconómica,Fondo Monetario Internacional (FMI),Precios
121.1_T_0_0_5,trigo,Trigo. US$ por tonelada. Anual,R/P1Y,1980-01-01,2016-01-01,Dólares por tonelada,Índices de precios internacionales de productos básicos,Subsecretaría de Programación Macroeconómica,Fondo Monetario Internacional (FMI),Precios
121.1_U_0_0_6,uranio,Uranio US$ por libra. Anual,R/P1Y,1980-01-01,2016-01-01,Dólares por libra,Índices de precios internacionales de productos básicos,Subsecretaría de Programación Macroeconómica,Fondo Monetario Internacional (FMI),Precios
121.1_Z_0_0_4,zinc,Zinc. US$ por tonelada. Anual,R/P1Y,1980-01-01,2016-01-01,Dólares por tonelada,Índices de precios internacionales de productos básicos,Subsecretaría de Programación Macroeconómica,Fondo Monetario Internacional (FMI),Precios
121.2_AB_0_0_17,alimentos_bebidas,Índice de Commodities. Alimentos y Bebidas. Trimestral,R/P3M,1991-01-01,2017-04-01,Índice 2005=100,Índices de precios internacionales de productos básicos,Subsecretaría de Programación Macroeconómica,Fondo Monetario Internacional (FMI),Precios
121.2_AC_0_0_12,aceite_colza,Aceite de colza. US$ por tonelada. Trimestral,R/P3M,1980-01-01,2017-04-01,Dólares por tonelada,Índices de precios internacionales de productos básicos,Subsecretaría de Programación Macroeconómica,Fondo Monetario Internacional (FMI),Precios
121.2_AE_0_0_11,azucar_eeuu,Azúcar (EE.UU.). Centavos de US$ por libra. Trimestral,R/P3M,1980-01-01,2017-04-01,Centavos de dólar por libra,Índices de precios internacionales de productos básicos,Subsecretaría de Programación Macroeconómica,Fondo Monetario Internacional (FMI),Precios
121.2_AE_0_0_13,azucar_europa,Azúcar (Europa). Centavos de US$ por libra. Trimestral,R/P3M,1991-01-01,2017-04-01,Centavos de dólar por libra,Índices de precios internacionales de productos básicos,Subsecretaría de Programación Macroeconómica,Fondo Monetario Internacional (FMI),Precios
121.2_AG_0_0_14,aceite_girasol,Aceite de girasol. US$ por tonelada. Trimestral,R/P3M,1980-01-01,2017-04-01,Dólares por tonelada,Índices de precios internacionales de productos básicos,Subsecretaría de Programación Macroeconómica,Fondo Monetario Internacional (FMI),Precios
121.2_AML_0_0_20,azucar_mercado_libre,Azúcar mercado libre. Centavos de US$ por libra. Trimestral,R/P3M,1980-01-01,2017-04-01,Centavos de dólar por libra,Índices de precios internacionales de productos básicos,Subsecretaría de Programación Macroeconómica,Fondo Monetario Internacional (FMI),Precios
121.2_ANC_0_0_28,agropecuarios_no_comestibles,Índice de Commodities. Agropecuarios No Comestibles. Trimestral,R/P3M,1980-01-01,2017-04-01,Índice 2005=100,Índices de precios internacionales de productos básicos,Subsecretaría de Programación Macroeconómica,Fondo Monetario Internacional (FMI),Precios
121.2_AO_0_0_12,aceite_oliva,Aceite de oliva. US$ por tonelada. Trimestral,R/P3M,1980-01-01,2017-04-01,Dólares por tonelada,Índices de precios internacionales de productos básicos,Subsecretaría de Programación Macroeconómica,Fondo Monetario Internacional (FMI),Precios
121.2_AP_0_0_12,aceite_palma,Aceite de palma. US$ por tonelada. Trimestral,R/P3M,1980-01-01,2017-04-01,Dólares por tonelada,Índices de precios internacionales de productos básicos,Subsecretaría de Programación Macroeconómica,Fondo Monetario Internacional (FMI),Precios
121.2_AS_0_0_11,aceite_soja,Aceite de soja. US$ por tonelada. Trimestral,R/P3M,1980-01-01,2017-04-01,Dólares por tonelada,Índices de precios internacionales de productos básicos,Subsecretaría de Programación Macroeconómica,Fondo Monetario Internacional (FMI),Precios
121.2_A_0_0_5,arroz,Arroz. US$ por tonelada. Trimestral,R/P3M,1980-01-01,2017-04-01,Dólares por tonelada,Índices de precios internacionales de productos básicos,Subsecretaría de Programación Macroeconómica,Fondo Monetario Internacional (FMI),Precios
121.2_A_0_0_7,algodon,Algodón. Centavos de US$ por libra. Trimestral,R/P3M,1980-01-01,2017-04-01,Centavos de dólar por libra,Índices de precios internacionales de productos básicos,Subsecretaría de Programación Macroeconómica,Fondo Monetario Internacional (FMI),Precios
121.2_A_0_0_8,aluminio,Aluminio. US$ por tonelada. Trimestral,R/P3M,1980-01-01,2017-04-01,Dólares por tonelada,Índices de precios internacionales de productos básicos,Subsecretaría de Programación Macroeconómica,Fondo Monetario Internacional (FMI),Precios
121.2_A_0_0_9,alimentos,Índice de Commodities. Alimentos. Trimestral,R/P3M,1980-01-01,2017-04-01,Índice 2005=100,Índices de precios internacionales de productos básicos,Subsecretaría de Programación Macroeconómica,Fondo Monetario Internacional (FMI),Precios
121.2_B_0_0_6,banana,Banana. US$ por tonelada. Trimestral,R/P3M,1980-01-01,2017-04-01,Dólares por tonelada,Índices de precios internacionales de productos básicos,Subsecretaría de Programación Macroeconómica,Fondo Monetario Internacional (FMI),Precios
121.2_B_0_0_7,bebidas,Índice de Commodities. Bebidas. Trimestral,R/P3M,1980-01-01,2017-04-01,Índice 2005=100,Índices de precios internacionales de productos básicos,Subsecretaría de Programación Macroeconómica,Fondo Monetario Internacional (FMI),Precios
121.2_CAU_0_0_6,caucho,Caucho. Centavos de US$ por libra. Trimestral,R/P3M,1980-01-01,2017-04-01,Centavos de dólar por libra,Índices de precios internacionales de productos básicos,Subsecretaría de Programación Macroeconómica,Fondo Monetario Internacional (FMI),Precios
121.2_CA_0_0_12,cafe_arabica,Café Arábica. Centavos de US$ por libra. Trimestral,R/P3M,1980-01-01,2017-04-01,Centavos de dólar por libra,Índices de precios internacionales de productos básicos,Subsecretaría de Programación Macroeconómica,Fondo Monetario Internacional (FMI),Precios
121.2_CA_0_0_16,carbon_australia,Carbón (Australia). US$ por tonelada. Trimestral,R/P3M,1980-01-01,2017-04-01,Dólares por tonelada,Índices de precios internacionales de productos básicos,Subsecretaría de Programación Macroeconómica,Fondo Monetario Internacional (FMI),Precios
121.2_CA_0_0_5,cacao,Cacao. US$ por tonelada. Trimestral,R/P3M,1980-01-01,2017-04-01,Dólares por tonelada,Índices de precios internacionales de productos básicos,Subsecretaría de Programación Macroeconómica,Fondo Monetario Internacional (FMI),Precios
121.2_CB_0_0_12,carne_bovina,Carne Bovina. Centavos de US$ por libra. Trimestral,R/P3M,1980-01-01,2017-04-01,Centavos de dólar por libra,Índices de precios internacionales de productos básicos,Subsecretaría de Programación Macroeconómica,Fondo Monetario Internacional (FMI),Precios
121.2_CO_0_0_5,cobre,Cobre. US$ por tonelada. Trimestral,R/P3M,1980-01-01,2017-04-01,Dólares por tonelada,Índices de precios internacionales de productos básicos,Subsecretaría de Programación Macroeconómica,Fondo Monetario Internacional (FMI),Precios
121.2_CR_0_0_12,cafe_robusta,Café Robusta. Centavos de US$ por libra. Trimestral,R/P3M,1980-01-01,2017-04-01,Centavos de dólar por libra,Índices de precios internacionales de productos básicos,Subsecretaría de Programación Macroeconómica,Fondo Monetario Internacional (FMI),Precios
121.2_CS_0_0_16,carbon_sudafrica,Carbón (Sudáfrica). US$ por tonelada. Trimestral,R/P3M,1992-01-01,2013-07-01,Dólares por tonelada,Índices de precios internacionales de productos básicos,Subsecretaría de Programación Macroeconómica,Fondo Monetario Internacional (FMI),Precios
121.2_CU_0_0_5,cuero,Cuero. Centavos de US$ por libra. Trimestral,R/P3M,1980-01-01,2017-04-01,Centavos de dólar por libra,Índices de precios internacionales de productos básicos,Subsecretaría de Programación Macroeconómica,Fondo Monetario Internacional (FMI),Precios
121.2_C_0_0_5,cerdo,Cerdo. Centavos de US$ por libra. Trimestral,R/P3M,1980-01-01,2017-04-01,Centavos de dólar por libra,Índices de precios internacionales de productos básicos,Subsecretaría de Programación Macroeconómica,Fondo Monetario Internacional (FMI),Precios
121.2_C_0_0_6,cebada,Cebada. US$ por tonelada. Trimestral,R/P3M,1980-01-01,2017-04-01,Dólares por tonelada,Índices de precios internacionales de productos básicos,Subsecretaría de Programación Macroeconómica,Fondo Monetario Internacional (FMI),Precios
121.2_C_0_0_7,cordero,Cordero. Centavos de US$ por libra. Trimestral,R/P3M,1980-01-01,2017-04-01,Centavos de dólar por libra,Índices de precios internacionales de productos básicos,Subsecretaría de Programación Macroeconómica,Fondo Monetario Internacional (FMI),Precios
121.2_EN_0_0_7,energia,Índice de Commodities. Energía. Trimestral,R/P3M,1992-01-01,2017-04-01,Índice 2005=100,Índices de precios internacionales de productos básicos,Subsecretaría de Programación Macroeconómica,Fondo Monetario Internacional (FMI),Precios
121.2_E_0_0_7,estanio,Estaño. US$ por tonelada. Trimestral,R/P3M,1980-01-01,2017-04-01,Dólares por tonelada,Índices de precios internacionales de productos básicos,Subsecretaría de Programación Macroeconómica,Fondo Monetario Internacional (FMI),Precios
121.2_GC_0_0_19,general_commodities,Índice de Commodities. General. Trimestral,R/P3M,1992-01-01,2017-04-01,Índice 2005=100,Índices de precios internacionales de productos básicos,Subsecretaría de Programación Macroeconómica,Fondo Monetario Internacional (FMI),Precios
121.2_GNE_0_0_16,gas_natural_eeuu,Gas natural (EE.UU.). US$ por millón de BTU. Trimestral,R/P3M,1991-01-01,2017-04-01,Dólares por millón de BTU,Índices de precios internacionales de productos básicos,Subsecretaría de Programación Macroeconómica,Fondo Monetario Internacional (FMI),Precios
121.2_GNL_0_0_19,gas_natural_licuado,Gas natural licuado. US$ por millón de BTU. Trimestral,R/P3M,1992-01-01,2017-04-01,Dólares por millón de BTU,Índices de precios internacionales de productos básicos,Subsecretaría de Programación Macroeconómica,Fondo Monetario Internacional (FMI),Precios
121.2_GNR_0_0_17,gas_natural_rusia,Gas natural (Rusia). US$ por millón de BTU. Trimestral,R/P3M,1985-01-01,2017-04-01,Dólares por millón de BTU,Índices de precios internacionales de productos básicos,Subsecretaría de Programación Macroeconómica,Fondo Monetario Internacional (FMI),Precios
121.2_HP_0_0_14,harina_pescado,Harina de pescado. US$ por tonelada. Trimestral,R/P3M,1980-01-01,2017-04-01,Dólares por tonelada,Índices de precios internacionales de productos básicos,Subsecretaría de Programación Macroeconómica,Fondo Monetario Internacional (FMI),Precios
121.2_HS_0_0_11,harina_soja,Harina de soja. US$ por tonelada. Trimestral,R/P3M,1980-01-01,2017-04-01,Dólares por tonelada,Índices de precios internacionales de productos básicos,Subsecretaría de Programación Macroeconómica,Fondo Monetario Internacional (FMI),Precios
121.2_II_0_0_20,insumos_industriales,Índice de Commodities. Insumos Industriales. Trimestral,R/P3M,1980-01-01,2017-04-01,Índice 2005=100,Índices de precios internacionales de productos básicos,Subsecretaría de Programación Macroeconómica,Fondo Monetario Internacional (FMI),Precios
121.2_LF_0_0_9,lana_fina,Lana fina. Centavos de US$ por kg. Trimestral,R/P3M,1980-01-01,2017-04-01,Centavos de dólar por kilogramo,Índices de precios internacionales de productos básicos,Subsecretaría de Programación Macroeconómica,Fondo Monetario Internacional (FMI),Precios
121.2_LG_0_0_11,lana_gruesa,Lana gruesa. Centavos de US$ por kg. Trimestral,R/P3M,1980-01-01,2017-04-01,Centavos de dólar por kilogramo,Índices de precios internacionales de productos básicos,Subsecretaría de Programación Macroeconómica,Fondo Monetario Internacional (FMI),Precios
121.2_L_0_0_10,langostino,Langostino. US$ por kg. Trimestral,R/P3M,1980-01-01,2017-04-01,Dólares por kilogramo,Índices de precios internacionales de productos básicos,Subsecretaría de Programación Macroeconómica,Fondo Monetario Internacional (FMI),Precios
121.2_MA_0_0_4,mani,Maní. US$ por tonelada. Trimestral,R/P3M,1980-01-01,2017-04-01,Dólares por tonelada,Índices de precios internacionales de productos básicos,Subsecretaría de Programación Macroeconómica,Fondo Monetario Internacional (FMI),Precios
121.2_MBA_0_0_22,madera_blanda_aserrada,Madera blanda aserrada. US$ por m3. Trimestral,R/P3M,1980-01-01,2017-04-01,Dólares por m3,Índices de precios internacionales de productos básicos,Subsecretaría de Programación Macroeconómica,Fondo Monetario Internacional (FMI),Precios
121.2_MDA_0_0_20,madera_dura_aserrada,Madera dura aserrada. US$ por m3. Trimestral,R/P3M,1980-01-01,2017-04-01,Dólares por m3,Índices de precios internacionales de productos básicos,Subsecretaría de Programación Macroeconómica,Fondo Monetario Internacional (FMI),Precios
121.2_MH_0_0_14,mineral_hierro,Mineral de hierro. US$ por tonelada. Trimestral,R/P3M,1980-01-01,2017-04-01,Dólares por tonelada,Índices de precios internacionales de productos básicos,Subsecretaría de Programación Macroeconómica,Fondo Monetario Internacional (FMI),Precios
121.2_M_0_0_4,maiz,Maiz. US$ por tonelada. Trimestral,R/P3M,1980-01-01,2017-04-01,Dólares por tonelada,Índices de precios internacionales de productos básicos,Subsecretaría de Programación Macroeconómica,Fondo Monetario Internacional (FMI),Precios
121.2_M_0_0_7,metales,Índice de Commodities. Metales. Trimestral,R/P3M,1992-01-01,2017-04-01,Índice 2005=100,Índices de precios internacionales de productos básicos,Subsecretaría de Programación Macroeconómica,Fondo Monetario Internacional (FMI),Precios
121.2_NE_0_0_14,no_energeticos,Índice de Commodities. No Energéticos. Trimestral,R/P3M,1991-01-01,2017-04-01,Índice 2005=100,Índices de precios internacionales de productos básicos,Subsecretaría de Programación Macroeconómica,Fondo Monetario Internacional (FMI),Precios
121.2_N_0_0_6,niquel,Níquel. US$ por tonelada. Trimestral,R/P3M,1980-01-01,2017-04-01,Dólares por tonelada,Índices de precios internacionales de productos básicos,Subsecretaría de Programación Macroeconómica,Fondo Monetario Internacional (FMI),Precios
121.2_N_0_0_7,naranja,Naranja. US$ por tonelada. Trimestral,R/P3M,1980-01-01,2017-04-01,Dólares por tonelada,Índices de precios internacionales de productos básicos,Subsecretaría de Programación Macroeconómica,Fondo Monetario Internacional (FMI),Precios
121.2_PB_0_0_14,petroleo_brent,Petróleo Brent. US$ por barril. Trimestral,R/P3M,1980-01-01,2017-04-01,Dólares por barril,Índices de precios internacionales de productos básicos,Subsecretaría de Programación Macroeconómica,Fondo Monetario Internacional (FMI),Precios
121.2_PD_0_0_14,petroleo_dubai,Petróleo Dubai. US$ por barril. Trimestral,R/P3M,1980-01-01,2017-04-01,Dólares por barril,Índices de precios internacionales de productos básicos,Subsecretaría de Programación Macroeconómica,Fondo Monetario Internacional (FMI),Precios
121.2_PET_0_0_8,petroleo,Índice de Commodities. Petróleo. Trimestral,R/P3M,1983-04-01,2017-04-01,Índice 2005=100,Índices de precios internacionales de productos básicos,Subsecretaría de Programación Macroeconómica,Fondo Monetario Internacional (FMI),Precios
121.2_PLO_0_0_5,plomo,Plomo. US$ por tonelada. Trimestral,R/P3M,1980-01-01,2017-04-01,Dólares por tonelada,Índices de precios internacionales de productos básicos,Subsecretaría de Programación Macroeconómica,Fondo Monetario Internacional (FMI),Precios
121.2_PS_0_0_11,poroto_soja,Poroto de soja. US$ por tonelada. Trimestral,R/P3M,1980-01-01,2017-04-01,Dólares por tonelada,Índices de precios internacionales de productos básicos,Subsecretaría de Programación Macroeconómica,Fondo Monetario Internacional (FMI),Precios
121.2_PW_0_0_12,petroleo_wti,Petróleo WTI. US$ por barril. Trimestral,R/P3M,1980-01-01,2017-04-01,Dólares por barril,Índices de precios internacionales de productos básicos,Subsecretaría de Programación Macroeconómica,Fondo Monetario Internacional (FMI),Precios
121.2_P_0_0_16,petroleo_general,Petróleo. US$ por barril. Trimestral,R/P3M,1983-04-01,2017-04-01,Dólares por barril,Índices de precios internacionales de productos básicos,Subsecretaría de Programación Macroeconómica,Fondo Monetario Internacional (FMI),Precios
121.2_P_0_0_5,pollo,Pollo. Centavos de US$ por libra. Trimestral,R/P3M,1980-01-01,2017-04-01,Centavos de dólar por libra,Índices de precios internacionales de productos básicos,Subsecretaría de Programación Macroeconómica,Fondo Monetario Internacional (FMI),Precios
121.2_S_0_0_6,salmon,Salmón. US$ por kg. Trimestral,R/P3M,1980-01-01,2017-04-01,Dólares por kilogramo,Índices de precios internacionales de productos básicos,Subsecretaría de Programación Macroeconómica,Fondo Monetario Internacional (FMI),Precios
121.2_TMB_0_0_20,tronco_madera_blanda,Tronco de madera blanda. US$ por m3. Trimestral,R/P3M,1980-01-01,2017-04-01,Dólares por m3,Índices de precios internacionales de productos básicos,Subsecretaría de Programación Macroeconómica,Fondo Monetario Internacional (FMI),Precios
121.2_TMD_0_0_18,tronco_madera_dura,Tronco de madera dura. US$ por m3. Trimestral,R/P3M,1980-01-01,2017-04-01,Dólares por m3,Índices de precios internacionales de productos básicos,Subsecretaría de Programación Macroeconómica,Fondo Monetario Internacional (FMI),Precios
121.2_T_0_0_2,te,Té. Centavos de US$ por kg. Trimestral,R/P3M,1980-01-01,2017-04-01,Dólares por kilogramo,Índices de precios internacionales de productos básicos,Subsecretaría de Programación Macroeconómica,Fondo Monetario Internacional (FMI),Precios
121.2_T_0_0_5,trigo,Trigo. US$ por tonelada. Trimestral,R/P3M,1980-01-01,2017-04-01,Dólares por tonelada,Índices de precios internacionales de productos básicos,Subsecretaría de Programación Macroeconómica,Fondo Monetario Internacional (FMI),Precios
121.2_U_0_0_6,uranio,Uranio US$ por libra. Trimestral,R/P3M,1980-01-01,2017-04-01,Dólares por libra,Índices de precios internacionales de productos básicos,Subsecretaría de Programación Macroeconómica,Fondo Monetario Internacional (FMI),Precios
121.2_Z_0_0_4,zinc,Zinc. US$ por tonelada. Trimestral,R/P3M,1980-01-01,2017-04-01,Dólares por tonelada,Índices de precios internacionales de productos básicos,Subsecretaría de Programación Macroeconómica,Fondo Monetario Internacional (FMI),Precios
121.3_AB_0_0_17,alimentos_bebidas,Índice de Commodities. Alimentos y Bebidas. Mensual,R/P1M,1980-01-01,2017-04-01,Índice 2005=100,Índices de precios internacionales de productos básicos,Subsecretaría de Programación Macroeconómica,Fondo Monetario Internacional (FMI),Precios
121.3_AC_0_0_12,aceite_colza,Aceite de colza. US$ por tonelada. Mensual,R/P1M,1980-01-01,2017-06-01,Dólares por tonelada,Índices de precios internacionales de productos básicos,Subsecretaría de Programación Macroeconómica,Fondo Monetario Internacional (FMI),Precios
121.3_AE_0_0_11,azucar_eeuu,Azúcar (EE.UU.). Centavos de US$ por libra. Mensual,R/P1M,1980-01-01,2017-06-01,Centavos de dólar por libra,Índices de precios internacionales de productos básicos,Subsecretaría de Programación Macroeconómica,Fondo Monetario Internacional (FMI),Precios
121.3_AE_0_0_13,azucar_europa,Azúcar (Europa). Centavos de US$ por libra. Mensual,R/P1M,1980-01-01,2017-06-01,Centavos de dólar por libra,Índices de precios internacionales de productos básicos,Subsecretaría de Programación Macroeconómica,Fondo Monetario Internacional (FMI),Precios
121.3_AG_0_0_14,aceite_girasol,Aceite de girasol. US$ por tonelada. Mensual,R/P1M,1980-01-01,2017-06-01,Dólares por tonelada,Índices de precios internacionales de productos básicos,Subsecretaría de Programación Macroeconómica,Fondo Monetario Internacional (FMI),Precios
121.3_AML_0_0_20,azucar_mercado_libre,Azúcar mercado libre. Centavos de US$ por libra. Mensual,R/P1M,1980-01-01,2017-06-01,Centavos de dólar por libra,Índices de precios internacionales de productos básicos,Subsecretaría de Programación Macroeconómica,Fondo Monetario Internacional (FMI),Precios
121.3_ANC_0_0_28,agropecuarios_no_comestibles,Índice de Commodities. Agropecuarios No Comestibles. Mensual,R/P1M,1980-01-01,2017-04-01,Índice 2005=100,Índices de precios internacionales de productos básicos,Subsecretaría de Programación Macroeconómica,Fondo Monetario Internacional (FMI),Precios
121.3_AO_0_0_12,aceite_oliva,Aceite de oliva. US$ por tonelada. Mensual,R/P1M,1980-01-01,2017-06-01,Dólares por tonelada,Índices de precios internacionales de productos básicos,Subsecretaría de Programación Macroeconómica,Fondo Monetario Internacional (FMI),Precios
121.3_AP_0_0_12,aceite_palma,Aceite de palma. US$ por tonelada. Mensual,R/P1M,1980-01-01,2017-06-01,Dólares por tonelada,Índices de precios internacionales de productos básicos,Subsecretaría de Programación Macroeconómica,Fondo Monetario Internacional (FMI),Precios
121.3_AS_0_0_11,aceite_soja,Aceite de soja. US$ por tonelada. Mensual,R/P1M,1980-01-01,2017-06-01,Dólares por tonelada,Índices de precios internacionales de productos básicos,Subsecretaría de Programación Macroeconómica,Fondo Monetario Internacional (FMI),Precios
121.3_A_0_0_5,arroz,Arroz. US$ por tonelada. Mensual,R/P1M,1980-01-01,2017-06-01,Dólares por tonelada,Índices de precios internacionales de productos básicos,Subsecretaría de Programación Macroeconómica,Fondo Monetario Internacional (FMI),Precios
121.3_A_0_0_7,algodon,Algodón. Centavos de US$ por libra. Mensual,R/P1M,1980-01-01,2017-06-01,Centavos de dólar por libra,Índices de precios internacionales de productos básicos,Subsecretaría de Programación Macroeconómica,Fondo Monetario Internacional (FMI),Precios
121.3_A_0_0_8,aluminio,Aluminio. US$ por tonelada. Mensual,R/P1M,1980-01-01,2017-06-01,Dólares por tonelada,Índices de precios internacionales de productos básicos,Subsecretaría de Programación Macroeconómica,Fondo Monetario Internacional (FMI),Precios
121.3_A_0_0_9,alimentos,Índice de Commodities. Alimentos. Mensual,R/P1M,1980-01-01,2017-04-01,Índice 2005=100,Índices de precios internacionales de productos básicos,Subsecretaría de Programación Macroeconómica,Fondo Monetario Internacional (FMI),Precios
121.3_B_0_0_6,banana,Banana. US$ por tonelada. Mensual,R/P1M,1980-01-01,2017-06-01,Dólares por tonelada,Índices de precios internacionales de productos básicos,Subsecretaría de Programación Macroeconómica,Fondo Monetario Internacional (FMI),Precios
121.3_B_0_0_7,bebidas,Índice de Commodities. Bebidas. Mensual,R/P1M,1980-01-01,2017-04-01,Índice 2005=100,Índices de precios internacionales de productos básicos,Subsecretaría de Programación Macroeconómica,Fondo Monetario Internacional (FMI),Precios
121.3_CA_0_0_12,cafe_arabica,Café Arábica. Centavos de US$ por libra. Mensual,R/P1M,1980-01-01,2017-06-01,Centavos de dólar por libra,Índices de precios internacionales de productos básicos,Subsecretaría de Programación Macroeconómica,Fondo Monetario Internacional (FMI),Precios
121.3_CA_0_0_16,carbon_australia,Carbón (Australia). US$ por tonelada. Mensual,R/P1M,1980-01-01,2017-06-01,Dólares por tonelada,Índices de precios internacionales de productos básicos,Subsecretaría de Programación Macroeconómica,Fondo Monetario Internacional (FMI),Precios
121.3_CA_0_0_5,cacao,Cacao. US$ por tonelada. Mensual,R/P1M,1980-01-01,2017-06-01,Dólares por tonelada,Índices de precios internacionales de productos básicos,Subsecretaría de Programación Macroeconómica,Fondo Monetario Internacional (FMI),Precios
121.3_CA_0_0_6,caucho,Caucho. Centavos de US$ por libra. Mensual,R/P1M,1980-01-01,2017-06-01,Centavos de dólar por libra,Índices de precios internacionales de productos básicos,Subsecretaría de Programación Macroeconómica,Fondo Monetario Internacional (FMI),Precios
121.3_CB_0_0_12,carne_bovina,Carne Bovina. Centavos de US$ por libra. Mensual,R/P1M,1980-01-01,2017-06-01,Centavos de dólar por libra,Índices de precios internacionales de productos básicos,Subsecretaría de Programación Macroeconómica,Fondo Monetario Internacional (FMI),Precios
121.3_CO_0_0_5,cobre,Cobre. US$ por tonelada. Mensual,R/P1M,1980-01-01,2017-06-01,Dólares por tonelada,Índices de precios internacionales de productos básicos,Subsecretaría de Programación Macroeconómica,Fondo Monetario Internacional (FMI),Precios
121.3_CR_0_0_12,cafe_robusta,Café Robusta. Centavos de US$ por libra. Mensual,R/P1M,1980-01-01,2017-06-01,Centavos de dólar por libra,Índices de precios internacionales de productos básicos,Subsecretaría de Programación Macroeconómica,Fondo Monetario Internacional (FMI),Precios
121.3_CS_0_0_16,carbon_sudafrica,Carbón (Sudáfrica). US$ por tonelada. Mensual,R/P1M,1980-01-01,2017-04-01,Dólares por tonelada,Índices de precios internacionales de productos básicos,Subsecretaría de Programación Macroeconómica,Fondo Monetario Internacional (FMI),Precios
121.3_CU_0_0_5,cuero,Cuero. Centavos de US$ por libra. Mensual,R/P1M,1980-01-01,2017-06-01,Centavos de dólar por libra,Índices de precios internacionales de productos básicos,Subsecretaría de Programación Macroeconómica,Fondo Monetario Internacional (FMI),Precios
121.3_C_0_0_5,cerdo,Cerdo. Centavos de US$ por libra. Mensual,R/P1M,1980-01-01,2017-06-01,Centavos de dólar por libra,Índices de precios internacionales de productos básicos,Subsecretaría de Programación Macroeconómica,Fondo Monetario Internacional (FMI),Precios
121.3_C_0_0_6,cebada,Cebada. US$ por tonelada. Mensual,R/P1M,1980-01-01,2017-06-01,Dólares por tonelada,Índices de precios internacionales de productos básicos,Subsecretaría de Programación Macroeconómica,Fondo Monetario Internacional (FMI),Precios
121.3_C_0_0_7,cordero,Cordero. Centavos de US$ por libra. Mensual,R/P1M,1980-01-01,2017-06-01,Centavos de dólar por libra,Índices de precios internacionales de productos básicos,Subsecretaría de Programación Macroeconómica,Fondo Monetario Internacional (FMI),Precios
121.3_EN_0_0_7,energia,Índice de Commodities. Energía. Mensual,R/P1M,1980-01-01,2017-04-01,Índice 2005=100,Índices de precios internacionales de productos básicos,Subsecretaría de Programación Macroeconómica,Fondo Monetario Internacional (FMI),Precios
121.3_E_0_0_7,estanio,Estaño. US$ por tonelada. Mensual,R/P1M,1980-01-01,2017-06-01,Dólares por tonelada,Índices de precios internacionales de productos básicos,Subsecretaría de Programación Macroeconómica,Fondo Monetario Internacional (FMI),Precios
121.3_GC_0_0_19,general_commodities,Índice de Commodities. General. Mensual,R/P1M,1980-01-01,2017-04-01,Índice 2005=100,Índices de precios internacionales de productos básicos,Subsecretaría de Programación Macroeconómica,Fondo Monetario Internacional (FMI),Precios
121.3_GNE_0_0_16,gas_natural_eeuu,Gas natural (EE.UU.). US$ por millón de BTU. Mensual,R/P1M,1980-01-01,2017-06-01,Dólares por millón de BTU,Índices de precios internacionales de productos básicos,Subsecretaría de Programación Macroeconómica,Fondo Monetario Internacional (FMI),Precios
121.3_GNL_0_0_19,gas_natural_licuado,Gas natural licuado. US$ por millón de BTU. Mensual,R/P1M,1980-01-01,2017-06-01,Dólares por millón de BTU,Índices de precios internacionales de productos básicos,Subsecretaría de Programación Macroeconómica,Fondo Monetario Internacional (FMI),Precios
121.3_GNR_0_0_17,gas_natural_rusia,Gas natural (Rusia). US$ por millón de BTU. Mensual,R/P1M,1980-01-01,2017-06-01,Dólares por millón de BTU,Índices de precios internacionales de productos básicos,Subsecretaría de Programación Macroeconómica,Fondo Monetario Internacional (FMI),Precios
121.3_HP_0_0_14,harina_pescado,Harina de pescado. US$ por tonelada. Mensual,R/P1M,1980-01-01,2017-06-01,Dólares por tonelada,Índices de precios internacionales de productos básicos,Subsecretaría de Programación Macroeconómica,Fondo Monetario Internacional (FMI),Precios
121.3_HS_0_0_11,harina_soja,Harina de soja. US$ por tonelada. Mensual,R/P1M,1980-01-01,2017-06-01,Dólares por tonelada,Índices de precios internacionales de productos básicos,Subsecretaría de Programación Macroeconómica,Fondo Monetario Internacional (FMI),Precios
121.3_II_0_0_20,insumos_industriales,Índice de Commodities. Insumos Industriales. Mensual,R/P1M,1980-01-01,2017-04-01,Índice 2005=100,Índices de precios internacionales de productos básicos,Subsecretaría de Programación Macroeconómica,Fondo Monetario Internacional (FMI),Precios
121.3_LF_0_0_9,lana_fina,Lana fina. Centavos de US$ por kg. Mensual,R/P1M,1980-01-01,2017-06-01,Centavos de dólar por kilogramo,Índices de precios internacionales de productos básicos,Subsecretaría de Programación Macroeconómica,Fondo Monetario Internacional (FMI),Precios
121.3_LG_0_0_11,lana_gruesa,Lana gruesa. Centavos de US$ por kg. Mensual,R/P1M,1980-01-01,2017-06-01,Centavos de dólar por kilogramo,Índices de precios internacionales de productos básicos,Subsecretaría de Programación Macroeconómica,Fondo Monetario Internacional (FMI),Precios
121.3_L_0_0_10,langostino,Langostino. US$ por kg. Mensual,R/P1M,1980-01-01,2017-06-01,Dólares por kilogramo,Índices de precios internacionales de productos básicos,Subsecretaría de Programación Macroeconómica,Fondo Monetario Internacional (FMI),Precios
121.3_MA_0_0_4,mani,Maní. US$ por tonelada. Mensual,R/P1M,1980-01-01,2017-06-01,Dólares por tonelada,Índices de precios internacionales de productos básicos,Subsecretaría de Programación Macroeconómica,Fondo Monetario Internacional (FMI),Precios
121.3_MBA_0_0_22,madera_blanda_aserrada,Madera blanda aserrada. US$ por m3. Mensual,R/P1M,1980-01-01,2017-06-01,Dólares por m3,Índices de precios internacionales de productos básicos,Subsecretaría de Programación Macroeconómica,Fondo Monetario Internacional (FMI),Precios
121.3_MDA_0_0_20,madera_dura_aserrada,Madera dura aserrada. US$ por m3. Mensual,R/P1M,1980-01-01,2017-06-01,Dólares por m3,Índices de precios internacionales de productos básicos,Subsecretaría de Programación Macroeconómica,Fondo Monetario Internacional (FMI),Precios
121.3_MH_0_0_14,mineral_hierro,Mineral de hierro. US$ por tonelada. Mensual,R/P1M,1980-01-01,2017-06-01,Dólares por tonelada,Índices de precios internacionales de productos básicos,Subsecretaría de Programación Macroeconómica,Fondo Monetario Internacional (FMI),Precios
121.3_M_0_0_4,maiz,Maiz. US$ por tonelada. Mensual,R/P1M,1980-01-01,2017-06-01,Dólares por tonelada,Índices de precios internacionales de productos básicos,Subsecretaría de Programación Macroeconómica,Fondo Monetario Internacional (FMI),Precios
121.3_M_0_0_7,metales,Índice de Commodities. Metales. Mensual,R/P1M,1980-01-01,2017-04-01,Índice 2005=100,Índices de precios internacionales de productos básicos,Subsecretaría de Programación Macroeconómica,Fondo Monetario Internacional (FMI),Precios
121.3_NE_0_0_14,no_energeticos,Índice de Commodities. No Energéticos. Mensual,R/P1M,1980-01-01,2017-04-01,Índice 2005=100,Índices de precios internacionales de productos básicos,Subsecretaría de Programación Macroeconómica,Fondo Monetario Internacional (FMI),Precios
121.3_N_0_0_6,niquel,Níquel. US$ por tonelada. Mensual,R/P1M,1980-01-01,2017-06-01,Dólares por tonelada,Índices de precios internacionales de productos básicos,Subsecretaría de Programación Macroeconómica,Fondo Monetario Internacional (FMI),Precios
121.3_N_0_0_7,naranja,Naranja. US$ por tonelada. Mensual,R/P1M,1980-01-01,2017-06-01,Dólares por tonelada,Índices de precios internacionales de productos básicos,Subsecretaría de Programación Macroeconómica,Fondo Monetario Internacional (FMI),Precios
121.3_PB_0_0_14,petroleo_brent,Petróleo Brent. US$ por barril. Mensual,R/P1M,1980-01-01,2017-06-01,Dólares por barril,Índices de precios internacionales de productos básicos,Subsecretaría de Programación Macroeconómica,Fondo Monetario Internacional (FMI),Precios
121.3_PD_0_0_14,petroleo_dubai,Petróleo Dubai. US$ por barril. Mensual,R/P1M,1980-01-01,2017-06-01,Dólares por barril,Índices de precios internacionales de productos básicos,Subsecretaría de Programación Macroeconómica,Fondo Monetario Internacional (FMI),Precios
121.3_PET_0_0_8,petroleo,Índice de Commodities. Petróleo. Mensual,R/P1M,1980-01-01,2017-04-01,Índice 2005=100,Índices de precios internacionales de productos básicos,Subsecretaría de Programación Macroeconómica,Fondo Monetario Internacional (FMI),Precios
121.3_PL_0_0_5,plomo,Plomo. US$ por tonelada. Mensual,R/P1M,1980-01-01,2017-06-01,Dólares por tonelada,Índices de precios internacionales de productos básicos,Subsecretaría de Programación Macroeconómica,Fondo Monetario Internacional (FMI),Precios
121.3_PS_0_0_11,poroto_soja,Poroto de soja. US$ por tonelada. Mensual,R/P1M,1980-01-01,2017-06-01,Dólares por tonelada,Índices de precios internacionales de productos básicos,Subsecretaría de Programación Macroeconómica,Fondo Monetario Internacional (FMI),Precios
121.3_PW_0_0_12,petroleo_wti,Petróleo WTI. US$ por barril. Mensual,R/P1M,1980-01-01,2017-06-01,Dólares por barril,Índices de precios internacionales de productos básicos,Subsecretaría de Programación Macroeconómica,Fondo Monetario Internacional (FMI),Precios
121.3_P_0_0_16,petroleo_general,Petróleo. US$ por barril. Mensual,R/P1M,1980-01-01,2017-06-01,Dólares por barril,Índices de precios internacionales de productos básicos,Subsecretaría de Programación Macroeconómica,Fondo Monetario Internacional (FMI),Precios
121.3_P_0_0_5,pollo,Pollo. Centavos de US$ por libra. Mensual,R/P1M,1980-01-01,2017-06-01,Centavos de dólar por libra,Índices de precios internacionales de productos básicos,Subsecretaría de Programación Macroeconómica,Fondo Monetario Internacional (FMI),Precios
121.3_S_0_0_6,salmon,Salmón. US$ por kg. Mensual,R/P1M,1980-01-01,2017-06-01,Dólares por kilogramo,Índices de precios internacionales de productos básicos,Subsecretaría de Programación Macroeconómica,Fondo Monetario Internacional (FMI),Precios
121.3_TMB_0_0_20,tronco_madera_blanda,Tronco de madera blanda. US$ por m3. Mensual,R/P1M,1980-01-01,2017-06-01,Dólares por m3,Índices de precios internacionales de productos básicos,Subsecretaría de Programación Macroeconómica,Fondo Monetario Internacional (FMI),Precios
121.3_TMD_0_0_18,tronco_madera_dura,Tronco de madera dura. US$ por m3. Mensual,R/P1M,1980-01-01,2017-06-01,Dólares por m3,Índices de precios internacionales de productos básicos,Subsecretaría de Programación Macroeconómica,Fondo Monetario Internacional (FMI),Precios
121.3_T_0_0_2,te,Té. Centavos de US$ por kg. Mensual,R/P1M,1980-01-01,2017-06-01,Dólares por kilogramo,Índices de precios internacionales de productos básicos,Subsecretaría de Programación Macroeconómica,Fondo Monetario Internacional (FMI),Precios
121.3_T_0_0_5,trigo,Trigo. US$ por tonelada. Mensual,R/P1M,1980-01-01,2017-06-01,Dólares por tonelada,Índices de precios internacionales de productos básicos,Subsecretaría de Programación Macroeconómica,Fondo Monetario Internacional (FMI),Precios
121.3_U_0_0_6,uranio,Uranio US$ por libra. Mensual,R/P1M,1980-01-01,2017-06-01,Dólares por libra,Índices de precios internacionales de productos básicos,Subsecretaría de Programación Macroeconómica,Fondo Monetario Internacional (FMI),Precios
121.3_Z_0_0_4,zinc,Zinc. US$ por tonelada. Mensual,R/P1M,1980-01-01,2017-06-01,Dólares por tonelada,Índices de precios internacionales de productos básicos,Subsecretaría de Programación Macroeconómica,Fondo Monetario Internacional (FMI),Precios
122.1_AB_1999_0_17,alimentos_bebidas,Alimentos y bebidas índice anual,R/P1Y,1990-01-01,2007-01-01,Índice 1999=100,"Índice de Precios al Consumidor GBA (IPC-GBA), por principales aperturas. SERIE DISCONTINUADA",Subsecretaría de Programación Macroeconómica,Instituto Nacional de Estadística y Censos (INDEC),Precios
122.1_ACH_1999_0_24,alimentos_consumir_hogar,Alimentos para consumir en el hogar índice anual,R/P1Y,1990-01-01,2007-01-01,Índice 1999=100,"Índice de Precios al Consumidor GBA (IPC-GBA), por principales aperturas. SERIE DISCONTINUADA",Subsecretaría de Programación Macroeconómica,Instituto Nacional de Estadística y Censos (INDEC),Precios
122.1_AFC_1999_0_23,aves_frescas_congeladas,Aves frescas y congeladas índice anual,R/P1Y,1990-01-01,2007-01-01,Índice 1999=100,"Índice de Precios al Consumidor GBA (IPC-GBA), por principales aperturas. SERIE DISCONTINUADA",Subsecretaría de Programación Macroeconómica,Instituto Nacional de Estadística y Censos (INDEC),Precios
122.1_AG_1999_0_14,aceites_grasas,Aceites y grasas índice anual,R/P1Y,1990-01-01,2007-01-01,Índice 1999=100,"Índice de Precios al Consumidor GBA (IPC-GBA), por principales aperturas. SERIE DISCONTINUADA",Subsecretaría de Programación Macroeconómica,Instituto Nacional de Estadística y Censos (INDEC),Precios
122.1_AM_1999_0_13,aceite_mezcla,Aceite mezcla índice anual,R/P1Y,1990-01-01,2007-01-01,Índice 1999=100,"Índice de Precios al Consumidor GBA (IPC-GBA), por principales aperturas. SERIE DISCONTINUADA",Subsecretaría de Programación Macroeconómica,Instituto Nacional de Estadística y Censos (INDEC),Precios
122.1_AP_1999_0_11,aceite_puro,Aceite puro índice anual,R/P1Y,1990-01-01,2007-01-01,Índice 1999=100,"Índice de Precios al Consumidor GBA (IPC-GBA), por principales aperturas. SERIE DISCONTINUADA",Subsecretaría de Programación Macroeconómica,Instituto Nacional de Estadística y Censos (INDEC),Precios
122.1_A_1999_0_5,arroz,Arroz índice anual,R/P1Y,1990-01-01,2007-01-01,Índice 1999=100,"Índice de Precios al Consumidor GBA (IPC-GBA), por principales aperturas. SERIE DISCONTINUADA",Subsecretaría de Programación Macroeconómica,Instituto Nacional de Estadística y Censos (INDEC),Precios
122.1_A_1999_0_7,aceites,Aceites índice anual,R/P1Y,1990-01-01,2007-01-01,Índice 1999=100,"Índice de Precios al Consumidor GBA (IPC-GBA), por principales aperturas. SERIE DISCONTINUADA",Subsecretaría de Programación Macroeconómica,Instituto Nacional de Estadística y Censos (INDEC),Precios
122.1_CA_1999_0_9,carne_ave,Carne de ave índice anual,R/P1Y,1990-01-01,2007-01-01,Índice 1999=100,"Índice de Precios al Consumidor GBA (IPC-GBA), por principales aperturas. SERIE DISCONTINUADA",Subsecretaría de Programación Macroeconómica,Instituto Nacional de Estadística y Censos (INDEC),Precios
122.1_CDCVF_1999_0_37,cortes_delanteros_carne_vacuna_fresca,Cortes delanteros de carne vacuna fresca índice anual,R/P1Y,1990-01-01,2007-01-01,Índice 1999=100,"Índice de Precios al Consumidor GBA (IPC-GBA), por principales aperturas. SERIE DISCONTINUADA",Subsecretaría de Programación Macroeconómica,Instituto Nacional de Estadística y Censos (INDEC),Precios
122.1_CP_1999_0_17,conservas_pescado,Conservas de pescado índice anual,R/P1Y,1990-01-01,2007-01-01,Índice 1999=100,"Índice de Precios al Consumidor GBA (IPC-GBA), por principales aperturas. SERIE DISCONTINUADA",Subsecretaría de Programación Macroeconómica,Instituto Nacional de Estadística y Censos (INDEC),Precios
122.1_CTCVF_1999_0_35,cortes_traseros_carne_vacuna_fresca,Cortes traseros de carne vacuna fresca índice anual,R/P1Y,1990-01-01,2007-01-01,Índice 1999=100,"Índice de Precios al Consumidor GBA (IPC-GBA), por principales aperturas. SERIE DISCONTINUADA",Subsecretaría de Programación Macroeconómica,Instituto Nacional de Estadística y Censos (INDEC),Precios
122.1_CV_1999_0_12,carne_vacuna,Carne vacuna índice anual,R/P1Y,1990-01-01,2007-01-01,Índice 1999=100,"Índice de Precios al Consumidor GBA (IPC-GBA), por principales aperturas. SERIE DISCONTINUADA",Subsecretaría de Programación Macroeconómica,Instituto Nacional de Estadística y Censos (INDEC),Precios
122.1_C_1999_0_6,carnes,Carnes índice anual,R/P1Y,1990-01-01,2007-01-01,Índice 1999=100,"Índice de Precios al Consumidor GBA (IPC-GBA), por principales aperturas. SERIE DISCONTINUADA",Subsecretaría de Programación Macroeconómica,Instituto Nacional de Estadística y Censos (INDEC),Precios
122.1_EF_1999_0_17,embutidos_frescos,Embutidos frescos índice anual,R/P1Y,1990-01-01,2007-01-01,Índice 1999=100,"Índice de Precios al Consumidor GBA (IPC-GBA), por principales aperturas. SERIE DISCONTINUADA",Subsecretaría de Programación Macroeconómica,Instituto Nacional de Estadística y Censos (INDEC),Precios
122.1_FC_1999_0_15,frutas_citricas,Frutas cítricas índice anual,R/P1Y,1990-01-01,2007-01-01,Índice 1999=100,"Índice de Precios al Consumidor GBA (IPC-GBA), por principales aperturas. SERIE DISCONTINUADA",Subsecretaría de Programación Macroeconómica,Instituto Nacional de Estadística y Censos (INDEC),Precios
122.1_FC_1999_0_18,fiambres_conservas,Fiambres y conservas índice anual,R/P1Y,1990-01-01,2007-01-01,Índice 1999=100,"Índice de Precios al Consumidor GBA (IPC-GBA), por principales aperturas. SERIE DISCONTINUADA",Subsecretaría de Programación Macroeconómica,Instituto Nacional de Estadística y Censos (INDEC),Precios
122.1_FEC_1999_0_28,fiambres_embutidos_conservas,"Fiambres, embutidos y conservas índice anual",R/P1Y,1990-01-01,2007-01-01,Índice 1999=100,"Índice de Precios al Consumidor GBA (IPC-GBA), por principales aperturas. SERIE DISCONTINUADA",Subsecretaría de Programación Macroeconómica,Instituto Nacional de Estadística y Censos (INDEC),Precios
122.1_FF_1999_0_14,frutas_frescas,Frutas frescas índice anual,R/P1Y,1990-01-01,2007-01-01,Índice 1999=100,"Índice de Precios al Consumidor GBA (IPC-GBA), por principales aperturas. SERIE DISCONTINUADA",Subsecretaría de Programación Macroeconómica,Instituto Nacional de Estadística y Censos (INDEC),Precios
122.1_FPMC_1999_0_26,fideos_pastas_masas_crudas,"Fideos, pastas y masas crudas índice anual",R/P1Y,1990-01-01,2007-01-01,Índice 1999=100,"Índice de Precios al Consumidor GBA (IPC-GBA), por principales aperturas. SERIE DISCONTINUADA",Subsecretaría de Programación Macroeconómica,Instituto Nacional de Estadística y Censos (INDEC),Precios
122.1_FSDC_1999_0_35,frutas_secas_deshidratadas_conserva,"Frutas secas, deshidratadas y en conserva índice anual",R/P1Y,1990-01-01,2007-01-01,Índice 1999=100,"Índice de Precios al Consumidor GBA (IPC-GBA), por principales aperturas. SERIE DISCONTINUADA",Subsecretaría de Programación Macroeconómica,Instituto Nacional de Estadística y Censos (INDEC),Precios
122.1_FS_1999_0_12,fideos_secos,Fideos secos índice anual,R/P1Y,1990-01-01,2007-01-01,Índice 1999=100,"Índice de Precios al Consumidor GBA (IPC-GBA), por principales aperturas. SERIE DISCONTINUADA",Subsecretaría de Programación Macroeconómica,Instituto Nacional de Estadística y Censos (INDEC),Precios
122.1_F_1999_0_6,frutas,Frutas índice anual,R/P1Y,1990-01-01,2007-01-01,Índice 1999=100,"Índice de Precios al Consumidor GBA (IPC-GBA), por principales aperturas. SERIE DISCONTINUADA",Subsecretaría de Programación Macroeconómica,Instituto Nacional de Estadística y Censos (INDEC),Precios
122.1_F_1999_0_8,facturas,Facturas índice anual,R/P1Y,1990-01-01,2007-01-01,Índice 1999=100,"Índice de Precios al Consumidor GBA (IPC-GBA), por principales aperturas. SERIE DISCONTINUADA",Subsecretaría de Programación Macroeconómica,Instituto Nacional de Estadística y Censos (INDEC),Precios
122.1_GD_1999_0_17,galletitas_dulces,Galletitas dulces índice anual,R/P1Y,1990-01-01,2007-01-01,Índice 1999=100,"Índice de Precios al Consumidor GBA (IPC-GBA), por principales aperturas. SERIE DISCONTINUADA",Subsecretaría de Programación Macroeconómica,Instituto Nacional de Estadística y Censos (INDEC),Precios
122.1_HAOC_1999_0_27,harina_arroz_otros_cereales,"Harina, arroz y otros cereales índice anual",R/P1Y,1990-01-01,2007-01-01,Índice 1999=100,"Índice de Precios al Consumidor GBA (IPC-GBA), por principales aperturas. SERIE DISCONTINUADA",Subsecretaría de Programación Macroeconómica,Instituto Nacional de Estadística y Censos (INDEC),Precios
122.1_HT_1999_0_12,harina_trigo,Harina de trigo índice anual,R/P1Y,1990-01-01,2007-01-01,Índice 1999=100,"Índice de Precios al Consumidor GBA (IPC-GBA), por principales aperturas. SERIE DISCONTINUADA",Subsecretaría de Programación Macroeconómica,Instituto Nacional de Estadística y Censos (INDEC),Precios
122.1_H_1999_0_6,huevos,Huevos índice anual,R/P1Y,1990-01-01,2007-01-01,Índice 1999=100,"Índice de Precios al Consumidor GBA (IPC-GBA), por principales aperturas. SERIE DISCONTINUADA",Subsecretaría de Programación Macroeconómica,Instituto Nacional de Estadística y Censos (INDEC),Precios
122.1_H_1999_0_7,helados,Helados índice anual,R/P1Y,1990-01-01,2007-01-01,Índice 1999=100,"Índice de Precios al Consumidor GBA (IPC-GBA), por principales aperturas. SERIE DISCONTINUADA",Subsecretaría de Programación Macroeconómica,Instituto Nacional de Estadística y Censos (INDEC),Precios
122.1_LF_1999_0_12,leche_fluida,Leche fluida índice anual,R/P1Y,1990-01-01,2007-01-01,Índice 1999=100,"Índice de Precios al Consumidor GBA (IPC-GBA), por principales aperturas. SERIE DISCONTINUADA",Subsecretaría de Programación Macroeconómica,Instituto Nacional de Estadística y Censos (INDEC),Precios
122.1_LP_1999_0_11,leche_polvo,Leche en polvo índice anual,R/P1Y,1990-01-01,2007-01-01,Índice 1999=100,"Índice de Precios al Consumidor GBA (IPC-GBA), por principales aperturas. SERIE DISCONTINUADA",Subsecretaría de Programación Macroeconómica,Instituto Nacional de Estadística y Censos (INDEC),Precios
122.1_L_1999_0_5,leche,Leche índice anual,R/P1Y,1990-01-01,2007-01-01,Índice 1999=100,"Índice de Precios al Consumidor GBA (IPC-GBA), por principales aperturas. SERIE DISCONTINUADA",Subsecretaría de Programación Macroeconómica,Instituto Nacional de Estadística y Censos (INDEC),Precios
122.1_MAFV_1999_0_35,menudencias_achuras_frescas_vacunas,Menudencias y achuras frescas vacunas índice anual,R/P1Y,1990-01-01,2007-01-01,Índice 1999=100,"Índice de Precios al Consumidor GBA (IPC-GBA), por principales aperturas. SERIE DISCONTINUADA",Subsecretaría de Programación Macroeconómica,Instituto Nacional de Estadística y Censos (INDEC),Precios
122.1_MC_1999_0_13,manteca_crema,Manteca y crema índice anual,R/P1Y,1990-01-01,2007-01-01,Índice 1999=100,"Índice de Precios al Consumidor GBA (IPC-GBA), por principales aperturas. SERIE DISCONTINUADA",Subsecretaría de Programación Macroeconómica,Instituto Nacional de Estadística y Censos (INDEC),Precios
122.1_MFC_1999_0_24,merluza_fresca_congelada,Merluza fresca y congelada índice anual,R/P1Y,1990-01-01,2007-01-01,Índice 1999=100,"Índice de Precios al Consumidor GBA (IPC-GBA), por principales aperturas. SERIE DISCONTINUADA",Subsecretaría de Programación Macroeconómica,Instituto Nacional de Estadística y Censos (INDEC),Precios
122.1_MG_1999_0_17,margarinas_grasas,Margarinas y grasas índice anual,R/P1Y,1990-01-01,2007-01-01,Índice 1999=100,"Índice de Precios al Consumidor GBA (IPC-GBA), por principales aperturas. SERIE DISCONTINUADA",Subsecretaría de Programación Macroeconómica,Instituto Nacional de Estadística y Censos (INDEC),Precios
122.1_M_1999_0_7,manzana,Manzana índice anual,R/P1Y,1990-01-01,2007-01-01,Índice 1999=100,"Índice de Precios al Consumidor GBA (IPC-GBA), por principales aperturas. SERIE DISCONTINUADA",Subsecretaría de Programación Macroeconómica,Instituto Nacional de Estadística y Censos (INDEC),Precios
122.1_NGI_1999_0_20,nivel_general_indice,Nivel general índice anual,R/P1Y,1990-01-01,2007-01-01,Índice 1999=100,"Índice de Precios al Consumidor GBA (IPC-GBA), por principales aperturas. SERIE DISCONTINUADA",Subsecretaría de Programación Macroeconómica,Instituto Nacional de Estadística y Censos (INDEC),Precios
122.1_OCRF_1999_0_26,otras_carnes_rojas_frescas,Otras carnes rojas frescas índice anual,R/P1Y,1990-01-01,2007-01-01,Índice 1999=100,"Índice de Precios al Consumidor GBA (IPC-GBA), por principales aperturas. SERIE DISCONTINUADA",Subsecretaría de Programación Macroeconómica,Instituto Nacional de Estadística y Censos (INDEC),Precios
122.1_OC_1999_0_14,otros_cereales,Otros cereales índice anual,R/P1Y,1990-01-01,2007-01-01,Índice 1999=100,"Índice de Precios al Consumidor GBA (IPC-GBA), por principales aperturas. SERIE DISCONTINUADA",Subsecretaría de Programación Macroeconómica,Instituto Nacional de Estadística y Censos (INDEC),Precios
122.1_OF_1999_0_12,otras_frutas,Otras frutas índice anual,R/P1Y,1990-01-01,2007-01-01,Índice 1999=100,"Índice de Precios al Consumidor GBA (IPC-GBA), por principales aperturas. SERIE DISCONTINUADA",Subsecretaría de Programación Macroeconómica,Instituto Nacional de Estadística y Censos (INDEC),Precios
122.1_OGG_1999_0_25,otras_galletas_galletitas,Otras galletas y galletitas índice anual,R/P1Y,1990-01-01,2007-01-01,Índice 1999=100,"Índice de Precios al Consumidor GBA (IPC-GBA), por principales aperturas. SERIE DISCONTINUADA",Subsecretaría de Programación Macroeconómica,Instituto Nacional de Estadística y Censos (INDEC),Precios
122.1_OH_1999_0_13,otras_harinas,Otras harinas índice anual,R/P1Y,1990-01-01,2007-01-01,Índice 1999=100,"Índice de Precios al Consumidor GBA (IPC-GBA), por principales aperturas. SERIE DISCONTINUADA",Subsecretaría de Programación Macroeconómica,Instituto Nacional de Estadística y Censos (INDEC),Precios
122.1_OPL_1999_0_23,otros_productos_lacteos,Otros productos lácteos índice anual,R/P1Y,1990-01-01,2007-01-01,Índice 1999=100,"Índice de Precios al Consumidor GBA (IPC-GBA), por principales aperturas. SERIE DISCONTINUADA",Subsecretaría de Programación Macroeconómica,Instituto Nacional de Estadística y Censos (INDEC),Precios
122.1_OPMFC_1999_0_42,otros_pescados_mariscos_frescos_congelados,Otros pescados y mariscos frescos y congelados índice anual,R/P1Y,1990-01-01,2007-01-01,Índice 1999=100,"Índice de Precios al Consumidor GBA (IPC-GBA), por principales aperturas. SERIE DISCONTINUADA",Subsecretaría de Programación Macroeconómica,Instituto Nacional de Estadística y Censos (INDEC),Precios
122.1_OVFC_1999_0_33,otras_verduras_frescas_congeladas,Otras verduras frescas y congeladas índice anual,R/P1Y,1990-01-01,2007-01-01,Índice 1999=100,"Índice de Precios al Consumidor GBA (IPC-GBA), por principales aperturas. SERIE DISCONTINUADA",Subsecretaría de Programación Macroeconómica,Instituto Nacional de Estadística y Censos (INDEC),Precios
122.1_PE_1999_0_12,pan_envasado,Pan envasado índice anual,R/P1Y,1990-01-01,2007-01-01,Índice 1999=100,"Índice de Precios al Consumidor GBA (IPC-GBA), por principales aperturas. SERIE DISCONTINUADA",Subsecretaría de Programación Macroeconómica,Instituto Nacional de Estadística y Censos (INDEC),Precios
122.1_PF_1999_0_10,pan_fresco,Pan fresco índice anual,R/P1Y,1990-01-01,2007-01-01,Índice 1999=100,"Índice de Precios al Consumidor GBA (IPC-GBA), por principales aperturas. SERIE DISCONTINUADA",Subsecretaría de Programación Macroeconómica,Instituto Nacional de Estadística y Censos (INDEC),Precios
122.1_PF_1999_0_14,pastas_frescas,Pastas frescas índice anual,R/P1Y,1990-01-01,2007-01-01,Índice 1999=100,"Índice de Precios al Consumidor GBA (IPC-GBA), por principales aperturas. SERIE DISCONTINUADA",Subsecretaría de Programación Macroeconómica,Instituto Nacional de Estadística y Censos (INDEC),Precios
122.1_PLH_1999_0_24,productos_lacteos_huevos,Productos lácteos y huevos índice anual,R/P1Y,1990-01-01,2007-01-01,Índice 1999=100,"Índice de Precios al Consumidor GBA (IPC-GBA), por principales aperturas. SERIE DISCONTINUADA",Subsecretaría de Programación Macroeconómica,Instituto Nacional de Estadística y Censos (INDEC),Precios
122.1_PMFC_1999_0_36,pescados_mariscos_frescos_congelados,Pescados y mariscos frescos y congelados índice anual,R/P1Y,1990-01-01,2007-01-01,Índice 1999=100,"Índice de Precios al Consumidor GBA (IPC-GBA), por principales aperturas. SERIE DISCONTINUADA",Subsecretaría de Programación Macroeconómica,Instituto Nacional de Estadística y Censos (INDEC),Precios
122.1_PORF_1999_0_28,papa_otras_raices_feculentas,Papa y otras raíces feculentas índice anual,R/P1Y,1990-01-01,2007-01-01,Índice 1999=100,"Índice de Precios al Consumidor GBA (IPC-GBA), por principales aperturas. SERIE DISCONTINUADA",Subsecretaría de Programación Macroeconómica,Instituto Nacional de Estadística y Censos (INDEC),Precios
122.1_PPCP_1999_0_38,productos_panificacion_cereales_pastas,"Productos de panificación, cereales y pastas índice anual",R/P1Y,1990-01-01,2007-01-01,Índice 1999=100,"Índice de Precios al Consumidor GBA (IPC-GBA), por principales aperturas. SERIE DISCONTINUADA",Subsecretaría de Programación Macroeconómica,Instituto Nacional de Estadística y Censos (INDEC),Precios
122.1_PP_1999_0_20,productos_pasteleria,Productos de pastelería índice anual,R/P1Y,1990-01-01,2007-01-01,Índice 1999=100,"Índice de Precios al Consumidor GBA (IPC-GBA), por principales aperturas. SERIE DISCONTINUADA",Subsecretaría de Programación Macroeconómica,Instituto Nacional de Estadística y Censos (INDEC),Precios
122.1_PP_1999_0_22,productos_panificacion,Productos de panificación índice anual,R/P1Y,1990-01-01,2007-01-01,Índice 1999=100,"Índice de Precios al Consumidor GBA (IPC-GBA), por principales aperturas. SERIE DISCONTINUADA",Subsecretaría de Programación Macroeconómica,Instituto Nacional de Estadística y Censos (INDEC),Precios
122.1_QBU_1999_0_23,quesos_blandos_untables,Quesos blandos y untables índice anual,R/P1Y,1990-01-01,2007-01-01,Índice 1999=100,"Índice de Precios al Consumidor GBA (IPC-GBA), por principales aperturas. SERIE DISCONTINUADA",Subsecretaría de Programación Macroeconómica,Instituto Nacional de Estadística y Censos (INDEC),Precios
122.1_QD_1999_0_12,quesos_duros,Quesos duros índice anual,R/P1Y,1990-01-01,2007-01-01,Índice 1999=100,"Índice de Precios al Consumidor GBA (IPC-GBA), por principales aperturas. SERIE DISCONTINUADA",Subsecretaría de Programación Macroeconómica,Instituto Nacional de Estadística y Censos (INDEC),Precios
122.1_QS_1999_0_16,quesos_semiduros,Quesos semiduros índice anual,R/P1Y,1990-01-01,2007-01-01,Índice 1999=100,"Índice de Precios al Consumidor GBA (IPC-GBA), por principales aperturas. SERIE DISCONTINUADA",Subsecretaría de Programación Macroeconómica,Instituto Nacional de Estadística y Censos (INDEC),Precios
122.1_Q_1999_0_6,quesos,Quesos índice anual,R/P1Y,1990-01-01,2007-01-01,Índice 1999=100,"Índice de Precios al Consumidor GBA (IPC-GBA), por principales aperturas. SERIE DISCONTINUADA",Subsecretaría de Programación Macroeconómica,Instituto Nacional de Estadística y Censos (INDEC),Precios
122.1_SBA_1999_0_23,semipreparados_base_ave,Semipreparados en base de ave índice anual,R/P1Y,1990-01-01,2007-01-01,Índice 1999=100,"Índice de Precios al Consumidor GBA (IPC-GBA), por principales aperturas. SERIE DISCONTINUADA",Subsecretaría de Programación Macroeconómica,Instituto Nacional de Estadística y Censos (INDEC),Precios
122.1_SBCV_1999_0_32,semipreparados_base_carne_vacuna,Semipreparados en base a carne vacuna índice anual,R/P1Y,1990-01-01,2007-01-01,Índice 1999=100,"Índice de Precios al Consumidor GBA (IPC-GBA), por principales aperturas. SERIE DISCONTINUADA",Subsecretaría de Programación Macroeconómica,Instituto Nacional de Estadística y Censos (INDEC),Precios
122.1_SBP_1999_0_26,semipreparados_base_pastas,Semipreparados en base a pastas índice anual,R/P1Y,1990-01-01,2007-01-01,Índice 1999=100,"Índice de Precios al Consumidor GBA (IPC-GBA), por principales aperturas. SERIE DISCONTINUADA",Subsecretaría de Programación Macroeconómica,Instituto Nacional de Estadística y Censos (INDEC),Precios
122.1_TC_1999_0_15,tomate_conserva,Tomate en conserva índice anual,R/P1Y,1990-01-01,2007-01-01,Índice 1999=100,"Índice de Precios al Consumidor GBA (IPC-GBA), por principales aperturas. SERIE DISCONTINUADA",Subsecretaría de Programación Macroeconómica,Instituto Nacional de Estadística y Censos (INDEC),Precios
122.1_TM_1999_0_10,tapas_masa,Tapas de masa índice anual,R/P1Y,1990-01-01,2007-01-01,Índice 1999=100,"Índice de Precios al Consumidor GBA (IPC-GBA), por principales aperturas. SERIE DISCONTINUADA",Subsecretaría de Programación Macroeconómica,Instituto Nacional de Estadística y Censos (INDEC),Precios
122.1_VFC_1999_0_27,verduras_frescas_congeladas,Verduras frescas y congeladas índice anual,R/P1Y,1990-01-01,2007-01-01,Índice 1999=100,"Índice de Precios al Consumidor GBA (IPC-GBA), por principales aperturas. SERIE DISCONTINUADA",Subsecretaría de Programación Macroeconómica,Instituto Nacional de Estadística y Censos (INDEC),Precios
122.1_VSC_1999_0_23,verduras_secas_conserva,Verduras secas y en conserva índice anual,R/P1Y,1990-01-01,2007-01-01,Índice 1999=100,"Índice de Precios al Consumidor GBA (IPC-GBA), por principales aperturas. SERIE DISCONTINUADA",Subsecretaría de Programación Macroeconómica,Instituto Nacional de Estadística y Censos (INDEC),Precios
122.1_V_1999_0_8,verduras,Verduras índice anual,R/P1Y,1990-01-01,2007-01-01,Índice 1999=100,"Índice de Precios al Consumidor GBA (IPC-GBA), por principales aperturas. SERIE DISCONTINUADA",Subsecretaría de Programación Macroeconómica,Instituto Nacional de Estadística y Censos (INDEC),Precios
122.1_YPL_1999_0_21,yogur_postres_lacteos,Yogur y postres lácteos índice anual,R/P1Y,1990-01-01,2007-01-01,Índice 1999=100,"Índice de Precios al Consumidor GBA (IPC-GBA), por principales aperturas. SERIE DISCONTINUADA",Subsecretaría de Programación Macroeconómica,Instituto Nacional de Estadística y Censos (INDEC),Precios
122.2_AB_1999_0_17,alimentos_bebidas,Alimentos y bebidas índice mensual,R/P1M,1989-06-01,2008-04-01,Índice 1999=100,"Índice de Precios al Consumidor GBA (IPC-GBA), por principales aperturas. SERIE DISCONTINUADA",Subsecretaría de Programación Macroeconómica,Instituto Nacional de Estadística y Censos (INDEC),Precios
122.2_ACH_1999_0_24,alimentos_consumir_hogar,Alimentos para consumir en el hogar índice mensual,R/P1M,1989-06-01,2008-04-01,Índice 1999=100,"Índice de Precios al Consumidor GBA (IPC-GBA), por principales aperturas. SERIE DISCONTINUADA",Subsecretaría de Programación Macroeconómica,Instituto Nacional de Estadística y Censos (INDEC),Precios
122.2_AFC_1999_0_23,aves_frescas_congeladas,Aves frescas y congeladas índice mensual,R/P1M,1989-06-01,2008-04-01,Índice 1999=100,"Índice de Precios al Consumidor GBA (IPC-GBA), por principales aperturas. SERIE DISCONTINUADA",Subsecretaría de Programación Macroeconómica,Instituto Nacional de Estadística y Censos (INDEC),Precios
122.2_AG_1999_0_14,aceites_grasas,Aceites y grasas índice mensual,R/P1M,1989-06-01,2008-04-01,Índice 1999=100,"Índice de Precios al Consumidor GBA (IPC-GBA), por principales aperturas. SERIE DISCONTINUADA",Subsecretaría de Programación Macroeconómica,Instituto Nacional de Estadística y Censos (INDEC),Precios
122.2_AM_1999_0_13,aceite_mezcla,Aceite mezcla índice mensual,R/P1M,1989-06-01,2008-04-01,Índice 1999=100,"Índice de Precios al Consumidor GBA (IPC-GBA), por principales aperturas. SERIE DISCONTINUADA",Subsecretaría de Programación Macroeconómica,Instituto Nacional de Estadística y Censos (INDEC),Precios
122.2_AP_1999_0_11,aceite_puro,Aceite puro índice mensual,R/P1M,1989-06-01,2008-04-01,Índice 1999=100,"Índice de Precios al Consumidor GBA (IPC-GBA), por principales aperturas. SERIE DISCONTINUADA",Subsecretaría de Programación Macroeconómica,Instituto Nacional de Estadística y Censos (INDEC),Precios
122.2_A_1999_0_5,arroz,Arroz índice mensual,R/P1M,1989-06-01,2008-04-01,Índice 1999=100,"Índice de Precios al Consumidor GBA (IPC-GBA), por principales aperturas. SERIE DISCONTINUADA",Subsecretaría de Programación Macroeconómica,Instituto Nacional de Estadística y Censos (INDEC),Precios
122.2_A_1999_0_7,aceites,Aceites índice mensual,R/P1M,1989-06-01,2008-04-01,Índice 1999=100,"Índice de Precios al Consumidor GBA (IPC-GBA), por principales aperturas. SERIE DISCONTINUADA",Subsecretaría de Programación Macroeconómica,Instituto Nacional de Estadística y Censos (INDEC),Precios
122.2_CA_1999_0_9,carne_ave,Carne de ave índice mensual,R/P1M,1989-06-01,2008-04-01,Índice 1999=100,"Índice de Precios al Consumidor GBA (IPC-GBA), por principales aperturas. SERIE DISCONTINUADA",Subsecretaría de Programación Macroeconómica,Instituto Nacional de Estadística y Censos (INDEC),Precios
122.2_CDCVF_1999_0_37,cortes_delanteros_carne_vacuna_fresca,Cortes delanteros de carne vacuna fresca índice mensual,R/P1M,1989-06-01,2008-04-01,Índice 1999=100,"Índice de Precios al Consumidor GBA (IPC-GBA), por principales aperturas. SERIE DISCONTINUADA",Subsecretaría de Programación Macroeconómica,Instituto Nacional de Estadística y Censos (INDEC),Precios
122.2_CP_1999_0_17,conservas_pescado,Conservas de pescado índice mensual,R/P1M,1989-06-01,2008-04-01,Índice 1999=100,"Índice de Precios al Consumidor GBA (IPC-GBA), por principales aperturas. SERIE DISCONTINUADA",Subsecretaría de Programación Macroeconómica,Instituto Nacional de Estadística y Censos (INDEC),Precios
122.2_CTCVF_1999_0_35,cortes_traseros_carne_vacuna_fresca,Cortes traseros de carne vacuna fresca índice mensual,R/P1M,1989-06-01,2008-04-01,Índice 1999=100,"Índice de Precios al Consumidor GBA (IPC-GBA), por principales aperturas. SERIE DISCONTINUADA",Subsecretaría de Programación Macroeconómica,Instituto Nacional de Estadística y Censos (INDEC),Precios
122.2_CV_1999_0_12,carne_vacuna,Carne vacuna índice mensual,R/P1M,1989-06-01,2008-04-01,Índice 1999=100,"Índice de Precios al Consumidor GBA (IPC-GBA), por principales aperturas. SERIE DISCONTINUADA",Subsecretaría de Programación Macroeconómica,Instituto Nacional de Estadística y Censos (INDEC),Precios
122.2_C_1999_0_6,carnes,Carnes índice mensual,R/P1M,1989-06-01,2008-04-01,Índice 1999=100,"Índice de Precios al Consumidor GBA (IPC-GBA), por principales aperturas. SERIE DISCONTINUADA",Subsecretaría de Programación Macroeconómica,Instituto Nacional de Estadística y Censos (INDEC),Precios
122.2_EF_1999_0_17,embutidos_frescos,Embutidos frescos índice mensual,R/P1M,1989-06-01,2008-04-01,Índice 1999=100,"Índice de Precios al Consumidor GBA (IPC-GBA), por principales aperturas. SERIE DISCONTINUADA",Subsecretaría de Programación Macroeconómica,Instituto Nacional de Estadística y Censos (INDEC),Precios
122.2_FC_1999_0_15,frutas_citricas,Frutas cítricas índice mensual,R/P1M,1989-06-01,2008-04-01,Índice 1999=100,"Índice de Precios al Consumidor GBA (IPC-GBA), por principales aperturas. SERIE DISCONTINUADA",Subsecretaría de Programación Macroeconómica,Instituto Nacional de Estadística y Censos (INDEC),Precios
122.2_FC_1999_0_18,fiambres_conservas,Fiambres y conservas índice mensual,R/P1M,1989-06-01,2008-04-01,Índice 1999=100,"Índice de Precios al Consumidor GBA (IPC-GBA), por principales aperturas. SERIE DISCONTINUADA",Subsecretaría de Programación Macroeconómica,Instituto Nacional de Estadística y Censos (INDEC),Precios
122.2_FEC_1999_0_28,fiambres_embutidos_conservas,"Fiambres, embutidos y conservas índice mensual",R/P1M,1989-06-01,2008-04-01,Índice 1999=100,"Índice de Precios al Consumidor GBA (IPC-GBA), por principales aperturas. SERIE DISCONTINUADA",Subsecretaría de Programación Macroeconómica,Instituto Nacional de Estadística y Censos (INDEC),Precios
122.2_FF_1999_0_14,frutas_frescas,Frutas frescas índice mensual,R/P1M,1989-06-01,2008-04-01,Índice 1999=100,"Índice de Precios al Consumidor GBA (IPC-GBA), por principales aperturas. SERIE DISCONTINUADA",Subsecretaría de Programación Macroeconómica,Instituto Nacional de Estadística y Censos (INDEC),Precios
122.2_FPMC_1999_0_26,fideos_pastas_masas_crudas,"Fideos, pastas y masas crudas índice mensual",R/P1M,1989-06-01,2008-04-01,Índice 1999=100,"Índice de Precios al Consumidor GBA (IPC-GBA), por principales aperturas. SERIE DISCONTINUADA",Subsecretaría de Programación Macroeconómica,Instituto Nacional de Estadística y Censos (INDEC),Precios
122.2_FSDC_1999_0_35,frutas_secas_deshidratadas_conserva,"Frutas secas, deshidratadas y en conserva índice mensual",R/P1M,1989-06-01,2008-04-01,Índice 1999=100,"Índice de Precios al Consumidor GBA (IPC-GBA), por principales aperturas. SERIE DISCONTINUADA",Subsecretaría de Programación Macroeconómica,Instituto Nacional de Estadística y Censos (INDEC),Precios
122.2_FS_1999_0_12,fideos_secos,Fideos secos índice mensual,R/P1M,1989-06-01,2008-04-01,Índice 1999=100,"Índice de Precios al Consumidor GBA (IPC-GBA), por principales aperturas. SERIE DISCONTINUADA",Subsecretaría de Programación Macroeconómica,Instituto Nacional de Estadística y Censos (INDEC),Precios
122.2_F_1999_0_6,frutas,Frutas índice mensual,R/P1M,1989-06-01,2008-04-01,Índice 1999=100,"Índice de Precios al Consumidor GBA (IPC-GBA), por principales aperturas. SERIE DISCONTINUADA",Subsecretaría de Programación Macroeconómica,Instituto Nacional de Estadística y Censos (INDEC),Precios
122.2_F_1999_0_8,facturas,Facturas índice mensual,R/P1M,1989-06-01,2008-04-01,Índice 1999=100,"Índice de Precios al Consumidor GBA (IPC-GBA), por principales aperturas. SERIE DISCONTINUADA",Subsecretaría de Programación Macroeconómica,Instituto Nacional de Estadística y Censos (INDEC),Precios
122.2_GD_1999_0_17,galletitas_dulces,Galletitas dulces índice mensual,R/P1M,1989-06-01,2008-04-01,Índice 1999=100,"Índice de Precios al Consumidor GBA (IPC-GBA), por principales aperturas. SERIE DISCONTINUADA",Subsecretaría de Programación Macroeconómica,Instituto Nacional de Estadística y Censos (INDEC),Precios
122.2_HAOC_1999_0_27,harina_arroz_otros_cereales,"Harina, arroz y otros cereales índice mensual",R/P1M,1989-06-01,2008-04-01,Índice 1999=100,"Índice de Precios al Consumidor GBA (IPC-GBA), por principales aperturas. SERIE DISCONTINUADA",Subsecretaría de Programación Macroeconómica,Instituto Nacional de Estadística y Censos (INDEC),Precios
122.2_HT_1999_0_12,harina_trigo,Harina de trigo índice mensual,R/P1M,1989-06-01,2008-04-01,Índice 1999=100,"Índice de Precios al Consumidor GBA (IPC-GBA), por principales aperturas. SERIE DISCONTINUADA",Subsecretaría de Programación Macroeconómica,Instituto Nacional de Estadística y Censos (INDEC),Precios
122.2_H_1999_0_6,huevos,Huevos índice mensual,R/P1M,1989-06-01,2008-04-01,Índice 1999=100,"Índice de Precios al Consumidor GBA (IPC-GBA), por principales aperturas. SERIE DISCONTINUADA",Subsecretaría de Programación Macroeconómica,Instituto Nacional de Estadística y Censos (INDEC),Precios
122.2_H_1999_0_7,helados,Helados índice mensual,R/P1M,1989-06-01,2008-04-01,Índice 1999=100,"Índice de Precios al Consumidor GBA (IPC-GBA), por principales aperturas. SERIE DISCONTINUADA",Subsecretaría de Programación Macroeconómica,Instituto Nacional de Estadística y Censos (INDEC),Precios
122.2_LF_1999_0_12,leche_fluida,Leche fluida índice mensual,R/P1M,1989-06-01,2008-04-01,Índice 1999=100,"Índice de Precios al Consumidor GBA (IPC-GBA), por principales aperturas. SERIE DISCONTINUADA",Subsecretaría de Programación Macroeconómica,Instituto Nacional de Estadística y Censos (INDEC),Precios
122.2_LP_1999_0_11,leche_polvo,Leche en polvo índice mensual,R/P1M,1989-06-01,2008-04-01,Índice 1999=100,"Índice de Precios al Consumidor GBA (IPC-GBA), por principales aperturas. SERIE DISCONTINUADA",Subsecretaría de Programación Macroeconómica,Instituto Nacional de Estadística y Censos (INDEC),Precios
122.2_L_1999_0_5,leche,Leche índice mensual,R/P1M,1989-06-01,2008-04-01,Índice 1999=100,"Índice de Precios al Consumidor GBA (IPC-GBA), por principales aperturas. SERIE DISCONTINUADA",Subsecretaría de Programación Macroeconómica,Instituto Nacional de Estadística y Censos (INDEC),Precios
122.2_MAFV_1999_0_35,menudencias_achuras_frescas_vacunas,Menudencias y achuras frescas vacunas índice mensual,R/P1M,1989-06-01,2008-04-01,Índice 1999=100,"Índice de Precios al Consumidor GBA (IPC-GBA), por principales aperturas. SERIE DISCONTINUADA",Subsecretaría de Programación Macroeconómica,Instituto Nacional de Estadística y Censos (INDEC),Precios
122.2_MC_1999_0_13,manteca_crema,Manteca y crema índice mensual,R/P1M,1989-06-01,2008-04-01,Índice 1999=100,"Índice de Precios al Consumidor GBA (IPC-GBA), por principales aperturas. SERIE DISCONTINUADA",Subsecretaría de Programación Macroeconómica,Instituto Nacional de Estadística y Censos (INDEC),Precios
122.2_MFC_1999_0_24,merluza_fresca_congelada,Merluza fresca y congelada índice mensual,R/P1M,1989-06-01,2008-04-01,Índice 1999=100,"Índice de Precios al Consumidor GBA (IPC-GBA), por principales aperturas. SERIE DISCONTINUADA",Subsecretaría de Programación Macroeconómica,Instituto Nacional de Estadística y Censos (INDEC),Precios
122.2_MG_1999_0_17,margarinas_grasas,Margarinas y grasas índice mensual,R/P1M,1989-06-01,2008-04-01,Índice 1999=100,"Índice de Precios al Consumidor GBA (IPC-GBA), por principales aperturas. SERIE DISCONTINUADA",Subsecretaría de Programación Macroeconómica,Instituto Nacional de Estadística y Censos (INDEC),Precios
122.2_M_1999_0_7,manzana,Manzana índice mensual,R/P1M,1989-06-01,2008-04-01,Índice 1999=100,"Índice de Precios al Consumidor GBA (IPC-GBA), por principales aperturas. SERIE DISCONTINUADA",Subsecretaría de Programación Macroeconómica,Instituto Nacional de Estadística y Censos (INDEC),Precios
122.2_NGI_1999_0_20,nivel_general_indice,Nivel general índice mensual,R/P1M,1989-06-01,2008-04-01,Índice 1999=100,"Índice de Precios al Consumidor GBA (IPC-GBA), por principales aperturas. SERIE DISCONTINUADA",Subsecretaría de Programación Macroeconómica,Instituto Nacional de Estadística y Censos (INDEC),Precios
122.2_OCRF_1999_0_26,otras_carnes_rojas_frescas,Otras carnes rojas frescas índice mensual,R/P1M,1989-06-01,2008-04-01,Índice 1999=100,"Índice de Precios al Consumidor GBA (IPC-GBA), por principales aperturas. SERIE DISCONTINUADA",Subsecretaría de Programación Macroeconómica,Instituto Nacional de Estadística y Censos (INDEC),Precios
122.2_OC_1999_0_14,otros_cereales,Otros cereales índice mensual,R/P1M,1989-06-01,2008-04-01,Índice 1999=100,"Índice de Precios al Consumidor GBA (IPC-GBA), por principales aperturas. SERIE DISCONTINUADA",Subsecretaría de Programación Macroeconómica,Instituto Nacional de Estadística y Censos (INDEC),Precios
122.2_OF_1999_0_12,otras_frutas,Otras frutas índice mensual,R/P1M,1989-06-01,2008-04-01,Índice 1999=100,"Índice de Precios al Consumidor GBA (IPC-GBA), por principales aperturas. SERIE DISCONTINUADA",Subsecretaría de Programación Macroeconómica,Instituto Nacional de Estadística y Censos (INDEC),Precios
122.2_OGG_1999_0_25,otras_galletas_galletitas,Otras galletas y galletitas índice mensual,R/P1M,1989-06-01,2008-04-01,Índice 1999=100,"Índice de Precios al Consumidor GBA (IPC-GBA), por principales aperturas. SERIE DISCONTINUADA",Subsecretaría de Programación Macroeconómica,Instituto Nacional de Estadística y Censos (INDEC),Precios
122.2_OH_1999_0_13,otras_harinas,Otras harinas índice mensual,R/P1M,1989-06-01,2008-04-01,Índice 1999=100,"Índice de Precios al Consumidor GBA (IPC-GBA), por principales aperturas. SERIE DISCONTINUADA",Subsecretaría de Programación Macroeconómica,Instituto Nacional de Estadística y Censos (INDEC),Precios
122.2_OPL_1999_0_23,otros_productos_lacteos,Otros productos lácteos índice mensual,R/P1M,1989-06-01,2008-04-01,Índice 1999=100,"Índice de Precios al Consumidor GBA (IPC-GBA), por principales aperturas. SERIE DISCONTINUADA",Subsecretaría de Programación Macroeconómica,Instituto Nacional de Estadística y Censos (INDEC),Precios
122.2_OPMFC_1999_0_42,otros_pescados_mariscos_frescos_congelados,Otros pescados y mariscos frescos y congelados índice mensual,R/P1M,1989-06-01,2008-04-01,Índice 1999=100,"Índice de Precios al Consumidor GBA (IPC-GBA), por principales aperturas. SERIE DISCONTINUADA",Subsecretaría de Programación Macroeconómica,Instituto Nacional de Estadística y Censos (INDEC),Precios
122.2_OVFC_1999_0_33,otras_verduras_frescas_congeladas,Otras verduras frescas y congeladas índice mensual,R/P1M,1989-06-01,2008-04-01,Índice 1999=100,"Índice de Precios al Consumidor GBA (IPC-GBA), por principales aperturas. SERIE DISCONTINUADA",Subsecretaría de Programación Macroeconómica,Instituto Nacional de Estadística y Censos (INDEC),Precios
122.2_PE_1999_0_12,pan_envasado,Pan envasado índice mensual,R/P1M,1989-06-01,2008-04-01,Índice 1999=100,"Índice de Precios al Consumidor GBA (IPC-GBA), por principales aperturas. SERIE DISCONTINUADA",Subsecretaría de Programación Macroeconómica,Instituto Nacional de Estadística y Censos (INDEC),Precios
122.2_PF_1999_0_10,pan_fresco,Pan fresco índice mensual,R/P1M,1989-06-01,2008-04-01,Índice 1999=100,"Índice de Precios al Consumidor GBA (IPC-GBA), por principales aperturas. SERIE DISCONTINUADA",Subsecretaría de Programación Macroeconómica,Instituto Nacional de Estadística y Censos (INDEC),Precios
122.2_PF_1999_0_14,pastas_frescas,Pastas frescas índice mensual,R/P1M,1989-06-01,2008-04-01,Índice 1999=100,"Índice de Precios al Consumidor GBA (IPC-GBA), por principales aperturas. SERIE DISCONTINUADA",Subsecretaría de Programación Macroeconómica,Instituto Nacional de Estadística y Censos (INDEC),Precios
122.2_PLH_1999_0_24,productos_lacteos_huevos,Productos lácteos y huevos índice mensual,R/P1M,1989-06-01,2008-04-01,Índice 1999=100,"Índice de Precios al Consumidor GBA (IPC-GBA), por principales aperturas. SERIE DISCONTINUADA",Subsecretaría de Programación Macroeconómica,Instituto Nacional de Estadística y Censos (INDEC),Precios
122.2_PMFC_1999_0_36,pescados_mariscos_frescos_congelados,Pescados y mariscos frescos y congelados índice mensual,R/P1M,1989-06-01,2008-04-01,Índice 1999=100,"Índice de Precios al Consumidor GBA (IPC-GBA), por principales aperturas. SERIE DISCONTINUADA",Subsecretaría de Programación Macroeconómica,Instituto Nacional de Estadística y Censos (INDEC),Precios
122.2_PORF_1999_0_28,papa_otras_raices_feculentas,Papa y otras raíces feculentas índice mensual,R/P1M,1989-06-01,2008-04-01,Índice 1999=100,"Índice de Precios al Consumidor GBA (IPC-GBA), por principales aperturas. SERIE DISCONTINUADA",Subsecretaría de Programación Macroeconómica,Instituto Nacional de Estadística y Censos (INDEC),Precios
122.2_PPCP_1999_0_38,productos_panificacion_cereales_pastas,"Productos de panificación, cereales y pastas índice mensual",R/P1M,1989-06-01,2008-04-01,Índice 1999=100,"Índice de Precios al Consumidor GBA (IPC-GBA), por principales aperturas. SERIE DISCONTINUADA",Subsecretaría de Programación Macroeconómica,Instituto Nacional de Estadística y Censos (INDEC),Precios
122.2_PP_1999_0_20,productos_pasteleria,Productos de pastelería índice mensual,R/P1M,1989-06-01,2008-04-01,Índice 1999=100,"Índice de Precios al Consumidor GBA (IPC-GBA), por principales aperturas. SERIE DISCONTINUADA",Subsecretaría de Programación Macroeconómica,Instituto Nacional de Estadística y Censos (INDEC),Precios
122.2_PP_1999_0_22,productos_panificacion,Productos de panificación índice mensual,R/P1M,1989-06-01,2008-04-01,Índice 1999=100,"Índice de Precios al Consumidor GBA (IPC-GBA), por principales aperturas. SERIE DISCONTINUADA",Subsecretaría de Programación Macroeconómica,Instituto Nacional de Estadística y Censos (INDEC),Precios
122.2_QBU_1999_0_23,quesos_blandos_untables,Quesos blandos y untables índice mensual,R/P1M,1989-06-01,2008-04-01,Índice 1999=100,"Índice de Precios al Consumidor GBA (IPC-GBA), por principales aperturas. SERIE DISCONTINUADA",Subsecretaría de Programación Macroeconómica,Instituto Nacional de Estadística y Censos (INDEC),Precios
122.2_QD_1999_0_12,quesos_duros,Quesos duros índice mensual,R/P1M,1989-06-01,2008-04-01,Índice 1999=100,"Índice de Precios al Consumidor GBA (IPC-GBA), por principales aperturas. SERIE DISCONTINUADA",Subsecretaría de Programación Macroeconómica,Instituto Nacional de Estadística y Censos (INDEC),Precios
122.2_QS_1999_0_16,quesos_semiduros,Quesos semiduros índice mensual,R/P1M,1989-06-01,2008-04-01,Índice 1999=100,"Índice de Precios al Consumidor GBA (IPC-GBA), por principales aperturas. SERIE DISCONTINUADA",Subsecretaría de Programación Macroeconómica,Instituto Nacional de Estadística y Censos (INDEC),Precios
122.2_Q_1999_0_6,quesos,Quesos índice mensual,R/P1M,1989-06-01,2008-04-01,Índice 1999=100,"Índice de Precios al Consumidor GBA (IPC-GBA), por principales aperturas. SERIE DISCONTINUADA",Subsecretaría de Programación Macroeconómica,Instituto Nacional de Estadística y Censos (INDEC),Precios
122.2_SBA_1999_0_23,semipreparados_base_ave,Semipreparados en base de ave índice mensual,R/P1M,1989-06-01,2008-04-01,Índice 1999=100,"Índice de Precios al Consumidor GBA (IPC-GBA), por principales aperturas. SERIE DISCONTINUADA",Subsecretaría de Programación Macroeconómica,Instituto Nacional de Estadística y Censos (INDEC),Precios
122.2_SBCV_1999_0_32,semipreparados_base_carne_vacuna,Semipreparados en base a carne vacuna índice mensual,R/P1M,1989-06-01,2008-04-01,Índice 1999=100,"Índice de Precios al Consumidor GBA (IPC-GBA), por principales aperturas. SERIE DISCONTINUADA",Subsecretaría de Programación Macroeconómica,Instituto Nacional de Estadística y Censos (INDEC),Precios
122.2_SBP_1999_0_26,semipreparados_base_pastas,Semipreparados en base a pastas índice mensual,R/P1M,1989-06-01,2008-04-01,Índice 1999=100,"Índice de Precios al Consumidor GBA (IPC-GBA), por principales aperturas. SERIE DISCONTINUADA",Subsecretaría de Programación Macroeconómica,Instituto Nacional de Estadística y Censos (INDEC),Precios
122.2_TC_1999_0_15,tomate_conserva,Tomate en conserva índice mensual,R/P1M,1989-06-01,2008-04-01,Índice 1999=100,"Índice de Precios al Consumidor GBA (IPC-GBA), por principales aperturas. SERIE DISCONTINUADA",Subsecretaría de Programación Macroeconómica,Instituto Nacional de Estadística y Censos (INDEC),Precios
122.2_TM_1999_0_10,tapas_masa,Tapas de masa índice mensual,R/P1M,1989-06-01,2008-04-01,Índice 1999=100,"Índice de Precios al Consumidor GBA (IPC-GBA), por principales aperturas. SERIE DISCONTINUADA",Subsecretaría de Programación Macroeconómica,Instituto Nacional de Estadística y Censos (INDEC),Precios
122.2_VFC_1999_0_27,verduras_frescas_congeladas,Verduras frescas y congeladas índice mensual,R/P1M,1989-06-01,2008-04-01,Índice 1999=100,"Índice de Precios al Consumidor GBA (IPC-GBA), por principales aperturas. SERIE DISCONTINUADA",Subsecretaría de Programación Macroeconómica,Instituto Nacional de Estadística y Censos (INDEC),Precios
122.2_VSC_1999_0_23,verduras_secas_conserva,Verduras secas y en conserva índice mensual,R/P1M,1989-06-01,2008-04-01,Índice 1999=100,"Índice de Precios al Consumidor GBA (IPC-GBA), por principales aperturas. SERIE DISCONTINUADA",Subsecretaría de Programación Macroeconómica,Instituto Nacional de Estadística y Censos (INDEC),Precios
122.2_V_1999_0_8,verduras,Verduras índice mensual,R/P1M,1989-06-01,2008-04-01,Índice 1999=100,"Índice de Precios al Consumidor GBA (IPC-GBA), por principales aperturas. SERIE DISCONTINUADA",Subsecretaría de Programación Macroeconómica,Instituto Nacional de Estadística y Censos (INDEC),Precios
122.2_YPL_1999_0_21,yogur_postres_lacteos,Yogur y postres lácteos índice mensual,R/P1M,1989-06-01,2008-04-01,Índice 1999=100,"Índice de Precios al Consumidor GBA (IPC-GBA), por principales aperturas. SERIE DISCONTINUADA",Subsecretaría de Programación Macroeconómica,Instituto Nacional de Estadística y Censos (INDEC),Precios
123.1_AB_ABRI_0_17,alimentos_bebidas,Alimentos y bebidas índice mensual base 2008,R/P1M,2008-04-01,2013-12-01,Índice abr-2008=100,Índice de Precios al Consumidor GBA (IPC-GBA). Base abril 2008. SERIE DISCONTINUADA,Subsecretaría de Programación Macroeconómica,Instituto Nacional de Estadística y Censos (INDEC),Precios
123.1_ACH_ABRI_0_24,alimentos_consumir_hogar,Alimentos para consumir en el hogar índice mensual base 2008,R/P1M,2008-04-01,2013-12-01,Índice abr-2008=100,Índice de Precios al Consumidor GBA (IPC-GBA). Base abril 2008. SERIE DISCONTINUADA,Subsecretaría de Programación Macroeconómica,Instituto Nacional de Estadística y Censos (INDEC),Precios
123.1_AG_ABRI_0_14,aceites_grasas,Aceites y grasas índice mensual base 2008,R/P1M,2008-04-01,2013-12-01,Índice abr-2008=100,Índice de Precios al Consumidor GBA (IPC-GBA). Base abril 2008. SERIE DISCONTINUADA,Subsecretaría de Programación Macroeconómica,Instituto Nacional de Estadística y Censos (INDEC),Precios
123.1_ALV_ABRI_0_20,alquiler_la_vivienda,Alquiler de la vivienda índice mensual base 2008,R/P1M,2008-04-01,2013-12-01,Índice abr-2008=100,Índice de Precios al Consumidor GBA (IPC-GBA). Base abril 2008. SERIE DISCONTINUADA,Subsecretaría de Programación Macroeconómica,Instituto Nacional de Estadística y Censos (INDEC),Precios
123.1_AMDC_ABRI_0_24,azucar_miel_dulces_cacao,"Azúcar, miel, dulces y cacao índice mensual base 2008",R/P1M,2008-04-01,2013-12-01,Índice abr-2008=100,Índice de Precios al Consumidor GBA (IPC-GBA). Base abril 2008. SERIE DISCONTINUADA,Subsecretaría de Programación Macroeconómica,Instituto Nacional de Estadística y Censos (INDEC),Precios
123.1_AMGPS_ABRI_0_28,atencion_medica_gastos_salud,Atención médica y gastos para la salud índice mensual base 2008,R/P1M,2008-04-01,2013-12-01,Índice abr-2008=100,Índice de Precios al Consumidor GBA (IPC-GBA). Base abril 2008. SERIE DISCONTINUADA,Subsecretaría de Programación Macroeconómica,Instituto Nacional de Estadística y Censos (INDEC),Precios
123.1_BA_ABRI_0_19,bebidas_alcoholicas,Bebidas alcohólicas índice mensual base 2008,R/P1M,2008-04-01,2013-12-01,Índice abr-2008=100,Índice de Precios al Consumidor GBA (IPC-GBA). Base abril 2008. SERIE DISCONTINUADA,Subsecretaría de Programación Macroeconómica,Instituto Nacional de Estadística y Censos (INDEC),Precios
123.1_BIPCH_ABRI_0_32,bebidas_infusiones_consumo_hogar,Bebidas e infusiones para consumir en el hogar índice mensual base 2008,R/P1M,2008-04-01,2013-12-01,Índice abr-2008=100,Índice de Precios al Consumidor GBA (IPC-GBA). Base abril 2008. SERIE DISCONTINUADA,Subsecretaría de Programación Macroeconómica,Instituto Nacional de Estadística y Censos (INDEC),Precios
123.1_BNA_ABRI_0_22,bebidas_no_alcoholicas,Bebidas no alcohólicas índice mensual base 2008,R/P1M,2008-04-01,2013-12-01,Índice abr-2008=100,Índice de Precios al Consumidor GBA (IPC-GBA). Base abril 2008. SERIE DISCONTINUADA,Subsecretaría de Programación Macroeconómica,Instituto Nacional de Estadística y Censos (INDEC),Precios
123.1_CA_ABRI_0_9,carne_ave,Carne de ave índice mensual base 2008,R/P1M,2008-04-01,2013-09-01,Índice abr-2008=100,Índice de Precios al Consumidor GBA (IPC-GBA). Base abril 2008. SERIE DISCONTINUADA,Subsecretaría de Programación Macroeconómica,Instituto Nacional de Estadística y Censos (INDEC),Precios
123.1_CV_ABRI_0_12,carne_vacuna,Carne vacuna índice mensual base 2008,R/P1M,2008-04-01,2013-09-01,Índice abr-2008=100,Índice de Precios al Consumidor GBA (IPC-GBA). Base abril 2008. SERIE DISCONTINUADA,Subsecretaría de Programación Macroeconómica,Instituto Nacional de Estadística y Censos (INDEC),Precios
123.1_C_ABRI_0_14,comunicaciones,Comunicaciones índice mensual base 2008,R/P1M,2008-04-01,2013-12-01,Índice abr-2008=100,Índice de Precios al Consumidor GBA (IPC-GBA). Base abril 2008. SERIE DISCONTINUADA,Subsecretaría de Programación Macroeconómica,Instituto Nacional de Estadística y Censos (INDEC),Precios
123.1_C_ABRI_0_6,carnes,Carnes índice mensual base 2008,R/P1M,2008-04-01,2013-12-01,Índice abr-2008=100,Índice de Precios al Consumidor GBA (IPC-GBA). Base abril 2008. SERIE DISCONTINUADA,Subsecretaría de Programación Macroeconómica,Instituto Nacional de Estadística y Censos (INDEC),Precios
123.1_C_ABRI_0_7,calzado,Calzado índice mensual base 2008,R/P1M,2008-04-01,2013-12-01,Índice abr-2008=100,Índice de Precios al Consumidor GBA (IPC-GBA). Base abril 2008. SERIE DISCONTINUADA,Subsecretaría de Programación Macroeconómica,Instituto Nacional de Estadística y Censos (INDEC),Precios
123.1_DRL_ABRI_0_23,diarios_revistas_libros,"Diarios, revistas y libros índice mensual base 2008",R/P1M,2008-04-01,2013-12-01,Índice abr-2008=100,Índice de Precios al Consumidor GBA (IPC-GBA). Base abril 2008. SERIE DISCONTINUADA,Subsecretaría de Programación Macroeconómica,Instituto Nacional de Estadística y Censos (INDEC),Precios
123.1_EMH_ABRI_0_32,equipamiento_mantenimiento_hogar,Equipamiento y mantenimiento del hogar índice mensual base 2008,R/P1M,2008-04-01,2013-12-01,Índice abr-2008=100,Índice de Precios al Consumidor GBA (IPC-GBA). Base abril 2008. SERIE DISCONTINUADA,Subsecretaría de Programación Macroeconómica,Instituto Nacional de Estadística y Censos (INDEC),Precios
123.1_E_ABRI_0_13,esparcimiento,Esparcimiento índice mensual base 2008,R/P1M,2008-04-01,2013-12-01,Índice abr-2008=100,Índice de Precios al Consumidor GBA (IPC-GBA). Base abril 2008. SERIE DISCONTINUADA,Subsecretaría de Programación Macroeconómica,Instituto Nacional de Estadística y Censos (INDEC),Precios
123.1_E_ABRI_0_9,educacion,Educación índice mensual base 2008,R/P1M,2008-04-01,2013-12-01,Índice abr-2008=100,Índice de Precios al Consumidor GBA (IPC-GBA). Base abril 2008. SERIE DISCONTINUADA,Subsecretaría de Programación Macroeconómica,Instituto Nacional de Estadística y Censos (INDEC),Precios
123.1_FEC_ABRI_0_28,fiambres_embutidos_conservas,"Fiambres, embutidos y conservas índice mensual base 2008",R/P1M,2008-04-01,2013-09-01,Índice abr-2008=100,Índice de Precios al Consumidor GBA (IPC-GBA). Base abril 2008. SERIE DISCONTINUADA,Subsecretaría de Programación Macroeconómica,Instituto Nacional de Estadística y Censos (INDEC),Precios
123.1_F_ABRI_0_6,frutas,Frutas índice mensual base 2008,R/P1M,2008-04-01,2013-12-01,Índice abr-2008=100,Índice de Precios al Consumidor GBA (IPC-GBA). Base abril 2008. SERIE DISCONTINUADA,Subsecretaría de Programación Macroeconómica,Instituto Nacional de Estadística y Censos (INDEC),Precios
123.1_I_ABRI_0_12,indumentaria,Indumentaria índice mensual base 2008,R/P1M,2008-04-01,2013-12-01,Índice abr-2008=100,Índice de Precios al Consumidor GBA (IPC-GBA). Base abril 2008. SERIE DISCONTINUADA,Subsecretaría de Programación Macroeconómica,Instituto Nacional de Estadística y Censos (INDEC),Precios
123.1_NGI_ABRI_0_20,nivel_general_indice,Nivel general índice mensual base 2008,R/P1M,2008-04-01,2013-12-01,Índice abr-2008=100,Índice de Precios al Consumidor GBA (IPC-GBA). Base abril 2008. SERIE DISCONTINUADA,Subsecretaría de Programación Macroeconómica,Instituto Nacional de Estadística y Censos (INDEC),Precios
123.1_OBSV_ABRI_0_29,otros_bienes_servicios_varios,Otros bienes y servicios varios índice mensual base 2008,R/P1M,2008-04-01,2013-12-01,Índice abr-2008=100,Índice de Precios al Consumidor GBA (IPC-GBA). Base abril 2008. SERIE DISCONTINUADA,Subsecretaría de Programación Macroeconómica,Instituto Nacional de Estadística y Censos (INDEC),Precios
123.1_OCRF_ABRI_0_26,otras_carnes_rojas_frescas,Otras carnes rojas frescas índice mensual base 2008,R/P1M,2008-04-01,2013-09-01,Índice abr-2008=100,Índice de Precios al Consumidor GBA (IPC-GBA). Base abril 2008. SERIE DISCONTINUADA,Subsecretaría de Programación Macroeconómica,Instituto Nacional de Estadística y Censos (INDEC),Precios
123.1_OSE_ABRI_0_29,otros_servicios_esparcimiento,Otros servicios de esparcimiento índice mensual base 2008,R/P1M,2008-04-01,2013-12-01,Índice abr-2008=100,Índice de Precios al Consumidor GBA (IPC-GBA). Base abril 2008. SERIE DISCONTINUADA,Subsecretaría de Programación Macroeconómica,Instituto Nacional de Estadística y Censos (INDEC),Precios
123.1_PLH_ABRI_0_24,productos_lacteos_huevos,Productos lácteos y huevos índice mensual base 2008,R/P1M,2008-04-01,2013-12-01,Índice abr-2008=100,Índice de Precios al Consumidor GBA (IPC-GBA). Base abril 2008. SERIE DISCONTINUADA,Subsecretaría de Programación Macroeconómica,Instituto Nacional de Estadística y Censos (INDEC),Precios
123.1_PMFC_ABRI_0_36,pescados_mariscos_frescos_congelados,Pescados y mariscos frescos y congelados índice mensual base 2008,R/P1M,2008-04-01,2013-09-01,Índice abr-2008=100,Índice de Precios al Consumidor GBA (IPC-GBA). Base abril 2008. SERIE DISCONTINUADA,Subsecretaría de Programación Macroeconómica,Instituto Nacional de Estadística y Censos (INDEC),Precios
123.1_PPCP_ABRI_0_38,productos_panificacion_cereales_pastas,"Productos de panificación, cereales y pastas índice mensual base 2008",R/P1M,2008-04-01,2013-12-01,Índice abr-2008=100,Índice de Precios al Consumidor GBA (IPC-GBA). Base abril 2008. SERIE DISCONTINUADA,Subsecretaría de Programación Macroeconómica,Instituto Nacional de Estadística y Censos (INDEC),Precios
123.1_RE_ABRI_0_13,ropa_exterior,Ropa exterior índice mensual base 2008,R/P1M,2008-04-01,2013-12-01,Índice abr-2008=100,Índice de Precios al Consumidor GBA (IPC-GBA). Base abril 2008. SERIE DISCONTINUADA,Subsecretaría de Programación Macroeconómica,Instituto Nacional de Estadística y Censos (INDEC),Precios
123.1_RI_ABRI_0_13,ropa_interior,Ropa interior índice mensual base 2008,R/P1M,2008-04-01,2013-12-01,Índice abr-2008=100,Índice de Precios al Consumidor GBA (IPC-GBA). Base abril 2008. SERIE DISCONTINUADA,Subsecretaría de Programación Macroeconómica,Instituto Nacional de Estadística y Censos (INDEC),Precios
123.1_R_ABRI_0_4,ropa,Ropa índice mensual base 2008,R/P1M,2008-04-01,2013-12-01,Índice abr-2008=100,Índice de Precios al Consumidor GBA (IPC-GBA). Base abril 2008. SERIE DISCONTINUADA,Subsecretaría de Programación Macroeconómica,Instituto Nacional de Estadística y Censos (INDEC),Precios
123.1_SBCPV_ABRI_0_44,servicios_basicos_combustibles_para_vivienda,Servicios básicos y combustibles para la vivienda índice mensual base 2008,R/P1M,2008-04-01,2013-12-01,Índice abr-2008=100,Índice de Precios al Consumidor GBA (IPC-GBA). Base abril 2008. SERIE DISCONTINUADA,Subsecretaría de Programación Macroeconómica,Instituto Nacional de Estadística y Censos (INDEC),Precios
123.1_SE_ABRI_0_20,servicios_educativos,Servicios educativos índice mensual base 2008,R/P1M,2008-04-01,2013-12-01,Índice abr-2008=100,Índice de Precios al Consumidor GBA (IPC-GBA). Base abril 2008. SERIE DISCONTINUADA,Subsecretaría de Programación Macroeconómica,Instituto Nacional de Estadística y Censos (INDEC),Precios
123.1_TC_ABRI_0_25,transporte_comunicaciones,Transporte y comunicaciones índice mensual base 2008,R/P1M,2008-04-01,2013-12-01,Índice abr-2008=100,Índice de Precios al Consumidor GBA (IPC-GBA). Base abril 2008. SERIE DISCONTINUADA,Subsecretaría de Programación Macroeconómica,Instituto Nacional de Estadística y Censos (INDEC),Precios
123.1_TUE_ABRI_0_23,textos_utiles_escolares,Textos y útiles escolares índice mensual base 2008,R/P1M,2008-04-01,2013-12-01,Índice abr-2008=100,Índice de Precios al Consumidor GBA (IPC-GBA). Base abril 2008. SERIE DISCONTINUADA,Subsecretaría de Programación Macroeconómica,Instituto Nacional de Estadística y Censos (INDEC),Precios
123.1_T_ABRI_0_10,transporte,Transporte índice mensual base 2008,R/P1M,2008-04-01,2013-12-01,Índice abr-2008=100,Índice de Precios al Consumidor GBA (IPC-GBA). Base abril 2008. SERIE DISCONTINUADA,Subsecretaría de Programación Macroeconómica,Instituto Nacional de Estadística y Censos (INDEC),Precios
123.1_T_ABRI_0_7,turismo,Turismo índice mensual base 2008,R/P1M,2008-04-01,2013-12-01,Índice abr-2008=100,Índice de Precios al Consumidor GBA (IPC-GBA). Base abril 2008. SERIE DISCONTINUADA,Subsecretaría de Programación Macroeconómica,Instituto Nacional de Estadística y Censos (INDEC),Precios
123.1_VSB_ABRI_0_26,vivienda_servicios_basicos,Vivienda y servicios básicos índice mensual base 2008,R/P1M,2008-04-01,2013-12-01,Índice abr-2008=100,Índice de Precios al Consumidor GBA (IPC-GBA). Base abril 2008. SERIE DISCONTINUADA,Subsecretaría de Programación Macroeconómica,Instituto Nacional de Estadística y Censos (INDEC),Precios
123.1_V_ABRI_0_8,verduras,Verduras índice mensual base 2008,R/P1M,2008-04-01,2013-12-01,Índice abr-2008=100,Índice de Precios al Consumidor GBA (IPC-GBA). Base abril 2008. SERIE DISCONTINUADA,Subsecretaría de Programación Macroeconómica,Instituto Nacional de Estadística y Censos (INDEC),Precios
124.2_AB_OCTU_0_17,alimentos_bebidas,Alimentos y bebidas índice trimestral urbano,R/P3M,2014-01-01,2015-04-01,Índice oct-2013/sep-2014=100,Índice de Precios al Consumidor Nacional Urbano (IPC-NU). Base 10/2013 - 9/2014. SERIE DISCONTINUADA,Subsecretaría de Programación Macroeconómica,Instituto Nacional de Estadística y Censos (INDEC),Precios
124.2_ACH_OCTU_0_24,alimentos_consumir_hogar,Alimentos para consumir en el hogar índice trimestral urbano,R/P3M,2014-01-01,2015-04-01,Índice oct-2013/sep-2014=100,Índice de Precios al Consumidor Nacional Urbano (IPC-NU). Base 10/2013 - 9/2014. SERIE DISCONTINUADA,Subsecretaría de Programación Macroeconómica,Instituto Nacional de Estadística y Censos (INDEC),Precios
124.2_AG_OCTU_0_14,aceites_grasas,Aceites y grasas índice trimestral urbano,R/P3M,2014-01-01,2015-04-01,Índice oct-2013/sep-2014=100,Índice de Precios al Consumidor Nacional Urbano (IPC-NU). Base 10/2013 - 9/2014. SERIE DISCONTINUADA,Subsecretaría de Programación Macroeconómica,Instituto Nacional de Estadística y Censos (INDEC),Precios
124.2_AMDC_OCTU_0_24,azucar_miel_dulces_cacao,"Azúcar, miel, dulces y cacao índice trimestral urbano",R/P3M,2014-01-01,2015-04-01,Índice oct-2013/sep-2014=100,Índice de Precios al Consumidor Nacional Urbano (IPC-NU). Base 10/2013 - 9/2014. SERIE DISCONTINUADA,Subsecretaría de Programación Macroeconómica,Instituto Nacional de Estadística y Censos (INDEC),Precios
124.2_AMGPS_OCTU_0_28,atencion_medica_gastos_salud,Atención médica y gastos para la salud índice trimestral urbano,R/P3M,2014-01-01,2015-04-01,Índice oct-2013/sep-2014=100,Índice de Precios al Consumidor Nacional Urbano (IPC-NU). Base 10/2013 - 9/2014. SERIE DISCONTINUADA,Subsecretaría de Programación Macroeconómica,Instituto Nacional de Estadística y Censos (INDEC),Precios
124.2_AV_OCTU_0_17,alquiler_vivienda,Alquiler de la vivienda índice trimestral urbano,R/P3M,2014-01-01,2015-04-01,Índice oct-2013/sep-2014=100,Índice de Precios al Consumidor Nacional Urbano (IPC-NU). Base 10/2013 - 9/2014. SERIE DISCONTINUADA,Subsecretaría de Programación Macroeconómica,Instituto Nacional de Estadística y Censos (INDEC),Precios
124.2_BA_OCTU_0_19,bebidas_alcoholicas,Bebidas alcohólicas índice trimestral urbano,R/P3M,2014-01-01,2015-04-01,Índice oct-2013/sep-2014=100,Índice de Precios al Consumidor Nacional Urbano (IPC-NU). Base 10/2013 - 9/2014. SERIE DISCONTINUADA,Subsecretaría de Programación Macroeconómica,Instituto Nacional de Estadística y Censos (INDEC),Precios
124.2_BIPCH_OCTU_0_38,bebidas_infusiones_para_consumir_hogar,Bebidas e infusiones para consumir en el hogar índice trimestral urbano,R/P3M,2014-01-01,2015-04-01,Índice oct-2013/sep-2014=100,Índice de Precios al Consumidor Nacional Urbano (IPC-NU). Base 10/2013 - 9/2014. SERIE DISCONTINUADA,Subsecretaría de Programación Macroeconómica,Instituto Nacional de Estadística y Censos (INDEC),Precios
124.2_BNA_OCTU_0_22,bebidas_no_alcoholicas,Bebidas no alcohólicas índice trimestral urbano,R/P3M,2014-01-01,2015-04-01,Índice oct-2013/sep-2014=100,Índice de Precios al Consumidor Nacional Urbano (IPC-NU). Base 10/2013 - 9/2014. SERIE DISCONTINUADA,Subsecretaría de Programación Macroeconómica,Instituto Nacional de Estadística y Censos (INDEC),Precios
124.2_CA_OCTU_0_9,carne_ave,Carne de ave índice trimestral urbano,R/P3M,2014-01-01,2015-04-01,Índice oct-2013/sep-2014=100,Índice de Precios al Consumidor Nacional Urbano (IPC-NU). Base 10/2013 - 9/2014. SERIE DISCONTINUADA,Subsecretaría de Programación Macroeconómica,Instituto Nacional de Estadística y Censos (INDEC),Precios
124.2_CV_OCTU_0_12,carne_vacuna,Carne vacuna índice trimestral urbano,R/P3M,2014-01-01,2015-04-01,Índice oct-2013/sep-2014=100,Índice de Precios al Consumidor Nacional Urbano (IPC-NU). Base 10/2013 - 9/2014. SERIE DISCONTINUADA,Subsecretaría de Programación Macroeconómica,Instituto Nacional de Estadística y Censos (INDEC),Precios
124.2_C_OCTU_0_14,comunicaciones,Comunicaciones índice trimestral urbano,R/P3M,2014-01-01,2015-04-01,Índice oct-2013/sep-2014=100,Índice de Precios al Consumidor Nacional Urbano (IPC-NU). Base 10/2013 - 9/2014. SERIE DISCONTINUADA,Subsecretaría de Programación Macroeconómica,Instituto Nacional de Estadística y Censos (INDEC),Precios
124.2_C_OCTU_0_6,carnes,Carnes índice trimestral urbano,R/P3M,2014-01-01,2015-04-01,Índice oct-2013/sep-2014=100,Índice de Precios al Consumidor Nacional Urbano (IPC-NU). Base 10/2013 - 9/2014. SERIE DISCONTINUADA,Subsecretaría de Programación Macroeconómica,Instituto Nacional de Estadística y Censos (INDEC),Precios
124.2_C_OCTU_0_7,calzado,Calzado índice trimestral urbano,R/P3M,2014-01-01,2015-04-01,Índice oct-2013/sep-2014=100,Índice de Precios al Consumidor Nacional Urbano (IPC-NU). Base 10/2013 - 9/2014. SERIE DISCONTINUADA,Subsecretaría de Programación Macroeconómica,Instituto Nacional de Estadística y Censos (INDEC),Precios
124.2_DRL_OCTU_0_23,diarios_revistas_libros,"Diarios, revistas y libros índice trimestral urbano",R/P3M,2014-01-01,2015-04-01,Índice oct-2013/sep-2014=100,Índice de Precios al Consumidor Nacional Urbano (IPC-NU). Base 10/2013 - 9/2014. SERIE DISCONTINUADA,Subsecretaría de Programación Macroeconómica,Instituto Nacional de Estadística y Censos (INDEC),Precios
124.2_EMH_OCTU_0_32,equipamiento_mantenimiento_hogar,Equipamiento y mantenimiento del hogar índice trimestral urbano,R/P3M,2014-01-01,2015-04-01,Índice oct-2013/sep-2014=100,Índice de Precios al Consumidor Nacional Urbano (IPC-NU). Base 10/2013 - 9/2014. SERIE DISCONTINUADA,Subsecretaría de Programación Macroeconómica,Instituto Nacional de Estadística y Censos (INDEC),Precios
124.2_E_OCTU_0_13,esparcimiento,Esparcimiento índice trimestral urbano,R/P3M,2014-01-01,2015-04-01,Índice oct-2013/sep-2014=100,Índice de Precios al Consumidor Nacional Urbano (IPC-NU). Base 10/2013 - 9/2014. SERIE DISCONTINUADA,Subsecretaría de Programación Macroeconómica,Instituto Nacional de Estadística y Censos (INDEC),Precios
124.2_E_OCTU_0_9,educacion,Educación índice trimestral urbano,R/P3M,2014-01-01,2015-04-01,Índice oct-2013/sep-2014=100,Índice de Precios al Consumidor Nacional Urbano (IPC-NU). Base 10/2013 - 9/2014. SERIE DISCONTINUADA,Subsecretaría de Programación Macroeconómica,Instituto Nacional de Estadística y Censos (INDEC),Precios
124.2_FEC_OCTU_0_28,fiambres_embutidos_conservas,"Fiambres, embutidos y conservas índice trimestral urbano",R/P3M,2014-01-01,2015-04-01,Índice oct-2013/sep-2014=100,Índice de Precios al Consumidor Nacional Urbano (IPC-NU). Base 10/2013 - 9/2014. SERIE DISCONTINUADA,Subsecretaría de Programación Macroeconómica,Instituto Nacional de Estadística y Censos (INDEC),Precios
124.2_F_OCTU_0_6,frutas,Frutas índice trimestral urbano,R/P3M,2014-01-01,2015-04-01,Índice oct-2013/sep-2014=100,Índice de Precios al Consumidor Nacional Urbano (IPC-NU). Base 10/2013 - 9/2014. SERIE DISCONTINUADA,Subsecretaría de Programación Macroeconómica,Instituto Nacional de Estadística y Censos (INDEC),Precios
124.2_I_OCTU_0_12,indumentaria,Indumentaria índice trimestral urbano,R/P3M,2014-01-01,2015-04-01,Índice oct-2013/sep-2014=100,Índice de Precios al Consumidor Nacional Urbano (IPC-NU). Base 10/2013 - 9/2014. SERIE DISCONTINUADA,Subsecretaría de Programación Macroeconómica,Instituto Nacional de Estadística y Censos (INDEC),Precios
124.2_NGI_OCTU_0_20,nivel_general_indice,Nivel general índice trimestral urbano,R/P3M,2014-01-01,2015-04-01,Índice oct-2013/sep-2014=100,Índice de Precios al Consumidor Nacional Urbano (IPC-NU). Base 10/2013 - 9/2014. SERIE DISCONTINUADA,Subsecretaría de Programación Macroeconómica,Instituto Nacional de Estadística y Censos (INDEC),Precios
124.2_OBSV_OCTU_0_29,otros_bienes_servicios_varios,Otros bienes y servicios varios índice trimestral urbano,R/P3M,2014-01-01,2015-04-01,Índice oct-2013/sep-2014=100,Índice de Precios al Consumidor Nacional Urbano (IPC-NU). Base 10/2013 - 9/2014. SERIE DISCONTINUADA,Subsecretaría de Programación Macroeconómica,Instituto Nacional de Estadística y Censos (INDEC),Precios
124.2_OCRF_OCTU_0_26,otras_carnes_rojas_frescas,Otras carnes rojas frescas índice trimestral urbano,R/P3M,2014-01-01,2015-04-01,Índice oct-2013/sep-2014=100,Índice de Precios al Consumidor Nacional Urbano (IPC-NU). Base 10/2013 - 9/2014. SERIE DISCONTINUADA,Subsecretaría de Programación Macroeconómica,Instituto Nacional de Estadística y Censos (INDEC),Precios
124.2_OSE_OCTU_0_29,otros_servicios_esparcimiento,Otros servicios de esparcimiento índice trimestral urbano,R/P3M,2014-01-01,2015-04-01,Índice oct-2013/sep-2014=100,Índice de Precios al Consumidor Nacional Urbano (IPC-NU). Base 10/2013 - 9/2014. SERIE DISCONTINUADA,Subsecretaría de Programación Macroeconómica,Instituto Nacional de Estadística y Censos (INDEC),Precios
124.2_PLH_OCTU_0_24,productos_lacteos_huevos,Productos lácteos y huevos índice trimestral urbano,R/P3M,2014-01-01,2015-04-01,Índice oct-2013/sep-2014=100,Índice de Precios al Consumidor Nacional Urbano (IPC-NU). Base 10/2013 - 9/2014. SERIE DISCONTINUADA,Subsecretaría de Programación Macroeconómica,Instituto Nacional de Estadística y Censos (INDEC),Precios
124.2_PMFC_OCTU_0_36,pescados_mariscos_frescos_congelados,Pescados y mariscos frescos y congelados índice trimestral urbano,R/P3M,2014-01-01,2015-04-01,Índice oct-2013/sep-2014=100,Índice de Precios al Consumidor Nacional Urbano (IPC-NU). Base 10/2013 - 9/2014. SERIE DISCONTINUADA,Subsecretaría de Programación Macroeconómica,Instituto Nacional de Estadística y Censos (INDEC),Precios
124.2_PPCP_OCTU_0_38,productos_panificacion_cereales_pastas,"Productos de panificación, cereales y pastas índice trimestral urbano",R/P3M,2014-01-01,2015-04-01,Índice oct-2013/sep-2014=100,Índice de Precios al Consumidor Nacional Urbano (IPC-NU). Base 10/2013 - 9/2014. SERIE DISCONTINUADA,Subsecretaría de Programación Macroeconómica,Instituto Nacional de Estadística y Censos (INDEC),Precios
124.2_RE_OCTU_0_13,ropa_exterior,Ropa exterior índice trimestral urbano,R/P3M,2014-01-01,2015-04-01,Índice oct-2013/sep-2014=100,Índice de Precios al Consumidor Nacional Urbano (IPC-NU). Base 10/2013 - 9/2014. SERIE DISCONTINUADA,Subsecretaría de Programación Macroeconómica,Instituto Nacional de Estadística y Censos (INDEC),Precios
124.2_RI_OCTU_0_13,ropa_interior,Ropa interior índice trimestral urbano,R/P3M,2014-01-01,2015-04-01,Índice oct-2013/sep-2014=100,Índice de Precios al Consumidor Nacional Urbano (IPC-NU). Base 10/2013 - 9/2014. SERIE DISCONTINUADA,Subsecretaría de Programación Macroeconómica,Instituto Nacional de Estadística y Censos (INDEC),Precios
124.2_R_OCTU_0_4,ropa,Ropa índice trimestral urbano,R/P3M,2014-01-01,2015-04-01,Índice oct-2013/sep-2014=100,Índice de Precios al Consumidor Nacional Urbano (IPC-NU). Base 10/2013 - 9/2014. SERIE DISCONTINUADA,Subsecretaría de Programación Macroeconómica,Instituto Nacional de Estadística y Censos (INDEC),Precios
124.2_SBCPV_OCTU_0_44,servicios_basicos_combustibles_para_vivienda,Servicios básicos y combustibles para la vivienda índice trimestral urbano,R/P3M,2014-01-01,2015-04-01,Índice oct-2013/sep-2014=100,Índice de Precios al Consumidor Nacional Urbano (IPC-NU). Base 10/2013 - 9/2014. SERIE DISCONTINUADA,Subsecretaría de Programación Macroeconómica,Instituto Nacional de Estadística y Censos (INDEC),Precios
124.2_SE_OCTU_0_20,servicios_educativos,Servicios educativos índice trimestral urbano,R/P3M,2014-01-01,2015-04-01,Índice oct-2013/sep-2014=100,Índice de Precios al Consumidor Nacional Urbano (IPC-NU). Base 10/2013 - 9/2014. SERIE DISCONTINUADA,Subsecretaría de Programación Macroeconómica,Instituto Nacional de Estadística y Censos (INDEC),Precios
124.2_TC_OCTU_0_25,transporte_comunicaciones,Transporte y comunicaciones índice trimestral urbano,R/P3M,2014-01-01,2015-04-01,Índice oct-2013/sep-2014=100,Índice de Precios al Consumidor Nacional Urbano (IPC-NU). Base 10/2013 - 9/2014. SERIE DISCONTINUADA,Subsecretaría de Programación Macroeconómica,Instituto Nacional de Estadística y Censos (INDEC),Precios
124.2_TUE_OCTU_0_23,textos_utiles_escolares,Textos y útiles escolares índice trimestral urbano,R/P3M,2014-01-01,2015-04-01,Índice oct-2013/sep-2014=100,Índice de Precios al Consumidor Nacional Urbano (IPC-NU). Base 10/2013 - 9/2014. SERIE DISCONTINUADA,Subsecretaría de Programación Macroeconómica,Instituto Nacional de Estadística y Censos (INDEC),Precios
124.2_T_OCTU_0_10,transporte,Transporte índice trimestral urbano,R/P3M,2014-01-01,2015-04-01,Índice oct-2013/sep-2014=100,Índice de Precios al Consumidor Nacional Urbano (IPC-NU). Base 10/2013 - 9/2014. SERIE DISCONTINUADA,Subsecretaría de Programación Macroeconómica,Instituto Nacional de Estadística y Censos (INDEC),Precios
124.2_T_OCTU_0_7,turismo,Turismo índice trimestral urbano,R/P3M,2014-01-01,2015-04-01,Índice oct-2013/sep-2014=100,Índice de Precios al Consumidor Nacional Urbano (IPC-NU). Base 10/2013 - 9/2014. SERIE DISCONTINUADA,Subsecretaría de Programación Macroeconómica,Instituto Nacional de Estadística y Censos (INDEC),Precios
124.2_VSB_OCTU_0_26,vivienda_servicios_basicos,Vivienda y servicios básicos índice trimestral urbano,R/P3M,2014-01-01,2015-04-01,Índice oct-2013/sep-2014=100,Índice de Precios al Consumidor Nacional Urbano (IPC-NU). Base 10/2013 - 9/2014. SERIE DISCONTINUADA,Subsecretaría de Programación Macroeconómica,Instituto Nacional de Estadística y Censos (INDEC),Precios
124.2_V_OCTU_0_8,verduras,Verduras índice trimestral urbano,R/P3M,2014-01-01,2015-04-01,Índice oct-2013/sep-2014=100,Índice de Precios al Consumidor Nacional Urbano (IPC-NU). Base 10/2013 - 9/2014. SERIE DISCONTINUADA,Subsecretaría de Programación Macroeconómica,Instituto Nacional de Estadística y Censos (INDEC),Precios
124.3_AB_OCTU_0_17,alimentos_bebidas,Alimentos y bebidas índice mensual urbano,R/P1M,2013-12-01,2015-10-01,Índice oct-2013/sep-2014=100,Índice de Precios al Consumidor Nacional Urbano (IPC-NU). Base 10/2013 - 9/2014. SERIE DISCONTINUADA,Subsecretaría de Programación Macroeconómica,Instituto Nacional de Estadística y Censos (INDEC),Precios
124.3_ACH_OCTU_0_24,alimentos_consumir_hogar,Alimentos para consumir en el hogar índice mensual urbano,R/P1M,2013-12-01,2015-10-01,Índice oct-2013/sep-2014=100,Índice de Precios al Consumidor Nacional Urbano (IPC-NU). Base 10/2013 - 9/2014. SERIE DISCONTINUADA,Subsecretaría de Programación Macroeconómica,Instituto Nacional de Estadística y Censos (INDEC),Precios
124.3_AG_OCTU_0_14,aceites_grasas,Aceites y grasas índice mensual urbano,R/P1M,2013-12-01,2015-10-01,Índice oct-2013/sep-2014=100,Índice de Precios al Consumidor Nacional Urbano (IPC-NU). Base 10/2013 - 9/2014. SERIE DISCONTINUADA,Subsecretaría de Programación Macroeconómica,Instituto Nacional de Estadística y Censos (INDEC),Precios
124.3_AMDC_OCTU_0_24,azucar_miel_dulces_cacao,"Azúcar, miel, dulces y cacao índice mensual urbano",R/P1M,2013-12-01,2015-10-01,Índice oct-2013/sep-2014=100,Índice de Precios al Consumidor Nacional Urbano (IPC-NU). Base 10/2013 - 9/2014. SERIE DISCONTINUADA,Subsecretaría de Programación Macroeconómica,Instituto Nacional de Estadística y Censos (INDEC),Precios
124.3_AMGPS_OCTU_0_33,atencion_medica_gastos_para_salud,Atención médica y gastos para la salud índice mensual urbano,R/P1M,2013-12-01,2015-10-01,Índice oct-2013/sep-2014=100,Índice de Precios al Consumidor Nacional Urbano (IPC-NU). Base 10/2013 - 9/2014. SERIE DISCONTINUADA,Subsecretaría de Programación Macroeconómica,Instituto Nacional de Estadística y Censos (INDEC),Precios
124.3_AV_OCTU_0_17,alquiler_vivienda,Alquiler de la vivienda índice mensual urbano,R/P1M,2013-12-01,2015-10-01,Índice oct-2013/sep-2014=100,Índice de Precios al Consumidor Nacional Urbano (IPC-NU). Base 10/2013 - 9/2014. SERIE DISCONTINUADA,Subsecretaría de Programación Macroeconómica,Instituto Nacional de Estadística y Censos (INDEC),Precios
124.3_BA_OCTU_0_19,bebidas_alcoholicas,Bebidas alcohólicas índice mensual urbano,R/P1M,2013-12-01,2015-10-01,Índice oct-2013/sep-2014=100,Índice de Precios al Consumidor Nacional Urbano (IPC-NU). Base 10/2013 - 9/2014. SERIE DISCONTINUADA,Subsecretaría de Programación Macroeconómica,Instituto Nacional de Estadística y Censos (INDEC),Precios
124.3_BIPCH_OCTU_0_38,bebidas_infusiones_para_consumir_hogar,Bebidas e infusiones para consumir en el hogar índice mensual urbano,R/P1M,2013-12-01,2015-10-01,Índice oct-2013/sep-2014=100,Índice de Precios al Consumidor Nacional Urbano (IPC-NU). Base 10/2013 - 9/2014. SERIE DISCONTINUADA,Subsecretaría de Programación Macroeconómica,Instituto Nacional de Estadística y Censos (INDEC),Precios
124.3_BNA_OCTU_0_22,bebidas_no_alcoholicas,Bebidas no alcohólicas índice mensual urbano,R/P1M,2013-12-01,2015-10-01,Índice oct-2013/sep-2014=100,Índice de Precios al Consumidor Nacional Urbano (IPC-NU). Base 10/2013 - 9/2014. SERIE DISCONTINUADA,Subsecretaría de Programación Macroeconómica,Instituto Nacional de Estadística y Censos (INDEC),Precios
124.3_CA_OCTU_0_9,carne_ave,Carne de ave índice mensual urbano,R/P1M,2013-12-01,2015-10-01,Índice oct-2013/sep-2014=100,Índice de Precios al Consumidor Nacional Urbano (IPC-NU). Base 10/2013 - 9/2014. SERIE DISCONTINUADA,Subsecretaría de Programación Macroeconómica,Instituto Nacional de Estadística y Censos (INDEC),Precios
124.3_CV_OCTU_0_12,carne_vacuna,Carne vacuna índice mensual urbano,R/P1M,2013-12-01,2015-10-01,Índice oct-2013/sep-2014=100,Índice de Precios al Consumidor Nacional Urbano (IPC-NU). Base 10/2013 - 9/2014. SERIE DISCONTINUADA,Subsecretaría de Programación Macroeconómica,Instituto Nacional de Estadística y Censos (INDEC),Precios
124.3_C_OCTU_0_14,comunicaciones,Comunicaciones índice mensual urbano,R/P1M,2013-12-01,2015-10-01,Índice oct-2013/sep-2014=100,Índice de Precios al Consumidor Nacional Urbano (IPC-NU). Base 10/2013 - 9/2014. SERIE DISCONTINUADA,Subsecretaría de Programación Macroeconómica,Instituto Nacional de Estadística y Censos (INDEC),Precios
124.3_C_OCTU_0_6,carnes,Carnes índice mensual urbano,R/P1M,2013-12-01,2015-10-01,Índice oct-2013/sep-2014=100,Índice de Precios al Consumidor Nacional Urbano (IPC-NU). Base 10/2013 - 9/2014. SERIE DISCONTINUADA,Subsecretaría de Programación Macroeconómica,Instituto Nacional de Estadística y Censos (INDEC),Precios
124.3_C_OCTU_0_7,calzado,Calzado índice mensual urbano,R/P1M,2013-12-01,2015-10-01,Índice oct-2013/sep-2014=100,Índice de Precios al Consumidor Nacional Urbano (IPC-NU). Base 10/2013 - 9/2014. SERIE DISCONTINUADA,Subsecretaría de Programación Macroeconómica,Instituto Nacional de Estadística y Censos (INDEC),Precios
124.3_DRL_OCTU_0_23,diarios_revistas_libros,"Diarios, revistas y libros índice mensual urbano",R/P1M,2013-12-01,2015-10-01,Índice oct-2013/sep-2014=100,Índice de Precios al Consumidor Nacional Urbano (IPC-NU). Base 10/2013 - 9/2014. SERIE DISCONTINUADA,Subsecretaría de Programación Macroeconómica,Instituto Nacional de Estadística y Censos (INDEC),Precios
124.3_EMH_OCTU_0_32,equipamiento_mantenimiento_hogar,Equipamiento y mantenimiento del hogar índice mensual urbano,R/P1M,2013-12-01,2015-10-01,Índice oct-2013/sep-2014=100,Índice de Precios al Consumidor Nacional Urbano (IPC-NU). Base 10/2013 - 9/2014. SERIE DISCONTINUADA,Subsecretaría de Programación Macroeconómica,Instituto Nacional de Estadística y Censos (INDEC),Precios
124.3_E_OCTU_0_13,esparcimiento,Esparcimiento índice mensual urbano,R/P1M,2013-12-01,2015-10-01,Índice oct-2013/sep-2014=100,Índice de Precios al Consumidor Nacional Urbano (IPC-NU). Base 10/2013 - 9/2014. SERIE DISCONTINUADA,Subsecretaría de Programación Macroeconómica,Instituto Nacional de Estadística y Censos (INDEC),Precios
124.3_E_OCTU_0_9,educacion,Educación índice mensual urbano,R/P1M,2013-12-01,2015-10-01,Índice oct-2013/sep-2014=100,Índice de Precios al Consumidor Nacional Urbano (IPC-NU). Base 10/2013 - 9/2014. SERIE DISCONTINUADA,Subsecretaría de Programación Macroeconómica,Instituto Nacional de Estadística y Censos (INDEC),Precios
124.3_FEC_OCTU_0_28,fiambres_embutidos_conservas,"Fiambres, embutidos y conservas índice mensual urbano",R/P1M,2013-12-01,2015-10-01,Índice oct-2013/sep-2014=100,Índice de Precios al Consumidor Nacional Urbano (IPC-NU). Base 10/2013 - 9/2014. SERIE DISCONTINUADA,Subsecretaría de Programación Macroeconómica,Instituto Nacional de Estadística y Censos (INDEC),Precios
124.3_F_OCTU_0_6,frutas,Frutas índice mensual urbano,R/P1M,2013-12-01,2015-10-01,Índice oct-2013/sep-2014=100,Índice de Precios al Consumidor Nacional Urbano (IPC-NU). Base 10/2013 - 9/2014. SERIE DISCONTINUADA,Subsecretaría de Programación Macroeconómica,Instituto Nacional de Estadística y Censos (INDEC),Precios
124.3_I_OCTU_0_12,indumentaria,Indumentaria índice mensual urbano,R/P1M,2013-12-01,2015-10-01,Índice oct-2013/sep-2014=100,Índice de Precios al Consumidor Nacional Urbano (IPC-NU). Base 10/2013 - 9/2014. SERIE DISCONTINUADA,Subsecretaría de Programación Macroeconómica,Instituto Nacional de Estadística y Censos (INDEC),Precios
124.3_NGI_OCTU_0_20,nivel_general_indice,Nivel general índice mensual urbano,R/P1M,2013-12-01,2015-10-01,Índice oct-2013/sep-2014=100,Índice de Precios al Consumidor Nacional Urbano (IPC-NU). Base 10/2013 - 9/2014. SERIE DISCONTINUADA,Subsecretaría de Programación Macroeconómica,Instituto Nacional de Estadística y Censos (INDEC),Precios
124.3_OBSV_OCTU_0_29,otros_bienes_servicios_varios,Otros bienes y servicios varios índice mensual urbano,R/P1M,2013-12-01,2015-10-01,Índice oct-2013/sep-2014=100,Índice de Precios al Consumidor Nacional Urbano (IPC-NU). Base 10/2013 - 9/2014. SERIE DISCONTINUADA,Subsecretaría de Programación Macroeconómica,Instituto Nacional de Estadística y Censos (INDEC),Precios
124.3_OCRF_OCTU_0_26,otras_carnes_rojas_frescas,Otras carnes rojas frescas índice mensual urbano,R/P1M,2013-12-01,2015-10-01,Índice oct-2013/sep-2014=100,Índice de Precios al Consumidor Nacional Urbano (IPC-NU). Base 10/2013 - 9/2014. SERIE DISCONTINUADA,Subsecretaría de Programación Macroeconómica,Instituto Nacional de Estadística y Censos (INDEC),Precios
124.3_OSE_OCTU_0_29,otros_servicios_esparcimiento,Otros servicios de esparcimiento índice mensual urbano,R/P1M,2013-12-01,2015-10-01,Índice oct-2013/sep-2014=100,Índice de Precios al Consumidor Nacional Urbano (IPC-NU). Base 10/2013 - 9/2014. SERIE DISCONTINUADA,Subsecretaría de Programación Macroeconómica,Instituto Nacional de Estadística y Censos (INDEC),Precios
124.3_PLH_OCTU_0_24,productos_lacteos_huevos,Productos lácteos y huevos índice mensual urbano,R/P1M,2013-12-01,2015-10-01,Índice oct-2013/sep-2014=100,Índice de Precios al Consumidor Nacional Urbano (IPC-NU). Base 10/2013 - 9/2014. SERIE DISCONTINUADA,Subsecretaría de Programación Macroeconómica,Instituto Nacional de Estadística y Censos (INDEC),Precios
124.3_PMFC_OCTU_0_36,pescados_mariscos_frescos_congelados,Pescados y mariscos frescos y congelados índice mensual urbano,R/P1M,2013-12-01,2015-10-01,Índice oct-2013/sep-2014=100,Índice de Precios al Consumidor Nacional Urbano (IPC-NU). Base 10/2013 - 9/2014. SERIE DISCONTINUADA,Subsecretaría de Programación Macroeconómica,Instituto Nacional de Estadística y Censos (INDEC),Precios
124.3_PPCP_OCTU_0_38,productos_panificacion_cereales_pastas,"Productos de panificación, cereales y pastas índice mensual urbano",R/P1M,2013-12-01,2015-10-01,Índice oct-2013/sep-2014=100,Índice de Precios al Consumidor Nacional Urbano (IPC-NU). Base 10/2013 - 9/2014. SERIE DISCONTINUADA,Subsecretaría de Programación Macroeconómica,Instituto Nacional de Estadística y Censos (INDEC),Precios
124.3_RE_OCTU_0_13,ropa_exterior,Ropa exterior índice mensual urbano,R/P1M,2013-12-01,2015-10-01,Índice oct-2013/sep-2014=100,Índice de Precios al Consumidor Nacional Urbano (IPC-NU). Base 10/2013 - 9/2014. SERIE DISCONTINUADA,Subsecretaría de Programación Macroeconómica,Instituto Nacional de Estadística y Censos (INDEC),Precios
124.3_RI_OCTU_0_13,ropa_interior,Ropa interior índice mensual urbano,R/P1M,2013-12-01,2015-10-01,Índice oct-2013/sep-2014=100,Índice de Precios al Consumidor Nacional Urbano (IPC-NU). Base 10/2013 - 9/2014. SERIE DISCONTINUADA,Subsecretaría de Programación Macroeconómica,Instituto Nacional de Estadística y Censos (INDEC),Precios
124.3_R_OCTU_0_4,ropa,Ropa índice mensual urbano,R/P1M,2013-12-01,2015-10-01,Índice oct-2013/sep-2014=100,Índice de Precios al Consumidor Nacional Urbano (IPC-NU). Base 10/2013 - 9/2014. SERIE DISCONTINUADA,Subsecretaría de Programación Macroeconómica,Instituto Nacional de Estadística y Censos (INDEC),Precios
124.3_SBCPV_OCTU_0_44,servicios_basicos_combustibles_para_vivienda,Servicios básicos y combustibles para la vivienda índice mensual urbano,R/P1M,2013-12-01,2015-10-01,Índice oct-2013/sep-2014=100,Índice de Precios al Consumidor Nacional Urbano (IPC-NU). Base 10/2013 - 9/2014. SERIE DISCONTINUADA,Subsecretaría de Programación Macroeconómica,Instituto Nacional de Estadística y Censos (INDEC),Precios
124.3_SE_OCTU_0_20,servicios_educativos,Servicios educativos índice mensual urbano,R/P1M,2013-12-01,2015-10-01,Índice oct-2013/sep-2014=100,Índice de Precios al Consumidor Nacional Urbano (IPC-NU). Base 10/2013 - 9/2014. SERIE DISCONTINUADA,Subsecretaría de Programación Macroeconómica,Instituto Nacional de Estadística y Censos (INDEC),Precios
124.3_TC_OCTU_0_25,transporte_comunicaciones,Transporte y comunicaciones índice mensual urbano,R/P1M,2013-12-01,2015-10-01,Índice oct-2013/sep-2014=100,Índice de Precios al Consumidor Nacional Urbano (IPC-NU). Base 10/2013 - 9/2014. SERIE DISCONTINUADA,Subsecretaría de Programación Macroeconómica,Instituto Nacional de Estadística y Censos (INDEC),Precios
124.3_TUE_OCTU_0_23,textos_utiles_escolares,Textos y útiles escolares índice mensual urbano,R/P1M,2013-12-01,2015-10-01,Índice oct-2013/sep-2014=100,Índice de Precios al Consumidor Nacional Urbano (IPC-NU). Base 10/2013 - 9/2014. SERIE DISCONTINUADA,Subsecretaría de Programación Macroeconómica,Instituto Nacional de Estadística y Censos (INDEC),Precios
124.3_T_OCTU_0_10,transporte,Transporte índice mensual urbano,R/P1M,2013-12-01,2015-10-01,Índice oct-2013/sep-2014=100,Índice de Precios al Consumidor Nacional Urbano (IPC-NU). Base 10/2013 - 9/2014. SERIE DISCONTINUADA,Subsecretaría de Programación Macroeconómica,Instituto Nacional de Estadística y Censos (INDEC),Precios
124.3_T_OCTU_0_7,turismo,Turismo índice mensual urbano,R/P1M,2013-12-01,2015-10-01,Índice oct-2013/sep-2014=100,Índice de Precios al Consumidor Nacional Urbano (IPC-NU). Base 10/2013 - 9/2014. SERIE DISCONTINUADA,Subsecretaría de Programación Macroeconómica,Instituto Nacional de Estadística y Censos (INDEC),Precios
124.3_VSB_OCTU_0_26,vivienda_servicios_basicos,Vivienda y servicios básicos índice mensual urbano,R/P1M,2013-12-01,2015-10-01,Índice oct-2013/sep-2014=100,Índice de Precios al Consumidor Nacional Urbano (IPC-NU). Base 10/2013 - 9/2014. SERIE DISCONTINUADA,Subsecretaría de Programación Macroeconómica,Instituto Nacional de Estadística y Censos (INDEC),Precios
124.3_V_OCTU_0_8,verduras,Verduras índice mensual urbano,R/P1M,2013-12-01,2015-10-01,Índice oct-2013/sep-2014=100,Índice de Precios al Consumidor Nacional Urbano (IPC-NU). Base 10/2013 - 9/2014. SERIE DISCONTINUADA,Subsecretaría de Programación Macroeconómica,Instituto Nacional de Estadística y Censos (INDEC),Precios
125.1_AB_1993_0_21,alimentos_balanceados,Alimentos balanceados índice anual,R/P1Y,1993-01-01,2014-01-01,Índice 1993=100,Índice de Precios Internos Básicos al por Mayor. SERIE DISCONTINUADA,Subsecretaría de Programación Macroeconómica,Instituto Nacional de Estadística y Censos (INDEC),Precios
125.1_ADCEA_1993_0_42,aparatos_distribucion_control_electrico_ii,Aparatos de distribución y control eléctrico (II) índice anual,R/P1Y,1993-01-01,2014-01-01,Índice 1993=100,Índice de Precios Internos Básicos al por Mayor. SERIE DISCONTINUADA,Subsecretaría de Programación Macroeconómica,Instituto Nacional de Estadística y Censos (INDEC),Precios
125.1_ADCE_1993_0_39,aparatos_distribucion_control_electrico,Aparatos de distribución y control eléctrico índice anual,R/P1Y,1993-01-01,2014-01-01,Índice 1993=100,Índice de Precios Internos Básicos al por Mayor. SERIE DISCONTINUADA,Subsecretaría de Programación Macroeconómica,Instituto Nacional de Estadística y Censos (INDEC),Precios
125.1_AD_1993_0_18,alimentos_diversos,Alimentos diversos n.c.e.p. índice anual,R/P1Y,1993-01-01,2014-01-01,Índice 1993=100,Índice de Precios Internos Básicos al por Mayor. SERIE DISCONTINUADA,Subsecretaría de Programación Macroeconómica,Instituto Nacional de Estadística y Censos (INDEC),Precios
125.1_AEBAD_1993_0_46,alcohol_etilico_bebidas_alcoholicas_destiladas,Alcohol etílico y bebidas alcohólicas destiladas índice anual,R/P1Y,1993-01-01,2014-01-01,Índice 1993=100,Índice de Precios Internos Básicos al por Mayor. SERIE DISCONTINUADA,Subsecretaría de Programación Macroeconómica,Instituto Nacional de Estadística y Censos (INDEC),Precios
125.1_AE_1993_0_23,acumuladores_electricos,Acumuladores eléctricos índice anual,R/P1Y,1993-01-01,2014-01-01,Índice 1993=100,Índice de Precios Internos Básicos al por Mayor. SERIE DISCONTINUADA,Subsecretaría de Programación Macroeconómica,Instituto Nacional de Estadística y Censos (INDEC),Precios
125.1_AFA_1993_0_23,abonos_fertilizantes_ii,Abonos y fertilizantes (ii) índice anual,R/P1Y,1993-01-01,2014-01-01,Índice 1993=100,Índice de Precios Internos Básicos al por Mayor. SERIE DISCONTINUADA,Subsecretaría de Programación Macroeconómica,Instituto Nacional de Estadística y Censos (INDEC),Precios
125.1_AF_1993_0_20,abonos_fertilizantes,Abonos y fertilizantes índice anual,R/P1Y,1993-01-01,2014-01-01,Índice 1993=100,Índice de Precios Internos Básicos al por Mayor. SERIE DISCONTINUADA,Subsecretaría de Programación Macroeconómica,Instituto Nacional de Estadística y Censos (INDEC),Precios
125.1_AGRS_1993_0_39,aparatos_grabacion_reproduccion_sonidos,Aparatos de grabación y reproducción de sonidos índice anual,R/P1Y,1993-01-01,2014-01-01,Índice 1993=100,Índice de Precios Internos Básicos al por Mayor. SERIE DISCONTINUADA,Subsecretaría de Programación Macroeconómica,Instituto Nacional de Estadística y Censos (INDEC),Precios
125.1_AGV_1993_0_24,aceites_grasas_vegetales,Aceites y grasas vegetales índice anual,R/P1Y,1993-01-01,2014-01-01,Índice 1993=100,Índice de Precios Internos Básicos al por Mayor. SERIE DISCONTINUADA,Subsecretaría de Programación Macroeconómica,Instituto Nacional de Estadística y Censos (INDEC),Precios
125.1_AHCY_1993_0_31,articulos_hormigon_cemento_yeso,"Artículos de hormigón, de cemento y de yeso índice anual",R/P1Y,1993-01-01,2014-01-01,Índice 1993=100,Índice de Precios Internos Básicos al por Mayor. SERIE DISCONTINUADA,Subsecretaría de Programación Macroeconómica,Instituto Nacional de Estadística y Censos (INDEC),Precios
125.1_AL_1993_0_18,articulos_libreria,Artículos de librería índice anual,R/P1Y,1993-01-01,2014-01-01,Índice 1993=100,Índice de Precios Internos Básicos al por Mayor. SERIE DISCONTINUADA,Subsecretaría de Programación Macroeconómica,Instituto Nacional de Estadística y Censos (INDEC),Precios
125.1_AM_1993_0_16,armas_municiones,Armas y municiones índice anual,R/P1Y,1993-01-01,2014-01-01,Índice 1993=100,Índice de Precios Internos Básicos al por Mayor. SERIE DISCONTINUADA,Subsecretaría de Programación Macroeconómica,Instituto Nacional de Estadística y Censos (INDEC),Precios
125.1_AM_1993_0_19,automotores_motores,Automotores y sus motores índice anual,R/P1Y,1993-01-01,2014-01-01,Índice 1993=100,Índice de Precios Internos Básicos al por Mayor. SERIE DISCONTINUADA,Subsecretaría de Programación Macroeconómica,Instituto Nacional de Estadística y Censos (INDEC),Precios
125.1_AUD_1993_0_22,aparatos_uso_domestico,Aparatos de uso doméstico índice anual,R/P1Y,1993-01-01,2014-01-01,Índice 1993=100,Índice de Precios Internos Básicos al por Mayor. SERIE DISCONTINUADA,Subsecretaría de Programación Macroeconómica,Instituto Nacional de Estadística y Censos (INDEC),Precios
125.1_A_1993_0_6,azucar,Azúcar índice anual,R/P1Y,1993-01-01,2014-01-01,Índice 1993=100,Índice de Precios Internos Básicos al por Mayor. SERIE DISCONTINUADA,Subsecretaría de Programación Macroeconómica,Instituto Nacional de Estadística y Censos (INDEC),Precios
125.1_BAD_1993_0_30,bebidas_alcoholicas_destiladas,Bebidas alcohólicas destiladas índice anual,R/P1Y,1993-01-01,2014-01-01,Índice 1993=100,Índice de Precios Internos Básicos al por Mayor. SERIE DISCONTINUADA,Subsecretaría de Programación Macroeconómica,Instituto Nacional de Estadística y Censos (INDEC),Precios
125.1_BC_1993_0_18,bombas_compresores,Bombas y compresores índice anual,R/P1Y,1993-01-01,2014-01-01,Índice 1993=100,Índice de Precios Internos Básicos al por Mayor. SERIE DISCONTINUADA,Subsecretaría de Programación Macroeconómica,Instituto Nacional de Estadística y Censos (INDEC),Precios
125.1_BNA_1993_0_22,bebidas_no_alcoholicas,Bebidas no alcohólicas índice anual,R/P1Y,1993-01-01,2014-01-01,Índice 1993=100,Índice de Precios Internos Básicos al por Mayor. SERIE DISCONTINUADA,Subsecretaría de Programación Macroeconómica,Instituto Nacional de Estadística y Censos (INDEC),Precios
125.1_CA_1993_0_8,calzados,Calzados índice anual,R/P1Y,1993-01-01,2014-01-01,Índice 1993=100,Índice de Precios Internos Básicos al por Mayor. SERIE DISCONTINUADA,Subsecretaría de Programación Macroeconómica,Instituto Nacional de Estadística y Censos (INDEC),Precios
125.1_CC_1993_0_11,cemento_cal,Cemento y cal índice anual,R/P1Y,1993-01-01,2014-01-01,Índice 1993=100,Índice de Precios Internos Básicos al por Mayor. SERIE DISCONTINUADA,Subsecretaría de Programación Macroeconómica,Instituto Nacional de Estadística y Censos (INDEC),Precios
125.1_CC_1993_0_15,cueros_curtidos,Cueros curtidos índice anual,R/P1Y,1993-01-01,2014-01-01,Índice 1993=100,Índice de Precios Internos Básicos al por Mayor. SERIE DISCONTINUADA,Subsecretaría de Programación Macroeconómica,Instituto Nacional de Estadística y Censos (INDEC),Precios
125.1_CC_1993_0_16,cubiertas_caucho,Cubiertas de caucho índice anual,R/P1Y,1993-01-01,2014-01-01,Índice 1993=100,Índice de Precios Internos Básicos al por Mayor. SERIE DISCONTINUADA,Subsecretaría de Programación Macroeconómica,Instituto Nacional de Estadística y Censos (INDEC),Precios
125.1_CE_1993_0_22,conductores_electricos,Conductores eléctricos índice anual,R/P1Y,1993-01-01,2014-01-01,Índice 1993=100,Índice de Precios Internos Básicos al por Mayor. SERIE DISCONTINUADA,Subsecretaría de Programación Macroeconómica,Instituto Nacional de Estadística y Censos (INDEC),Precios
125.1_CE_1993_0_24,componentes_electronicos,Componentes electrónicos índice anual,R/P1Y,1993-01-01,2014-01-01,Índice 1993=100,Índice de Precios Internos Básicos al por Mayor. SERIE DISCONTINUADA,Subsecretaría de Programación Macroeconómica,Instituto Nacional de Estadística y Censos (INDEC),Precios
125.1_CFHL_1993_0_37,conservas_frutas_hortalizas_legumbres,"Conservas de frutas, hortalizas y legumbres índice anual",R/P1Y,1993-01-01,2014-01-01,Índice 1993=100,Índice de Precios Internos Básicos al por Mayor. SERIE DISCONTINUADA,Subsecretaría de Programación Macroeconómica,Instituto Nacional de Estadística y Censos (INDEC),Precios
125.1_CM_1993_0_18,carpinteria_madera,Carpintería de madera índice anual,R/P1Y,1993-01-01,2014-01-01,Índice 1993=100,Índice de Precios Internos Básicos al por Mayor. SERIE DISCONTINUADA,Subsecretaría de Programación Macroeconómica,Instituto Nacional de Estadística y Censos (INDEC),Precios
125.1_CN_1993_0_17,cauchos_naturales,Cauchos naturales índice anual,R/P1Y,1993-01-01,2014-01-01,Índice 1993=100,Índice de Precios Internos Básicos al por Mayor. SERIE DISCONTINUADA,Subsecretaría de Programación Macroeconómica,Instituto Nacional de Estadística y Censos (INDEC),Precios
125.1_CO_1993_0_20,cereales_oleaginosas,Cereales y oleaginosas índice anual,R/P1Y,1993-01-01,2014-01-01,Índice 1993=100,Índice de Precios Internos Básicos al por Mayor. SERIE DISCONTINUADA,Subsecretaría de Programación Macroeconómica,Instituto Nacional de Estadística y Censos (INDEC),Precios
125.1_CP_1993_0_18,conservas_pescados,Conservas de pescados índice anual,R/P1Y,1993-01-01,2014-01-01,Índice 1993=100,Índice de Precios Internos Básicos al por Mayor. SERIE DISCONTINUADA,Subsecretaría de Programación Macroeconómica,Instituto Nacional de Estadística y Censos (INDEC),Precios
125.1_CR_1993_0_21,carrocerias_remolques,Carrocerías y remolques índice anual,R/P1Y,1993-01-01,2014-01-01,Índice 1993=100,Índice de Precios Internos Básicos al por Mayor. SERIE DISCONTINUADA,Subsecretaría de Programación Macroeconómica,Instituto Nacional de Estadística y Censos (INDEC),Precios
125.1_C_1993_0_8,cervezas,Cervezas índice anual,R/P1Y,1993-01-01,2014-01-01,Índice 1993=100,Índice de Precios Internos Básicos al por Mayor. SERIE DISCONTINUADA,Subsecretaría de Programación Macroeconómica,Instituto Nacional de Estadística y Censos (INDEC),Precios
125.1_DR_1993_0_16,diarios_revistas,Diarios y revistas índice anual,R/P1Y,1993-01-01,2014-01-01,Índice 1993=100,Índice de Precios Internos Básicos al por Mayor. SERIE DISCONTINUADA,Subsecretaría de Programación Macroeconómica,Instituto Nacional de Estadística y Censos (INDEC),Precios
125.1_EEM_1993_0_30,equipos_elevacion_manipulacion,Equipos de elevación y manipulación índice anual,R/P1Y,1993-01-01,2014-01-01,Índice 1993=100,Índice de Precios Internos Básicos al por Mayor. SERIE DISCONTINUADA,Subsecretaría de Programación Macroeconómica,Instituto Nacional de Estadística y Censos (INDEC),Precios
125.1_EE_1993_0_17,energia_electrica,Energía eléctrica índice anual,R/P1Y,1993-01-01,2014-01-01,Índice 1993=100,Índice de Precios Internos Básicos al por Mayor. SERIE DISCONTINUADA,Subsecretaría de Programación Macroeconómica,Instituto Nacional de Estadística y Censos (INDEC),Precios
125.1_EI_1993_0_19,equipos_iluminacion,Equipos de iluminación índice anual,R/P1Y,1993-01-01,2014-01-01,Índice 1993=100,Índice de Precios Internos Básicos al por Mayor. SERIE DISCONTINUADA,Subsecretaría de Programación Macroeconómica,Instituto Nacional de Estadística y Censos (INDEC),Precios
125.1_EM_1993_0_16,equipos_medicina,Equipos para medicina índice anual,R/P1Y,1993-01-01,2014-01-01,Índice 1993=100,Índice de Precios Internos Básicos al por Mayor. SERIE DISCONTINUADA,Subsecretaría de Programación Macroeconómica,Instituto Nacional de Estadística y Censos (INDEC),Precios
125.1_EPC_1993_0_20,envases_papel_carton,Envases de papel y cartón índice anual,R/P1Y,1993-01-01,2014-01-01,Índice 1993=100,Índice de Precios Internos Básicos al por Mayor. SERIE DISCONTINUADA,Subsecretaría de Programación Macroeconómica,Instituto Nacional de Estadística y Censos (INDEC),Precios
125.1_ETV_1993_0_24,equipos_television_video,Equipos de televisión y video índice anual,R/P1Y,1993-01-01,2014-01-01,Índice 1993=100,Índice de Precios Internos Básicos al por Mayor. SERIE DISCONTINUADA,Subsecretaría de Programación Macroeconómica,Instituto Nacional de Estadística y Censos (INDEC),Precios
125.1_FC_1993_0_12,frutas_cafes,Frutas y cafés índice anual,R/P1Y,1993-01-01,2014-01-01,Índice 1993=100,Índice de Precios Internos Básicos al por Mayor. SERIE DISCONTINUADA,Subsecretaría de Programación Macroeconómica,Instituto Nacional de Estadística y Censos (INDEC),Precios
125.1_FHM_1993_0_29,fibras_hilados_manufacturados,Fibras e hilados manufacturados índice anual,R/P1Y,1993-01-01,2014-01-01,Índice 1993=100,Índice de Precios Internos Básicos al por Mayor. SERIE DISCONTINUADA,Subsecretaría de Programación Macroeconómica,Instituto Nacional de Estadística y Censos (INDEC),Precios
125.1_FHTT_1993_0_31,fibras_hilados_tejidos_textiles,"Fibras, hilados y tejidos textiles índice anual",R/P1Y,1993-01-01,2014-01-01,Índice 1993=100,Índice de Precios Internos Básicos al por Mayor. SERIE DISCONTINUADA,Subsecretaría de Programación Macroeconómica,Instituto Nacional de Estadística y Censos (INDEC),Precios
125.1_F_1993_0_6,frutas,Frutas índice anual,R/P1Y,1993-01-01,2014-01-01,Índice 1993=100,Índice de Precios Internos Básicos al por Mayor. SERIE DISCONTINUADA,Subsecretaría de Programación Macroeconómica,Instituto Nacional de Estadística y Censos (INDEC),Precios
125.1_GNOPS_1993_0_44,gomas_naturales_otros_productos_silvicultura,Gomas naturales y otros productos de la silvicultura índice anual,R/P1Y,1993-01-01,2014-01-01,Índice 1993=100,Índice de Precios Internos Básicos al por Mayor. SERIE DISCONTINUADA,Subsecretaría de Programación Macroeconómica,Instituto Nacional de Estadística y Censos (INDEC),Precios
125.1_GPPG_1993_0_31,ganado_porcino_productos_granja,Ganado porcino y productos de granja índice anual,R/P1Y,1993-01-01,2014-01-01,Índice 1993=100,Índice de Precios Internos Básicos al por Mayor. SERIE DISCONTINUADA,Subsecretaría de Programación Macroeconómica,Instituto Nacional de Estadística y Censos (INDEC),Precios
125.1_GR_1993_0_26,grabaciones_reproducciones,Grabaciones y reproducciones índice anual,R/P1Y,1993-01-01,2014-01-01,Índice 1993=100,Índice de Precios Internos Básicos al por Mayor. SERIE DISCONTINUADA,Subsecretaría de Programación Macroeconómica,Instituto Nacional de Estadística y Censos (INDEC),Precios
125.1_GVL_1993_0_19,ganado_vacuno_leche,Ganado vacuno y leche índice anual,R/P1Y,1993-01-01,2014-01-01,Índice 1993=100,Índice de Precios Internos Básicos al por Mayor. SERIE DISCONTINUADA,Subsecretaría de Programación Macroeconómica,Instituto Nacional de Estadística y Censos (INDEC),Precios
125.1_GV_1993_0_17,generadores_vapor,Generadores de vapor índice anual,R/P1Y,1993-01-01,2014-01-01,Índice 1993=100,Índice de Precios Internos Básicos al por Mayor. SERIE DISCONTINUADA,Subsecretaría de Programación Macroeconómica,Instituto Nacional de Estadística y Censos (INDEC),Precios
125.1_HAFB_1993_0_27,hierro_acero_formas_basicas,Hierro y acero en formas básicas índice anual,R/P1Y,1993-01-01,2014-01-01,Índice 1993=100,Índice de Precios Internos Básicos al por Mayor. SERIE DISCONTINUADA,Subsecretaría de Programación Macroeconómica,Instituto Nacional de Estadística y Censos (INDEC),Precios
125.1_HAFB_1993_0_29,hierros_aceros_formas_basicas,Hierros y aceros en formas básicas índice anual,R/P1Y,1993-01-01,2014-01-01,Índice 1993=100,Índice de Precios Internos Básicos al por Mayor. SERIE DISCONTINUADA,Subsecretaría de Programación Macroeconómica,Instituto Nacional de Estadística y Censos (INDEC),Precios
125.1_HL_1993_0_20,hortalizas_legumbres,Hortalizas y legumbres índice anual,R/P1Y,1993-01-01,2014-01-01,Índice 1993=100,Índice de Precios Internos Básicos al por Mayor. SERIE DISCONTINUADA,Subsecretaría de Programación Macroeconómica,Instituto Nacional de Estadística y Censos (INDEC),Precios
125.1_HMAF_1993_0_38,herramientas_mano_articulos_ferreteria,Herramientas de mano y artículos de ferretería índice anual,R/P1Y,1993-01-01,2014-01-01,Índice 1993=100,Índice de Precios Internos Básicos al por Mayor. SERIE DISCONTINUADA,Subsecretaría de Programación Macroeconómica,Instituto Nacional de Estadística y Censos (INDEC),Precios
125.1_H_1993_0_7,harinas,Harinas índice anual,R/P1Y,1993-01-01,2014-01-01,Índice 1993=100,Índice de Precios Internos Básicos al por Mayor. SERIE DISCONTINUADA,Subsecretaría de Programación Macroeconómica,Instituto Nacional de Estadística y Censos (INDEC),Precios
125.1_IMSD_1993_0_45,instrumentos_medicion_servicios_domiciliarios,Instrumentos de medición de servicios domiciliarios índice anual,R/P1Y,1993-01-01,2014-01-01,Índice 1993=100,Índice de Precios Internos Básicos al por Mayor. SERIE DISCONTINUADA,Subsecretaría de Programación Macroeconómica,Instituto Nacional de Estadística y Censos (INDEC),Precios
125.1_IPA_1993_0_27,insecticidas_plaguicidas_ii,Insecticidas y plaguicidas (ii) índice anual,R/P1Y,1993-01-01,2014-01-01,Índice 1993=100,Índice de Precios Internos Básicos al por Mayor. SERIE DISCONTINUADA,Subsecretaría de Programación Macroeconómica,Instituto Nacional de Estadística y Censos (INDEC),Precios
125.1_IP_1993_0_24,insecticidas_plaguicidas,Insecticidas y plaguicidas índice anual,R/P1Y,1993-01-01,2014-01-01,Índice 1993=100,Índice de Precios Internos Básicos al por Mayor. SERIE DISCONTINUADA,Subsecretaría de Programación Macroeconómica,Instituto Nacional de Estadística y Censos (INDEC),Precios
125.1_JD_1993_0_19,jabones_detergentes,Jabones y detergentes índice anual,R/P1Y,1993-01-01,2014-01-01,Índice 1993=100,Índice de Precios Internos Básicos al por Mayor. SERIE DISCONTINUADA,Subsecretaría de Programación Macroeconómica,Instituto Nacional de Estadística y Censos (INDEC),Precios
125.1_MAA_1993_0_22,maderas_aserradas_7010,Maderas aserradas (7010) índice anual,R/P1Y,1993-01-01,2014-01-01,Índice 1993=100,Índice de Precios Internos Básicos al por Mayor. SERIE DISCONTINUADA,Subsecretaría de Programación Macroeconómica,Instituto Nacional de Estadística y Censos (INDEC),Precios
125.1_MA_1993_0_17,maderas_aserradas,Maderas aserradas índice anual,R/P1Y,1993-01-01,2014-01-01,Índice 1993=100,Índice de Precios Internos Básicos al por Mayor. SERIE DISCONTINUADA,Subsecretaría de Programación Macroeconómica,Instituto Nacional de Estadística y Censos (INDEC),Precios
125.1_MA_1993_0_18,maquinas_agricolas,Máquinas agrícolas índice anual,R/P1Y,1993-01-01,2014-01-01,Índice 1993=100,Índice de Precios Internos Básicos al por Mayor. SERIE DISCONTINUADA,Subsecretaría de Programación Macroeconómica,Instituto Nacional de Estadística y Censos (INDEC),Precios
125.1_MC_1993_0_17,muebles_colchones,Muebles y colchones índice anual,R/P1Y,1993-01-01,2014-01-01,Índice 1993=100,Índice de Precios Internos Básicos al por Mayor. SERIE DISCONTINUADA,Subsecretaría de Programación Macroeconómica,Instituto Nacional de Estadística y Censos (INDEC),Precios
125.1_MEEA_1993_0_37,motores_explosion_excepto_automotores,Motores a explosión excepto para automotores índice anual,R/P1Y,1993-01-01,2014-01-01,Índice 1993=100,Índice de Precios Internos Básicos al por Mayor. SERIE DISCONTINUADA,Subsecretaría de Programación Macroeconómica,Instituto Nacional de Estadística y Censos (INDEC),Precios
125.1_MEPAB_1993_0_52,maquinas_elaboracion_procesamiento_alimentos_bebidas,Máquinas para la elaboración o procesamiento de alimentos y bebidas índice anual,R/P1Y,1993-01-01,2014-01-01,Índice 1993=100,Índice de Precios Internos Básicos al por Mayor. SERIE DISCONTINUADA,Subsecretaría de Programación Macroeconómica,Instituto Nacional de Estadística y Censos (INDEC),Precios
125.1_MGTE_1993_0_46,motores_generadores_transformadores_electricos,"Motores, generadores y transformadores eléctricos índice anual",R/P1Y,1993-01-01,2014-01-01,Índice 1993=100,Índice de Precios Internos Básicos al por Mayor. SERIE DISCONTINUADA,Subsecretaría de Programación Macroeconómica,Instituto Nacional de Estadística y Censos (INDEC),Precios
125.1_MHA_1993_0_24,maquinas_herramientas_ii,Máquinas herramientas (ii) índice anual,R/P1Y,1993-01-01,2014-01-01,Índice 1993=100,Índice de Precios Internos Básicos al por Mayor. SERIE DISCONTINUADA,Subsecretaría de Programación Macroeconómica,Instituto Nacional de Estadística y Censos (INDEC),Precios
125.1_MH_1993_0_21,maquinas_herramientas,Máquinas herramientas índice anual,R/P1Y,1993-01-01,2014-01-01,Índice 1993=100,Índice de Precios Internos Básicos al por Mayor. SERIE DISCONTINUADA,Subsecretaría de Programación Macroeconómica,Instituto Nacional de Estadística y Censos (INDEC),Precios
125.1_MIEOC_1993_0_48,maquinas_industria_extractiva_obras_construccion,Máquinas para la industria extractiva y obras de construcción índice anual,R/P1Y,1993-01-01,2014-01-01,Índice 1993=100,Índice de Precios Internos Básicos al por Mayor. SERIE DISCONTINUADA,Subsecretaría de Programación Macroeconómica,Instituto Nacional de Estadística y Censos (INDEC),Precios
125.1_MLI_1993_0_31,maquinas_lavaderos_industriales,Máquinas para lavaderos industriales índice anual,R/P1Y,1993-01-01,2014-01-01,Índice 1993=100,Índice de Precios Internos Básicos al por Mayor. SERIE DISCONTINUADA,Subsecretaría de Programación Macroeconómica,Instituto Nacional de Estadística y Censos (INDEC),Precios
125.1_MNFFBA_1993_0_36,minerales_no_ferrosos_formas_basicas,Minerales no ferrosos en formas básicas índice anual,R/P1Y,1993-01-01,2014-01-01,Índice 1993=100,Índice de Precios Internos Básicos al por Mayor. SERIE DISCONTINUADA,Subsecretaría de Programación Macroeconómica,Instituto Nacional de Estadística y Censos (INDEC),Precios
125.1_MNFFB_1993_0_39,minerales_no_ferrosos_formas_basicas_ii,Minerales no ferrosos en formas básicas (ii) índice anual,R/P1Y,1993-01-01,2014-01-01,Índice 1993=100,Índice de Precios Internos Básicos al por Mayor. SERIE DISCONTINUADA,Subsecretaría de Programación Macroeconómica,Instituto Nacional de Estadística y Censos (INDEC),Precios
125.1_MOI_1993_0_28,maquinas_oficina_informatica,Máquinas de oficina e informática índice anual,R/P1Y,1993-01-01,2014-01-01,Índice 1993=100,Índice de Precios Internos Básicos al por Mayor. SERIE DISCONTINUADA,Subsecretaría de Programación Macroeconómica,Instituto Nacional de Estadística y Censos (INDEC),Precios
125.1_MUEIMA_1993_0_56,maquinas_uso_especial_industria_manufacturera_accesorios,Máquinas de uso especial en la industria manufacturera y sus accesorios índice anual,R/P1Y,1993-01-01,2014-01-01,Índice 1993=100,Índice de Precios Internos Básicos al por Mayor. SERIE DISCONTINUADA,Subsecretaría de Programación Macroeconómica,Instituto Nacional de Estadística y Censos (INDEC),Precios
125.1_MUGPP_1993_0_34,maquinas_uso_general_piezas_partes,Máquinas de uso general y sus piezas y partes índice anual,R/P1Y,1993-01-01,2014-01-01,Índice 1993=100,Índice de Precios Internos Básicos al por Mayor. SERIE DISCONTINUADA,Subsecretaría de Programación Macroeconómica,Instituto Nacional de Estadística y Censos (INDEC),Precios
125.1_M_1993_0_12,motocicletas,Motocicletas índice anual,R/P1Y,1993-01-01,2014-01-01,Índice 1993=100,Índice de Precios Internos Básicos al por Mayor. SERIE DISCONTINUADA,Subsecretaría de Programación Macroeconómica,Instituto Nacional de Estadística y Censos (INDEC),Precios
125.1_OAMNMA_1993_0_43,otros_articulos_minerales_no_metaliferos_ii,Otros artículos de minerales no metalíferos (ii) n.c.e.p. índice anual,R/P1Y,1993-01-01,2014-01-01,Índice 1993=100,Índice de Precios Internos Básicos al por Mayor. SERIE DISCONTINUADA,Subsecretaría de Programación Macroeconómica,Instituto Nacional de Estadística y Censos (INDEC),Precios
125.1_OAMNM_1993_0_40,otros_articulos_minerales_no_metaliferos,Otros artículos de minerales no metalíferos n.c.e.p. índice anual,R/P1Y,1993-01-01,2014-01-01,Índice 1993=100,Índice de Precios Internos Básicos al por Mayor. SERIE DISCONTINUADA,Subsecretaría de Programación Macroeconómica,Instituto Nacional de Estadística y Censos (INDEC),Precios
125.1_OAPC_1993_0_28,otros_articulos_papel_carton,Otros artículos de papel y cartón índice anual,R/P1Y,1993-01-01,2014-01-01,Índice 1993=100,Índice de Precios Internos Básicos al por Mayor. SERIE DISCONTINUADA,Subsecretaría de Programación Macroeconómica,Instituto Nacional de Estadística y Censos (INDEC),Precios
125.1_OEE_1993_0_24,otros_equipos_electricos,Otros equipos eléctricos n.c.e.p. índice anual,R/P1Y,1993-01-01,2014-01-01,Índice 1993=100,Índice de Precios Internos Básicos al por Mayor. SERIE DISCONTINUADA,Subsecretaría de Programación Macroeconómica,Instituto Nacional de Estadística y Censos (INDEC),Precios
125.1_OMT_1993_0_23,otros_medios_transporte,Otros medios de transporte índice anual,R/P1Y,1993-01-01,2014-01-01,Índice 1993=100,Índice de Precios Internos Básicos al por Mayor. SERIE DISCONTINUADA,Subsecretaría de Programación Macroeconómica,Instituto Nacional de Estadística y Censos (INDEC),Precios
125.1_OMUG_1993_0_27,otra_maquinaria_uso_general,Otra maquinaria de uso general índice anual,R/P1Y,1993-01-01,2014-01-01,Índice 1993=100,Índice de Precios Internos Básicos al por Mayor. SERIE DISCONTINUADA,Subsecretaría de Programación Macroeconómica,Instituto Nacional de Estadística y Censos (INDEC),Precios
125.1_OPA_1993_0_28,otros_productos_alimenticios,Otros productos alimenticios n.c.e.p. índice anual,R/P1Y,1993-01-01,2014-01-01,Índice 1993=100,Índice de Precios Internos Básicos al por Mayor. SERIE DISCONTINUADA,Subsecretaría de Programación Macroeconómica,Instituto Nacional de Estadística y Censos (INDEC),Precios
125.1_OPC_1993_0_22,otros_productos_caucho,Otros productos de caucho índice anual,R/P1Y,1993-01-01,2014-01-01,Índice 1993=100,Índice de Precios Internos Básicos al por Mayor. SERIE DISCONTINUADA,Subsecretaría de Programación Macroeconómica,Instituto Nacional de Estadística y Censos (INDEC),Precios
125.1_OPM_1993_0_25,otros_productos_metalicos,Otros productos metálicos n.c.e.p. índice anual,R/P1Y,1993-01-01,2014-01-01,Índice 1993=100,Índice de Precios Internos Básicos al por Mayor. SERIE DISCONTINUADA,Subsecretaría de Programación Macroeconómica,Instituto Nacional de Estadística y Censos (INDEC),Precios
125.1_OPM_1993_0_30,otros_productos_manufacturados,Otros productos manufacturados n.c.e.p. índice anual,R/P1Y,1993-01-01,2014-01-01,Índice 1993=100,Índice de Precios Internos Básicos al por Mayor. SERIE DISCONTINUADA,Subsecretaría de Programación Macroeconómica,Instituto Nacional de Estadística y Censos (INDEC),Precios
125.1_OPQA_1993_0_27,otros_productos_quimicos_ii,Otros productos químicos (ii) índice anual,R/P1Y,1993-01-01,2014-01-01,Índice 1993=100,Índice de Precios Internos Básicos al por Mayor. SERIE DISCONTINUADA,Subsecretaría de Programación Macroeconómica,Instituto Nacional de Estadística y Censos (INDEC),Precios
125.1_OPQ_1993_0_24,otros_productos_quimicos,Otros productos químicos índice anual,R/P1Y,1993-01-01,2014-01-01,Índice 1993=100,Índice de Precios Internos Básicos al por Mayor. SERIE DISCONTINUADA,Subsecretaría de Programación Macroeconómica,Instituto Nacional de Estadística y Censos (INDEC),Precios
125.1_PAA_1993_0_23,piedras_arenas_arcillas,"Piedras, arenas y arcillas índice anual",R/P1Y,1993-01-01,2014-01-01,Índice 1993=100,Índice de Precios Internos Básicos al por Mayor. SERIE DISCONTINUADA,Subsecretaría de Programación Macroeconómica,Instituto Nacional de Estadística y Censos (INDEC),Precios
125.1_PACNR_1993_0_41,productos_arcilla_ceramica_no_refractaria,Productos de arcilla y cerámica no refractaria para uso estructural índice anual,R/P1Y,1993-01-01,2014-01-01,Índice 1993=100,Índice de Precios Internos Básicos al por Mayor. SERIE DISCONTINUADA,Subsecretaría de Programación Macroeconómica,Instituto Nacional de Estadística y Censos (INDEC),Precios
125.1_PBETI_1993_0_42,pinturas_barnices_enduidos_tintas_imprenta,"Pinturas, barnices, enduídos y tintas de imprenta índice anual",R/P1Y,1993-01-01,2014-01-01,Índice 1993=100,Índice de Precios Internos Básicos al por Mayor. SERIE DISCONTINUADA,Subsecretaría de Programación Macroeconómica,Instituto Nacional de Estadística y Censos (INDEC),Precios
125.1_PCGN_1993_0_26,petroleo_crudo_gas_natural,Petróleo crudo y gas natural índice anual,R/P1Y,1993-01-01,2014-01-01,Índice 1993=100,Índice de Precios Internos Básicos al por Mayor. SERIE DISCONTINUADA,Subsecretaría de Programación Macroeconómica,Instituto Nacional de Estadística y Censos (INDEC),Precios
125.1_PCG_1993_0_29,productos_chocolate_golosinas,Productos de chocolate y golosinas índice anual,R/P1Y,1993-01-01,2014-01-01,Índice 1993=100,Índice de Precios Internos Básicos al por Mayor. SERIE DISCONTINUADA,Subsecretaría de Programación Macroeconómica,Instituto Nacional de Estadística y Censos (INDEC),Precios
125.1_PCNR_1993_0_33,productos_ceramica_no_refractaria,Productos de cerámica no refractaria para uso no estructural índice anual,R/P1Y,1993-01-01,2014-01-01,Índice 1993=100,Índice de Precios Internos Básicos al por Mayor. SERIE DISCONTINUADA,Subsecretaría de Programación Macroeconómica,Instituto Nacional de Estadística y Censos (INDEC),Precios
125.1_PCR_1993_0_30,productos_ceramica_refractaria,Productos de cerámica refractaria índice anual,R/P1Y,1993-01-01,2014-01-01,Índice 1993=100,Índice de Precios Internos Básicos al por Mayor. SERIE DISCONTINUADA,Subsecretaría de Programación Macroeconómica,Instituto Nacional de Estadística y Censos (INDEC),Precios
125.1_PC_1993_0_18,productos_carnicos,Productos cárnicos índice anual,R/P1Y,1993-01-01,2014-01-01,Índice 1993=100,Índice de Precios Internos Básicos al por Mayor. SERIE DISCONTINUADA,Subsecretaría de Programación Macroeconómica,Instituto Nacional de Estadística y Censos (INDEC),Precios
125.1_PDA_1993_0_27,productos_derivados_almidon,Productos derivados del almidón índice anual,R/P1Y,1993-01-01,2014-01-01,Índice 1993=100,Índice de Precios Internos Básicos al por Mayor. SERIE DISCONTINUADA,Subsecretaría de Programación Macroeconómica,Instituto Nacional de Estadística y Censos (INDEC),Precios
125.1_PFM_1993_0_26,productos_fundidos_metales,Productos fundidos de metales índice anual,R/P1Y,1993-01-01,2014-01-01,Índice 1993=100,Índice de Precios Internos Básicos al por Mayor. SERIE DISCONTINUADA,Subsecretaría de Programación Macroeconómica,Instituto Nacional de Estadística y Censos (INDEC),Precios
125.1_PFVA_1993_0_39,productos_farmaceuticos_veterinarios_ii,Productos farmacéuticos y veterinarios (ii) índice anual,R/P1Y,1993-01-01,2014-01-01,Índice 1993=100,Índice de Precios Internos Básicos al por Mayor. SERIE DISCONTINUADA,Subsecretaría de Programación Macroeconómica,Instituto Nacional de Estadística y Censos (INDEC),Precios
125.1_PFV_1993_0_36,productos_farmaceuticos_veterinarios,Productos farmacéuticos y veterinarios índice anual,R/P1Y,1993-01-01,2014-01-01,Índice 1993=100,Índice de Precios Internos Básicos al por Mayor. SERIE DISCONTINUADA,Subsecretaría de Programación Macroeconómica,Instituto Nacional de Estadística y Censos (INDEC),Precios
125.1_PF_1993_0_20,productos_farinaceos,Productos farináceos índice anual,R/P1Y,1993-01-01,2014-01-01,Índice 1993=100,Índice de Precios Internos Básicos al por Mayor. SERIE DISCONTINUADA,Subsecretaría de Programación Macroeconómica,Instituto Nacional de Estadística y Censos (INDEC),Precios
125.1_PL_1993_0_17,productos_lacteos,Productos lácteos índice anual,R/P1Y,1993-01-01,2014-01-01,Índice 1993=100,Índice de Precios Internos Básicos al por Mayor. SERIE DISCONTINUADA,Subsecretaría de Programación Macroeconómica,Instituto Nacional de Estadística y Censos (INDEC),Precios
125.1_PMFASQ_1993_0_58,productos_minerales_fabricacion_abonos_sustancias_quimicas,Productos minerales para la fabricación de abonos y sustancias químicas índice anual,R/P1Y,1993-01-01,2014-01-01,Índice 1993=100,Índice de Precios Internos Básicos al por Mayor. SERIE DISCONTINUADA,Subsecretaría de Programación Macroeconómica,Instituto Nacional de Estadística y Censos (INDEC),Precios
125.1_PMT_1993_0_27,prendas_materiales_textiles,Prendas de materiales textiles índice anual,R/P1Y,1993-01-01,2014-01-01,Índice 1993=100,Índice de Precios Internos Básicos al por Mayor. SERIE DISCONTINUADA,Subsecretaría de Programación Macroeconómica,Instituto Nacional de Estadística y Censos (INDEC),Precios
125.1_PMUE_1993_0_35,productos_metalicos_uso_estructural,Productos metálicos para uso estructural índice anual,R/P1Y,1993-01-01,2014-01-01,Índice 1993=100,Índice de Precios Internos Básicos al por Mayor. SERIE DISCONTINUADA,Subsecretaría de Programación Macroeconómica,Instituto Nacional de Estadística y Censos (INDEC),Precios
125.1_PPA_1993_0_19,productos_panaderia,Productos de panadería índice anual,R/P1Y,1993-01-01,2014-01-01,Índice 1993=100,Índice de Precios Internos Básicos al por Mayor. SERIE DISCONTINUADA,Subsecretaría de Programación Macroeconómica,Instituto Nacional de Estadística y Censos (INDEC),Precios
125.1_PPEM_1993_0_34,productos_plastico_excepto_muebles,Productos de plástico excepto muebles índice anual,R/P1Y,1993-01-01,2014-01-01,Índice 1993=100,Índice de Precios Internos Básicos al por Mayor. SERIE DISCONTINUADA,Subsecretaría de Programación Macroeconómica,Instituto Nacional de Estadística y Censos (INDEC),Precios
125.1_PPP_1993_0_23,papeles_productos_papel,Papeles y productos de papel índice anual,R/P1Y,1993-01-01,2014-01-01,Índice 1993=100,Índice de Precios Internos Básicos al por Mayor. SERIE DISCONTINUADA,Subsecretaría de Programación Macroeconómica,Instituto Nacional de Estadística y Censos (INDEC),Precios
125.1_PP_1993_0_19,productos_pesqueros,Productos pesqueros índice anual,R/P1Y,1993-01-01,2014-01-01,Índice 1993=100,Índice de Precios Internos Básicos al por Mayor. SERIE DISCONTINUADA,Subsecretaría de Programación Macroeconómica,Instituto Nacional de Estadística y Censos (INDEC),Precios
125.1_PRP_1993_0_28,productos_refinados_petroleo,Productos refinados de petróleo índice anual,R/P1Y,1993-01-01,2014-01-01,Índice 1993=100,Índice de Precios Internos Básicos al por Mayor. SERIE DISCONTINUADA,Subsecretaría de Programación Macroeconómica,Instituto Nacional de Estadística y Censos (INDEC),Precios
125.1_P_1993_0_7,papeles,Papeles índice anual,R/P1Y,1993-01-01,2014-01-01,Índice 1993=100,Índice de Precios Internos Básicos al por Mayor. SERIE DISCONTINUADA,Subsecretaría de Programación Macroeconómica,Instituto Nacional de Estadística y Censos (INDEC),Precios
125.1_RA_1993_0_21,repuestos_automotores,Repuestos para automotores índice anual,R/P1Y,1993-01-01,2014-01-01,Índice 1993=100,Índice de Precios Internos Básicos al por Mayor. SERIE DISCONTINUADA,Subsecretaría de Programación Macroeconómica,Instituto Nacional de Estadística y Censos (INDEC),Precios
125.1_RCM_1993_0_20,ropa_cama_manteleria,Ropa de cama y mantelería índice anual,R/P1Y,1993-01-01,2014-01-01,Índice 1993=100,Índice de Precios Internos Básicos al por Mayor. SERIE DISCONTINUADA,Subsecretaría de Programación Macroeconómica,Instituto Nacional de Estadística y Censos (INDEC),Precios
125.1_R_1993_0_11,rodamientos,Rodamientos índice anual,R/P1Y,1993-01-01,2014-01-01,Índice 1993=100,Índice de Precios Internos Básicos al por Mayor. SERIE DISCONTINUADA,Subsecretaría de Programación Macroeconómica,Instituto Nacional de Estadística y Censos (INDEC),Precios
125.1_SPEA_1993_0_35,sustancias_plasticas_elastomeros_ii,Sustancias plásticas y elastómeros (ii) índice anual,R/P1Y,1993-01-01,2014-01-01,Índice 1993=100,Índice de Precios Internos Básicos al por Mayor. SERIE DISCONTINUADA,Subsecretaría de Programación Macroeconómica,Instituto Nacional de Estadística y Censos (INDEC),Precios
125.1_SPE_1993_0_32,sustancias_plasticas_elastomeros,Sustancias plásticas y elastómeros índice anual,R/P1Y,1993-01-01,2014-01-01,Índice 1993=100,Índice de Precios Internos Básicos al por Mayor. SERIE DISCONTINUADA,Subsecretaría de Programación Macroeconómica,Instituto Nacional de Estadística y Censos (INDEC),Precios
125.1_SQBA_1993_0_31,sustancias_quimicas_basicas_iii,"Sustancias químicas básicas, índice anual",R/P1Y,1993-01-01,2014-01-01,Índice 1993=100,Índice de Precios Internos Básicos al por Mayor. SERIE DISCONTINUADA,Subsecretaría de Programación Macroeconómica,Instituto Nacional de Estadística y Censos (INDEC),Precios
125.1_SQB_1993_0_27,sustancias_quimicas_basicas,Sustancias químicas básicas índice anual,R/P1Y,1993-01-01,2014-01-01,Índice 1993=100,Índice de Precios Internos Básicos al por Mayor. SERIE DISCONTINUADA,Subsecretaría de Programación Macroeconómica,Instituto Nacional de Estadística y Censos (INDEC),Precios
125.1_TAP_1993_0_23,tejidos_articulos_punto,Tejidos y artículos de punto índice anual,R/P1Y,1993-01-01,2014-01-01,Índice 1993=100,Índice de Precios Internos Básicos al por Mayor. SERIE DISCONTINUADA,Subsecretaría de Programación Macroeconómica,Instituto Nacional de Estadística y Censos (INDEC),Precios
125.1_TPM_1993_0_23,tableros_paneles_madera,Tableros y paneles de madera índice anual,R/P1Y,1993-01-01,2014-01-01,Índice 1993=100,Índice de Precios Internos Básicos al por Mayor. SERIE DISCONTINUADA,Subsecretaría de Programación Macroeconómica,Instituto Nacional de Estadística y Censos (INDEC),Precios
125.1_T_1993_0_7,tabacos,Tabacos índice anual,R/P1Y,1993-01-01,2014-01-01,Índice 1993=100,Índice de Precios Internos Básicos al por Mayor. SERIE DISCONTINUADA,Subsecretaría de Programación Macroeconómica,Instituto Nacional de Estadística y Censos (INDEC),Precios
125.1_VAM_1993_0_31,valijas_articulos_marroquineria,Valijas y artículos de marroquinería índice anual,R/P1Y,1993-01-01,2014-01-01,Índice 1993=100,Índice de Precios Internos Básicos al por Mayor. SERIE DISCONTINUADA,Subsecretaría de Programación Macroeconómica,Instituto Nacional de Estadística y Censos (INDEC),Precios
125.1_VPV_1993_0_23,vidrio_productos_vidrio,Vidrio y productos de vidrio índice anual,R/P1Y,1993-01-01,2014-01-01,Índice 1993=100,Índice de Precios Internos Básicos al por Mayor. SERIE DISCONTINUADA,Subsecretaría de Programación Macroeconómica,Instituto Nacional de Estadística y Censos (INDEC),Precios
125.1_VS_1993_0_11,vinos_sidra,Vinos y sidra índice anual,R/P1Y,1993-01-01,2014-01-01,Índice 1993=100,Índice de Precios Internos Básicos al por Mayor. SERIE DISCONTINUADA,Subsecretaría de Programación Macroeconómica,Instituto Nacional de Estadística y Censos (INDEC),Precios
125.2_AB_1993_0_23,alimentos_balanceados_m,Alimentos balanceados índice mensual IPIB,R/P1M,1993-01-01,2015-10-01,Índice 1993=100,Índice de Precios Internos Básicos al por Mayor. SERIE DISCONTINUADA,Subsecretaría de Programación Macroeconómica,Instituto Nacional de Estadística y Censos (INDEC),Precios
125.2_ADCEA_1993_0_44,aparatos_distribucion_control_electrico_ii_m,Aparatos de distribución y control eléctrico (II) índice mensual IPIB,R/P1M,1993-01-01,2015-10-01,Índice 1993=100,Índice de Precios Internos Básicos al por Mayor. SERIE DISCONTINUADA,Subsecretaría de Programación Macroeconómica,Instituto Nacional de Estadística y Censos (INDEC),Precios
125.2_ADCE_1993_0_41,aparatos_distribucion_control_electrico_m,Aparatos de distribución y control eléctrico índice mensual IPIB,R/P1M,1993-01-01,2015-10-01,Índice 1993=100,Índice de Precios Internos Básicos al por Mayor. SERIE DISCONTINUADA,Subsecretaría de Programación Macroeconómica,Instituto Nacional de Estadística y Censos (INDEC),Precios
125.2_AD_1993_0_20,alimentos_diversos_m,Alimentos diversos n.c.e.p. índice mensual IPIB,R/P1M,1993-01-01,2015-10-01,Índice 1993=100,Índice de Precios Internos Básicos al por Mayor. SERIE DISCONTINUADA,Subsecretaría de Programación Macroeconómica,Instituto Nacional de Estadística y Censos (INDEC),Precios
125.2_AEBAD_1993_0_48,alcohol_etilico_bebidas_alcoholicas_destiladas_m,Alcohol etílico y bebidas alcohólicas destiladas índice mensual IPIB,R/P1M,1993-01-01,2015-10-01,Índice 1993=100,Índice de Precios Internos Básicos al por Mayor. SERIE DISCONTINUADA,Subsecretaría de Programación Macroeconómica,Instituto Nacional de Estadística y Censos (INDEC),Precios
125.2_AE_1993_0_25,acumuladores_electricos_m,Acumuladores eléctricos índice mensual IPIB,R/P1M,1993-01-01,2015-10-01,Índice 1993=100,Índice de Precios Internos Básicos al por Mayor. SERIE DISCONTINUADA,Subsecretaría de Programación Macroeconómica,Instituto Nacional de Estadística y Censos (INDEC),Precios
125.2_AFA_1993_0_25,abonos_fertilizantes_ii_m,Abonos y fertilizantes (ii) índice mensual IPIB,R/P1M,1993-01-01,2015-10-01,Índice 1993=100,Índice de Precios Internos Básicos al por Mayor. SERIE DISCONTINUADA,Subsecretaría de Programación Macroeconómica,Instituto Nacional de Estadística y Censos (INDEC),Precios
125.2_AF_1993_0_22,abonos_fertilizantes_m,Abonos y fertilizantes (7412) índice mensual IPIB,R/P1M,1993-01-01,2015-10-01,Índice 1993=100,Índice de Precios Internos Básicos al por Mayor. SERIE DISCONTINUADA,Subsecretaría de Programación Macroeconómica,Instituto Nacional de Estadística y Censos (INDEC),Precios
125.2_AGRS_1993_0_41,aparatos_grabacion_reproduccion_sonidos_m,Aparatos de grabación y reproducción de sonidos índice mensual IPIB,R/P1M,1993-01-01,2015-10-01,Índice 1993=100,Índice de Precios Internos Básicos al por Mayor. SERIE DISCONTINUADA,Subsecretaría de Programación Macroeconómica,Instituto Nacional de Estadística y Censos (INDEC),Precios
125.2_AGV_1993_0_26,aceites_grasas_vegetales_m,Aceites y grasas vegetales índice mensual IPIB,R/P1M,1993-01-01,2015-10-01,Índice 1993=100,Índice de Precios Internos Básicos al por Mayor. SERIE DISCONTINUADA,Subsecretaría de Programación Macroeconómica,Instituto Nacional de Estadística y Censos (INDEC),Precios
125.2_AHCY_1993_0_33,articulos_hormigon_cemento_yeso_m,"Artículos de hormigón, de cemento y de yeso índice mensual IPIB",R/P1M,1993-01-01,2015-10-01,Índice 1993=100,Índice de Precios Internos Básicos al por Mayor. SERIE DISCONTINUADA,Subsecretaría de Programación Macroeconómica,Instituto Nacional de Estadística y Censos (INDEC),Precios
125.2_AL_1993_0_20,articulos_libreria_m,Artículos de librería índice mensual IPIB,R/P1M,1993-01-01,2015-10-01,Índice 1993=100,Índice de Precios Internos Básicos al por Mayor. SERIE DISCONTINUADA,Subsecretaría de Programación Macroeconómica,Instituto Nacional de Estadística y Censos (INDEC),Precios
125.2_AM_1993_0_18,armas_municiones_m,Armas y municiones índice mensual IPIB,R/P1M,1993-01-01,2015-10-01,Índice 1993=100,Índice de Precios Internos Básicos al por Mayor. SERIE DISCONTINUADA,Subsecretaría de Programación Macroeconómica,Instituto Nacional de Estadística y Censos (INDEC),Precios
125.2_AM_1993_0_21,automotores_motores_m,Automotores y sus motores índice mensual IPIB,R/P1M,1993-01-01,2015-10-01,Índice 1993=100,Índice de Precios Internos Básicos al por Mayor. SERIE DISCONTINUADA,Subsecretaría de Programación Macroeconómica,Instituto Nacional de Estadística y Censos (INDEC),Precios
125.2_AUD_1993_0_24,aparatos_uso_domestico_m,Aparatos de uso doméstico índice mensual IPIB,R/P1M,1993-01-01,2015-10-01,Índice 1993=100,Índice de Precios Internos Básicos al por Mayor. SERIE DISCONTINUADA,Subsecretaría de Programación Macroeconómica,Instituto Nacional de Estadística y Censos (INDEC),Precios
125.2_A_1993_0_8,azucar_m,Azúcar índice mensual IPIB,R/P1M,1993-01-01,2015-10-01,Índice 1993=100,Índice de Precios Internos Básicos al por Mayor. SERIE DISCONTINUADA,Subsecretaría de Programación Macroeconómica,Instituto Nacional de Estadística y Censos (INDEC),Precios
125.2_BAD_1993_0_32,bebidas_alcoholicas_destiladas_m,Bebidas alcohólicas destiladas índice mensual IPIB,R/P1M,1993-01-01,2015-10-01,Índice 1993=100,Índice de Precios Internos Básicos al por Mayor. SERIE DISCONTINUADA,Subsecretaría de Programación Macroeconómica,Instituto Nacional de Estadística y Censos (INDEC),Precios
125.2_BC_1993_0_20,bombas_compresores_m,Bombas y compresores índice mensual IPIB,R/P1M,1993-01-01,2015-10-01,Índice 1993=100,Índice de Precios Internos Básicos al por Mayor. SERIE DISCONTINUADA,Subsecretaría de Programación Macroeconómica,Instituto Nacional de Estadística y Censos (INDEC),Precios
125.2_BNA_1993_0_24,bebidas_no_alcoholicas_m,Bebidas no alcohólicas índice mensual IPIB,R/P1M,1993-01-01,2015-10-01,Índice 1993=100,Índice de Precios Internos Básicos al por Mayor. SERIE DISCONTINUADA,Subsecretaría de Programación Macroeconómica,Instituto Nacional de Estadística y Censos (INDEC),Precios
125.2_CA_1993_0_10,calzados_m,Calzados índice mensual IPIB,R/P1M,1993-01-01,2015-10-01,Índice 1993=100,Índice de Precios Internos Básicos al por Mayor. SERIE DISCONTINUADA,Subsecretaría de Programación Macroeconómica,Instituto Nacional de Estadística y Censos (INDEC),Precios
125.2_CC_1993_0_13,cemento_cal_m,Cemento y cal índice mensual IPIB,R/P1M,1993-01-01,2015-10-01,Índice 1993=100,Índice de Precios Internos Básicos al por Mayor. SERIE DISCONTINUADA,Subsecretaría de Programación Macroeconómica,Instituto Nacional de Estadística y Censos (INDEC),Precios
125.2_CC_1993_0_17,cueros_curtidos_m,Cueros curtidos índice mensual IPIB,R/P1M,1993-01-01,2015-10-01,Índice 1993=100,Índice de Precios Internos Básicos al por Mayor. SERIE DISCONTINUADA,Subsecretaría de Programación Macroeconómica,Instituto Nacional de Estadística y Censos (INDEC),Precios
125.2_CC_1993_0_18,cubiertas_caucho_m,Cubiertas de caucho índice mensual IPIB,R/P1M,1993-01-01,2015-10-01,Índice 1993=100,Índice de Precios Internos Básicos al por Mayor. SERIE DISCONTINUADA,Subsecretaría de Programación Macroeconómica,Instituto Nacional de Estadística y Censos (INDEC),Precios
125.2_CE_1993_0_24,conductores_electricos_m,Conductores eléctricos índice mensual IPIB,R/P1M,1993-01-01,2015-10-01,Índice 1993=100,Índice de Precios Internos Básicos al por Mayor. SERIE DISCONTINUADA,Subsecretaría de Programación Macroeconómica,Instituto Nacional de Estadística y Censos (INDEC),Precios
125.2_CE_1993_0_26,componentes_electronicos_m,Componentes electrónicos índice mensual IPIB,R/P1M,1993-01-01,2015-10-01,Índice 1993=100,Índice de Precios Internos Básicos al por Mayor. SERIE DISCONTINUADA,Subsecretaría de Programación Macroeconómica,Instituto Nacional de Estadística y Censos (INDEC),Precios
125.2_CFHL_1993_0_39,conservas_frutas_hortalizas_legumbres_m,"Conservas de frutas, hortalizas y legumbres índice mensual IPIB",R/P1M,1993-01-01,2015-10-01,Índice 1993=100,Índice de Precios Internos Básicos al por Mayor. SERIE DISCONTINUADA,Subsecretaría de Programación Macroeconómica,Instituto Nacional de Estadística y Censos (INDEC),Precios
125.2_CM_1993_0_20,carpinteria_madera_m,Carpintería de madera índice mensual IPIB,R/P1M,1993-01-01,2015-10-01,Índice 1993=100,Índice de Precios Internos Básicos al por Mayor. SERIE DISCONTINUADA,Subsecretaría de Programación Macroeconómica,Instituto Nacional de Estadística y Censos (INDEC),Precios
125.2_CN_1993_0_19,cauchos_naturales_m,Cauchos naturales índice mensual IPIB,R/P1M,1993-01-01,2015-10-01,Índice 1993=100,Índice de Precios Internos Básicos al por Mayor. SERIE DISCONTINUADA,Subsecretaría de Programación Macroeconómica,Instituto Nacional de Estadística y Censos (INDEC),Precios
125.2_CO_1993_0_22,cereales_oleaginosas_m,Cereales y oleaginosas índice mensual IPIB,R/P1M,1993-01-01,2015-10-01,Índice 1993=100,Índice de Precios Internos Básicos al por Mayor. SERIE DISCONTINUADA,Subsecretaría de Programación Macroeconómica,Instituto Nacional de Estadística y Censos (INDEC),Precios
125.2_CP_1993_0_20,conservas_pescados_m,Conservas de pescados índice mensual IPIB,R/P1M,1993-01-01,2015-10-01,Índice 1993=100,Índice de Precios Internos Básicos al por Mayor. SERIE DISCONTINUADA,Subsecretaría de Programación Macroeconómica,Instituto Nacional de Estadística y Censos (INDEC),Precios
125.2_CR_1993_0_23,carrocerias_remolques_m,Carrocerías y remolques índice mensual IPIB,R/P1M,1993-01-01,2015-10-01,Índice 1993=100,Índice de Precios Internos Básicos al por Mayor. SERIE DISCONTINUADA,Subsecretaría de Programación Macroeconómica,Instituto Nacional de Estadística y Censos (INDEC),Precios
125.2_C_1993_0_10,cervezas_m,Cervezas índice mensual IPIB,R/P1M,1993-01-01,2015-10-01,Índice 1993=100,Índice de Precios Internos Básicos al por Mayor. SERIE DISCONTINUADA,Subsecretaría de Programación Macroeconómica,Instituto Nacional de Estadística y Censos (INDEC),Precios
125.2_DR_1993_0_18,diarios_revistas_m,Diarios y revistas índice mensual IPIB,R/P1M,1993-01-01,2015-10-01,Índice 1993=100,Índice de Precios Internos Básicos al por Mayor. SERIE DISCONTINUADA,Subsecretaría de Programación Macroeconómica,Instituto Nacional de Estadística y Censos (INDEC),Precios
125.2_EEM_1993_0_32,equipos_elevacion_manipulacion_m,Equipos de elevación y manipulación índice mensual IPIB,R/P1M,1993-01-01,2015-10-01,Índice 1993=100,Índice de Precios Internos Básicos al por Mayor. SERIE DISCONTINUADA,Subsecretaría de Programación Macroeconómica,Instituto Nacional de Estadística y Censos (INDEC),Precios
125.2_EE_1993_0_19,energia_electrica_m,Energía eléctrica índice mensual IPIB,R/P1M,1993-01-01,2015-10-01,Índice 1993=100,Índice de Precios Internos Básicos al por Mayor. SERIE DISCONTINUADA,Subsecretaría de Programación Macroeconómica,Instituto Nacional de Estadística y Censos (INDEC),Precios
125.2_EI_1993_0_21,equipos_iluminacion_m,Equipos de iluminación índice mensual IPIB,R/P1M,1993-01-01,2015-10-01,Índice 1993=100,Índice de Precios Internos Básicos al por Mayor. SERIE DISCONTINUADA,Subsecretaría de Programación Macroeconómica,Instituto Nacional de Estadística y Censos (INDEC),Precios
125.2_EM_1993_0_18,equipos_medicina_m,Equipos para medicina índice mensual IPIB,R/P1M,1993-01-01,2015-10-01,Índice 1993=100,Índice de Precios Internos Básicos al por Mayor. SERIE DISCONTINUADA,Subsecretaría de Programación Macroeconómica,Instituto Nacional de Estadística y Censos (INDEC),Precios
125.2_EPC_1993_0_22,envases_papel_carton_m,Envases de papel y cartón índice mensual IPIB,R/P1M,1993-01-01,2015-10-01,Índice 1993=100,Índice de Precios Internos Básicos al por Mayor. SERIE DISCONTINUADA,Subsecretaría de Programación Macroeconómica,Instituto Nacional de Estadística y Censos (INDEC),Precios
125.2_ETV_1993_0_26,equipos_television_video_m,Equipos de televisión y video índice mensual IPIB,R/P1M,1993-01-01,2015-10-01,Índice 1993=100,Índice de Precios Internos Básicos al por Mayor. SERIE DISCONTINUADA,Subsecretaría de Programación Macroeconómica,Instituto Nacional de Estadística y Censos (INDEC),Precios
125.2_FC_1993_0_14,frutas_cafes_m,Frutas y cafés índice mensual IPIB,R/P1M,1993-01-01,2015-10-01,Índice 1993=100,Índice de Precios Internos Básicos al por Mayor. SERIE DISCONTINUADA,Subsecretaría de Programación Macroeconómica,Instituto Nacional de Estadística y Censos (INDEC),Precios
125.2_FHM_1993_0_31,fibras_hilados_manufacturados_m,Fibras e hilados manufacturados índice mensual IPIB,R/P1M,1993-01-01,2015-10-01,Índice 1993=100,Índice de Precios Internos Básicos al por Mayor. SERIE DISCONTINUADA,Subsecretaría de Programación Macroeconómica,Instituto Nacional de Estadística y Censos (INDEC),Precios
125.2_FHTT_1993_0_33,fibras_hilados_tejidos_textiles_m,"Fibras, hilados y tejidos textiles índice mensual IPIB",R/P1M,1993-01-01,2015-10-01,Índice 1993=100,Índice de Precios Internos Básicos al por Mayor. SERIE DISCONTINUADA,Subsecretaría de Programación Macroeconómica,Instituto Nacional de Estadística y Censos (INDEC),Precios
125.2_F_1993_0_8,frutas_m,Frutas índice mensual IPIB,R/P1M,1993-01-01,2015-10-01,Índice 1993=100,Índice de Precios Internos Básicos al por Mayor. SERIE DISCONTINUADA,Subsecretaría de Programación Macroeconómica,Instituto Nacional de Estadística y Censos (INDEC),Precios
125.2_GNOPS_1993_0_46,gomas_naturales_otros_productos_silvicultura_m,Gomas naturales y otros productos de la silvicultura índice mensual IPIB,R/P1M,1993-01-01,2015-10-01,Índice 1993=100,Índice de Precios Internos Básicos al por Mayor. SERIE DISCONTINUADA,Subsecretaría de Programación Macroeconómica,Instituto Nacional de Estadística y Censos (INDEC),Precios
125.2_GPPG_1993_0_33,ganado_porcino_productos_granja_m,Ganado porcino y productos de granja índice mensual IPIB,R/P1M,1993-01-01,2015-10-01,Índice 1993=100,Índice de Precios Internos Básicos al por Mayor. SERIE DISCONTINUADA,Subsecretaría de Programación Macroeconómica,Instituto Nacional de Estadística y Censos (INDEC),Precios
125.2_GR_1993_0_28,grabaciones_reproducciones_m,Grabaciones y reproducciones índice mensual IPIB,R/P1M,1993-01-01,2015-10-01,Índice 1993=100,Índice de Precios Internos Básicos al por Mayor. SERIE DISCONTINUADA,Subsecretaría de Programación Macroeconómica,Instituto Nacional de Estadística y Censos (INDEC),Precios
125.2_GVL_1993_0_21,ganado_vacuno_leche_m,Ganado vacuno y leche índice mensual IPIB,R/P1M,1993-01-01,2015-10-01,Índice 1993=100,Índice de Precios Internos Básicos al por Mayor. SERIE DISCONTINUADA,Subsecretaría de Programación Macroeconómica,Instituto Nacional de Estadística y Censos (INDEC),Precios
125.2_GV_1993_0_19,generadores_vapor_m,Generadores de vapor índice mensual IPIB,R/P1M,1993-01-01,2015-10-01,Índice 1993=100,Índice de Precios Internos Básicos al por Mayor. SERIE DISCONTINUADA,Subsecretaría de Programación Macroeconómica,Instituto Nacional de Estadística y Censos (INDEC),Precios
125.2_HAFB_1993_0_29,hierro_acero_formas_basicas_m,Hierro y acero en formas básicas índice mensual IPIB,R/P1M,1993-01-01,2015-10-01,Índice 1993=100,Índice de Precios Internos Básicos al por Mayor. SERIE DISCONTINUADA,Subsecretaría de Programación Macroeconómica,Instituto Nacional de Estadística y Censos (INDEC),Precios
125.2_HAFB_1993_0_31,hierros_aceros_formas_basicas_m,Hierros y aceros en formas básicas índice mensual IPIB,R/P1M,1993-01-01,2015-10-01,Índice 1993=100,Índice de Precios Internos Básicos al por Mayor. SERIE DISCONTINUADA,Subsecretaría de Programación Macroeconómica,Instituto Nacional de Estadística y Censos (INDEC),Precios
125.2_HL_1993_0_22,hortalizas_legumbres_m,Hortalizas y legumbres índice mensual IPIB,R/P1M,1993-01-01,2015-10-01,Índice 1993=100,Índice de Precios Internos Básicos al por Mayor. SERIE DISCONTINUADA,Subsecretaría de Programación Macroeconómica,Instituto Nacional de Estadística y Censos (INDEC),Precios
125.2_HMAF_1993_0_40,herramientas_mano_articulos_ferreteria_m,Herramientas de mano y artículos de ferretería índice mensual IPIB,R/P1M,1993-01-01,2015-10-01,Índice 1993=100,Índice de Precios Internos Básicos al por Mayor. SERIE DISCONTINUADA,Subsecretaría de Programación Macroeconómica,Instituto Nacional de Estadística y Censos (INDEC),Precios
125.2_H_1993_0_9,harinas_m,Harinas índice mensual IPIB,R/P1M,1993-01-01,2015-10-01,Índice 1993=100,Índice de Precios Internos Básicos al por Mayor. SERIE DISCONTINUADA,Subsecretaría de Programación Macroeconómica,Instituto Nacional de Estadística y Censos (INDEC),Precios
125.2_IMSD_1993_0_47,instrumentos_medicion_servicios_domiciliarios_m,Instrumentos de medición de servicios domiciliarios índice mensual IPIB,R/P1M,1993-01-01,2015-10-01,Índice 1993=100,Índice de Precios Internos Básicos al por Mayor. SERIE DISCONTINUADA,Subsecretaría de Programación Macroeconómica,Instituto Nacional de Estadística y Censos (INDEC),Precios
125.2_IPA_1993_0_29,insecticidas_plaguicidas_ii_m,Insecticidas y plaguicidas (ii) índice mensual IPIB,R/P1M,1993-01-01,2015-10-01,Índice 1993=100,Índice de Precios Internos Básicos al por Mayor. SERIE DISCONTINUADA,Subsecretaría de Programación Macroeconómica,Instituto Nacional de Estadística y Censos (INDEC),Precios
125.2_IP_1993_0_26,insecticidas_plaguicidas_m,Insecticidas y plaguicidas índice mensual IPIB,R/P1M,1993-01-01,2015-10-01,Índice 1993=100,Índice de Precios Internos Básicos al por Mayor. SERIE DISCONTINUADA,Subsecretaría de Programación Macroeconómica,Instituto Nacional de Estadística y Censos (INDEC),Precios
125.2_JD_1993_0_21,jabones_detergentes_m,Jabones y detergentes índice mensual IPIB,R/P1M,1993-01-01,2015-10-01,Índice 1993=100,Índice de Precios Internos Básicos al por Mayor. SERIE DISCONTINUADA,Subsecretaría de Programación Macroeconómica,Instituto Nacional de Estadística y Censos (INDEC),Precios
125.2_MAA_1993_0_24,maderas_aserradas_m_7020,Maderas aserradas índice mensual IPIB (cod. 7020),R/P1M,1993-01-01,2015-10-01,Índice 1993=100,Índice de Precios Internos Básicos al por Mayor. SERIE DISCONTINUADA,Subsecretaría de Programación Macroeconómica,Instituto Nacional de Estadística y Censos (INDEC),Precios
125.2_MA_1993_0_20,maquinas_agricolas_m,Máquinas agrícolas índice mensual IPIB,R/P1M,1993-01-01,2015-10-01,Índice 1993=100,Índice de Precios Internos Básicos al por Mayor. SERIE DISCONTINUADA,Subsecretaría de Programación Macroeconómica,Instituto Nacional de Estadística y Censos (INDEC),Precios
125.2_MA_1993_0_24,maderas_aserradas_m_2010,Maderas aserradas índice mensual IPIB. Cod 2010,R/P1M,1993-01-01,2015-10-01,Índice 1993=100,Índice de Precios Internos Básicos al por Mayor. SERIE DISCONTINUADA,Subsecretaría de Programación Macroeconómica,Instituto Nacional de Estadística y Censos (INDEC),Precios
125.2_MC_1993_0_19,muebles_colchones_m,Muebles y colchones índice mensual IPIB,R/P1M,1993-01-01,2015-10-01,Índice 1993=100,Índice de Precios Internos Básicos al por Mayor. SERIE DISCONTINUADA,Subsecretaría de Programación Macroeconómica,Instituto Nacional de Estadística y Censos (INDEC),Precios
125.2_MEEA_1993_0_39,motores_explosion_excepto_automotores_m,Motores a explosión excepto para automotores índice mensual IPIB,R/P1M,1993-01-01,2015-10-01,Índice 1993=100,Índice de Precios Internos Básicos al por Mayor. SERIE DISCONTINUADA,Subsecretaría de Programación Macroeconómica,Instituto Nacional de Estadística y Censos (INDEC),Precios
125.2_MEPAB_1993_0_54,maquinas_elaboracion_procesamiento_alimentos_bebidas_m,Máquinas para la elaboración o procesamiento de alimentos y bebidas índice mensual IPIB,R/P1M,1993-01-01,2015-10-01,Índice 1993=100,Índice de Precios Internos Básicos al por Mayor. SERIE DISCONTINUADA,Subsecretaría de Programación Macroeconómica,Instituto Nacional de Estadística y Censos (INDEC),Precios
125.2_MGTE_1993_0_48,motores_generadores_transformadores_electricos_m,"Motores, generadores y transformadores eléctricos índice mensual IPIB",R/P1M,1993-01-01,2015-10-01,Índice 1993=100,Índice de Precios Internos Básicos al por Mayor. SERIE DISCONTINUADA,Subsecretaría de Programación Macroeconómica,Instituto Nacional de Estadística y Censos (INDEC),Precios
125.2_MHA_1993_0_26,maquinas_herramientas_ii_m,Máquinas herramientas (ii) índice mensual IPIB,R/P1M,1993-01-01,2015-10-01,Índice 1993=100,Índice de Precios Internos Básicos al por Mayor. SERIE DISCONTINUADA,Subsecretaría de Programación Macroeconómica,Instituto Nacional de Estadística y Censos (INDEC),Precios
125.2_MH_1993_0_23,maquinas_herramientas_m,Máquinas herramientas índice mensual IPIB,R/P1M,1993-01-01,2015-10-01,Índice 1993=100,Índice de Precios Internos Básicos al por Mayor. SERIE DISCONTINUADA,Subsecretaría de Programación Macroeconómica,Instituto Nacional de Estadística y Censos (INDEC),Precios
125.2_MIEOC_1993_0_50,maquinas_industria_extractiva_obras_construccion_m,Máquinas para la industria extractiva y obras de construcción índice mensual IPIB,R/P1M,1993-01-01,2015-10-01,Índice 1993=100,Índice de Precios Internos Básicos al por Mayor. SERIE DISCONTINUADA,Subsecretaría de Programación Macroeconómica,Instituto Nacional de Estadística y Censos (INDEC),Precios
125.2_MLI_1993_0_33,maquinas_lavaderos_industriales_m,Máquinas para lavaderos industriales índice mensual IPIB,R/P1M,1993-01-01,2015-10-01,Índice 1993=100,Índice de Precios Internos Básicos al por Mayor. SERIE DISCONTINUADA,Subsecretaría de Programación Macroeconómica,Instituto Nacional de Estadística y Censos (INDEC),Precios
125.2_MNFFBA_1993_0_41,minerales_no_ferrosos_formas_basicas_ii_m,Minerales no ferrosos en formas básicas (ii) índice mensual IPIB,R/P1M,1993-01-01,2015-10-01,Índice 1993=100,Índice de Precios Internos Básicos al por Mayor. SERIE DISCONTINUADA,Subsecretaría de Programación Macroeconómica,Instituto Nacional de Estadística y Censos (INDEC),Precios
125.2_MNFFB_1993_0_38,minerales_no_ferrosos_formas_basicas_m,Minerales no ferrosos en formas básicas índice mensual IPIB,R/P1M,1993-01-01,2015-10-01,Índice 1993=100,Índice de Precios Internos Básicos al por Mayor. SERIE DISCONTINUADA,Subsecretaría de Programación Macroeconómica,Instituto Nacional de Estadística y Censos (INDEC),Precios
125.2_MOI_1993_0_30,maquinas_oficina_informatica_m,Máquinas de oficina e informática índice mensual IPIB,R/P1M,1993-01-01,2015-10-01,Índice 1993=100,Índice de Precios Internos Básicos al por Mayor. SERIE DISCONTINUADA,Subsecretaría de Programación Macroeconómica,Instituto Nacional de Estadística y Censos (INDEC),Precios
125.2_MUEIMA_1993_0_58,maquinas_uso_especial_industria_manufacturera_accesorios_m,Máquinas de uso especial en la industria manufacturera y sus accesorios índice mensual IPIB,R/P1M,1993-01-01,2015-10-01,Índice 1993=100,Índice de Precios Internos Básicos al por Mayor. SERIE DISCONTINUADA,Subsecretaría de Programación Macroeconómica,Instituto Nacional de Estadística y Censos (INDEC),Precios
125.2_MUGPP_1993_0_36,maquinas_uso_general_piezas_partes_m,Máquinas de uso general y sus piezas y partes índice mensual IPIB,R/P1M,1993-01-01,2015-10-01,Índice 1993=100,Índice de Precios Internos Básicos al por Mayor. SERIE DISCONTINUADA,Subsecretaría de Programación Macroeconómica,Instituto Nacional de Estadística y Censos (INDEC),Precios
125.2_M_1993_0_14,motocicletas_m,Motocicletas índice mensual IPIB,R/P1M,1993-01-01,2015-10-01,Índice 1993=100,Índice de Precios Internos Básicos al por Mayor. SERIE DISCONTINUADA,Subsecretaría de Programación Macroeconómica,Instituto Nacional de Estadística y Censos (INDEC),Precios
125.2_OAMNMA_1993_0_47,otros_articulos_minerales_no_metaliferos_m_2699,Otros artículos de minerales no metalíferos n.c.e.p. índice mensual IPIB. Cod 2699,R/P1M,1993-01-01,2015-10-01,Índice 1993=100,Índice de Precios Internos Básicos al por Mayor. SERIE DISCONTINUADA,Subsecretaría de Programación Macroeconómica,Instituto Nacional de Estadística y Censos (INDEC),Precios
125.2_OAMNM_1993_0_47,otros_articulos_minerales_no_metaliferos_m_7699,Otros artículos de minerales no metalíferos n.c.e.p. índice mensual IPIB. Cod 7699,R/P1M,1993-01-01,2015-10-01,Índice 1993=100,Índice de Precios Internos Básicos al por Mayor. SERIE DISCONTINUADA,Subsecretaría de Programación Macroeconómica,Instituto Nacional de Estadística y Censos (INDEC),Precios
125.2_OAPC_1993_0_30,otros_articulos_papel_carton_m,Otros artículos de papel y cartón índice mensual IPIB,R/P1M,1993-01-01,2015-10-01,Índice 1993=100,Índice de Precios Internos Básicos al por Mayor. SERIE DISCONTINUADA,Subsecretaría de Programación Macroeconómica,Instituto Nacional de Estadística y Censos (INDEC),Precios
125.2_OEE_1993_0_26,otros_equipos_electricos_m,Otros equipos eléctricos n.c.e.p. índice mensual IPIB,R/P1M,1993-01-01,2015-10-01,Índice 1993=100,Índice de Precios Internos Básicos al por Mayor. SERIE DISCONTINUADA,Subsecretaría de Programación Macroeconómica,Instituto Nacional de Estadística y Censos (INDEC),Precios
125.2_OMT_1993_0_25,otros_medios_transporte_m,Otros medios de transporte índice mensual IPIB,R/P1M,1993-01-01,2015-10-01,Índice 1993=100,Índice de Precios Internos Básicos al por Mayor. SERIE DISCONTINUADA,Subsecretaría de Programación Macroeconómica,Instituto Nacional de Estadística y Censos (INDEC),Precios
125.2_OMUG_1993_0_29,otra_maquinaria_uso_general_m,Otra maquinaria de uso general índice mensual IPIB,R/P1M,1993-01-01,2015-10-01,Índice 1993=100,Índice de Precios Internos Básicos al por Mayor. SERIE DISCONTINUADA,Subsecretaría de Programación Macroeconómica,Instituto Nacional de Estadística y Censos (INDEC),Precios
125.2_OPA_1993_0_30,otros_productos_alimenticios_m,Otros productos alimenticios n.c.e.p. índice mensual IPIB,R/P1M,1993-01-01,2015-10-01,Índice 1993=100,Índice de Precios Internos Básicos al por Mayor. SERIE DISCONTINUADA,Subsecretaría de Programación Macroeconómica,Instituto Nacional de Estadística y Censos (INDEC),Precios
125.2_OPC_1993_0_24,otros_productos_caucho_m,Otros productos de caucho índice mensual IPIB,R/P1M,1993-01-01,2015-10-01,Índice 1993=100,Índice de Precios Internos Básicos al por Mayor. SERIE DISCONTINUADA,Subsecretaría de Programación Macroeconómica,Instituto Nacional de Estadística y Censos (INDEC),Precios
125.2_OPM_1993_0_27,otros_productos_metalicos_m,Otros productos metálicos n.c.e.p. índice mensual IPIB,R/P1M,1993-01-01,2015-10-01,Índice 1993=100,Índice de Precios Internos Básicos al por Mayor. SERIE DISCONTINUADA,Subsecretaría de Programación Macroeconómica,Instituto Nacional de Estadística y Censos (INDEC),Precios
125.2_OPM_1993_0_32,otros_productos_manufacturados_m,Otros productos manufacturados n.c.e.p. índice mensual IPIB,R/P1M,1993-01-01,2015-10-01,Índice 1993=100,Índice de Precios Internos Básicos al por Mayor. SERIE DISCONTINUADA,Subsecretaría de Programación Macroeconómica,Instituto Nacional de Estadística y Censos (INDEC),Precios
125.2_OPQA_1993_0_29,otros_productos_quimicos_ii_m,Otros productos químicos (ii) índice mensual IPIB,R/P1M,1993-01-01,2015-10-01,Índice 1993=100,Índice de Precios Internos Básicos al por Mayor. SERIE DISCONTINUADA,Subsecretaría de Programación Macroeconómica,Instituto Nacional de Estadística y Censos (INDEC),Precios
125.2_OPQ_1993_0_26,otros_productos_quimicos_m,Otros productos químicos índice mensual IPIB,R/P1M,1993-01-01,2015-10-01,Índice 1993=100,Índice de Precios Internos Básicos al por Mayor. SERIE DISCONTINUADA,Subsecretaría de Programación Macroeconómica,Instituto Nacional de Estadística y Censos (INDEC),Precios
125.2_PAA_1993_0_25,piedras_arenas_arcillas_m,"Piedras, arenas y arcillas índice mensual IPIB",R/P1M,1993-01-01,2015-10-01,Índice 1993=100,Índice de Precios Internos Básicos al por Mayor. SERIE DISCONTINUADA,Subsecretaría de Programación Macroeconómica,Instituto Nacional de Estadística y Censos (INDEC),Precios
125.2_PACNR_1993_0_43,productos_arcilla_ceramica_no_refractaria_m,Productos de arcilla y cerámica no refractaria para uso estructural índice mensual IPIB,R/P1M,1993-01-01,2015-10-01,Índice 1993=100,Índice de Precios Internos Básicos al por Mayor. SERIE DISCONTINUADA,Subsecretaría de Programación Macroeconómica,Instituto Nacional de Estadística y Censos (INDEC),Precios
125.2_PBETI_1993_0_44,pinturas_barnices_enduidos_tintas_imprenta_m,"Pinturas, barnices, enduídos y tintas de imprenta índice mensual IPIB",R/P1M,1993-01-01,2015-10-01,Índice 1993=100,Índice de Precios Internos Básicos al por Mayor. SERIE DISCONTINUADA,Subsecretaría de Programación Macroeconómica,Instituto Nacional de Estadística y Censos (INDEC),Precios
125.2_PCGN_1993_0_28,petroleo_crudo_gas_natural_m,Petróleo crudo y gas natural índice mensual IPIB,R/P1M,1993-01-01,2015-10-01,Índice 1993=100,Índice de Precios Internos Básicos al por Mayor. SERIE DISCONTINUADA,Subsecretaría de Programación Macroeconómica,Instituto Nacional de Estadística y Censos (INDEC),Precios
125.2_PCG_1993_0_31,productos_chocolate_golosinas_m,Productos de chocolate y golosinas índice mensual IPIB,R/P1M,1993-01-01,2015-10-01,Índice 1993=100,Índice de Precios Internos Básicos al por Mayor. SERIE DISCONTINUADA,Subsecretaría de Programación Macroeconómica,Instituto Nacional de Estadística y Censos (INDEC),Precios
125.2_PCNR_1993_0_35,productos_ceramica_no_refractaria_m,Productos de cerámica no refractaria para uso no estructural índice mensual IPIB,R/P1M,1993-01-01,2015-10-01,Índice 1993=100,Índice de Precios Internos Básicos al por Mayor. SERIE DISCONTINUADA,Subsecretaría de Programación Macroeconómica,Instituto Nacional de Estadística y Censos (INDEC),Precios
125.2_PCR_1993_0_32,productos_ceramica_refractaria_m,Productos de cerámica refractaria índice mensual IPIB,R/P1M,1993-01-01,2015-10-01,Índice 1993=100,Índice de Precios Internos Básicos al por Mayor. SERIE DISCONTINUADA,Subsecretaría de Programación Macroeconómica,Instituto Nacional de Estadística y Censos (INDEC),Precios
125.2_PC_1993_0_20,productos_carnicos_m,Productos cárnicos índice mensual IPIB,R/P1M,1993-01-01,2015-10-01,Índice 1993=100,Índice de Precios Internos Básicos al por Mayor. SERIE DISCONTINUADA,Subsecretaría de Programación Macroeconómica,Instituto Nacional de Estadística y Censos (INDEC),Precios
125.2_PDA_1993_0_29,productos_derivados_almidon_m,Productos derivados del almidón índice mensual IPIB,R/P1M,1993-01-01,2015-10-01,Índice 1993=100,Índice de Precios Internos Básicos al por Mayor. SERIE DISCONTINUADA,Subsecretaría de Programación Macroeconómica,Instituto Nacional de Estadística y Censos (INDEC),Precios
125.2_PFM_1993_0_28,productos_fundidos_metales_m,Productos fundidos de metales índice mensual IPIB,R/P1M,1993-01-01,2015-10-01,Índice 1993=100,Índice de Precios Internos Básicos al por Mayor. SERIE DISCONTINUADA,Subsecretaría de Programación Macroeconómica,Instituto Nacional de Estadística y Censos (INDEC),Precios
125.2_PFVA_1993_0_41,productos_farmaceuticos_veterinarios_ii_m,Productos farmacéuticos y veterinarios (ii) índice mensual IPIB,R/P1M,1993-01-01,2015-10-01,Índice 1993=100,Índice de Precios Internos Básicos al por Mayor. SERIE DISCONTINUADA,Subsecretaría de Programación Macroeconómica,Instituto Nacional de Estadística y Censos (INDEC),Precios
125.2_PFV_1993_0_38,productos_farmaceuticos_veterinarios_m,Productos farmacéuticos y veterinarios índice mensual IPIB,R/P1M,1993-01-01,2015-10-01,Índice 1993=100,Índice de Precios Internos Básicos al por Mayor. SERIE DISCONTINUADA,Subsecretaría de Programación Macroeconómica,Instituto Nacional de Estadística y Censos (INDEC),Precios
125.2_PF_1993_0_22,productos_farinaceos_m,Productos farináceos índice mensual IPIB,R/P1M,1993-01-01,2015-10-01,Índice 1993=100,Índice de Precios Internos Básicos al por Mayor. SERIE DISCONTINUADA,Subsecretaría de Programación Macroeconómica,Instituto Nacional de Estadística y Censos (INDEC),Precios
125.2_PL_1993_0_19,productos_lacteos_m,Productos lácteos índice mensual IPIB,R/P1M,1993-01-01,2015-10-01,Índice 1993=100,Índice de Precios Internos Básicos al por Mayor. SERIE DISCONTINUADA,Subsecretaría de Programación Macroeconómica,Instituto Nacional de Estadística y Censos (INDEC),Precios
125.2_PMFASQ_1993_0_60,productos_minerales_fabricacion_abonos_sustancias_quimicas_m,Productos minerales para la fabricación de abonos y sustancias químicas índice mensual IPIB,R/P1M,1993-01-01,2015-10-01,Índice 1993=100,Índice de Precios Internos Básicos al por Mayor. SERIE DISCONTINUADA,Subsecretaría de Programación Macroeconómica,Instituto Nacional de Estadística y Censos (INDEC),Precios
125.2_PMT_1993_0_29,prendas_materiales_textiles_m,Prendas de materiales textiles índice mensual IPIB,R/P1M,1993-01-01,2015-10-01,Índice 1993=100,Índice de Precios Internos Básicos al por Mayor. SERIE DISCONTINUADA,Subsecretaría de Programación Macroeconómica,Instituto Nacional de Estadística y Censos (INDEC),Precios
125.2_PMUE_1993_0_37,productos_metalicos_uso_estructural_m,Productos metálicos para uso estructural índice mensual IPIB,R/P1M,1993-01-01,2015-10-01,Índice 1993=100,Índice de Precios Internos Básicos al por Mayor. SERIE DISCONTINUADA,Subsecretaría de Programación Macroeconómica,Instituto Nacional de Estadística y Censos (INDEC),Precios
125.2_PPA_1993_0_21,productos_panaderia_m,Productos de panadería índice mensual IPIB,R/P1M,1993-01-01,2015-10-01,Índice 1993=100,Índice de Precios Internos Básicos al por Mayor. SERIE DISCONTINUADA,Subsecretaría de Programación Macroeconómica,Instituto Nacional de Estadística y Censos (INDEC),Precios
125.2_PPEM_1993_0_36,productos_plastico_excepto_muebles_m,Productos de plástico excepto muebles índice mensual IPIB,R/P1M,1993-01-01,2015-10-01,Índice 1993=100,Índice de Precios Internos Básicos al por Mayor. SERIE DISCONTINUADA,Subsecretaría de Programación Macroeconómica,Instituto Nacional de Estadística y Censos (INDEC),Precios
125.2_PPP_1993_0_25,papeles_productos_papel_m,Papeles y productos de papel índice mensual IPIB,R/P1M,1993-01-01,2015-10-01,Índice 1993=100,Índice de Precios Internos Básicos al por Mayor. SERIE DISCONTINUADA,Subsecretaría de Programación Macroeconómica,Instituto Nacional de Estadística y Censos (INDEC),Precios
125.2_PP_1993_0_21,productos_pesqueros_m,Productos pesqueros índice mensual IPIB,R/P1M,1993-01-01,2015-10-01,Índice 1993=100,Índice de Precios Internos Básicos al por Mayor. SERIE DISCONTINUADA,Subsecretaría de Programación Macroeconómica,Instituto Nacional de Estadística y Censos (INDEC),Precios
125.2_PRP_1993_0_30,productos_refinados_petroleo_m,Productos refinados de petróleo índice mensual IPIB,R/P1M,1993-01-01,2015-10-01,Índice 1993=100,Índice de Precios Internos Básicos al por Mayor. SERIE DISCONTINUADA,Subsecretaría de Programación Macroeconómica,Instituto Nacional de Estadística y Censos (INDEC),Precios
125.2_P_1993_0_9,papeles_m,Papeles índice mensual IPIB,R/P1M,1993-01-01,2015-10-01,Índice 1993=100,Índice de Precios Internos Básicos al por Mayor. SERIE DISCONTINUADA,Subsecretaría de Programación Macroeconómica,Instituto Nacional de Estadística y Censos (INDEC),Precios
125.2_RA_1993_0_23,repuestos_automotores_m,Repuestos para automotores índice mensual IPIB,R/P1M,1993-01-01,2015-10-01,Índice 1993=100,Índice de Precios Internos Básicos al por Mayor. SERIE DISCONTINUADA,Subsecretaría de Programación Macroeconómica,Instituto Nacional de Estadística y Censos (INDEC),Precios
125.2_RCM_1993_0_22,ropa_cama_manteleria_m,Ropa de cama y mantelería índice mensual IPIB,R/P1M,1993-01-01,2015-10-01,Índice 1993=100,Índice de Precios Internos Básicos al por Mayor. SERIE DISCONTINUADA,Subsecretaría de Programación Macroeconómica,Instituto Nacional de Estadística y Censos (INDEC),Precios
125.2_R_1993_0_13,rodamientos_m,Rodamientos índice mensual IPIB,R/P1M,1993-01-01,2015-10-01,Índice 1993=100,Índice de Precios Internos Básicos al por Mayor. SERIE DISCONTINUADA,Subsecretaría de Programación Macroeconómica,Instituto Nacional de Estadística y Censos (INDEC),Precios
125.2_SPEA_1993_0_37,sustancias_plasticas_elastomeros_ii_m,Sustancias plásticas y elastómeros (ii) índice mensual IPIB,R/P1M,1993-01-01,2015-10-01,Índice 1993=100,Índice de Precios Internos Básicos al por Mayor. SERIE DISCONTINUADA,Subsecretaría de Programación Macroeconómica,Instituto Nacional de Estadística y Censos (INDEC),Precios
125.2_SPE_1993_0_34,sustancias_plasticas_elastomeros_m,Sustancias plásticas y elastómeros índice mensual IPIB,R/P1M,1993-01-01,2015-10-01,Índice 1993=100,Índice de Precios Internos Básicos al por Mayor. SERIE DISCONTINUADA,Subsecretaría de Programación Macroeconómica,Instituto Nacional de Estadística y Censos (INDEC),Precios
125.2_SQBA_1993_0_32,sustancias_quimicas_basicas_ii_m,Sustancias químicas básicas (7411) índice mensual IPIB,R/P1M,1993-01-01,2015-10-01,Índice 1993=100,Índice de Precios Internos Básicos al por Mayor. SERIE DISCONTINUADA,Subsecretaría de Programación Macroeconómica,Instituto Nacional de Estadística y Censos (INDEC),Precios
125.2_SQB_1993_0_29,sustancias_quimicas_basicas_m,Sustancias químicas básicas índice mensual IPIB,R/P1M,1993-01-01,2015-10-01,Índice 1993=100,Índice de Precios Internos Básicos al por Mayor. SERIE DISCONTINUADA,Subsecretaría de Programación Macroeconómica,Instituto Nacional de Estadística y Censos (INDEC),Precios
125.2_TAP_1993_0_25,tejidos_articulos_punto_m,Tejidos y artículos de punto índice mensual IPIB,R/P1M,1993-01-01,2015-10-01,Índice 1993=100,Índice de Precios Internos Básicos al por Mayor. SERIE DISCONTINUADA,Subsecretaría de Programación Macroeconómica,Instituto Nacional de Estadística y Censos (INDEC),Precios
125.2_TPM_1993_0_25,tableros_paneles_madera_m,Tableros y paneles de madera índice mensual IPIB,R/P1M,1993-01-01,2015-10-01,Índice 1993=100,Índice de Precios Internos Básicos al por Mayor. SERIE DISCONTINUADA,Subsecretaría de Programación Macroeconómica,Instituto Nacional de Estadística y Censos (INDEC),Precios
125.2_T_1993_0_9,tabacos_m,Tabacos índice mensual IPIB,R/P1M,1993-01-01,2015-10-01,Índice 1993=100,Índice de Precios Internos Básicos al por Mayor. SERIE DISCONTINUADA,Subsecretaría de Programación Macroeconómica,Instituto Nacional de Estadística y Censos (INDEC),Precios
125.2_VAM_1993_0_33,valijas_articulos_marroquineria_m,Valijas y artículos de marroquinería índice mensual IPIB,R/P1M,1993-01-01,2015-10-01,Índice 1993=100,Índice de Precios Internos Básicos al por Mayor. SERIE DISCONTINUADA,Subsecretaría de Programación Macroeconómica,Instituto Nacional de Estadística y Censos (INDEC),Precios
125.2_VPV_1993_0_25,vidrio_productos_vidrio_m,Vidrio y productos de vidrio índice mensual IPIB,R/P1M,1993-01-01,2015-10-01,Índice 1993=100,Índice de Precios Internos Básicos al por Mayor. SERIE DISCONTINUADA,Subsecretaría de Programación Macroeconómica,Instituto Nacional de Estadística y Censos (INDEC),Precios
125.2_VS_1993_0_13,vinos_sidra_m,Vinos y sidra índice mensual IPIB,R/P1M,1993-01-01,2015-10-01,Índice 1993=100,Índice de Precios Internos Básicos al por Mayor. SERIE DISCONTINUADA,Subsecretaría de Programación Macroeconómica,Instituto Nacional de Estadística y Censos (INDEC),Precios
126.1_AB_1993_0_21,alimentos_balanceados,Alimentos balanceados índice anual IPIB,R/P1Y,1993-01-01,2014-01-01,Índice 1993=100,Índice de Precios Internos al por Mayor (IPIM). SERIE DISCONTINUADA,Subsecretaría de Programación Macroeconómica,Instituto Nacional de Estadística y Censos (INDEC),Precios
126.1_ADCEA_1993_0_42,aparatos_distribucion_control_electrico_ii,Aparatos de distribución y control eléctrico (ii) índice anual IPIB,R/P1Y,1993-01-01,2014-01-01,Índice 1993=100,Índice de Precios Internos al por Mayor (IPIM). SERIE DISCONTINUADA,Subsecretaría de Programación Macroeconómica,Instituto Nacional de Estadística y Censos (INDEC),Precios
126.1_ADCE_1993_0_39,aparatos_distribucion_control_electrico,Aparatos de distribución y control eléctrico índice anual IPIB,R/P1Y,1993-01-01,2014-01-01,Índice 1993=100,Índice de Precios Internos al por Mayor (IPIM). SERIE DISCONTINUADA,Subsecretaría de Programación Macroeconómica,Instituto Nacional de Estadística y Censos (INDEC),Precios
126.1_AD_1993_0_18,alimentos_diversos,Alimentos diversos n.c.e.p. índice anual IPIB,R/P1Y,1993-01-01,2014-01-01,Índice 1993=100,Índice de Precios Internos al por Mayor (IPIM). SERIE DISCONTINUADA,Subsecretaría de Programación Macroeconómica,Instituto Nacional de Estadística y Censos (INDEC),Precios
126.1_AEBAD_1993_0_46,alcohol_etilico_bebidas_alcoholicas_destiladas,Alcohol etílico y bebidas alcohólicas destiladas índice anual IPIB,R/P1Y,1993-01-01,2014-01-01,Índice 1993=100,Índice de Precios Internos al por Mayor (IPIM). SERIE DISCONTINUADA,Subsecretaría de Programación Macroeconómica,Instituto Nacional de Estadística y Censos (INDEC),Precios
126.1_AE_1993_0_23,acumuladores_electricos,Acumuladores eléctricos índice anual IPIB,R/P1Y,1993-01-01,2014-01-01,Índice 1993=100,Índice de Precios Internos al por Mayor (IPIM). SERIE DISCONTINUADA,Subsecretaría de Programación Macroeconómica,Instituto Nacional de Estadística y Censos (INDEC),Precios
126.1_AFA_1993_0_20,abonos_fertilizantes,Abonos y fertilizantes índice anual IPIB,R/P1Y,1993-01-01,2014-01-01,Índice 1993=100,Índice de Precios Internos al por Mayor (IPIM). SERIE DISCONTINUADA,Subsecretaría de Programación Macroeconómica,Instituto Nacional de Estadística y Censos (INDEC),Precios
126.1_AF_1993_0_23,abonos_fertilizantes_ii,Abonos y fertilizantes (7412) índice anual IPIB,R/P1Y,1993-01-01,2014-01-01,Índice 1993=100,Índice de Precios Internos al por Mayor (IPIM). SERIE DISCONTINUADA,Subsecretaría de Programación Macroeconómica,Instituto Nacional de Estadística y Censos (INDEC),Precios
126.1_AGRS_1993_0_39,aparatos_grabacion_reproduccion_sonidos,Aparatos de grabación y reproducción de sonidos índice anual IPIB,R/P1Y,1993-01-01,2014-01-01,Índice 1993=100,Índice de Precios Internos al por Mayor (IPIM). SERIE DISCONTINUADA,Subsecretaría de Programación Macroeconómica,Instituto Nacional de Estadística y Censos (INDEC),Precios
126.1_AGV_1993_0_24,aceites_grasas_vegetales,Aceites y grasas vegetales índice anual IPIB,R/P1Y,1993-01-01,2014-01-01,Índice 1993=100,Índice de Precios Internos al por Mayor (IPIM). SERIE DISCONTINUADA,Subsecretaría de Programación Macroeconómica,Instituto Nacional de Estadística y Censos (INDEC),Precios
126.1_AHCY_1993_0_31,articulos_hormigon_cemento_yeso,"Artículos de hormigón, de cemento y de yeso índice anual IPIB",R/P1Y,1993-01-01,2014-01-01,Índice 1993=100,Índice de Precios Internos al por Mayor (IPIM). SERIE DISCONTINUADA,Subsecretaría de Programación Macroeconómica,Instituto Nacional de Estadística y Censos (INDEC),Precios
126.1_AL_1993_0_18,articulos_libreria,Artículos de librería índice anual IPIB,R/P1Y,1993-01-01,2014-01-01,Índice 1993=100,Índice de Precios Internos al por Mayor (IPIM). SERIE DISCONTINUADA,Subsecretaría de Programación Macroeconómica,Instituto Nacional de Estadística y Censos (INDEC),Precios
126.1_AM_1993_0_16,armas_municiones,Armas y municiones índice anual IPIB,R/P1Y,1993-01-01,2014-01-01,Índice 1993=100,Índice de Precios Internos al por Mayor (IPIM). SERIE DISCONTINUADA,Subsecretaría de Programación Macroeconómica,Instituto Nacional de Estadística y Censos (INDEC),Precios
126.1_AM_1993_0_19,automotores_motores,Automotores y sus motores índice anual IPIB,R/P1Y,1993-01-01,2014-01-01,Índice 1993=100,Índice de Precios Internos al por Mayor (IPIM). SERIE DISCONTINUADA,Subsecretaría de Programación Macroeconómica,Instituto Nacional de Estadística y Censos (INDEC),Precios
126.1_AUD_1993_0_22,aparatos_uso_domestico,Aparatos de uso doméstico índice anual IPIB,R/P1Y,1993-01-01,2014-01-01,Índice 1993=100,Índice de Precios Internos al por Mayor (IPIM). SERIE DISCONTINUADA,Subsecretaría de Programación Macroeconómica,Instituto Nacional de Estadística y Censos (INDEC),Precios
126.1_A_1993_0_6,azucar,Azúcar índice anual IPIB,R/P1Y,1993-01-01,2014-01-01,Índice 1993=100,Índice de Precios Internos al por Mayor (IPIM). SERIE DISCONTINUADA,Subsecretaría de Programación Macroeconómica,Instituto Nacional de Estadística y Censos (INDEC),Precios
126.1_BAD_1993_0_30,bebidas_alcoholicas_destiladas,Bebidas alcohólicas destiladas índice anual IPIB,R/P1Y,1993-01-01,2014-01-01,Índice 1993=100,Índice de Precios Internos al por Mayor (IPIM). SERIE DISCONTINUADA,Subsecretaría de Programación Macroeconómica,Instituto Nacional de Estadística y Censos (INDEC),Precios
126.1_BC_1993_0_18,bombas_compresores,Bombas y compresores índice anual IPIB,R/P1Y,1993-01-01,2014-01-01,Índice 1993=100,Índice de Precios Internos al por Mayor (IPIM). SERIE DISCONTINUADA,Subsecretaría de Programación Macroeconómica,Instituto Nacional de Estadística y Censos (INDEC),Precios
126.1_BNA_1993_0_22,bebidas_no_alcoholicas,Bebidas no alcohólicas índice anual IPIB,R/P1Y,1993-01-01,2014-01-01,Índice 1993=100,Índice de Precios Internos al por Mayor (IPIM). SERIE DISCONTINUADA,Subsecretaría de Programación Macroeconómica,Instituto Nacional de Estadística y Censos (INDEC),Precios
126.1_CA_1993_0_8,calzados,Calzados índice anual IPIB,R/P1Y,1993-01-01,2014-01-01,Índice 1993=100,Índice de Precios Internos al por Mayor (IPIM). SERIE DISCONTINUADA,Subsecretaría de Programación Macroeconómica,Instituto Nacional de Estadística y Censos (INDEC),Precios
126.1_CC_1993_0_11,cemento_cal,Cemento y cal índice anual IPIB,R/P1Y,1993-01-01,2014-01-01,Índice 1993=100,Índice de Precios Internos al por Mayor (IPIM). SERIE DISCONTINUADA,Subsecretaría de Programación Macroeconómica,Instituto Nacional de Estadística y Censos (INDEC),Precios
126.1_CC_1993_0_15,cueros_curtidos,Cueros curtidos índice anual IPIB,R/P1Y,1993-01-01,2014-01-01,Índice 1993=100,Índice de Precios Internos al por Mayor (IPIM). SERIE DISCONTINUADA,Subsecretaría de Programación Macroeconómica,Instituto Nacional de Estadística y Censos (INDEC),Precios
126.1_CC_1993_0_16,cubiertas_caucho,Cubiertas de caucho índice anual IPIB,R/P1Y,1993-01-01,2014-01-01,Índice 1993=100,Índice de Precios Internos al por Mayor (IPIM). SERIE DISCONTINUADA,Subsecretaría de Programación Macroeconómica,Instituto Nacional de Estadística y Censos (INDEC),Precios
126.1_CE_1993_0_22,conductores_electricos,Conductores eléctricos índice anual IPIB,R/P1Y,1993-01-01,2014-01-01,Índice 1993=100,Índice de Precios Internos al por Mayor (IPIM). SERIE DISCONTINUADA,Subsecretaría de Programación Macroeconómica,Instituto Nacional de Estadística y Censos (INDEC),Precios
126.1_CE_1993_0_24,componentes_electronicos,Componentes electrónicos índice anual IPIB,R/P1Y,1993-01-01,2014-01-01,Índice 1993=100,Índice de Precios Internos al por Mayor (IPIM). SERIE DISCONTINUADA,Subsecretaría de Programación Macroeconómica,Instituto Nacional de Estadística y Censos (INDEC),Precios
126.1_CFHL_1993_0_37,conservas_frutas_hortalizas_legumbres,"Conservas de frutas, hortalizas y legumbres índice anual IPIB",R/P1Y,1993-01-01,2014-01-01,Índice 1993=100,Índice de Precios Internos al por Mayor (IPIM). SERIE DISCONTINUADA,Subsecretaría de Programación Macroeconómica,Instituto Nacional de Estadística y Censos (INDEC),Precios
126.1_CM_1993_0_18,carpinteria_madera,Carpintería de madera índice anual IPIB,R/P1Y,1993-01-01,2014-01-01,Índice 1993=100,Índice de Precios Internos al por Mayor (IPIM). SERIE DISCONTINUADA,Subsecretaría de Programación Macroeconómica,Instituto Nacional de Estadística y Censos (INDEC),Precios
126.1_CN_1993_0_17,cauchos_naturales,Cauchos naturales índice anual IPIB,R/P1Y,1993-01-01,2014-01-01,Índice 1993=100,Índice de Precios Internos al por Mayor (IPIM). SERIE DISCONTINUADA,Subsecretaría de Programación Macroeconómica,Instituto Nacional de Estadística y Censos (INDEC),Precios
126.1_CO_1993_0_20,cereales_oleaginosas,Cereales y oleaginosas índice anual IPIB,R/P1Y,1993-01-01,2014-01-01,Índice 1993=100,Índice de Precios Internos al por Mayor (IPIM). SERIE DISCONTINUADA,Subsecretaría de Programación Macroeconómica,Instituto Nacional de Estadística y Censos (INDEC),Precios
126.1_CP_1993_0_18,conservas_pescados,Conservas de pescados índice anual IPIB,R/P1Y,1993-01-01,2014-01-01,Índice 1993=100,Índice de Precios Internos al por Mayor (IPIM). SERIE DISCONTINUADA,Subsecretaría de Programación Macroeconómica,Instituto Nacional de Estadística y Censos (INDEC),Precios
126.1_CR_1993_0_21,carrocerias_remolques,Carrocerías y remolques índice anual IPIB,R/P1Y,1993-01-01,2014-01-01,Índice 1993=100,Índice de Precios Internos al por Mayor (IPIM). SERIE DISCONTINUADA,Subsecretaría de Programación Macroeconómica,Instituto Nacional de Estadística y Censos (INDEC),Precios
126.1_C_1993_0_8,cervezas,Cervezas índice anual IPIB,R/P1Y,1993-01-01,2014-01-01,Índice 1993=100,Índice de Precios Internos al por Mayor (IPIM). SERIE DISCONTINUADA,Subsecretaría de Programación Macroeconómica,Instituto Nacional de Estadística y Censos (INDEC),Precios
126.1_DR_1993_0_16,diarios_revistas,Diarios y revistas índice anual IPIB,R/P1Y,1993-01-01,2014-01-01,Índice 1993=100,Índice de Precios Internos al por Mayor (IPIM). SERIE DISCONTINUADA,Subsecretaría de Programación Macroeconómica,Instituto Nacional de Estadística y Censos (INDEC),Precios
126.1_EEM_1993_0_30,equipos_elevacion_manipulacion,Equipos de elevación y manipulación índice anual IPIB,R/P1Y,1993-01-01,2014-01-01,Índice 1993=100,Índice de Precios Internos al por Mayor (IPIM). SERIE DISCONTINUADA,Subsecretaría de Programación Macroeconómica,Instituto Nacional de Estadística y Censos (INDEC),Precios
126.1_EE_1993_0_17,energia_electrica,Energía eléctrica índice anual IPIB,R/P1Y,1993-01-01,2014-01-01,Índice 1993=100,Índice de Precios Internos al por Mayor (IPIM). SERIE DISCONTINUADA,Subsecretaría de Programación Macroeconómica,Instituto Nacional de Estadística y Censos (INDEC),Precios
126.1_EI_1993_0_19,equipos_iluminacion,Equipos de iluminación índice anual IPIB,R/P1Y,1993-01-01,2014-01-01,Índice 1993=100,Índice de Precios Internos al por Mayor (IPIM). SERIE DISCONTINUADA,Subsecretaría de Programación Macroeconómica,Instituto Nacional de Estadística y Censos (INDEC),Precios
126.1_EM_1993_0_16,equipos_medicina,Equipos para medicina índice anual IPIB,R/P1Y,1993-01-01,2014-01-01,Índice 1993=100,Índice de Precios Internos al por Mayor (IPIM). SERIE DISCONTINUADA,Subsecretaría de Programación Macroeconómica,Instituto Nacional de Estadística y Censos (INDEC),Precios
126.1_EPC_1993_0_20,envases_papel_carton,Envases de papel y cartón índice anual IPIB,R/P1Y,1993-01-01,2014-01-01,Índice 1993=100,Índice de Precios Internos al por Mayor (IPIM). SERIE DISCONTINUADA,Subsecretaría de Programación Macroeconómica,Instituto Nacional de Estadística y Censos (INDEC),Precios
126.1_ETV_1993_0_24,equipos_television_video,Equipos de televisión y video índice anual IPIB,R/P1Y,1993-01-01,2014-01-01,Índice 1993=100,Índice de Precios Internos al por Mayor (IPIM). SERIE DISCONTINUADA,Subsecretaría de Programación Macroeconómica,Instituto Nacional de Estadística y Censos (INDEC),Precios
126.1_FC_1993_0_12,frutas_cafes,Frutas y cafés índice anual IPIB,R/P1Y,1993-01-01,2014-01-01,Índice 1993=100,Índice de Precios Internos al por Mayor (IPIM). SERIE DISCONTINUADA,Subsecretaría de Programación Macroeconómica,Instituto Nacional de Estadística y Censos (INDEC),Precios
126.1_FHM_1993_0_29,fibras_hilados_manufacturados,Fibras e hilados manufacturados índice anual IPIB,R/P1Y,1993-01-01,2014-01-01,Índice 1993=100,Índice de Precios Internos al por Mayor (IPIM). SERIE DISCONTINUADA,Subsecretaría de Programación Macroeconómica,Instituto Nacional de Estadística y Censos (INDEC),Precios
126.1_FHTT_1993_0_31,fibras_hilados_tejidos_textiles,"Fibras, hilados y tejidos textiles índice anual IPIB",R/P1Y,1993-01-01,2014-01-01,Índice 1993=100,Índice de Precios Internos al por Mayor (IPIM). SERIE DISCONTINUADA,Subsecretaría de Programación Macroeconómica,Instituto Nacional de Estadística y Censos (INDEC),Precios
126.1_F_1993_0_6,frutas,Frutas índice anual IPIB,R/P1Y,1993-01-01,2014-01-01,Índice 1993=100,Índice de Precios Internos al por Mayor (IPIM). SERIE DISCONTINUADA,Subsecretaría de Programación Macroeconómica,Instituto Nacional de Estadística y Censos (INDEC),Precios
126.1_GNOPS_1993_0_44,gomas_naturales_otros_productos_silvicultura,Gomas naturales y otros productos de la silvicultura índice anual IPIB,R/P1Y,1993-01-01,2014-01-01,Índice 1993=100,Índice de Precios Internos al por Mayor (IPIM). SERIE DISCONTINUADA,Subsecretaría de Programación Macroeconómica,Instituto Nacional de Estadística y Censos (INDEC),Precios
126.1_GPPG_1993_0_31,ganado_porcino_productos_granja,Ganado porcino y productos de granja índice anual IPIB,R/P1Y,1993-01-01,2014-01-01,Índice 1993=100,Índice de Precios Internos al por Mayor (IPIM). SERIE DISCONTINUADA,Subsecretaría de Programación Macroeconómica,Instituto Nacional de Estadística y Censos (INDEC),Precios
126.1_GR_1993_0_26,grabaciones_reproducciones,Grabaciones y reproducciones índice anual IPIB,R/P1Y,1993-01-01,2014-01-01,Índice 1993=100,Índice de Precios Internos al por Mayor (IPIM). SERIE DISCONTINUADA,Subsecretaría de Programación Macroeconómica,Instituto Nacional de Estadística y Censos (INDEC),Precios
126.1_GVL_1993_0_19,ganado_vacuno_leche,Ganado vacuno y leche índice anual IPIB,R/P1Y,1993-01-01,2014-01-01,Índice 1993=100,Índice de Precios Internos al por Mayor (IPIM). SERIE DISCONTINUADA,Subsecretaría de Programación Macroeconómica,Instituto Nacional de Estadística y Censos (INDEC),Precios
126.1_GV_1993_0_17,generadores_vapor,Generadores de vapor índice anual IPIB,R/P1Y,1993-01-01,2014-01-01,Índice 1993=100,Índice de Precios Internos al por Mayor (IPIM). SERIE DISCONTINUADA,Subsecretaría de Programación Macroeconómica,Instituto Nacional de Estadística y Censos (INDEC),Precios
126.1_HAFB_1993_0_27,hierro_acero_formas_basicas,Hierro y acero en formas básicas índice anual IPIB,R/P1Y,1993-01-01,2014-01-01,Índice 1993=100,Índice de Precios Internos al por Mayor (IPIM). SERIE DISCONTINUADA,Subsecretaría de Programación Macroeconómica,Instituto Nacional de Estadística y Censos (INDEC),Precios
126.1_HAFB_1993_0_29,hierros_aceros_formas_basicas,Hierros y aceros en formas básicas índice anual IPIB,R/P1Y,1993-01-01,2014-01-01,Índice 1993=100,Índice de Precios Internos al por Mayor (IPIM). SERIE DISCONTINUADA,Subsecretaría de Programación Macroeconómica,Instituto Nacional de Estadística y Censos (INDEC),Precios
126.1_HL_1993_0_20,hortalizas_legumbres,Hortalizas y legumbres índice anual IPIB,R/P1Y,1993-01-01,2014-01-01,Índice 1993=100,Índice de Precios Internos al por Mayor (IPIM). SERIE DISCONTINUADA,Subsecretaría de Programación Macroeconómica,Instituto Nacional de Estadística y Censos (INDEC),Precios
126.1_HMAF_1993_0_38,herramientas_mano_articulos_ferreteria,Herramientas de mano y artículos de ferretería índice anual IPIB,R/P1Y,1993-01-01,2014-01-01,Índice 1993=100,Índice de Precios Internos al por Mayor (IPIM). SERIE DISCONTINUADA,Subsecretaría de Programación Macroeconómica,Instituto Nacional de Estadística y Censos (INDEC),Precios
126.1_H_1993_0_7,harinas,Harinas índice anual IPIB,R/P1Y,1993-01-01,2014-01-01,Índice 1993=100,Índice de Precios Internos al por Mayor (IPIM). SERIE DISCONTINUADA,Subsecretaría de Programación Macroeconómica,Instituto Nacional de Estadística y Censos (INDEC),Precios
126.1_IMSD_1993_0_45,instrumentos_medicion_servicios_domiciliarios,Instrumentos de medición de servicios domiciliarios índice anual IPIB,R/P1Y,1993-01-01,2014-01-01,Índice 1993=100,Índice de Precios Internos al por Mayor (IPIM). SERIE DISCONTINUADA,Subsecretaría de Programación Macroeconómica,Instituto Nacional de Estadística y Censos (INDEC),Precios
126.1_IPA_1993_0_27,insecticidas_plaguicidas_ii,Insecticidas y plaguicidas II índice anual IPIB,R/P1Y,1993-01-01,2014-01-01,Índice 1993=100,Índice de Precios Internos al por Mayor (IPIM). SERIE DISCONTINUADA,Subsecretaría de Programación Macroeconómica,Instituto Nacional de Estadística y Censos (INDEC),Precios
126.1_IP_1993_0_24,insecticidas_plaguicidas,Insecticidas y plaguicidas índice anual IPIB,R/P1Y,1993-01-01,2014-01-01,Índice 1993=100,Índice de Precios Internos al por Mayor (IPIM). SERIE DISCONTINUADA,Subsecretaría de Programación Macroeconómica,Instituto Nacional de Estadística y Censos (INDEC),Precios
126.1_JD_1993_0_19,jabones_detergentes,Jabones y detergentes índice anual IPIB,R/P1Y,1993-01-01,2014-01-01,Índice 1993=100,Índice de Precios Internos al por Mayor (IPIM). SERIE DISCONTINUADA,Subsecretaría de Programación Macroeconómica,Instituto Nacional de Estadística y Censos (INDEC),Precios
126.1_MAA_1993_0_19,maderas_aserradas_m,"Maderas aserradas, índice anual IPIB",R/P1Y,1993-01-01,2014-01-01,Índice 1993=100,Índice de Precios Internos al por Mayor (IPIM). SERIE DISCONTINUADA,Subsecretaría de Programación Macroeconómica,Instituto Nacional de Estadística y Censos (INDEC),Precios
126.1_MA_1993_0_17,maderas_aserradas,Maderas aserradas índice anual IPIB,R/P1Y,1993-01-01,2014-01-01,Índice 1993=100,Índice de Precios Internos al por Mayor (IPIM). SERIE DISCONTINUADA,Subsecretaría de Programación Macroeconómica,Instituto Nacional de Estadística y Censos (INDEC),Precios
126.1_MA_1993_0_18,maquinas_agricolas,Máquinas agrícolas índice anual IPIB,R/P1Y,1993-01-01,2014-01-01,Índice 1993=100,Índice de Precios Internos al por Mayor (IPIM). SERIE DISCONTINUADA,Subsecretaría de Programación Macroeconómica,Instituto Nacional de Estadística y Censos (INDEC),Precios
126.1_MC_1993_0_17,muebles_colchones,Muebles y colchones índice anual IPIB,R/P1Y,1993-01-01,2014-01-01,Índice 1993=100,Índice de Precios Internos al por Mayor (IPIM). SERIE DISCONTINUADA,Subsecretaría de Programación Macroeconómica,Instituto Nacional de Estadística y Censos (INDEC),Precios
126.1_MEEA_1993_0_37,motores_explosion_excepto_automotores,Motores a explosión excepto para automotores índice anual IPIB,R/P1Y,1993-01-01,2014-01-01,Índice 1993=100,Índice de Precios Internos al por Mayor (IPIM). SERIE DISCONTINUADA,Subsecretaría de Programación Macroeconómica,Instituto Nacional de Estadística y Censos (INDEC),Precios
126.1_MEPAB_1993_0_52,maquinas_elaboracion_procesamiento_alimentos_bebidas,Máquinas para la elaboración o procesamiento de alimentos y bebidas índice anual IPIB,R/P1Y,1993-01-01,2014-01-01,Índice 1993=100,Índice de Precios Internos al por Mayor (IPIM). SERIE DISCONTINUADA,Subsecretaría de Programación Macroeconómica,Instituto Nacional de Estadística y Censos (INDEC),Precios
126.1_MGTE_1993_0_46,motores_generadores_transformadores_electricos,"Motores, generadores y transformadores eléctricos índice anual IPIB",R/P1Y,1993-01-01,2014-01-01,Índice 1993=100,Índice de Precios Internos al por Mayor (IPIM). SERIE DISCONTINUADA,Subsecretaría de Programación Macroeconómica,Instituto Nacional de Estadística y Censos (INDEC),Precios
126.1_MHA_1993_0_24,maquinas_herramientas_ii,Máquinas herramientas (ii) índice anual IPIB,R/P1Y,1993-01-01,2014-01-01,Índice 1993=100,Índice de Precios Internos al por Mayor (IPIM). SERIE DISCONTINUADA,Subsecretaría de Programación Macroeconómica,Instituto Nacional de Estadística y Censos (INDEC),Precios
126.1_MH_1993_0_21,maquinas_herramientas,Máquinas herramientas índice anual IPIB,R/P1Y,1993-01-01,2014-01-01,Índice 1993=100,Índice de Precios Internos al por Mayor (IPIM). SERIE DISCONTINUADA,Subsecretaría de Programación Macroeconómica,Instituto Nacional de Estadística y Censos (INDEC),Precios
126.1_MIEOC_1993_0_48,maquinas_industria_extractiva_obras_construccion,Máquinas para la industria extractiva y obras de construcción índice anual IPIB,R/P1Y,1993-01-01,2014-01-01,Índice 1993=100,Índice de Precios Internos al por Mayor (IPIM). SERIE DISCONTINUADA,Subsecretaría de Programación Macroeconómica,Instituto Nacional de Estadística y Censos (INDEC),Precios
126.1_MLI_1993_0_31,maquinas_lavaderos_industriales,Máquinas para lavaderos industriales índice anual IPIB,R/P1Y,1993-01-01,2014-01-01,Índice 1993=100,Índice de Precios Internos al por Mayor (IPIM). SERIE DISCONTINUADA,Subsecretaría de Programación Macroeconómica,Instituto Nacional de Estadística y Censos (INDEC),Precios
126.1_MNFFBA_1993_0_39,minerales_no_ferrosos_formas_basicas_ii,Minerales no ferrosos en formas básicas (ii) índice anual IPIB,R/P1Y,1993-01-01,2014-01-01,Índice 1993=100,Índice de Precios Internos al por Mayor (IPIM). SERIE DISCONTINUADA,Subsecretaría de Programación Macroeconómica,Instituto Nacional de Estadística y Censos (INDEC),Precios
126.1_MNFFB_1993_0_36,minerales_no_ferrosos_formas_basicas,Minerales no ferrosos en formas básicas índice anual IPIB,R/P1Y,1993-01-01,2014-01-01,Índice 1993=100,Índice de Precios Internos al por Mayor (IPIM). SERIE DISCONTINUADA,Subsecretaría de Programación Macroeconómica,Instituto Nacional de Estadística y Censos (INDEC),Precios
126.1_MOI_1993_0_28,maquinas_oficina_informatica,Máquinas de oficina e informática índice anual IPIB,R/P1Y,1993-01-01,2014-01-01,Índice 1993=100,Índice de Precios Internos al por Mayor (IPIM). SERIE DISCONTINUADA,Subsecretaría de Programación Macroeconómica,Instituto Nacional de Estadística y Censos (INDEC),Precios
126.1_MUEIMA_1993_0_56,maquinas_uso_especial_industria_manufacturera_accesorios,Máquinas de uso especial en la industria manufacturera y sus accesorios índice anual IPIB,R/P1Y,1993-01-01,2014-01-01,Índice 1993=100,Índice de Precios Internos al por Mayor (IPIM). SERIE DISCONTINUADA,Subsecretaría de Programación Macroeconómica,Instituto Nacional de Estadística y Censos (INDEC),Precios
126.1_MUGPP_1993_0_34,maquinas_uso_general_piezas_partes,Máquinas de uso general y sus piezas y partes índice anual IPIB,R/P1Y,1993-01-01,2014-01-01,Índice 1993=100,Índice de Precios Internos al por Mayor (IPIM). SERIE DISCONTINUADA,Subsecretaría de Programación Macroeconómica,Instituto Nacional de Estadística y Censos (INDEC),Precios
126.1_M_1993_0_12,motocicletas,Motocicletas índice anual IPIB,R/P1Y,1993-01-01,2014-01-01,Índice 1993=100,Índice de Precios Internos al por Mayor (IPIM). SERIE DISCONTINUADA,Subsecretaría de Programación Macroeconómica,Instituto Nacional de Estadística y Censos (INDEC),Precios
126.1_OAMNMA_1993_0_44,otros_articulos_minerales_no_metaliferos_iii,Otros artículos de minerales no metalíferos n.c.e.p. índice anual IPIB,R/P1Y,1993-01-01,2014-01-01,Índice 1993=100,Índice de Precios Internos al por Mayor (IPIM). SERIE DISCONTINUADA,Subsecretaría de Programación Macroeconómica,Instituto Nacional de Estadística y Censos (INDEC),Precios
126.1_OAMNM_1993_0_40,otros_articulos_minerales_no_metaliferos,Otros artículos de minerales no metalíferos n.c.e.p.; índice anual IPIB,R/P1Y,1993-01-01,2014-01-01,Índice 1993=100,Índice de Precios Internos al por Mayor (IPIM). SERIE DISCONTINUADA,Subsecretaría de Programación Macroeconómica,Instituto Nacional de Estadística y Censos (INDEC),Precios
126.1_OAPC_1993_0_28,otros_articulos_papel_carton,Otros artículos de papel y cartón índice anual IPIB,R/P1Y,1993-01-01,2014-01-01,Índice 1993=100,Índice de Precios Internos al por Mayor (IPIM). SERIE DISCONTINUADA,Subsecretaría de Programación Macroeconómica,Instituto Nacional de Estadística y Censos (INDEC),Precios
126.1_OEE_1993_0_24,otros_equipos_electricos,Otros equipos eléctricos n.c.e.p. índice anual IPIB,R/P1Y,1993-01-01,2014-01-01,Índice 1993=100,Índice de Precios Internos al por Mayor (IPIM). SERIE DISCONTINUADA,Subsecretaría de Programación Macroeconómica,Instituto Nacional de Estadística y Censos (INDEC),Precios
126.1_OMT_1993_0_23,otros_medios_transporte,Otros medios de transporte índice anual IPIB,R/P1Y,1993-01-01,2014-01-01,Índice 1993=100,Índice de Precios Internos al por Mayor (IPIM). SERIE DISCONTINUADA,Subsecretaría de Programación Macroeconómica,Instituto Nacional de Estadística y Censos (INDEC),Precios
126.1_OMUG_1993_0_27,otra_maquinaria_uso_general,Otra maquinaria de uso general índice anual IPIB,R/P1Y,1993-01-01,2014-01-01,Índice 1993=100,Índice de Precios Internos al por Mayor (IPIM). SERIE DISCONTINUADA,Subsecretaría de Programación Macroeconómica,Instituto Nacional de Estadística y Censos (INDEC),Precios
126.1_OPA_1993_0_28,otros_productos_alimenticios,Otros productos alimenticios n.c.e.p. índice anual IPIB,R/P1Y,1993-01-01,2014-01-01,Índice 1993=100,Índice de Precios Internos al por Mayor (IPIM). SERIE DISCONTINUADA,Subsecretaría de Programación Macroeconómica,Instituto Nacional de Estadística y Censos (INDEC),Precios
126.1_OPC_1993_0_22,otros_productos_caucho,Otros productos de caucho índice anual IPIB,R/P1Y,1993-01-01,2014-01-01,Índice 1993=100,Índice de Precios Internos al por Mayor (IPIM). SERIE DISCONTINUADA,Subsecretaría de Programación Macroeconómica,Instituto Nacional de Estadística y Censos (INDEC),Precios
126.1_OPM_1993_0_25,otros_productos_metalicos,Otros productos metálicos n.c.e.p. índice anual IPIB,R/P1Y,1993-01-01,2014-01-01,Índice 1993=100,Índice de Precios Internos al por Mayor (IPIM). SERIE DISCONTINUADA,Subsecretaría de Programación Macroeconómica,Instituto Nacional de Estadística y Censos (INDEC),Precios
126.1_OPM_1993_0_30,otros_productos_manufacturados,Otros productos manufacturados n.c.e.p. índice anual IPIB,R/P1Y,1993-01-01,2014-01-01,Índice 1993=100,Índice de Precios Internos al por Mayor (IPIM). SERIE DISCONTINUADA,Subsecretaría de Programación Macroeconómica,Instituto Nacional de Estadística y Censos (INDEC),Precios
126.1_OPQA_1993_0_27,otros_productos_quimicos_ii,Otros productos químicos II índice anual IPIB,R/P1Y,1993-01-01,2014-01-01,Índice 1993=100,Índice de Precios Internos al por Mayor (IPIM). SERIE DISCONTINUADA,Subsecretaría de Programación Macroeconómica,Instituto Nacional de Estadística y Censos (INDEC),Precios
126.1_OPQ_1993_0_24,otros_productos_quimicos,Otros productos químicos índice anual IPIB,R/P1Y,1993-01-01,2014-01-01,Índice 1993=100,Índice de Precios Internos al por Mayor (IPIM). SERIE DISCONTINUADA,Subsecretaría de Programación Macroeconómica,Instituto Nacional de Estadística y Censos (INDEC),Precios
126.1_PAA_1993_0_23,piedras_arenas_arcillas,"Piedras, arenas y arcillas índice anual IPIB",R/P1Y,1993-01-01,2014-01-01,Índice 1993=100,Índice de Precios Internos al por Mayor (IPIM). SERIE DISCONTINUADA,Subsecretaría de Programación Macroeconómica,Instituto Nacional de Estadística y Censos (INDEC),Precios
126.1_PACNR_1993_0_41,productos_arcilla_ceramica_no_refractaria,Productos de arcilla y cerámica no refractaria para uso estructural índice anual IPIB,R/P1Y,1993-01-01,2014-01-01,Índice 1993=100,Índice de Precios Internos al por Mayor (IPIM). SERIE DISCONTINUADA,Subsecretaría de Programación Macroeconómica,Instituto Nacional de Estadística y Censos (INDEC),Precios
126.1_PBETI_1993_0_42,pinturas_barnices_enduidos_tintas_imprenta,"Pinturas, barnices, enduídos y tintas de imprenta índice anual IPIB",R/P1Y,1993-01-01,2014-01-01,Índice 1993=100,Índice de Precios Internos al por Mayor (IPIM). SERIE DISCONTINUADA,Subsecretaría de Programación Macroeconómica,Instituto Nacional de Estadística y Censos (INDEC),Precios
126.1_PCGN_1993_0_26,petroleo_crudo_gas_natural,Petróleo crudo y gas natural índice anual IPIB,R/P1Y,1993-01-01,2014-01-01,Índice 1993=100,Índice de Precios Internos al por Mayor (IPIM). SERIE DISCONTINUADA,Subsecretaría de Programación Macroeconómica,Instituto Nacional de Estadística y Censos (INDEC),Precios
126.1_PCG_1993_0_29,productos_chocolate_golosinas,Productos de chocolate y golosinas índice anual IPIB,R/P1Y,1993-01-01,2014-01-01,Índice 1993=100,Índice de Precios Internos al por Mayor (IPIM). SERIE DISCONTINUADA,Subsecretaría de Programación Macroeconómica,Instituto Nacional de Estadística y Censos (INDEC),Precios
126.1_PCNR_1993_0_33,productos_ceramica_no_refractaria,Productos de cerámica no refractaria para uso no estructural índice anual IPIB,R/P1Y,1993-01-01,2014-01-01,Índice 1993=100,Índice de Precios Internos al por Mayor (IPIM). SERIE DISCONTINUADA,Subsecretaría de Programación Macroeconómica,Instituto Nacional de Estadística y Censos (INDEC),Precios
126.1_PCR_1993_0_30,productos_ceramica_refractaria,Productos de cerámica refractaria índice anual IPIB,R/P1Y,1993-01-01,2014-01-01,Índice 1993=100,Índice de Precios Internos al por Mayor (IPIM). SERIE DISCONTINUADA,Subsecretaría de Programación Macroeconómica,Instituto Nacional de Estadística y Censos (INDEC),Precios
126.1_PC_1993_0_18,productos_carnicos,Productos cárnicos índice anual IPIB,R/P1Y,1993-01-01,2014-01-01,Índice 1993=100,Índice de Precios Internos al por Mayor (IPIM). SERIE DISCONTINUADA,Subsecretaría de Programación Macroeconómica,Instituto Nacional de Estadística y Censos (INDEC),Precios
126.1_PDA_1993_0_27,productos_derivados_almidon,Productos derivados del almidón índice anual IPIB,R/P1Y,1993-01-01,2014-01-01,Índice 1993=100,Índice de Precios Internos al por Mayor (IPIM). SERIE DISCONTINUADA,Subsecretaría de Programación Macroeconómica,Instituto Nacional de Estadística y Censos (INDEC),Precios
126.1_PFM_1993_0_26,productos_fundidos_metales,Productos fundidos de metales índice anual IPIB,R/P1Y,1993-01-01,2014-01-01,Índice 1993=100,Índice de Precios Internos al por Mayor (IPIM). SERIE DISCONTINUADA,Subsecretaría de Programación Macroeconómica,Instituto Nacional de Estadística y Censos (INDEC),Precios
126.1_PFVA_1993_0_39,productos_farmaceuticos_veterinarios_ii,"Productos farmacéuticos y veterinarios, índice anual IPIB",R/P1Y,1993-01-01,2014-01-01,Índice 1993=100,Índice de Precios Internos al por Mayor (IPIM). SERIE DISCONTINUADA,Subsecretaría de Programación Macroeconómica,Instituto Nacional de Estadística y Censos (INDEC),Precios
126.1_PFV_1993_0_36,productos_farmaceuticos_veterinarios,Productos farmacéuticos y veterinarios índice anual IPIB,R/P1Y,1993-01-01,2014-01-01,Índice 1993=100,Índice de Precios Internos al por Mayor (IPIM). SERIE DISCONTINUADA,Subsecretaría de Programación Macroeconómica,Instituto Nacional de Estadística y Censos (INDEC),Precios
126.1_PF_1993_0_20,productos_farinaceos,Productos farináceos índice anual IPIB,R/P1Y,1993-01-01,2014-01-01,Índice 1993=100,Índice de Precios Internos al por Mayor (IPIM). SERIE DISCONTINUADA,Subsecretaría de Programación Macroeconómica,Instituto Nacional de Estadística y Censos (INDEC),Precios
126.1_PL_1993_0_17,productos_lacteos,Productos lácteos índice anual IPIB,R/P1Y,1993-01-01,2014-01-01,Índice 1993=100,Índice de Precios Internos al por Mayor (IPIM). SERIE DISCONTINUADA,Subsecretaría de Programación Macroeconómica,Instituto Nacional de Estadística y Censos (INDEC),Precios
126.1_PMFASQ_1993_0_58,productos_minerales_fabricacion_abonos_sustancias_quimicas,Productos minerales para la fabricación de abonos y sustancias químicas índice anual IPIB,R/P1Y,1993-01-01,2014-01-01,Índice 1993=100,Índice de Precios Internos al por Mayor (IPIM). SERIE DISCONTINUADA,Subsecretaría de Programación Macroeconómica,Instituto Nacional de Estadística y Censos (INDEC),Precios
126.1_PMT_1993_0_27,prendas_materiales_textiles,Prendas de materiales textiles índice anual IPIB,R/P1Y,1993-01-01,2014-01-01,Índice 1993=100,Índice de Precios Internos al por Mayor (IPIM). SERIE DISCONTINUADA,Subsecretaría de Programación Macroeconómica,Instituto Nacional de Estadística y Censos (INDEC),Precios
126.1_PMUE_1993_0_35,productos_metalicos_uso_estructural,Productos metálicos para uso estructural índice anual IPIB,R/P1Y,1993-01-01,2014-01-01,Índice 1993=100,Índice de Precios Internos al por Mayor (IPIM). SERIE DISCONTINUADA,Subsecretaría de Programación Macroeconómica,Instituto Nacional de Estadística y Censos (INDEC),Precios
126.1_PPA_1993_0_19,productos_panaderia,Productos de panadería índice anual IPIB,R/P1Y,1993-01-01,2014-01-01,Índice 1993=100,Índice de Precios Internos al por Mayor (IPIM). SERIE DISCONTINUADA,Subsecretaría de Programación Macroeconómica,Instituto Nacional de Estadística y Censos (INDEC),Precios
126.1_PPEM_1993_0_34,productos_plastico_excepto_muebles,Productos de plástico excepto muebles índice anual IPIB,R/P1Y,1993-01-01,2014-01-01,Índice 1993=100,Índice de Precios Internos al por Mayor (IPIM). SERIE DISCONTINUADA,Subsecretaría de Programación Macroeconómica,Instituto Nacional de Estadística y Censos (INDEC),Precios
126.1_PPP_1993_0_23,papeles_productos_papel,Papeles y productos de papel índice anual IPIB,R/P1Y,1993-01-01,2014-01-01,Índice 1993=100,Índice de Precios Internos al por Mayor (IPIM). SERIE DISCONTINUADA,Subsecretaría de Programación Macroeconómica,Instituto Nacional de Estadística y Censos (INDEC),Precios
126.1_PP_1993_0_19,productos_pesqueros,Productos pesqueros índice anual IPIB,R/P1Y,1993-01-01,2014-01-01,Índice 1993=100,Índice de Precios Internos al por Mayor (IPIM). SERIE DISCONTINUADA,Subsecretaría de Programación Macroeconómica,Instituto Nacional de Estadística y Censos (INDEC),Precios
126.1_PRP_1993_0_28,productos_refinados_petroleo,Productos refinados de petróleo índice anual IPIB,R/P1Y,1993-01-01,2014-01-01,Índice 1993=100,Índice de Precios Internos al por Mayor (IPIM). SERIE DISCONTINUADA,Subsecretaría de Programación Macroeconómica,Instituto Nacional de Estadística y Censos (INDEC),Precios
126.1_P_1993_0_7,papeles,Papeles índice anual IPIB,R/P1Y,1993-01-01,2014-01-01,Índice 1993=100,Índice de Precios Internos al por Mayor (IPIM). SERIE DISCONTINUADA,Subsecretaría de Programación Macroeconómica,Instituto Nacional de Estadística y Censos (INDEC),Precios
126.1_RA_1993_0_21,repuestos_automotores,Repuestos para automotores índice anual IPIB,R/P1Y,1993-01-01,2014-01-01,Índice 1993=100,Índice de Precios Internos al por Mayor (IPIM). SERIE DISCONTINUADA,Subsecretaría de Programación Macroeconómica,Instituto Nacional de Estadística y Censos (INDEC),Precios
126.1_RCM_1993_0_20,ropa_cama_manteleria,Ropa de cama y mantelería índice anual IPIB,R/P1Y,1993-01-01,2014-01-01,Índice 1993=100,Índice de Precios Internos al por Mayor (IPIM). SERIE DISCONTINUADA,Subsecretaría de Programación Macroeconómica,Instituto Nacional de Estadística y Censos (INDEC),Precios
126.1_R_1993_0_11,rodamientos,Rodamientos índice anual IPIB,R/P1Y,1993-01-01,2014-01-01,Índice 1993=100,Índice de Precios Internos al por Mayor (IPIM). SERIE DISCONTINUADA,Subsecretaría de Programación Macroeconómica,Instituto Nacional de Estadística y Censos (INDEC),Precios
126.1_SPEA_1993_0_35,sustancias_plasticas_elastomeros_ii,Sustancias plásticas y elastómeros II índice anual IPIB,R/P1Y,1993-01-01,2014-01-01,Índice 1993=100,Índice de Precios Internos al por Mayor (IPIM). SERIE DISCONTINUADA,Subsecretaría de Programación Macroeconómica,Instituto Nacional de Estadística y Censos (INDEC),Precios
126.1_SPE_1993_0_32,sustancias_plasticas_elastomeros,Sustancias plásticas y elastómeros índice anual IPIB,R/P1Y,1993-01-01,2014-01-01,Índice 1993=100,Índice de Precios Internos al por Mayor (IPIM). SERIE DISCONTINUADA,Subsecretaría de Programación Macroeconómica,Instituto Nacional de Estadística y Censos (INDEC),Precios
126.1_SQBA_1993_0_30,sustancias_quimicas_basicas_ii,Sustancias químicas básicas (7411) índice anual IPIB,R/P1Y,1993-01-01,2014-01-01,Índice 1993=100,Índice de Precios Internos al por Mayor (IPIM). SERIE DISCONTINUADA,Subsecretaría de Programación Macroeconómica,Instituto Nacional de Estadística y Censos (INDEC),Precios
126.1_SQB_1993_0_27,sustancias_quimicas_basicas,Sustancias químicas básicas índice anual IPIB,R/P1Y,1993-01-01,2014-01-01,Índice 1993=100,Índice de Precios Internos al por Mayor (IPIM). SERIE DISCONTINUADA,Subsecretaría de Programación Macroeconómica,Instituto Nacional de Estadística y Censos (INDEC),Precios
126.1_TAP_1993_0_23,tejidos_articulos_punto,Tejidos y artículos de punto índice anual IPIB,R/P1Y,1993-01-01,2014-01-01,Índice 1993=100,Índice de Precios Internos al por Mayor (IPIM). SERIE DISCONTINUADA,Subsecretaría de Programación Macroeconómica,Instituto Nacional de Estadística y Censos (INDEC),Precios
126.1_TPM_1993_0_23,tableros_paneles_madera,Tableros y paneles de madera índice anual IPIB,R/P1Y,1993-01-01,2014-01-01,Índice 1993=100,Índice de Precios Internos al por Mayor (IPIM). SERIE DISCONTINUADA,Subsecretaría de Programación Macroeconómica,Instituto Nacional de Estadística y Censos (INDEC),Precios
126.1_T_1993_0_7,tabacos,Tabacos índice anual IPIB,R/P1Y,1993-01-01,2014-01-01,Índice 1993=100,Índice de Precios Internos al por Mayor (IPIM). SERIE DISCONTINUADA,Subsecretaría de Programación Macroeconómica,Instituto Nacional de Estadística y Censos (INDEC),Precios
126.1_VAM_1993_0_31,valijas_articulos_marroquineria,Valijas y artículos de marroquinería índice anual IPIB,R/P1Y,1993-01-01,2014-01-01,Índice 1993=100,Índice de Precios Internos al por Mayor (IPIM). SERIE DISCONTINUADA,Subsecretaría de Programación Macroeconómica,Instituto Nacional de Estadística y Censos (INDEC),Precios
126.1_VPV_1993_0_23,vidrio_productos_vidrio,Vidrio y productos de vidrio índice anual IPIB,R/P1Y,1993-01-01,2014-01-01,Índice 1993=100,Índice de Precios Internos al por Mayor (IPIM). SERIE DISCONTINUADA,Subsecretaría de Programación Macroeconómica,Instituto Nacional de Estadística y Censos (INDEC),Precios
126.1_VS_1993_0_11,vinos_sidra,Vinos y sidra índice anual IPIB,R/P1Y,1993-01-01,2014-01-01,Índice 1993=100,Índice de Precios Internos al por Mayor (IPIM). SERIE DISCONTINUADA,Subsecretaría de Programación Macroeconómica,Instituto Nacional de Estadística y Censos (INDEC),Precios
126.2_AB_1993_0_23,alimentos_balanceados_m,Alimentos balanceados índice mensual IPIM,R/P1M,1993-01-01,2015-10-01,Índice 1993=100,Índice de Precios Internos al por Mayor (IPIM). SERIE DISCONTINUADA,Subsecretaría de Programación Macroeconómica,Instituto Nacional de Estadística y Censos (INDEC),Precios
126.2_ADCEA_1993_0_44,aparatos_distribucion_control_electrico_ii_m,Aparatos de distribución y control eléctrico (ii) índice mensual IPIM,R/P1M,1993-01-01,2015-10-01,Índice 1993=100,Índice de Precios Internos al por Mayor (IPIM). SERIE DISCONTINUADA,Subsecretaría de Programación Macroeconómica,Instituto Nacional de Estadística y Censos (INDEC),Precios
126.2_ADCE_1993_0_41,aparatos_distribucion_control_electrico_m,Aparatos de distribución y control eléctrico índice mensual IPIM,R/P1M,1993-01-01,2015-10-01,Índice 1993=100,Índice de Precios Internos al por Mayor (IPIM). SERIE DISCONTINUADA,Subsecretaría de Programación Macroeconómica,Instituto Nacional de Estadística y Censos (INDEC),Precios
126.2_AD_1993_0_20,alimentos_diversos_m,Alimentos diversos n.c.e.p. índice mensual IPIM,R/P1M,1993-01-01,2015-10-01,Índice 1993=100,Índice de Precios Internos al por Mayor (IPIM). SERIE DISCONTINUADA,Subsecretaría de Programación Macroeconómica,Instituto Nacional de Estadística y Censos (INDEC),Precios
126.2_AEBAD_1993_0_48,alcohol_etilico_bebidas_alcoholicas_destiladas_m,Alcohol etílico y bebidas alcohólicas destiladas índice mensual IPIM,R/P1M,1993-01-01,2015-10-01,Índice 1993=100,Índice de Precios Internos al por Mayor (IPIM). SERIE DISCONTINUADA,Subsecretaría de Programación Macroeconómica,Instituto Nacional de Estadística y Censos (INDEC),Precios
126.2_AE_1993_0_25,acumuladores_electricos_m,Acumuladores eléctricos índice mensual IPIM,R/P1M,1993-01-01,2015-10-01,Índice 1993=100,Índice de Precios Internos al por Mayor (IPIM). SERIE DISCONTINUADA,Subsecretaría de Programación Macroeconómica,Instituto Nacional de Estadística y Censos (INDEC),Precios
126.2_AFA_1993_0_25,abonos_fertilizantes_ii_m,Abonos y fertilizantes (ii) índice mensual IPIM,R/P1M,1993-01-01,2015-10-01,Índice 1993=100,Índice de Precios Internos al por Mayor (IPIM). SERIE DISCONTINUADA,Subsecretaría de Programación Macroeconómica,Instituto Nacional de Estadística y Censos (INDEC),Precios
126.2_AF_1993_0_22,abonos_fertilizantes_m,Abonos y fertilizantes índice mensual IPIM,R/P1M,1993-01-01,2015-10-01,Índice 1993=100,Índice de Precios Internos al por Mayor (IPIM). SERIE DISCONTINUADA,Subsecretaría de Programación Macroeconómica,Instituto Nacional de Estadística y Censos (INDEC),Precios
126.2_AGRS_1993_0_41,aparatos_grabacion_reproduccion_sonidos_m,Aparatos de grabación y reproducción de sonidos índice mensual IPIM,R/P1M,1993-01-01,2015-10-01,Índice 1993=100,Índice de Precios Internos al por Mayor (IPIM). SERIE DISCONTINUADA,Subsecretaría de Programación Macroeconómica,Instituto Nacional de Estadística y Censos (INDEC),Precios
126.2_AGV_1993_0_26,aceites_grasas_vegetales_m,Aceites y grasas vegetales índice mensual IPIM,R/P1M,1993-01-01,2015-10-01,Índice 1993=100,Índice de Precios Internos al por Mayor (IPIM). SERIE DISCONTINUADA,Subsecretaría de Programación Macroeconómica,Instituto Nacional de Estadística y Censos (INDEC),Precios
126.2_AHCY_1993_0_33,articulos_hormigon_cemento_yeso_m,"Artículos de hormigón, de cemento y de yeso índice mensual IPIM",R/P1M,1993-01-01,2015-10-01,Índice 1993=100,Índice de Precios Internos al por Mayor (IPIM). SERIE DISCONTINUADA,Subsecretaría de Programación Macroeconómica,Instituto Nacional de Estadística y Censos (INDEC),Precios
126.2_AL_1993_0_20,articulos_libreria_m,Artículos de librería índice mensual IPIM,R/P1M,1993-01-01,2015-10-01,Índice 1993=100,Índice de Precios Internos al por Mayor (IPIM). SERIE DISCONTINUADA,Subsecretaría de Programación Macroeconómica,Instituto Nacional de Estadística y Censos (INDEC),Precios
126.2_AM_1993_0_18,armas_municiones_m,Armas y municiones índice mensual IPIM,R/P1M,1993-01-01,2015-10-01,Índice 1993=100,Índice de Precios Internos al por Mayor (IPIM). SERIE DISCONTINUADA,Subsecretaría de Programación Macroeconómica,Instituto Nacional de Estadística y Censos (INDEC),Precios
126.2_AM_1993_0_21,automotores_motores_m,Automotores y sus motores índice mensual IPIM,R/P1M,1993-01-01,2015-10-01,Índice 1993=100,Índice de Precios Internos al por Mayor (IPIM). SERIE DISCONTINUADA,Subsecretaría de Programación Macroeconómica,Instituto Nacional de Estadística y Censos (INDEC),Precios
126.2_AUD_1993_0_24,aparatos_uso_domestico_m,Aparatos de uso doméstico índice mensual IPIM,R/P1M,1993-01-01,2015-10-01,Índice 1993=100,Índice de Precios Internos al por Mayor (IPIM). SERIE DISCONTINUADA,Subsecretaría de Programación Macroeconómica,Instituto Nacional de Estadística y Censos (INDEC),Precios
126.2_A_1993_0_8,azucar_m,Azúcar índice mensual IPIM,R/P1M,1993-01-01,2015-10-01,Índice 1993=100,Índice de Precios Internos al por Mayor (IPIM). SERIE DISCONTINUADA,Subsecretaría de Programación Macroeconómica,Instituto Nacional de Estadística y Censos (INDEC),Precios
126.2_BAD_1993_0_32,bebidas_alcoholicas_destiladas_m,Bebidas alcohólicas destiladas índice mensual IPIM,R/P1M,1993-01-01,2015-10-01,Índice 1993=100,Índice de Precios Internos al por Mayor (IPIM). SERIE DISCONTINUADA,Subsecretaría de Programación Macroeconómica,Instituto Nacional de Estadística y Censos (INDEC),Precios
126.2_BC_1993_0_20,bombas_compresores_m,Bombas y compresores índice mensual IPIM,R/P1M,1993-01-01,2015-10-01,Índice 1993=100,Índice de Precios Internos al por Mayor (IPIM). SERIE DISCONTINUADA,Subsecretaría de Programación Macroeconómica,Instituto Nacional de Estadística y Censos (INDEC),Precios
126.2_BNA_1993_0_24,bebidas_no_alcoholicas_m,Bebidas no alcohólicas índice mensual IPIM,R/P1M,1993-01-01,2015-10-01,Índice 1993=100,Índice de Precios Internos al por Mayor (IPIM). SERIE DISCONTINUADA,Subsecretaría de Programación Macroeconómica,Instituto Nacional de Estadística y Censos (INDEC),Precios
126.2_CA_1993_0_10,calzados_m,Calzados índice mensual IPIM,R/P1M,1993-01-01,2015-10-01,Índice 1993=100,Índice de Precios Internos al por Mayor (IPIM). SERIE DISCONTINUADA,Subsecretaría de Programación Macroeconómica,Instituto Nacional de Estadística y Censos (INDEC),Precios
126.2_CC_1993_0_13,cemento_cal_m,Cemento y cal índice mensual IPIM,R/P1M,1993-01-01,2015-10-01,Índice 1993=100,Índice de Precios Internos al por Mayor (IPIM). SERIE DISCONTINUADA,Subsecretaría de Programación Macroeconómica,Instituto Nacional de Estadística y Censos (INDEC),Precios
126.2_CC_1993_0_17,cueros_curtidos_m,Cueros curtidos índice mensual IPIM,R/P1M,1993-01-01,2015-10-01,Índice 1993=100,Índice de Precios Internos al por Mayor (IPIM). SERIE DISCONTINUADA,Subsecretaría de Programación Macroeconómica,Instituto Nacional de Estadística y Censos (INDEC),Precios
126.2_CC_1993_0_18,cubiertas_caucho_m,Cubiertas de caucho índice mensual IPIM,R/P1M,1993-01-01,2015-10-01,Índice 1993=100,Índice de Precios Internos al por Mayor (IPIM). SERIE DISCONTINUADA,Subsecretaría de Programación Macroeconómica,Instituto Nacional de Estadística y Censos (INDEC),Precios
126.2_CE_1993_0_24,conductores_electricos_m,Conductores eléctricos índice mensual IPIM,R/P1M,1993-01-01,2015-10-01,Índice 1993=100,Índice de Precios Internos al por Mayor (IPIM). SERIE DISCONTINUADA,Subsecretaría de Programación Macroeconómica,Instituto Nacional de Estadística y Censos (INDEC),Precios
126.2_CE_1993_0_26,componentes_electronicos_m,Componentes electrónicos índice mensual IPIM,R/P1M,1993-01-01,2015-10-01,Índice 1993=100,Índice de Precios Internos al por Mayor (IPIM). SERIE DISCONTINUADA,Subsecretaría de Programación Macroeconómica,Instituto Nacional de Estadística y Censos (INDEC),Precios
126.2_CFHL_1993_0_39,conservas_frutas_hortalizas_legumbres_m,"Conservas de frutas, hortalizas y legumbres índice mensual IPIM",R/P1M,1993-01-01,2015-10-01,Índice 1993=100,Índice de Precios Internos al por Mayor (IPIM). SERIE DISCONTINUADA,Subsecretaría de Programación Macroeconómica,Instituto Nacional de Estadística y Censos (INDEC),Precios
126.2_CM_1993_0_20,carpinteria_madera_m,Carpintería de madera índice mensual IPIM,R/P1M,1993-01-01,2015-10-01,Índice 1993=100,Índice de Precios Internos al por Mayor (IPIM). SERIE DISCONTINUADA,Subsecretaría de Programación Macroeconómica,Instituto Nacional de Estadística y Censos (INDEC),Precios
126.2_CN_1993_0_19,cauchos_naturales_m,Cauchos naturales índice mensual IPIM,R/P1M,1993-01-01,2015-10-01,Índice 1993=100,Índice de Precios Internos al por Mayor (IPIM). SERIE DISCONTINUADA,Subsecretaría de Programación Macroeconómica,Instituto Nacional de Estadística y Censos (INDEC),Precios
126.2_CO_1993_0_22,cereales_oleaginosas_m,Cereales y oleaginosas índice mensual IPIM,R/P1M,1993-01-01,2015-10-01,Índice 1993=100,Índice de Precios Internos al por Mayor (IPIM). SERIE DISCONTINUADA,Subsecretaría de Programación Macroeconómica,Instituto Nacional de Estadística y Censos (INDEC),Precios
126.2_CP_1993_0_20,conservas_pescados_m,Conservas de pescados índice mensual IPIM,R/P1M,1993-01-01,2015-10-01,Índice 1993=100,Índice de Precios Internos al por Mayor (IPIM). SERIE DISCONTINUADA,Subsecretaría de Programación Macroeconómica,Instituto Nacional de Estadística y Censos (INDEC),Precios
126.2_CR_1993_0_23,carrocerias_remolques_m,Carrocerías y remolques índice mensual IPIM,R/P1M,1993-01-01,2015-10-01,Índice 1993=100,Índice de Precios Internos al por Mayor (IPIM). SERIE DISCONTINUADA,Subsecretaría de Programación Macroeconómica,Instituto Nacional de Estadística y Censos (INDEC),Precios
126.2_C_1993_0_10,cervezas_m,Cervezas índice mensual IPIM,R/P1M,1993-01-01,2015-10-01,Índice 1993=100,Índice de Precios Internos al por Mayor (IPIM). SERIE DISCONTINUADA,Subsecretaría de Programación Macroeconómica,Instituto Nacional de Estadística y Censos (INDEC),Precios
126.2_DR_1993_0_18,diarios_revistas_m,Diarios y revistas índice mensual IPIM,R/P1M,1993-01-01,2015-10-01,Índice 1993=100,Índice de Precios Internos al por Mayor (IPIM). SERIE DISCONTINUADA,Subsecretaría de Programación Macroeconómica,Instituto Nacional de Estadística y Censos (INDEC),Precios
126.2_EEM_1993_0_32,equipos_elevacion_manipulacion_m,Equipos de elevación y manipulación índice mensual IPIM,R/P1M,1993-01-01,2015-10-01,Índice 1993=100,Índice de Precios Internos al por Mayor (IPIM). SERIE DISCONTINUADA,Subsecretaría de Programación Macroeconómica,Instituto Nacional de Estadística y Censos (INDEC),Precios
126.2_EE_1993_0_19,energia_electrica_m,Energía eléctrica índice mensual IPIM,R/P1M,1993-01-01,2015-10-01,Índice 1993=100,Índice de Precios Internos al por Mayor (IPIM). SERIE DISCONTINUADA,Subsecretaría de Programación Macroeconómica,Instituto Nacional de Estadística y Censos (INDEC),Precios
126.2_EI_1993_0_21,equipos_iluminacion_m,Equipos de iluminación índice mensual IPIM,R/P1M,1993-01-01,2015-10-01,Índice 1993=100,Índice de Precios Internos al por Mayor (IPIM). SERIE DISCONTINUADA,Subsecretaría de Programación Macroeconómica,Instituto Nacional de Estadística y Censos (INDEC),Precios
126.2_EM_1993_0_18,equipos_medicina_m,Equipos para medicina índice mensual IPIM,R/P1M,1993-01-01,2015-10-01,Índice 1993=100,Índice de Precios Internos al por Mayor (IPIM). SERIE DISCONTINUADA,Subsecretaría de Programación Macroeconómica,Instituto Nacional de Estadística y Censos (INDEC),Precios
126.2_EPC_1993_0_22,envases_papel_carton_m,Envases de papel y cartón índice mensual IPIM,R/P1M,1993-01-01,2015-10-01,Índice 1993=100,Índice de Precios Internos al por Mayor (IPIM). SERIE DISCONTINUADA,Subsecretaría de Programación Macroeconómica,Instituto Nacional de Estadística y Censos (INDEC),Precios
126.2_ETV_1993_0_26,equipos_television_video_m,Equipos de televisión y video índice mensual IPIM,R/P1M,1993-01-01,2015-10-01,Índice 1993=100,Índice de Precios Internos al por Mayor (IPIM). SERIE DISCONTINUADA,Subsecretaría de Programación Macroeconómica,Instituto Nacional de Estadística y Censos (INDEC),Precios
126.2_FC_1993_0_14,frutas_cafes_m,Frutas y cafés índice mensual IPIM,R/P1M,1993-01-01,2015-10-01,Índice 1993=100,Índice de Precios Internos al por Mayor (IPIM). SERIE DISCONTINUADA,Subsecretaría de Programación Macroeconómica,Instituto Nacional de Estadística y Censos (INDEC),Precios
126.2_FHM_1993_0_31,fibras_hilados_manufacturados_m,Fibras e hilados manufacturados índice mensual IPIM,R/P1M,1993-01-01,2015-10-01,Índice 1993=100,Índice de Precios Internos al por Mayor (IPIM). SERIE DISCONTINUADA,Subsecretaría de Programación Macroeconómica,Instituto Nacional de Estadística y Censos (INDEC),Precios
126.2_FHTT_1993_0_33,fibras_hilados_tejidos_textiles_m,"Fibras, hilados y tejidos textiles índice mensual IPIM",R/P1M,1993-01-01,2015-10-01,Índice 1993=100,Índice de Precios Internos al por Mayor (IPIM). SERIE DISCONTINUADA,Subsecretaría de Programación Macroeconómica,Instituto Nacional de Estadística y Censos (INDEC),Precios
126.2_F_1993_0_8,frutas_m,Frutas índice mensual IPIM,R/P1M,1993-01-01,2015-10-01,Índice 1993=100,Índice de Precios Internos al por Mayor (IPIM). SERIE DISCONTINUADA,Subsecretaría de Programación Macroeconómica,Instituto Nacional de Estadística y Censos (INDEC),Precios
126.2_GNOPS_1993_0_46,gomas_naturales_otros_productos_silvicultura_m,Gomas naturales y otros productos de la silvicultura índice mensual IPIM,R/P1M,1993-01-01,2015-10-01,Índice 1993=100,Índice de Precios Internos al por Mayor (IPIM). SERIE DISCONTINUADA,Subsecretaría de Programación Macroeconómica,Instituto Nacional de Estadística y Censos (INDEC),Precios
126.2_GPPG_1993_0_33,ganado_porcino_productos_granja_m,Ganado porcino y productos de granja índice mensual IPIM,R/P1M,1993-01-01,2015-10-01,Índice 1993=100,Índice de Precios Internos al por Mayor (IPIM). SERIE DISCONTINUADA,Subsecretaría de Programación Macroeconómica,Instituto Nacional de Estadística y Censos (INDEC),Precios
126.2_GR_1993_0_28,grabaciones_reproducciones_m,Grabaciones y reproducciones índice mensual IPIM,R/P1M,1993-01-01,2015-10-01,Índice 1993=100,Índice de Precios Internos al por Mayor (IPIM). SERIE DISCONTINUADA,Subsecretaría de Programación Macroeconómica,Instituto Nacional de Estadística y Censos (INDEC),Precios
126.2_GVL_1993_0_21,ganado_vacuno_leche_m,Ganado vacuno y leche índice mensual IPIM,R/P1M,1993-01-01,2015-10-01,Índice 1993=100,Índice de Precios Internos al por Mayor (IPIM). SERIE DISCONTINUADA,Subsecretaría de Programación Macroeconómica,Instituto Nacional de Estadística y Censos (INDEC),Precios
126.2_GV_1993_0_19,generadores_vapor_m,Generadores de vapor índice mensual IPIM,R/P1M,1993-01-01,2015-10-01,Índice 1993=100,Índice de Precios Internos al por Mayor (IPIM). SERIE DISCONTINUADA,Subsecretaría de Programación Macroeconómica,Instituto Nacional de Estadística y Censos (INDEC),Precios
126.2_HAFB_1993_0_29,hierro_acero_formas_basicas_m,Hierro y acero en formas básicas índice mensual IPIM,R/P1M,1993-01-01,2015-10-01,Índice 1993=100,Índice de Precios Internos al por Mayor (IPIM). SERIE DISCONTINUADA,Subsecretaría de Programación Macroeconómica,Instituto Nacional de Estadística y Censos (INDEC),Precios
126.2_HAFB_1993_0_31,hierros_aceros_formas_basicas_m,Hierros y aceros en formas básicas índice mensual IPIM,R/P1M,1993-01-01,2015-10-01,Índice 1993=100,Índice de Precios Internos al por Mayor (IPIM). SERIE DISCONTINUADA,Subsecretaría de Programación Macroeconómica,Instituto Nacional de Estadística y Censos (INDEC),Precios
126.2_HL_1993_0_22,hortalizas_legumbres_m,Hortalizas y legumbres índice mensual IPIM,R/P1M,1993-01-01,2015-10-01,Índice 1993=100,Índice de Precios Internos al por Mayor (IPIM). SERIE DISCONTINUADA,Subsecretaría de Programación Macroeconómica,Instituto Nacional de Estadística y Censos (INDEC),Precios
126.2_HMAF_1993_0_40,herramientas_mano_articulos_ferreteria_m,Herramientas de mano y artículos de ferretería índice mensual IPIM,R/P1M,1993-01-01,2015-10-01,Índice 1993=100,Índice de Precios Internos al por Mayor (IPIM). SERIE DISCONTINUADA,Subsecretaría de Programación Macroeconómica,Instituto Nacional de Estadística y Censos (INDEC),Precios
126.2_H_1993_0_9,harinas_m,Harinas índice mensual IPIM,R/P1M,1993-01-01,2015-10-01,Índice 1993=100,Índice de Precios Internos al por Mayor (IPIM). SERIE DISCONTINUADA,Subsecretaría de Programación Macroeconómica,Instituto Nacional de Estadística y Censos (INDEC),Precios
126.2_IMSD_1993_0_47,instrumentos_medicion_servicios_domiciliarios_m,Instrumentos de medición de servicios domiciliarios índice mensual IPIM,R/P1M,1993-01-01,2015-10-01,Índice 1993=100,Índice de Precios Internos al por Mayor (IPIM). SERIE DISCONTINUADA,Subsecretaría de Programación Macroeconómica,Instituto Nacional de Estadística y Censos (INDEC),Precios
126.2_IPA_1993_0_29,insecticidas_plaguicidas_ii_m,Insecticidas y plaguicidas (ii) índice mensual IPIM,R/P1M,1993-01-01,2015-10-01,Índice 1993=100,Índice de Precios Internos al por Mayor (IPIM). SERIE DISCONTINUADA,Subsecretaría de Programación Macroeconómica,Instituto Nacional de Estadística y Censos (INDEC),Precios
126.2_IP_1993_0_26,insecticidas_plaguicidas_m,Insecticidas y plaguicidas índice mensual IPIM,R/P1M,1993-01-01,2015-10-01,Índice 1993=100,Índice de Precios Internos al por Mayor (IPIM). SERIE DISCONTINUADA,Subsecretaría de Programación Macroeconómica,Instituto Nacional de Estadística y Censos (INDEC),Precios
126.2_JD_1993_0_21,jabones_detergentes_m,Jabones y detergentes índice mensual IPIM,R/P1M,1993-01-01,2015-10-01,Índice 1993=100,Índice de Precios Internos al por Mayor (IPIM). SERIE DISCONTINUADA,Subsecretaría de Programación Macroeconómica,Instituto Nacional de Estadística y Censos (INDEC),Precios
126.2_MAA_1993_0_24,maderas_aserradas_m_7010,Maderas aserradas índice mensual IPIM. Cod. 7010,R/P1M,1993-01-01,2015-10-01,Índice 1993=100,Índice de Precios Internos al por Mayor (IPIM). SERIE DISCONTINUADA,Subsecretaría de Programación Macroeconómica,Instituto Nacional de Estadística y Censos (INDEC),Precios
126.2_MA_1993_0_20,maquinas_agricolas_m,Máquinas agrícolas índice mensual IPIM,R/P1M,1993-01-01,2015-10-01,Índice 1993=100,Índice de Precios Internos al por Mayor (IPIM). SERIE DISCONTINUADA,Subsecretaría de Programación Macroeconómica,Instituto Nacional de Estadística y Censos (INDEC),Precios
126.2_MA_1993_0_24,maderas_aserradas_m_2010,Maderas aserradas índice mensual IPIM. Cod. 2010,R/P1M,1993-01-01,2015-10-01,Índice 1993=100,Índice de Precios Internos al por Mayor (IPIM). SERIE DISCONTINUADA,Subsecretaría de Programación Macroeconómica,Instituto Nacional de Estadística y Censos (INDEC),Precios
126.2_MC_1993_0_19,muebles_colchones_m,Muebles y colchones índice mensual IPIM,R/P1M,1993-01-01,2015-10-01,Índice 1993=100,Índice de Precios Internos al por Mayor (IPIM). SERIE DISCONTINUADA,Subsecretaría de Programación Macroeconómica,Instituto Nacional de Estadística y Censos (INDEC),Precios
126.2_MEEA_1993_0_39,motores_explosion_excepto_automotores_m,Motores a explosión excepto para automotores índice mensual IPIM,R/P1M,1993-01-01,2015-10-01,Índice 1993=100,Índice de Precios Internos al por Mayor (IPIM). SERIE DISCONTINUADA,Subsecretaría de Programación Macroeconómica,Instituto Nacional de Estadística y Censos (INDEC),Precios
126.2_MEPAB_1993_0_54,maquinas_elaboracion_procesamiento_alimentos_bebidas_m,Máquinas para la elaboración o procesamiento de alimentos y bebidas índice mensual IPIM,R/P1M,1993-01-01,2015-10-01,Índice 1993=100,Índice de Precios Internos al por Mayor (IPIM). SERIE DISCONTINUADA,Subsecretaría de Programación Macroeconómica,Instituto Nacional de Estadística y Censos (INDEC),Precios
126.2_MGTE_1993_0_48,motores_generadores_transformadores_electricos_m,"Motores, generadores y transformadores eléctricos índice mensual IPIM",R/P1M,1993-01-01,2015-10-01,Índice 1993=100,Índice de Precios Internos al por Mayor (IPIM). SERIE DISCONTINUADA,Subsecretaría de Programación Macroeconómica,Instituto Nacional de Estadística y Censos (INDEC),Precios
126.2_MHA_1993_0_26,maquinas_herramientas_ii_m,Máquinas herramientas (ii) índice mensual IPIM,R/P1M,1993-01-01,2015-10-01,Índice 1993=100,Índice de Precios Internos al por Mayor (IPIM). SERIE DISCONTINUADA,Subsecretaría de Programación Macroeconómica,Instituto Nacional de Estadística y Censos (INDEC),Precios
126.2_MH_1993_0_23,maquinas_herramientas_m,Máquinas herramientas índice mensual IPIM,R/P1M,1993-01-01,2015-10-01,Índice 1993=100,Índice de Precios Internos al por Mayor (IPIM). SERIE DISCONTINUADA,Subsecretaría de Programación Macroeconómica,Instituto Nacional de Estadística y Censos (INDEC),Precios
126.2_MIEOC_1993_0_50,maquinas_industria_extractiva_obras_construccion_m,Máquinas para la industria extractiva y obras de construcción índice mensual IPIM,R/P1M,1993-01-01,2015-10-01,Índice 1993=100,Índice de Precios Internos al por Mayor (IPIM). SERIE DISCONTINUADA,Subsecretaría de Programación Macroeconómica,Instituto Nacional de Estadística y Censos (INDEC),Precios
126.2_MLI_1993_0_33,maquinas_lavaderos_industriales_m,Máquinas para lavaderos industriales índice mensual IPIM,R/P1M,1993-01-01,2015-10-01,Índice 1993=100,Índice de Precios Internos al por Mayor (IPIM). SERIE DISCONTINUADA,Subsecretaría de Programación Macroeconómica,Instituto Nacional de Estadística y Censos (INDEC),Precios
126.2_MNFFBA_1993_0_41,minerales_no_ferrosos_formas_basicas_ii_m,Minerales no ferrosos en formas básicas (ii) índice mensual IPIM,R/P1M,1993-01-01,2015-10-01,Índice 1993=100,Índice de Precios Internos al por Mayor (IPIM). SERIE DISCONTINUADA,Subsecretaría de Programación Macroeconómica,Instituto Nacional de Estadística y Censos (INDEC),Precios
126.2_MNFFB_1993_0_38,minerales_no_ferrosos_formas_basicas_m,Minerales no ferrosos en formas básicas índice mensual IPIM,R/P1M,1993-01-01,2015-10-01,Índice 1993=100,Índice de Precios Internos al por Mayor (IPIM). SERIE DISCONTINUADA,Subsecretaría de Programación Macroeconómica,Instituto Nacional de Estadística y Censos (INDEC),Precios
126.2_MOI_1993_0_30,maquinas_oficina_informatica_m,Máquinas de oficina e informática índice mensual IPIM,R/P1M,1993-01-01,2015-10-01,Índice 1993=100,Índice de Precios Internos al por Mayor (IPIM). SERIE DISCONTINUADA,Subsecretaría de Programación Macroeconómica,Instituto Nacional de Estadística y Censos (INDEC),Precios
126.2_MUEIMA_1993_0_58,maquinas_uso_especial_industria_manufacturera_accesorios_m,Máquinas de uso especial en la industria manufacturera y sus accesorios índice mensual IPIM,R/P1M,1993-01-01,2015-10-01,Índice 1993=100,Índice de Precios Internos al por Mayor (IPIM). SERIE DISCONTINUADA,Subsecretaría de Programación Macroeconómica,Instituto Nacional de Estadística y Censos (INDEC),Precios
126.2_MUGPP_1993_0_36,maquinas_uso_general_piezas_partes_m,Máquinas de uso general y sus piezas y partes índice mensual IPIM,R/P1M,1993-01-01,2015-10-01,Índice 1993=100,Índice de Precios Internos al por Mayor (IPIM). SERIE DISCONTINUADA,Subsecretaría de Programación Macroeconómica,Instituto Nacional de Estadística y Censos (INDEC),Precios
126.2_M_1993_0_14,motocicletas_m,Motocicletas índice mensual IPIM,R/P1M,1993-01-01,2015-10-01,Índice 1993=100,Índice de Precios Internos al por Mayor (IPIM). SERIE DISCONTINUADA,Subsecretaría de Programación Macroeconómica,Instituto Nacional de Estadística y Censos (INDEC),Precios
126.2_OAMNMA_1993_0_45,otros_articulos_minerales_no_metaliferos_ii_m,Otros artículos de minerales no metalíferos n.c.e.p. (ii) índice mensual IPIM,R/P1M,1993-01-01,2015-10-01,Índice 1993=100,Índice de Precios Internos al por Mayor (IPIM). SERIE DISCONTINUADA,Subsecretaría de Programación Macroeconómica,Instituto Nacional de Estadística y Censos (INDEC),Precios
126.2_OAMNM_1993_0_45,otros_articulos_minerales_no_metaliferos_ncep,Otros artículos de minerales no metalíferos n.c.e.p. índice mensual IPIM,R/P1M,1993-01-01,2015-10-01,Índice 1993=100,Índice de Precios Internos al por Mayor (IPIM). SERIE DISCONTINUADA,Subsecretaría de Programación Macroeconómica,Instituto Nacional de Estadística y Censos (INDEC),Precios
126.2_OAPC_1993_0_30,otros_articulos_papel_carton_m,Otros artículos de papel y cartón índice mensual IPIM,R/P1M,1993-01-01,2015-10-01,Índice 1993=100,Índice de Precios Internos al por Mayor (IPIM). SERIE DISCONTINUADA,Subsecretaría de Programación Macroeconómica,Instituto Nacional de Estadística y Censos (INDEC),Precios
126.2_OEE_1993_0_26,otros_equipos_electricos_m,Otros equipos eléctricos n.c.e.p. índice mensual IPIM,R/P1M,1993-01-01,2015-10-01,Índice 1993=100,Índice de Precios Internos al por Mayor (IPIM). SERIE DISCONTINUADA,Subsecretaría de Programación Macroeconómica,Instituto Nacional de Estadística y Censos (INDEC),Precios
126.2_OMT_1993_0_25,otros_medios_transporte_m,Otros medios de transporte índice mensual IPIM,R/P1M,1993-01-01,2015-10-01,Índice 1993=100,Índice de Precios Internos al por Mayor (IPIM). SERIE DISCONTINUADA,Subsecretaría de Programación Macroeconómica,Instituto Nacional de Estadística y Censos (INDEC),Precios
126.2_OMUG_1993_0_29,otra_maquinaria_uso_general_m,Otra maquinaria de uso general índice mensual IPIM,R/P1M,1993-01-01,2015-10-01,Índice 1993=100,Índice de Precios Internos al por Mayor (IPIM). SERIE DISCONTINUADA,Subsecretaría de Programación Macroeconómica,Instituto Nacional de Estadística y Censos (INDEC),Precios
126.2_OPA_1993_0_30,otros_productos_alimenticios_m,Otros productos alimenticios n.c.e.p. índice mensual IPIM,R/P1M,1993-01-01,2015-10-01,Índice 1993=100,Índice de Precios Internos al por Mayor (IPIM). SERIE DISCONTINUADA,Subsecretaría de Programación Macroeconómica,Instituto Nacional de Estadística y Censos (INDEC),Precios
126.2_OPC_1993_0_24,otros_productos_caucho_m,Otros productos de caucho índice mensual IPIM,R/P1M,1993-01-01,2015-10-01,Índice 1993=100,Índice de Precios Internos al por Mayor (IPIM). SERIE DISCONTINUADA,Subsecretaría de Programación Macroeconómica,Instituto Nacional de Estadística y Censos (INDEC),Precios
126.2_OPM_1993_0_27,otros_productos_metalicos_m,Otros productos metálicos n.c.e.p. índice mensual IPIM,R/P1M,1993-01-01,2015-10-01,Índice 1993=100,Índice de Precios Internos al por Mayor (IPIM). SERIE DISCONTINUADA,Subsecretaría de Programación Macroeconómica,Instituto Nacional de Estadística y Censos (INDEC),Precios
126.2_OPM_1993_0_32,otros_productos_manufacturados_m,Otros productos manufacturados n.c.e.p. índice mensual IPIM,R/P1M,1993-01-01,2015-10-01,Índice 1993=100,Índice de Precios Internos al por Mayor (IPIM). SERIE DISCONTINUADA,Subsecretaría de Programación Macroeconómica,Instituto Nacional de Estadística y Censos (INDEC),Precios
126.2_OPQA_1993_0_29,otros_productos_quimicos_ii_m,Otros productos químicos índice (ii) mensual IPIM,R/P1M,1993-01-01,2015-10-01,Índice 1993=100,Índice de Precios Internos al por Mayor (IPIM). SERIE DISCONTINUADA,Subsecretaría de Programación Macroeconómica,Instituto Nacional de Estadística y Censos (INDEC),Precios
126.2_OPQ_1993_0_26,otros_productos_quimicos_m,Otros productos químicos índice mensual IPIM,R/P1M,1993-01-01,2015-10-01,Índice 1993=100,Índice de Precios Internos al por Mayor (IPIM). SERIE DISCONTINUADA,Subsecretaría de Programación Macroeconómica,Instituto Nacional de Estadística y Censos (INDEC),Precios
126.2_PAA_1993_0_25,piedras_arenas_arcillas_m,"Piedras, arenas y arcillas índice mensual IPIM",R/P1M,1993-01-01,2015-10-01,Índice 1993=100,Índice de Precios Internos al por Mayor (IPIM). SERIE DISCONTINUADA,Subsecretaría de Programación Macroeconómica,Instituto Nacional de Estadística y Censos (INDEC),Precios
126.2_PACNR_1993_0_43,productos_arcilla_ceramica_no_refractaria_m,Productos de arcilla y cerámica no refractaria para uso estructural índice mensual IPIM,R/P1M,1993-01-01,2015-10-01,Índice 1993=100,Índice de Precios Internos al por Mayor (IPIM). SERIE DISCONTINUADA,Subsecretaría de Programación Macroeconómica,Instituto Nacional de Estadística y Censos (INDEC),Precios
126.2_PBETI_1993_0_44,pinturas_barnices_enduidos_tintas_imprenta_m,"Pinturas, barnices, enduídos y tintas de imprenta índice mensual IPIM",R/P1M,1993-01-01,2015-10-01,Índice 1993=100,Índice de Precios Internos al por Mayor (IPIM). SERIE DISCONTINUADA,Subsecretaría de Programación Macroeconómica,Instituto Nacional de Estadística y Censos (INDEC),Precios
126.2_PCGN_1993_0_28,petroleo_crudo_gas_natural_m,Petróleo crudo y gas natural índice mensual IPIM,R/P1M,1993-01-01,2015-10-01,Índice 1993=100,Índice de Precios Internos al por Mayor (IPIM). SERIE DISCONTINUADA,Subsecretaría de Programación Macroeconómica,Instituto Nacional de Estadística y Censos (INDEC),Precios
126.2_PCG_1993_0_31,productos_chocolate_golosinas_m,Productos de chocolate y golosinas índice mensual IPIM,R/P1M,1993-01-01,2015-10-01,Índice 1993=100,Índice de Precios Internos al por Mayor (IPIM). SERIE DISCONTINUADA,Subsecretaría de Programación Macroeconómica,Instituto Nacional de Estadística y Censos (INDEC),Precios
126.2_PCNR_1993_0_35,productos_ceramica_no_refractaria_m,Productos de cerámica no refractaria para uso no estructural índice mensual IPIM,R/P1M,1993-01-01,2015-10-01,Índice 1993=100,Índice de Precios Internos al por Mayor (IPIM). SERIE DISCONTINUADA,Subsecretaría de Programación Macroeconómica,Instituto Nacional de Estadística y Censos (INDEC),Precios
126.2_PCR_1993_0_32,productos_ceramica_refractaria_m,Productos de cerámica refractaria índice mensual IPIM,R/P1M,1993-01-01,2015-10-01,Índice 1993=100,Índice de Precios Internos al por Mayor (IPIM). SERIE DISCONTINUADA,Subsecretaría de Programación Macroeconómica,Instituto Nacional de Estadística y Censos (INDEC),Precios
126.2_PC_1993_0_20,productos_carnicos_m,Productos cárnicos índice mensual IPIM,R/P1M,1993-01-01,2015-10-01,Índice 1993=100,Índice de Precios Internos al por Mayor (IPIM). SERIE DISCONTINUADA,Subsecretaría de Programación Macroeconómica,Instituto Nacional de Estadística y Censos (INDEC),Precios
126.2_PDA_1993_0_29,productos_derivados_almidon_m,Productos derivados del almidón índice mensual IPIM,R/P1M,1993-01-01,2015-10-01,Índice 1993=100,Índice de Precios Internos al por Mayor (IPIM). SERIE DISCONTINUADA,Subsecretaría de Programación Macroeconómica,Instituto Nacional de Estadística y Censos (INDEC),Precios
126.2_PFM_1993_0_28,productos_fundidos_metales_m,Productos fundidos de metales índice mensual IPIM,R/P1M,1993-01-01,2015-10-01,Índice 1993=100,Índice de Precios Internos al por Mayor (IPIM). SERIE DISCONTINUADA,Subsecretaría de Programación Macroeconómica,Instituto Nacional de Estadística y Censos (INDEC),Precios
126.2_PFVA_1993_0_41,productos_farmaceuticos_veterinarios_ii_m,Productos farmacéuticos y veterinarios (ii) índice mensual IPIM,R/P1M,1993-01-01,2015-10-01,Índice 1993=100,Índice de Precios Internos al por Mayor (IPIM). SERIE DISCONTINUADA,Subsecretaría de Programación Macroeconómica,Instituto Nacional de Estadística y Censos (INDEC),Precios
126.2_PFV_1993_0_38,productos_farmaceuticos_veterinarios_m,Productos farmacéuticos y veterinarios índice mensual IPIM,R/P1M,1993-01-01,2015-10-01,Índice 1993=100,Índice de Precios Internos al por Mayor (IPIM). SERIE DISCONTINUADA,Subsecretaría de Programación Macroeconómica,Instituto Nacional de Estadística y Censos (INDEC),Precios
126.2_PF_1993_0_22,productos_farinaceos_m,Productos farináceos índice mensual IPIM,R/P1M,1993-01-01,2015-10-01,Índice 1993=100,Índice de Precios Internos al por Mayor (IPIM). SERIE DISCONTINUADA,Subsecretaría de Programación Macroeconómica,Instituto Nacional de Estadística y Censos (INDEC),Precios
126.2_PL_1993_0_19,productos_lacteos_m,Productos lácteos índice mensual IPIM,R/P1M,1993-01-01,2015-10-01,Índice 1993=100,Índice de Precios Internos al por Mayor (IPIM). SERIE DISCONTINUADA,Subsecretaría de Programación Macroeconómica,Instituto Nacional de Estadística y Censos (INDEC),Precios
126.2_PMFASQ_1993_0_60,productos_minerales_fabricacion_abonos_sustancias_quimicas_m,Productos minerales para la fabricación de abonos y sustancias químicas índice mensual IPIM,R/P1M,1993-01-01,2015-10-01,Índice 1993=100,Índice de Precios Internos al por Mayor (IPIM). SERIE DISCONTINUADA,Subsecretaría de Programación Macroeconómica,Instituto Nacional de Estadística y Censos (INDEC),Precios
126.2_PMT_1993_0_29,prendas_materiales_textiles_m,Prendas de materiales textiles índice mensual IPIM,R/P1M,1993-01-01,2015-10-01,Índice 1993=100,Índice de Precios Internos al por Mayor (IPIM). SERIE DISCONTINUADA,Subsecretaría de Programación Macroeconómica,Instituto Nacional de Estadística y Censos (INDEC),Precios
126.2_PMUE_1993_0_37,productos_metalicos_uso_estructural_m,Productos metálicos para uso estructural índice mensual IPIM,R/P1M,1993-01-01,2015-10-01,Índice 1993=100,Índice de Precios Internos al por Mayor (IPIM). SERIE DISCONTINUADA,Subsecretaría de Programación Macroeconómica,Instituto Nacional de Estadística y Censos (INDEC),Precios
126.2_PPA_1993_0_21,productos_panaderia_m,Productos de panadería índice mensual IPIM,R/P1M,1993-01-01,2015-10-01,Índice 1993=100,Índice de Precios Internos al por Mayor (IPIM). SERIE DISCONTINUADA,Subsecretaría de Programación Macroeconómica,Instituto Nacional de Estadística y Censos (INDEC),Precios
126.2_PPEM_1993_0_36,productos_plastico_excepto_muebles_m,Productos de plástico excepto muebles índice mensual IPIM,R/P1M,1993-01-01,2015-10-01,Índice 1993=100,Índice de Precios Internos al por Mayor (IPIM). SERIE DISCONTINUADA,Subsecretaría de Programación Macroeconómica,Instituto Nacional de Estadística y Censos (INDEC),Precios
126.2_PPP_1993_0_25,papeles_productos_papel_m,Papeles y productos de papel índice mensual IPIM,R/P1M,1993-01-01,2015-10-01,Índice 1993=100,Índice de Precios Internos al por Mayor (IPIM). SERIE DISCONTINUADA,Subsecretaría de Programación Macroeconómica,Instituto Nacional de Estadística y Censos (INDEC),Precios
126.2_PP_1993_0_21,productos_pesqueros_m,Productos pesqueros índice mensual IPIM,R/P1M,1993-01-01,2015-10-01,Índice 1993=100,Índice de Precios Internos al por Mayor (IPIM). SERIE DISCONTINUADA,Subsecretaría de Programación Macroeconómica,Instituto Nacional de Estadística y Censos (INDEC),Precios
126.2_PRP_1993_0_30,productos_refinados_petroleo_m,Productos refinados de petróleo índice mensual IPIM,R/P1M,1993-01-01,2015-10-01,Índice 1993=100,Índice de Precios Internos al por Mayor (IPIM). SERIE DISCONTINUADA,Subsecretaría de Programación Macroeconómica,Instituto Nacional de Estadística y Censos (INDEC),Precios
126.2_P_1993_0_9,papeles_m,Papeles índice mensual IPIM,R/P1M,1993-01-01,2015-10-01,Índice 1993=100,Índice de Precios Internos al por Mayor (IPIM). SERIE DISCONTINUADA,Subsecretaría de Programación Macroeconómica,Instituto Nacional de Estadística y Censos (INDEC),Precios
126.2_RA_1993_0_23,repuestos_automotores_m,Repuestos para automotores índice mensual IPIM,R/P1M,1993-01-01,2015-10-01,Índice 1993=100,Índice de Precios Internos al por Mayor (IPIM). SERIE DISCONTINUADA,Subsecretaría de Programación Macroeconómica,Instituto Nacional de Estadística y Censos (INDEC),Precios
126.2_RCM_1993_0_22,ropa_cama_manteleria_m,Ropa de cama y mantelería índice mensual IPIM,R/P1M,1993-01-01,2015-10-01,Índice 1993=100,Índice de Precios Internos al por Mayor (IPIM). SERIE DISCONTINUADA,Subsecretaría de Programación Macroeconómica,Instituto Nacional de Estadística y Censos (INDEC),Precios
126.2_R_1993_0_13,rodamientos_m,Rodamientos índice mensual IPIM,R/P1M,1993-01-01,2015-10-01,Índice 1993=100,Índice de Precios Internos al por Mayor (IPIM). SERIE DISCONTINUADA,Subsecretaría de Programación Macroeconómica,Instituto Nacional de Estadística y Censos (INDEC),Precios
126.2_SPEA_1993_0_37,sustancias_plasticas_elastomeros_ii_m,Sustancias plásticas y elastómeros (ii) índice mensual IPIM,R/P1M,1993-01-01,2015-10-01,Índice 1993=100,Índice de Precios Internos al por Mayor (IPIM). SERIE DISCONTINUADA,Subsecretaría de Programación Macroeconómica,Instituto Nacional de Estadística y Censos (INDEC),Precios
126.2_SPE_1993_0_34,sustancias_plasticas_elastomeros_m,Sustancias plásticas y elastómeros índice mensual IPIM,R/P1M,1993-01-01,2015-10-01,Índice 1993=100,Índice de Precios Internos al por Mayor (IPIM). SERIE DISCONTINUADA,Subsecretaría de Programación Macroeconómica,Instituto Nacional de Estadística y Censos (INDEC),Precios
126.2_SQBA_1993_0_34,sustancias_quimicas_basicas_m_7411,Sustancias químicas básicas índice mensual IPIM. Cod 7411,R/P1M,1993-01-01,2015-10-01,Índice 1993=100,Índice de Precios Internos al por Mayor (IPIM). SERIE DISCONTINUADA,Subsecretaría de Programación Macroeconómica,Instituto Nacional de Estadística y Censos (INDEC),Precios
126.2_SQB_1993_0_34,sustancias_quimicas_basicas_m_2411,Sustancias químicas básicas índice mensual IPIM. Cod. 2411,R/P1M,1993-01-01,2015-10-01,Índice 1993=100,Índice de Precios Internos al por Mayor (IPIM). SERIE DISCONTINUADA,Subsecretaría de Programación Macroeconómica,Instituto Nacional de Estadística y Censos (INDEC),Precios
126.2_TAP_1993_0_25,tejidos_articulos_punto_m,Tejidos y artículos de punto índice mensual IPIM,R/P1M,1993-01-01,2015-10-01,Índice 1993=100,Índice de Precios Internos al por Mayor (IPIM). SERIE DISCONTINUADA,Subsecretaría de Programación Macroeconómica,Instituto Nacional de Estadística y Censos (INDEC),Precios
126.2_TPM_1993_0_25,tableros_paneles_madera_m,Tableros y paneles de madera índice mensual IPIM,R/P1M,1993-01-01,2015-10-01,Índice 1993=100,Índice de Precios Internos al por Mayor (IPIM). SERIE DISCONTINUADA,Subsecretaría de Programación Macroeconómica,Instituto Nacional de Estadística y Censos (INDEC),Precios
126.2_T_1993_0_9,tabacos_m,Tabacos índice mensual IPIM,R/P1M,1993-01-01,2015-10-01,Índice 1993=100,Índice de Precios Internos al por Mayor (IPIM). SERIE DISCONTINUADA,Subsecretaría de Programación Macroeconómica,Instituto Nacional de Estadística y Censos (INDEC),Precios
126.2_VAM_1993_0_33,valijas_articulos_marroquineria_m,Valijas y artículos de marroquinería índice mensual IPIM,R/P1M,1993-01-01,2015-10-01,Índice 1993=100,Índice de Precios Internos al por Mayor (IPIM). SERIE DISCONTINUADA,Subsecretaría de Programación Macroeconómica,Instituto Nacional de Estadística y Censos (INDEC),Precios
126.2_VPV_1993_0_25,vidrio_productos_vidrio_m,Vidrio y productos de vidrio índice mensual IPIM,R/P1M,1993-01-01,2015-10-01,Índice 1993=100,Índice de Precios Internos al por Mayor (IPIM). SERIE DISCONTINUADA,Subsecretaría de Programación Macroeconómica,Instituto Nacional de Estadística y Censos (INDEC),Precios
126.2_VS_1993_0_13,vinos_sidra_m,Vinos y sidra índice mensual IPIM,R/P1M,1993-01-01,2015-10-01,Índice 1993=100,Índice de Precios Internos al por Mayor (IPIM). SERIE DISCONTINUADA,Subsecretaría de Programación Macroeconómica,Instituto Nacional de Estadística y Censos (INDEC),Precios
145.1_IPC_NG_CUYUYO_DICI_T_11,ipc_ng_cuyo,IPC. Nivel General. Cuyo. Base dic 2016. Trimestral.,R/P3M,2017-01-01,2026-04-01,Índice,Índice de Precios al Consumidor Nacional (IPC). Base diciembre 2016.,Subsecretaría de Programación Macroeconómica,Instituto Nacional de Estadística y Censos (INDEC),Precios
145.1_IPC_NG_GBAGBA_DICI_T_10,ipc_ng_gba,IPC. Nivel General. Gran Buenos Aires. Base dic 2016. Trimestral.,R/P3M,2017-01-01,2026-04-01,Índice,Índice de Precios al Consumidor Nacional (IPC). Base diciembre 2016.,Subsecretaría de Programación Macroeconómica,Instituto Nacional de Estadística y Censos (INDEC),Precios
145.1_IPC_NG_NACNAL_DICI_T_15,ipc_ng_nacional,IPC. Nivel General. Nacional. Base dic 2016. Trimestral.,R/P3M,2017-01-01,2026-04-01,Índice,Índice de Precios al Consumidor Nacional (IPC). Base diciembre 2016.,Subsecretaría de Programación Macroeconómica,Instituto Nacional de Estadística y Censos (INDEC),Precios
145.1_IPC_NG_NEANEA_DICI_T_10,ipc_ng_nea,IPC. Nivel General. Región Noreste. Base dic 2016. Trimestral.,R/P3M,2017-01-01,2026-04-01,Índice,Índice de Precios al Consumidor Nacional (IPC). Base diciembre 2016.,Subsecretaría de Programación Macroeconómica,Instituto Nacional de Estadística y Censos (INDEC),Precios
145.1_IPC_NG_NOANOA_DICI_T_10,ipc_ng_noa,IPC. Nivel General. región Noroeste. Base dic 2016. Trimestral.,R/P3M,2017-01-01,2026-04-01,Índice,Índice de Precios al Consumidor Nacional (IPC). Base diciembre 2016.,Subsecretaría de Programación Macroeconómica,Instituto Nacional de Estadística y Censos (INDEC),Precios
145.1_IPC_NG_PAMANA_DICI_T_15,ipc_ng_pampeana,IPC. Nivel General. Región Pampeana. Base dic 2016. Trimestral.,R/P3M,2017-01-01,2026-04-01,Índice,Índice de Precios al Consumidor Nacional (IPC). Base diciembre 2016.,Subsecretaría de Programación Macroeconómica,Instituto Nacional de Estadística y Censos (INDEC),Precios
145.1_PVOSOTIONC_DICI_T_16,ipc_ng_patagonia,IPC. Nivel General. Región Patagónica. Base dic 2016. Trimestral.,R/P3M,2017-01-01,2026-04-01,Índice,Índice de Precios al Consumidor Nacional (IPC). Base diciembre 2016.,Subsecretaría de Programación Macroeconómica,Instituto Nacional de Estadística y Censos (INDEC),Precios
145.3_INGCUYIOR_DICI_M_53,ipc_ng_cuyo_tasa_variacion_acumulada_dic_ano_anterior,IPC. Tasa de variación acumulada desde diciembre del año anterior. Nivel General. Cuyo. Base dic 2016. Mensual acumulados.,R/P1M,2017-01-01,2026-07-01,Variación Porcentual,Índice de Precios al Consumidor Nacional (IPC). Base diciembre 2016.,Subsecretaría de Programación Macroeconómica,Instituto Nacional de Estadística y Censos (INDEC),Precios
145.3_INGCUYUAL_DICI_M_34,ipc_ng_cuyo_tasa_variacion_mensual,IPC. Tasa de variación mensual. Nivel General. Cuyo. Base dic 2016.,R/P1M,2017-01-01,2026-07-01,Variación Porcentual,Índice de Precios al Consumidor Nacional (IPC). Base diciembre 2016.,Subsecretaría de Programación Macroeconómica,Instituto Nacional de Estadística y Censos (INDEC),Precios
145.3_INGCUYUYO_DICI_M_11,ipc_ng_cuyo,IPC. Nivel General Cuyo. Base dic 2016. Mensual.,R/P1M,2016-12-01,2026-07-01,Índice,Índice de Precios al Consumidor Nacional (IPC). Base diciembre 2016.,Subsecretaría de Programación Macroeconómica,Instituto Nacional de Estadística y Censos (INDEC),Precios
145.3_INGGBAGBA_DICI_M_10,ipc_ng_gba,IPC. Nivel General Gran Buenos Aires. Base dic 2016. Mensual.,R/P1M,2016-12-01,2026-07-01,Índice,Índice de Precios al Consumidor Nacional (IPC). Base diciembre 2016.,Subsecretaría de Programación Macroeconómica,Instituto Nacional de Estadística y Censos (INDEC),Precios
145.3_INGGBAIOR_DICI_M_52,ipc_ng_gba_tasa_variacion_acumulada_dic_ano_anterior,IPC. Tasa de variación acumulada desde diciembre del año anterior. Nivel General. Gran Buenos Aires. Base dic 2016. Mensual acumulados.,R/P1M,2017-01-01,2026-07-01,Variación Porcentual,Índice de Precios al Consumidor Nacional (IPC). Base diciembre 2016.,Subsecretaría de Programación Macroeconómica,Instituto Nacional de Estadística y Censos (INDEC),Precios
145.3_INGGBAUAL_DICI_M_33,ipc_ng_gba_tasa_variacion_mensual,IPC. Tasa de variación mensual. Nivel General. Gran Buenos Aires. Base dic 2016.,R/P1M,2017-01-01,2026-07-01,Variación Porcentual,Índice de Precios al Consumidor Nacional (IPC). Base diciembre 2016.,Subsecretaría de Programación Macroeconómica,Instituto Nacional de Estadística y Censos (INDEC),Precios
145.3_INGNACIOR_DICI_M_57,ipc_ng_nacional_tasa_variacion_acumulada_dic_ano_anterior,IPC. Tasa de variación acumulada desde diciembre del año anterior. Nivel General. Nacional. Base dic 2016. Mensual acumulados.,R/P1M,2017-01-01,2026-07-01,Variación Porcentual,Índice de Precios al Consumidor Nacional (IPC). Base diciembre 2016.,Subsecretaría de Programación Macroeconómica,Instituto Nacional de Estadística y Censos (INDEC),Precios
145.3_INGNACNAL_DICI_M_15,ipc_ng_nacional,IPC. Nivel General Nacional. Base dic 2016. Mensual.,R/P1M,2016-12-01,2026-07-01,Índice,Índice de Precios al Consumidor Nacional (IPC). Base diciembre 2016.,Subsecretaría de Programación Macroeconómica,Instituto Nacional de Estadística y Censos (INDEC),Precios
145.3_INGNACUAL_DICI_M_38,ipc_ng_nacional_tasa_variacion_mensual,IPC. Tasa de variación mensual. Nivel General. Nacional. Base dic 2016.,R/P1M,2017-01-01,2026-07-01,Variación intermensual,Índice de Precios al Consumidor Nacional (IPC). Base diciembre 2016.,Subsecretaría de Programación Macroeconómica,Instituto Nacional de Estadística y Censos (INDEC),Precios
145.3_INGNEAIOR_DICI_M_52,ipc_ng_nea_tasa_variacion_acumulada_dic_ano_anterior,IPC. Tasa de variación acumulada desde diciembre del año anterior. Nivel General. Región Noreste. Base dic 2016. Mensual acumulados.,R/P1M,2017-01-01,2026-07-01,Variación Porcentual,Índice de Precios al Consumidor Nacional (IPC). Base diciembre 2016.,Subsecretaría de Programación Macroeconómica,Instituto Nacional de Estadística y Censos (INDEC),Precios
145.3_INGNEANEA_DICI_M_10,ipc_ng_nea,IPC. Nivel General Región Noreste. Base dic 2016. Mensual.,R/P1M,2016-12-01,2026-07-01,Índice,Índice de Precios al Consumidor Nacional (IPC). Base diciembre 2016.,Subsecretaría de Programación Macroeconómica,Instituto Nacional de Estadística y Censos (INDEC),Precios
145.3_INGNEAUAL_DICI_M_33,ipc_ng_nea_tasa_variacion_mensual,IPC. Tasa de variación mensual. Nivel General. Región Noreste. Base dic 2016.,R/P1M,2017-01-01,2026-07-01,Variación Porcentual,Índice de Precios al Consumidor Nacional (IPC). Base diciembre 2016.,Subsecretaría de Programación Macroeconómica,Instituto Nacional de Estadística y Censos (INDEC),Precios
145.3_INGNOAIOR_DICI_M_52,ipc_ng_noa_tasa_variacion_acumulada_dic_ano_anterior,IPC. Tasa de variación acumulada desde diciembre del año anterior. Nivel General. Región Noroeste. Base dic 2016. Mensual acumulados.,R/P1M,2017-01-01,2026-07-01,Variación Porcentual,Índice de Precios al Consumidor Nacional (IPC). Base diciembre 2016.,Subsecretaría de Programación Macroeconómica,Instituto Nacional de Estadística y Censos (INDEC),Precios
145.3_INGNOANOA_DICI_M_10,ipc_ng_noa,IPC. Nivel General región Noroeste. Base dic 2016. Mensual.,R/P1M,2016-12-01,2026-07-01,Índice,Índice de Precios al Consumidor Nacional (IPC). Base diciembre 2016.,Subsecretaría de Programación Macroeconómica,Instituto Nacional de Estadística y Censos (INDEC),Precios
145.3_INGNOAUAL_DICI_M_33,ipc_ng_noa_tasa_variacion_mensual,IPC. Tasa de variación mensual. Nivel General. región Noroeste. Base dic 2016.,R/P1M,2017-01-01,2026-07-01,Variación Porcentual,Índice de Precios al Consumidor Nacional (IPC). Base diciembre 2016.,Subsecretaría de Programación Macroeconómica,Instituto Nacional de Estadística y Censos (INDEC),Precios
145.3_INGPAMANA_DICI_M_15,ipc_ng_pampeana,IPC. Nivel General Región Pampeana. Base dic 2016. Mensual.,R/P1M,2016-12-01,2026-07-01,Índice,Índice de Precios al Consumidor Nacional (IPC). Base diciembre 2016.,Subsecretaría de Programación Macroeconómica,Instituto Nacional de Estadística y Censos (INDEC),Precios
145.3_INGPAMIOR_DICI_M_57,ipc_ng_pampeana_tasa_variacion_acumulada_dic_ano_anterior,IPC. Tasa de variación acumulada desde diciembre del año anterior. Nivel General. Región Pampeana. Base dic 2016. Mensual acumulados.,R/P1M,2017-01-01,2026-07-01,Variación Porcentual,Índice de Precios al Consumidor Nacional (IPC). Base diciembre 2016.,Subsecretaría de Programación Macroeconómica,Instituto Nacional de Estadística y Censos (INDEC),Precios
145.3_INGPAMUAL_DICI_M_38,ipc_ng_pampeana_tasa_variacion_mensual,IPC. Tasa de variación mensual. Nivel General. Región Pampeana. Base dic 2016.,R/P1M,2017-01-01,2026-07-01,Variación Porcentual,Índice de Precios al Consumidor Nacional (IPC). Base diciembre 2016.,Subsecretaría de Programación Macroeconómica,Instituto Nacional de Estadística y Censos (INDEC),Precios
145.3_INGPATIOR_DICI_M_58,ipc_ng_patagonia_tasa_variacion_acumulada_dic_ano_anterior,IPC. Tasa de variación acumulada desde diciembre del año anterior. Nivel General. Región Patagónica. Base dic 2016. Mensual acumulados.,R/P1M,2017-01-01,2026-07-01,Variación Porcentual,Índice de Precios al Consumidor Nacional (IPC). Base diciembre 2016.,Subsecretaría de Programación Macroeconómica,Instituto Nacional de Estadística y Censos (INDEC),Precios
145.3_INGPATNIA_DICI_M_16,ipc_ng_patagonia,IPC. Nivel General Región Patagónica. Base dic 2016. Mensual.,R/P1M,2016-12-01,2026-07-01,Índice,Índice de Precios al Consumidor Nacional (IPC). Base diciembre 2016.,Subsecretaría de Programación Macroeconómica,Instituto Nacional de Estadística y Censos (INDEC),Precios
145.3_INGPATUAL_DICI_M_39,ipc_ng_patagonia_tasa_variacion_mensual,IPC. Tasa de variación mensual. Nivel General. Región Patagónica. Base dic 2016.,R/P1M,2017-01-01,2026-07-01,Variación Porcentual,Índice de Precios al Consumidor Nacional (IPC). Base diciembre 2016.,Subsecretaría de Programación Macroeconómica,Instituto Nacional de Estadística y Censos (INDEC),Precios
146.1_IPC_ALIMENANA_DICI_T_45,ipc_alimentos_bebidas_no_alcoholicas_pampeana,IPC. Alimentos y bebidas no alcohólicas. Región pampeana. Base dic 2016. Trimestral.,R/P3M,2017-01-01,2026-04-01,Índice,Índice de Precios al Consumidor Nacional (IPC). Base diciembre 2016.,Subsecretaría de Programación Macroeconómica,Instituto Nacional de Estadística y Censos (INDEC),Precios
146.1_IPC_ALIMENGBA_DICI_T_40,ipc_alimentos_bebidas_no_alcoholicas_gba,IPC. Alimentos y bebidas no alcohólicas. GBA. Base dic 2016. Trimestral.,R/P3M,2017-01-01,2026-04-01,Índice,Índice de Precios al Consumidor Nacional (IPC). Base diciembre 2016.,Subsecretaría de Programación Macroeconómica,Instituto Nacional de Estadística y Censos (INDEC),Precios
146.1_IPC_ALIMENNAL_DICI_T_45,ipc_alimentos_bebidas_no_alcoholicas_nacional,IPC. Alimentos y bebidas no alcohólicas. Nacional. Base dic 2016. Trimestral.,R/P3M,2017-01-01,2026-04-01,Índice,Índice de Precios al Consumidor Nacional (IPC). Base diciembre 2016.,Subsecretaría de Programación Macroeconómica,Instituto Nacional de Estadística y Censos (INDEC),Precios
146.1_IPC_ALIMENNEA_DICI_T_40,ipc_alimentos_bebidas_no_alcoholicas_nea,IPC. Alimentos y bebidas no alcohólicas. Región noreste. Base dic 2016. Trimestral.,R/P3M,2017-01-01,2026-04-01,Índice,Índice de Precios al Consumidor Nacional (IPC). Base diciembre 2016.,Subsecretaría de Programación Macroeconómica,Instituto Nacional de Estadística y Censos (INDEC),Precios
146.1_IPC_ALIMENNIA_DICI_T_46,ipc_alimentos_bebidas_no_alcoholicas_patagonia,IPC. Alimentos y bebidas no alcohólicas. Patagonia. Base dic 2016. Trimestral.,R/P3M,2017-01-01,2026-04-01,Índice,Índice de Precios al Consumidor Nacional (IPC). Base diciembre 2016.,Subsecretaría de Programación Macroeconómica,Instituto Nacional de Estadística y Censos (INDEC),Precios
146.1_IPC_ALIMENNOA_DICI_T_40,ipc_alimentos_bebidas_no_alcoholicas_noa,IPC. Alimentos y bebidas no alcohólicas. Región noroeste. Base dic 2016. Trimestral.,R/P3M,2017-01-01,2026-04-01,Índice,Índice de Precios al Consumidor Nacional (IPC). Base diciembre 2016.,Subsecretaría de Programación Macroeconómica,Instituto Nacional de Estadística y Censos (INDEC),Precios
146.1_IPC_ALIMENUYO_DICI_T_41,ipc_alimentos_bebidas_no_alcoholicas_cuyo,IPC. Alimentos y bebidas no alcohólicas. Cuyo. Base dic 2016. Trimestral.,R/P3M,2017-01-01,2026-04-01,Índice,Índice de Precios al Consumidor Nacional (IPC). Base diciembre 2016.,Subsecretaría de Programación Macroeconómica,Instituto Nacional de Estadística y Censos (INDEC),Precios
146.1_IPC_BEBIDAANA_DICI_T_39,ipc_bebidas_alcoholicas_tabaco_pampeana,IPC. Bebidas alcohólicas y tabaco. Región pampeana. Base dic 2016. Trimestral.,R/P3M,2017-01-01,2026-04-01,Índice,Índice de Precios al Consumidor Nacional (IPC). Base diciembre 2016.,Subsecretaría de Programación Macroeconómica,Instituto Nacional de Estadística y Censos (INDEC),Precios
146.1_IPC_BEBIDAGBA_DICI_T_34,ipc_bebidas_alcoholicas_tabaco_gba,IPC. Bebidas alcohólicas y tabaco. GBA. Base dic 2016. Trimestral.,R/P3M,2017-01-01,2026-04-01,Índice,Índice de Precios al Consumidor Nacional (IPC). Base diciembre 2016.,Subsecretaría de Programación Macroeconómica,Instituto Nacional de Estadística y Censos (INDEC),Precios
146.1_IPC_BEBIDANAL_DICI_T_39,ipc_bebidas_alcoholicas_tabaco_nacional,IPC. Bebidas alcohólicas y tabaco. Nacional. Base dic 2016. Trimestral.,R/P3M,2017-01-01,2026-04-01,Índice,Índice de Precios al Consumidor Nacional (IPC). Base diciembre 2016.,Subsecretaría de Programación Macroeconómica,Instituto Nacional de Estadística y Censos (INDEC),Precios
146.1_IPC_BEBIDANEA_DICI_T_34,ipc_bebidas_alcoholicas_tabaco_nea,IPC. Bebidas alcohólicas y tabaco. Región noreste. Base dic 2016. Trimestral.,R/P3M,2017-01-01,2026-04-01,Índice,Índice de Precios al Consumidor Nacional (IPC). Base diciembre 2016.,Subsecretaría de Programación Macroeconómica,Instituto Nacional de Estadística y Censos (INDEC),Precios
146.1_IPC_BEBIDANIA_DICI_T_40,ipc_bebidas_alcoholicas_tabaco_patagonia,IPC. Bebidas alcohólicas y tabaco. Patagonia. Base dic 2016. Trimestral.,R/P3M,2017-01-01,2026-04-01,Índice,Índice de Precios al Consumidor Nacional (IPC). Base diciembre 2016.,Subsecretaría de Programación Macroeconómica,Instituto Nacional de Estadística y Censos (INDEC),Precios
146.1_IPC_BEBIDANOA_DICI_T_34,ipc_bebidas_alcoholicas_tabaco_noa,IPC. Bebidas alcohólicas y tabaco. Región noroeste. Base dic 2016. Trimestral.,R/P3M,2017-01-01,2026-04-01,Índice,Índice de Precios al Consumidor Nacional (IPC). Base diciembre 2016.,Subsecretaría de Programación Macroeconómica,Instituto Nacional de Estadística y Censos (INDEC),Precios
146.1_IPC_BEBIDAUYO_DICI_T_35,ipc_bebidas_alcoholicas_tabaco_cuyo,IPC. Bebidas alcohólicas y tabaco. Cuyo. Base dic 2016. Trimestral.,R/P3M,2017-01-01,2026-04-01,Índice,Índice de Precios al Consumidor Nacional (IPC). Base diciembre 2016.,Subsecretaría de Programación Macroeconómica,Instituto Nacional de Estadística y Censos (INDEC),Precios
146.1_IPC_BIENESANA_DICI_T_36,ipc_bienes_servicios_varios_pampeana,IPC. Bienes y servicios varios. Región pampeana. Base dic 2016. Trimestral.,R/P3M,2017-01-01,2026-04-01,Índice,Índice de Precios al Consumidor Nacional (IPC). Base diciembre 2016.,Subsecretaría de Programación Macroeconómica,Instituto Nacional de Estadística y Censos (INDEC),Precios
146.1_IPC_BIENESGBA_DICI_T_31,ipc_bienes_servicios_varios_gba,IPC. Bienes y servicios varios. GBA. Base dic 2016. Trimestral.,R/P3M,2017-01-01,2026-04-01,Índice,Índice de Precios al Consumidor Nacional (IPC). Base diciembre 2016.,Subsecretaría de Programación Macroeconómica,Instituto Nacional de Estadística y Censos (INDEC),Precios
146.1_IPC_BIENESNAL_DICI_T_36,ipc_bienes_servicios_varios_nacional,IPC. Bienes y servicios varios. Nacional. Base dic 2016. Trimestral.,R/P3M,2017-01-01,2026-04-01,Índice,Índice de Precios al Consumidor Nacional (IPC). Base diciembre 2016.,Subsecretaría de Programación Macroeconómica,Instituto Nacional de Estadística y Censos (INDEC),Precios
146.1_IPC_BIENESNEA_DICI_T_31,ipc_bienes_servicios_varios_nea,IPC. Bienes y servicios varios. Región noreste. Base dic 2016. Trimestral.,R/P3M,2017-01-01,2026-04-01,Índice,Índice de Precios al Consumidor Nacional (IPC). Base diciembre 2016.,Subsecretaría de Programación Macroeconómica,Instituto Nacional de Estadística y Censos (INDEC),Precios
146.1_IPC_BIENESNIA_DICI_T_37,ipc_bienes_servicios_varios_patagonia,IPC. Bienes y servicios varios. Patagonia. Base dic 2016. Trimestral.,R/P3M,2017-01-01,2026-04-01,Índice,Índice de Precios al Consumidor Nacional (IPC). Base diciembre 2016.,Subsecretaría de Programación Macroeconómica,Instituto Nacional de Estadística y Censos (INDEC),Precios
146.1_IPC_BIENESNOA_DICI_T_31,ipc_bienes_servicios_varios_noa,IPC. Bienes y servicios varios. Región noroeste. Base dic 2016. Trimestral.,R/P3M,2017-01-01,2026-04-01,Índice,Índice de Precios al Consumidor Nacional (IPC). Base diciembre 2016.,Subsecretaría de Programación Macroeconómica,Instituto Nacional de Estadística y Censos (INDEC),Precios
146.1_IPC_BIENESUYO_DICI_T_32,ipc_bienes_servicios_varios_cuyo,IPC. Bienes y servicios varios. Cuyo. Base dic 2016. Trimestral.,R/P3M,2017-01-01,2026-04-01,Índice,Índice de Precios al Consumidor Nacional (IPC). Base diciembre 2016.,Subsecretaría de Programación Macroeconómica,Instituto Nacional de Estadística y Censos (INDEC),Precios
146.1_IPC_COMUNIANA_DICI_T_27,ipc_comunicaciones_pampeana,IPC. Comunicaciones. Región pampeana. Base dic 2016. Trimestral.,R/P3M,2017-01-01,2026-04-01,Índice,Índice de Precios al Consumidor Nacional (IPC). Base diciembre 2016.,Subsecretaría de Programación Macroeconómica,Instituto Nacional de Estadística y Censos (INDEC),Precios
146.1_IPC_COMUNIGBA_DICI_T_22,ipc_comunicaciones_gba,IPC. Comunicaciones. GBA. Base dic 2016. Trimestral.,R/P3M,2017-01-01,2026-04-01,Índice,Índice de Precios al Consumidor Nacional (IPC). Base diciembre 2016.,Subsecretaría de Programación Macroeconómica,Instituto Nacional de Estadística y Censos (INDEC),Precios
146.1_IPC_COMUNINAL_DICI_T_27,ipc_comunicaciones_nacional,IPC. Comunicaciones. Nacional. Base dic 2016. Trimestral.,R/P3M,2017-01-01,2026-04-01,Índice,Índice de Precios al Consumidor Nacional (IPC). Base diciembre 2016.,Subsecretaría de Programación Macroeconómica,Instituto Nacional de Estadística y Censos (INDEC),Precios
146.1_IPC_COMUNINEA_DICI_T_22,ipc_comunicaciones_nea,IPC. Comunicaciones. Región noreste. Base dic 2016. Trimestral.,R/P3M,2017-01-01,2026-04-01,Índice,Índice de Precios al Consumidor Nacional (IPC). Base diciembre 2016.,Subsecretaría de Programación Macroeconómica,Instituto Nacional de Estadística y Censos (INDEC),Precios
146.1_IPC_COMUNINIA_DICI_T_28,ipc_comunicaciones_patagonia,IPC. Comunicaciones. Patagonia. Base dic 2016. Trimestral.,R/P3M,2017-01-01,2026-04-01,Índice,Índice de Precios al Consumidor Nacional (IPC). Base diciembre 2016.,Subsecretaría de Programación Macroeconómica,Instituto Nacional de Estadística y Censos (INDEC),Precios
146.1_IPC_COMUNINOA_DICI_T_22,ipc_comunicaciones_noa,IPC. Comunicaciones. Región noroeste. Base dic 2016. Trimestral.,R/P3M,2017-01-01,2026-04-01,Índice,Índice de Precios al Consumidor Nacional (IPC). Base diciembre 2016.,Subsecretaría de Programación Macroeconómica,Instituto Nacional de Estadística y Censos (INDEC),Precios
146.1_IPC_COMUNIUYO_DICI_T_23,ipc_comunicaciones_cuyo,IPC. Comunicaciones. Cuyo. Base dic 2016. Trimestral.,R/P3M,2017-01-01,2026-04-01,Índice,Índice de Precios al Consumidor Nacional (IPC). Base diciembre 2016.,Subsecretaría de Programación Macroeconómica,Instituto Nacional de Estadística y Censos (INDEC),Precios
146.1_IPC_EDUCACANA_DICI_T_22,ipc_educacion_pampeana,IPC. Educación. Región pampeana. Base dic 2016. Trimestral.,R/P3M,2017-01-01,2026-04-01,Índice,Índice de Precios al Consumidor Nacional (IPC). Base diciembre 2016.,Subsecretaría de Programación Macroeconómica,Instituto Nacional de Estadística y Censos (INDEC),Precios
146.1_IPC_EDUCACGBA_DICI_T_17,ipc_educacion_gba,IPC. Educación. GBA. Base dic 2016. Trimestral.,R/P3M,2017-01-01,2026-04-01,Índice,Índice de Precios al Consumidor Nacional (IPC). Base diciembre 2016.,Subsecretaría de Programación Macroeconómica,Instituto Nacional de Estadística y Censos (INDEC),Precios
146.1_IPC_EDUCACNAL_DICI_T_22,ipc_educacion_nacional,IPC. Educación. Nacional. Base dic 2016. Trimestral.,R/P3M,2017-01-01,2026-04-01,Índice,Índice de Precios al Consumidor Nacional (IPC). Base diciembre 2016.,Subsecretaría de Programación Macroeconómica,Instituto Nacional de Estadística y Censos (INDEC),Precios
146.1_IPC_EDUCACNEA_DICI_T_17,ipc_educacion_nea,IPC. Educación. Región noreste. Base dic 2016. Trimestral.,R/P3M,2017-01-01,2026-04-01,Índice,Índice de Precios al Consumidor Nacional (IPC). Base diciembre 2016.,Subsecretaría de Programación Macroeconómica,Instituto Nacional de Estadística y Censos (INDEC),Precios
146.1_IPC_EDUCACNIA_DICI_T_23,ipc_educacion_patagonia,IPC. Educación. Patagonia. Base dic 2016. Trimestral.,R/P3M,2017-01-01,2026-04-01,Índice,Índice de Precios al Consumidor Nacional (IPC). Base diciembre 2016.,Subsecretaría de Programación Macroeconómica,Instituto Nacional de Estadística y Censos (INDEC),Precios
146.1_IPC_EDUCACNOA_DICI_T_17,ipc_educacion_noa,IPC. Educación. Región noroeste. Base dic 2016. Trimestral.,R/P3M,2017-01-01,2026-04-01,Índice,Índice de Precios al Consumidor Nacional (IPC). Base diciembre 2016.,Subsecretaría de Programación Macroeconómica,Instituto Nacional de Estadística y Censos (INDEC),Precios
146.1_IPC_EDUCACUYO_DICI_T_18,ipc_educacion_cuyo,IPC. Educación. Cuyo. Base dic 2016. Trimestral.,R/P3M,2017-01-01,2026-04-01,Índice,Índice de Precios al Consumidor Nacional (IPC). Base diciembre 2016.,Subsecretaría de Programación Macroeconómica,Instituto Nacional de Estadística y Censos (INDEC),Precios
146.1_IPC_EQUIPAANA_DICI_T_46,ipc_equipamiento_mantenimientos_hogar_pampeana,IPC. Equipamiento y mantenimiento del hogar. Región pampeana. Base dic 2016. Trimestral.,R/P3M,2017-01-01,2026-04-01,Índice,Índice de Precios al Consumidor Nacional (IPC). Base diciembre 2016.,Subsecretaría de Programación Macroeconómica,Instituto Nacional de Estadística y Censos (INDEC),Precios
146.1_IPC_EQUIPAGBA_DICI_T_41,ipc_equipamiento_mantenimientos_hogar_gba,IPC. Equipamiento y mantenimiento del hogar. GBA. Base dic 2016. Trimestral.,R/P3M,2017-01-01,2026-04-01,Índice,Índice de Precios al Consumidor Nacional (IPC). Base diciembre 2016.,Subsecretaría de Programación Macroeconómica,Instituto Nacional de Estadística y Censos (INDEC),Precios
146.1_IPC_EQUIPANAL_DICI_T_46,ipc_equipamiento_mantenimientos_hogar_nacional,IPC. Equipamiento y mantenimiento del hogar. Nacional. Base dic 2016. Trimestral.,R/P3M,2017-01-01,2026-04-01,Índice,Índice de Precios al Consumidor Nacional (IPC). Base diciembre 2016.,Subsecretaría de Programación Macroeconómica,Instituto Nacional de Estadística y Censos (INDEC),Precios
146.1_IPC_EQUIPANEA_DICI_T_41,ipc_equipamiento_mantenimientos_hogar_nea,IPC. Equipamiento y mantenimiento del hogar. Región noreste. Base dic 2016. Trimestral.,R/P3M,2017-01-01,2026-04-01,Índice,Índice de Precios al Consumidor Nacional (IPC). Base diciembre 2016.,Subsecretaría de Programación Macroeconómica,Instituto Nacional de Estadística y Censos (INDEC),Precios
146.1_IPC_EQUIPANIA_DICI_T_47,ipc_equipamiento_mantenimientos_hogar_patagonia,IPC. Equipamiento y mantenimiento del hogar. Patagonia. Base dic 2016. Trimestral.,R/P3M,2017-01-01,2026-04-01,Índice,Índice de Precios al Consumidor Nacional (IPC). Base diciembre 2016.,Subsecretaría de Programación Macroeconómica,Instituto Nacional de Estadística y Censos (INDEC),Precios
146.1_IPC_EQUIPANOA_DICI_T_41,ipc_equipamiento_mantenimientos_hogar_noa,IPC. Equipamiento y mantenimiento del hogar. Región noroeste. Base dic 2016. Trimestral.,R/P3M,2017-01-01,2026-04-01,Índice,Índice de Precios al Consumidor Nacional (IPC). Base diciembre 2016.,Subsecretaría de Programación Macroeconómica,Instituto Nacional de Estadística y Censos (INDEC),Precios
146.1_IPC_EQUIPAUYO_DICI_T_42,ipc_equipamiento_mantenimientos_hogar_cuyo,IPC. Equipamiento y mantenimiento del hogar. Cuyo. Base dic 2016. Trimestral.,R/P3M,2017-01-01,2026-04-01,Índice,Índice de Precios al Consumidor Nacional (IPC). Base diciembre 2016.,Subsecretaría de Programación Macroeconómica,Instituto Nacional de Estadística y Censos (INDEC),Precios
146.1_IPC_PRENDAANA_DICI_T_35,ipc_prendas_vestir_calzado_pampeana,IPC. Prendas de vestir y calzado. Región pampeana. Base dic 2016. Trimestral.,R/P3M,2017-01-01,2026-04-01,Índice,Índice de Precios al Consumidor Nacional (IPC). Base diciembre 2016.,Subsecretaría de Programación Macroeconómica,Instituto Nacional de Estadística y Censos (INDEC),Precios
146.1_IPC_PRENDAGBA_DICI_T_30,ipc_prendas_vestir_calzado_gba,IPC. Prendas de vestir y calzado. GBA. Base dic 2016. Trimestral.,R/P3M,2017-01-01,2026-04-01,Índice,Índice de Precios al Consumidor Nacional (IPC). Base diciembre 2016.,Subsecretaría de Programación Macroeconómica,Instituto Nacional de Estadística y Censos (INDEC),Precios
146.1_IPC_PRENDANAL_DICI_T_35,ipc_prendas_vestir_calzado_nacional,IPC. Prendas de vestir y calzado. Nacional. Base dic 2016. Trimestral.,R/P3M,2017-01-01,2026-04-01,Índice,Índice de Precios al Consumidor Nacional (IPC). Base diciembre 2016.,Subsecretaría de Programación Macroeconómica,Instituto Nacional de Estadística y Censos (INDEC),Precios
146.1_IPC_PRENDANEA_DICI_T_30,ipc_prendas_vestir_calzado_nea,IPC. Prendas de vestir y calzado. Región noreste. Base dic 2016. Trimestral.,R/P3M,2017-01-01,2026-04-01,Índice,Índice de Precios al Consumidor Nacional (IPC). Base diciembre 2016.,Subsecretaría de Programación Macroeconómica,Instituto Nacional de Estadística y Censos (INDEC),Precios
146.1_IPC_PRENDANIA_DICI_T_36,ipc_prendas_vestir_calzado_patagonia,IPC. Prendas de vestir y calzado. Patagonia. Base dic 2016. Trimestral.,R/P3M,2017-01-01,2026-04-01,Índice,Índice de Precios al Consumidor Nacional (IPC). Base diciembre 2016.,Subsecretaría de Programación Macroeconómica,Instituto Nacional de Estadística y Censos (INDEC),Precios
146.1_IPC_PRENDANOA_DICI_T_30,ipc_prendas_vestir_calzado_noa,IPC. Prendas de vestir y calzado. Región noroeste. Base dic 2016. Trimestral.,R/P3M,2017-01-01,2026-04-01,Índice,Índice de Precios al Consumidor Nacional (IPC). Base diciembre 2016.,Subsecretaría de Programación Macroeconómica,Instituto Nacional de Estadística y Censos (INDEC),Precios
146.1_IPC_PRENDAUYO_DICI_T_31,ipc_prendas_vestir_calzado_cuyo,IPC. Prendas de vestir y calzado. Cuyo. Base dic 2016. Trimestral.,R/P3M,2017-01-01,2026-04-01,Índice,Índice de Precios al Consumidor Nacional (IPC). Base diciembre 2016.,Subsecretaría de Programación Macroeconómica,Instituto Nacional de Estadística y Censos (INDEC),Precios
146.1_IPC_RECREAANA_DICI_T_31,ipc_recreacion_cultura_pampeana,IPC. Recreación y cultura. Región pampeana. Base dic 2016. Trimestral.,R/P3M,2017-01-01,2026-04-01,Índice,Índice de Precios al Consumidor Nacional (IPC). Base diciembre 2016.,Subsecretaría de Programación Macroeconómica,Instituto Nacional de Estadística y Censos (INDEC),Precios
146.1_IPC_RECREAGBA_DICI_T_26,ipc_recreacion_cultura_gba,IPC. Recreación y cultura. GBA. Base dic 2016. Trimestral.,R/P3M,2017-01-01,2026-04-01,Índice,Índice de Precios al Consumidor Nacional (IPC). Base diciembre 2016.,Subsecretaría de Programación Macroeconómica,Instituto Nacional de Estadística y Censos (INDEC),Precios
146.1_IPC_RECREANAL_DICI_T_31,ipc_recreacion_cultura_nacional,IPC. Recreación y cultura. Nacional. Base dic 2016. Trimestral.,R/P3M,2017-01-01,2026-04-01,Índice,Índice de Precios al Consumidor Nacional (IPC). Base diciembre 2016.,Subsecretaría de Programación Macroeconómica,Instituto Nacional de Estadística y Censos (INDEC),Precios
146.1_IPC_RECREANEA_DICI_T_26,ipc_recreacion_cultura_nea,IPC. Recreación y cultura. Región noreste. Base dic 2016. Trimestral.,R/P3M,2017-01-01,2026-04-01,Índice,Índice de Precios al Consumidor Nacional (IPC). Base diciembre 2016.,Subsecretaría de Programación Macroeconómica,Instituto Nacional de Estadística y Censos (INDEC),Precios
146.1_IPC_RECREANIA_DICI_T_32,ipc_recreacion_cultura_patagonia,IPC. Recreación y cultura. Patagonia. Base dic 2016. Trimestral.,R/P3M,2017-01-01,2026-04-01,Índice,Índice de Precios al Consumidor Nacional (IPC). Base diciembre 2016.,Subsecretaría de Programación Macroeconómica,Instituto Nacional de Estadística y Censos (INDEC),Precios
146.1_IPC_RECREANOA_DICI_T_26,ipc_recreacion_cultura_noa,IPC. Recreación y cultura. Región noroeste. Base dic 2016. Trimestral.,R/P3M,2017-01-01,2026-04-01,Índice,Índice de Precios al Consumidor Nacional (IPC). Base diciembre 2016.,Subsecretaría de Programación Macroeconómica,Instituto Nacional de Estadística y Censos (INDEC),Precios
146.1_IPC_RECREAUYO_DICI_T_27,ipc_recreacion_cultura_cuyo,IPC. Recreación y cultura. Cuyo. Base dic 2016. Trimestral.,R/P3M,2017-01-01,2026-04-01,Índice,Índice de Precios al Consumidor Nacional (IPC). Base diciembre 2016.,Subsecretaría de Programación Macroeconómica,Instituto Nacional de Estadística y Censos (INDEC),Precios
146.1_IPC_RESTAUANA_DICI_T_33,ipc_restaurantes_hoteles_pampeana,IPC. Hoteles y restaurantes. Región pampeana. Base dic 2016. Trimestral.,R/P3M,2017-01-01,2026-04-01,Índice,Índice de Precios al Consumidor Nacional (IPC). Base diciembre 2016.,Subsecretaría de Programación Macroeconómica,Instituto Nacional de Estadística y Censos (INDEC),Precios
146.1_IPC_RESTAUGBA_DICI_T_28,ipc_restaurantes_hoteles_gba,IPC. Hoteles y restaurantes. GBA. Base dic 2016. Trimestral.,R/P3M,2017-01-01,2026-04-01,Índice,Índice de Precios al Consumidor Nacional (IPC). Base diciembre 2016.,Subsecretaría de Programación Macroeconómica,Instituto Nacional de Estadística y Censos (INDEC),Precios
146.1_IPC_RESTAUNAL_DICI_T_33,ipc_restaurantes_hoteles_nacional,IPC. Hoteles y restaurantes. Nacional. Base dic 2016. Trimestral.,R/P3M,2017-01-01,2026-04-01,Índice,Índice de Precios al Consumidor Nacional (IPC). Base diciembre 2016.,Subsecretaría de Programación Macroeconómica,Instituto Nacional de Estadística y Censos (INDEC),Precios
146.1_IPC_RESTAUNEA_DICI_T_28,ipc_restaurantes_hoteles_nea,IPC. Hoteles y restaurantes. Región noreste. Base dic 2016. Trimestral.,R/P3M,2017-01-01,2026-04-01,Índice,Índice de Precios al Consumidor Nacional (IPC). Base diciembre 2016.,Subsecretaría de Programación Macroeconómica,Instituto Nacional de Estadística y Censos (INDEC),Precios
146.1_IPC_RESTAUNIA_DICI_T_34,ipc_restaurantes_hoteles_patagonia,IPC. Hoteles y restaurantes. Patagonia. Base dic 2016. Trimestral.,R/P3M,2017-01-01,2026-04-01,Índice,Índice de Precios al Consumidor Nacional (IPC). Base diciembre 2016.,Subsecretaría de Programación Macroeconómica,Instituto Nacional de Estadística y Censos (INDEC),Precios
146.1_IPC_RESTAUNOA_DICI_T_28,ipc_restaurantes_hoteles_noa,IPC. Hoteles y restaurantes. Región noroeste. Base dic 2016. Trimestral.,R/P3M,2017-01-01,2026-04-01,Índice,Índice de Precios al Consumidor Nacional (IPC). Base diciembre 2016.,Subsecretaría de Programación Macroeconómica,Instituto Nacional de Estadística y Censos (INDEC),Precios
146.1_IPC_RESTAUUYO_DICI_T_29,ipc_restaurantes_hoteles_cuyo,IPC. Hoteles y restaurantes. Cuyo. Base dic 2016. Trimestral.,R/P3M,2017-01-01,2026-04-01,Índice,Índice de Precios al Consumidor Nacional (IPC). Base diciembre 2016.,Subsecretaría de Programación Macroeconómica,Instituto Nacional de Estadística y Censos (INDEC),Precios
146.1_IPC_SALUD_ANA_DICI_T_18,ipc_salud_pampeana,IPC. Salud. Región pampeana. Base dic 2016. Trimestral.,R/P3M,2017-01-01,2026-04-01,Índice,Índice de Precios al Consumidor Nacional (IPC). Base diciembre 2016.,Subsecretaría de Programación Macroeconómica,Instituto Nacional de Estadística y Censos (INDEC),Precios
146.1_IPC_SALUD_GBA_DICI_T_13,ipc_salud_gba,IPC. Salud. GBA. Base dic 2016. Trimestral.,R/P3M,2017-01-01,2026-04-01,Índice,Índice de Precios al Consumidor Nacional (IPC). Base diciembre 2016.,Subsecretaría de Programación Macroeconómica,Instituto Nacional de Estadística y Censos (INDEC),Precios
146.1_IPC_SALUD_NAL_DICI_T_18,ipc_salud_nacional,IPC. Salud. Nacional. Base dic 2016. Trimestral.,R/P3M,2017-01-01,2026-04-01,Índice,Índice de Precios al Consumidor Nacional (IPC). Base diciembre 2016.,Subsecretaría de Programación Macroeconómica,Instituto Nacional de Estadística y Censos (INDEC),Precios
146.1_IPC_SALUD_NEA_DICI_T_13,ipc_salud_nea,IPC. Salud. Región noreste. Base dic 2016. Trimestral.,R/P3M,2017-01-01,2026-04-01,Índice,Índice de Precios al Consumidor Nacional (IPC). Base diciembre 2016.,Subsecretaría de Programación Macroeconómica,Instituto Nacional de Estadística y Censos (INDEC),Precios
146.1_IPC_SALUD_NIA_DICI_T_19,ipc_salud_patagonia,IPC. Salud. Patagonia. Base dic 2016. Trimestral.,R/P3M,2017-01-01,2026-04-01,Índice,Índice de Precios al Consumidor Nacional (IPC). Base diciembre 2016.,Subsecretaría de Programación Macroeconómica,Instituto Nacional de Estadística y Censos (INDEC),Precios
146.1_IPC_SALUD_NOA_DICI_T_13,ipc_salud_noa,IPC. Salud. Región noroeste. Base dic 2016. Trimestral.,R/P3M,2017-01-01,2026-04-01,Índice,Índice de Precios al Consumidor Nacional (IPC). Base diciembre 2016.,Subsecretaría de Programación Macroeconómica,Instituto Nacional de Estadística y Censos (INDEC),Precios
146.1_IPC_SALUD_UYO_DICI_T_14,ipc_salud_cuyo,IPC. Salud. Cuyo. Base dic 2016. Trimestral.,R/P3M,2017-01-01,2026-04-01,Índice,Índice de Precios al Consumidor Nacional (IPC). Base diciembre 2016.,Subsecretaría de Programación Macroeconómica,Instituto Nacional de Estadística y Censos (INDEC),Precios
146.1_IPC_TRANSPANA_DICI_T_23,ipc_transporte_pampeana,IPC. Transporte. Región pampeana. Base dic 2016. Trimestral.,R/P3M,2017-01-01,2026-04-01,Índice,Índice de Precios al Consumidor Nacional (IPC). Base diciembre 2016.,Subsecretaría de Programación Macroeconómica,Instituto Nacional de Estadística y Censos (INDEC),Precios
146.1_IPC_TRANSPGBA_DICI_T_18,ipc_transporte_gba,IPC. Transporte. GBA. Base dic 2016. Trimestral.,R/P3M,2017-01-01,2026-04-01,Índice,Índice de Precios al Consumidor Nacional (IPC). Base diciembre 2016.,Subsecretaría de Programación Macroeconómica,Instituto Nacional de Estadística y Censos (INDEC),Precios
146.1_IPC_TRANSPNAL_DICI_T_23,ipc_transporte_nacional,IPC. Transporte. Nacional. Base dic 2016. Trimestral.,R/P3M,2017-01-01,2026-04-01,Índice,Índice de Precios al Consumidor Nacional (IPC). Base diciembre 2016.,Subsecretaría de Programación Macroeconómica,Instituto Nacional de Estadística y Censos (INDEC),Precios
146.1_IPC_TRANSPNEA_DICI_T_18,ipc_transporte_nea,IPC. Transporte. Región noreste. Base dic 2016. Trimestral.,R/P3M,2017-01-01,2026-04-01,Índice,Índice de Precios al Consumidor Nacional (IPC). Base diciembre 2016.,Subsecretaría de Programación Macroeconómica,Instituto Nacional de Estadística y Censos (INDEC),Precios
146.1_IPC_TRANSPNIA_DICI_T_24,ipc_transporte_patagonia,IPC. Transporte. Patagonia. Base dic 2016. Trimestral.,R/P3M,2017-01-01,2026-04-01,Índice,Índice de Precios al Consumidor Nacional (IPC). Base diciembre 2016.,Subsecretaría de Programación Macroeconómica,Instituto Nacional de Estadística y Censos (INDEC),Precios
146.1_IPC_TRANSPNOA_DICI_T_18,ipc_transporte_noa,IPC. Transporte. Región noroeste. Base dic 2016. Trimestral.,R/P3M,2017-01-01,2026-04-01,Índice,Índice de Precios al Consumidor Nacional (IPC). Base diciembre 2016.,Subsecretaría de Programación Macroeconómica,Instituto Nacional de Estadística y Censos (INDEC),Precios
146.1_IPC_TRANSPUYO_DICI_T_19,ipc_transporte_cuyo,IPC. Transporte. Cuyo. Base dic 2016. Trimestral.,R/P3M,2017-01-01,2026-04-01,Índice,Índice de Precios al Consumidor Nacional (IPC). Base diciembre 2016.,Subsecretaría de Programación Macroeconómica,Instituto Nacional de Estadística y Censos (INDEC),Precios
146.1_IPC_VIVIENANA_DICI_T_52,ipc_vivienda_agua_electricidad_combustibles_pampeana,"IPC. Vivienda, agua, electricidad, y otros combustibles. Región pampeana. Base dic 2016. Trimestral.",R/P3M,2017-01-01,2026-04-01,Índice,Índice de Precios al Consumidor Nacional (IPC). Base diciembre 2016.,Subsecretaría de Programación Macroeconómica,Instituto Nacional de Estadística y Censos (INDEC),Precios
146.1_IPC_VIVIENGBA_DICI_T_47,ipc_vivienda_agua_electricidad_combustibles_gba,"IPC. Vivienda, agua, electricidad, y otros combustibles. GBA. Base dic 2016. Trimestral.",R/P3M,2017-01-01,2026-04-01,Índice,Índice de Precios al Consumidor Nacional (IPC). Base diciembre 2016.,Subsecretaría de Programación Macroeconómica,Instituto Nacional de Estadística y Censos (INDEC),Precios
146.1_IPC_VIVIENNAL_DICI_T_52,ipc_vivienda_agua_electricidad_combustibles_nacional,"IPC. Vivienda, agua, electricidad, y otros combustibles. Nacional. Base dic 2016. Trimestral.",R/P3M,2017-01-01,2026-04-01,Índice,Índice de Precios al Consumidor Nacional (IPC). Base diciembre 2016.,Subsecretaría de Programación Macroeconómica,Instituto Nacional de Estadística y Censos (INDEC),Precios
146.1_IPC_VIVIENNEA_DICI_T_47,ipc_vivienda_agua_electricidad_combustibles_nea,"IPC. Vivienda, agua, electricidad, y otros combustibles. Región noreste. Base dic 2016. Trimestral.",R/P3M,2017-01-01,2026-04-01,Índice,Índice de Precios al Consumidor Nacional (IPC). Base diciembre 2016.,Subsecretaría de Programación Macroeconómica,Instituto Nacional de Estadística y Censos (INDEC),Precios
146.1_IPC_VIVIENNIA_DICI_T_53,ipc_vivienda_agua_electricidad_combustibles_patagonia,"IPC. Vivienda, agua, electricidad, y otros combustibles. Patagonia. Base dic 2016. Trimestral.",R/P3M,2017-01-01,2026-04-01,Índice,Índice de Precios al Consumidor Nacional (IPC). Base diciembre 2016.,Subsecretaría de Programación Macroeconómica,Instituto Nacional de Estadística y Censos (INDEC),Precios
146.1_IPC_VIVIENNOA_DICI_T_47,ipc_vivienda_agua_electricidad_combustibles_noa,"IPC. Vivienda, agua, electricidad, y otros combustibles. Región noroeste. Base dic 2016. Trimestral.",R/P3M,2017-01-01,2026-04-01,Índice,Índice de Precios al Consumidor Nacional (IPC). Base diciembre 2016.,Subsecretaría de Programación Macroeconómica,Instituto Nacional de Estadística y Censos (INDEC),Precios
146.1_IPC_VIVIENUYO_DICI_T_48,ipc_vivienda_agua_electricidad_combustibles_cuyo,"IPC. Vivienda, agua, electricidad, y otros combustibles. Cuyo. Base dic 2016. Trimestral.",R/P3M,2017-01-01,2026-04-01,Índice,Índice de Precios al Consumidor Nacional (IPC). Base diciembre 2016.,Subsecretaría de Programación Macroeconómica,Instituto Nacional de Estadística y Censos (INDEC),Precios
146.3_IALIMENANA_DICI_M_45,ipc_alimentos_bebidas_no_alcoholicas_pampeana,IPC. Alimentos y bebidas no alcohólicas. Región pampeana. Base dic 2016. Mensual.,R/P1M,2016-12-01,2026-07-01,Índice,Índice de Precios al Consumidor Nacional (IPC). Base diciembre 2016.,Subsecretaría de Programación Macroeconómica,Instituto Nacional de Estadística y Censos (INDEC),Precios
146.3_IALIMENGBA_DICI_M_40,ipc_alimentos_bebidas_no_alcoholicas_gba,IPC. Alimentos y bebidas no alcohólicas. GBA. Base dic 2016. Mensual.,R/P1M,2016-12-01,2026-07-01,Índice,Índice de Precios al Consumidor Nacional (IPC). Base diciembre 2016.,Subsecretaría de Programación Macroeconómica,Instituto Nacional de Estadística y Censos (INDEC),Precios
146.3_IALIMENNAL_DICI_M_45,ipc_alimentos_bebidas_no_alcoholicas_nacional,IPC. Alimentos y bebidas no alcohólicas. Nacional. Base dic 2016. Mensual.,R/P1M,2016-12-01,2026-07-01,Índice,Índice de Precios al Consumidor Nacional (IPC). Base diciembre 2016.,Subsecretaría de Programación Macroeconómica,Instituto Nacional de Estadística y Censos (INDEC),Precios
146.3_IALIMENNEA_DICI_M_40,ipc_alimentos_bebidas_no_alcoholicas_nea,IPC. Alimentos y bebidas no alcohólicas. Región noreste. Base dic 2016. Mensual.,R/P1M,2016-12-01,2026-07-01,Índice,Índice de Precios al Consumidor Nacional (IPC). Base diciembre 2016.,Subsecretaría de Programación Macroeconómica,Instituto Nacional de Estadística y Censos (INDEC),Precios
146.3_IALIMENNIA_DICI_M_46,ipc_alimentos_bebidas_no_alcoholicas_patagonia,IPC. Alimentos y bebidas no alcohólicas. Patagonia. Base dic 2016. Mensual.,R/P1M,2016-12-01,2026-07-01,Índice,Índice de Precios al Consumidor Nacional (IPC). Base diciembre 2016.,Subsecretaría de Programación Macroeconómica,Instituto Nacional de Estadística y Censos (INDEC),Precios
146.3_IALIMENNOA_DICI_M_40,ipc_alimentos_bebidas_no_alcoholicas_noa,IPC. Alimentos y bebidas no alcohólicas. Región noroeste. Base dic 2016. Mensual.,R/P1M,2016-12-01,2026-07-01,Índice,Índice de Precios al Consumidor Nacional (IPC). Base diciembre 2016.,Subsecretaría de Programación Macroeconómica,Instituto Nacional de Estadística y Censos (INDEC),Precios
146.3_IALIMENUYO_DICI_M_41,ipc_alimentos_bebidas_no_alcoholicas_cuyo,IPC. Alimentos y bebidas no alcohólicas. Cuyo. Base dic 2016. Mensual.,R/P1M,2016-12-01,2026-07-01,Índice,Índice de Precios al Consumidor Nacional (IPC). Base diciembre 2016.,Subsecretaría de Programación Macroeconómica,Instituto Nacional de Estadística y Censos (INDEC),Precios
146.3_IBEBIDAANA_DICI_M_39,ipc_bebidas_alcoholicas_tabaco_pampeana,IPC. Bebidas alcohólicas y tabaco. Región pampeana. Base dic 2016. Mensual.,R/P1M,2016-12-01,2026-07-01,Índice,Índice de Precios al Consumidor Nacional (IPC). Base diciembre 2016.,Subsecretaría de Programación Macroeconómica,Instituto Nacional de Estadística y Censos (INDEC),Precios
146.3_IBEBIDAGBA_DICI_M_34,ipc_bebidas_alcoholicas_tabaco_gba,IPC. Bebidas alcohólicas y tabaco. GBA. Base dic 2016. Mensual.,R/P1M,2016-12-01,2026-07-01,Índice,Índice de Precios al Consumidor Nacional (IPC). Base diciembre 2016.,Subsecretaría de Programación Macroeconómica,Instituto Nacional de Estadística y Censos (INDEC),Precios
146.3_IBEBIDANAL_DICI_M_39,ipc_bebidas_alcoholicas_tabaco_nacional,IPC. Bebidas alcohólicas y tabaco. Nacional. Base dic 2016. Mensual.,R/P1M,2016-12-01,2026-07-01,Índice,Índice de Precios al Consumidor Nacional (IPC). Base diciembre 2016.,Subsecretaría de Programación Macroeconómica,Instituto Nacional de Estadística y Censos (INDEC),Precios
146.3_IBEBIDANEA_DICI_M_34,ipc_bebidas_alcoholicas_tabaco_nea,IPC. Bebidas alcohólicas y tabaco. Región noreste. Base dic 2016. Mensual.,R/P1M,2016-12-01,2026-07-01,Índice,Índice de Precios al Consumidor Nacional (IPC). Base diciembre 2016.,Subsecretaría de Programación Macroeconómica,Instituto Nacional de Estadística y Censos (INDEC),Precios
146.3_IBEBIDANIA_DICI_M_40,ipc_bebidas_alcoholicas_tabaco_patagonia,IPC. Bebidas alcohólicas y tabaco. Patagonia. Base dic 2016. Mensual.,R/P1M,2016-12-01,2026-07-01,Índice,Índice de Precios al Consumidor Nacional (IPC). Base diciembre 2016.,Subsecretaría de Programación Macroeconómica,Instituto Nacional de Estadística y Censos (INDEC),Precios
146.3_IBEBIDANOA_DICI_M_34,ipc_bebidas_alcoholicas_tabaco_noa,IPC. Bebidas alcohólicas y tabaco. Región noroeste. Base dic 2016. Mensual.,R/P1M,2016-12-01,2026-07-01,Índice,Índice de Precios al Consumidor Nacional (IPC). Base diciembre 2016.,Subsecretaría de Programación Macroeconómica,Instituto Nacional de Estadística y Censos (INDEC),Precios
146.3_IBEBIDAUYO_DICI_M_35,ipc_bebidas_alcoholicas_tabaco_cuyo,IPC. Bebidas alcohólicas y tabaco. Cuyo. Base dic 2016. Mensual.,R/P1M,2016-12-01,2026-07-01,Índice,Índice de Precios al Consumidor Nacional (IPC). Base diciembre 2016.,Subsecretaría de Programación Macroeconómica,Instituto Nacional de Estadística y Censos (INDEC),Precios
146.3_IBIENESANA_DICI_M_36,ipc_bienes_servicios_varios_pampeana,IPC. Bienes y servicios varios. Región pampeana. Base dic 2016. Mensual.,R/P1M,2016-12-01,2026-07-01,Índice,Índice de Precios al Consumidor Nacional (IPC). Base diciembre 2016.,Subsecretaría de Programación Macroeconómica,Instituto Nacional de Estadística y Censos (INDEC),Precios
146.3_IBIENESGBA_DICI_M_31,ipc_bienes_servicios_varios_gba,IPC. Bienes y servicios varios. GBA. Base dic 2016. Mensual.,R/P1M,2016-12-01,2026-07-01,Índice,Índice de Precios al Consumidor Nacional (IPC). Base diciembre 2016.,Subsecretaría de Programación Macroeconómica,Instituto Nacional de Estadística y Censos (INDEC),Precios
146.3_IBIENESNAL_DICI_M_36,ipc_bienes_servicios_varios_nacional,IPC. Bienes y servicios varios. Nacional. Base dic 2016. Mensual.,R/P1M,2016-12-01,2026-07-01,Índice,Índice de Precios al Consumidor Nacional (IPC). Base diciembre 2016.,Subsecretaría de Programación Macroeconómica,Instituto Nacional de Estadística y Censos (INDEC),Precios
146.3_IBIENESNEA_DICI_M_31,ipc_bienes_servicios_varios_nea,IPC. Bienes y servicios varios. Región noreste. Base dic 2016. Mensual.,R/P1M,2016-12-01,2026-07-01,Índice,Índice de Precios al Consumidor Nacional (IPC). Base diciembre 2016.,Subsecretaría de Programación Macroeconómica,Instituto Nacional de Estadística y Censos (INDEC),Precios
146.3_IBIENESNIA_DICI_M_37,ipc_bienes_servicios_varios_patagonia,IPC. Bienes y servicios varios. Patagonia. Base dic 2016. Mensual.,R/P1M,2016-12-01,2026-07-01,Índice,Índice de Precios al Consumidor Nacional (IPC). Base diciembre 2016.,Subsecretaría de Programación Macroeconómica,Instituto Nacional de Estadística y Censos (INDEC),Precios
146.3_IBIENESNOA_DICI_M_31,ipc_bienes_servicios_varios_noa,IPC. Bienes y servicios varios. Región noroeste. Base dic 2016. Mensual.,R/P1M,2016-12-01,2026-07-01,Índice,Índice de Precios al Consumidor Nacional (IPC). Base diciembre 2016.,Subsecretaría de Programación Macroeconómica,Instituto Nacional de Estadística y Censos (INDEC),Precios
146.3_IBIENESUYO_DICI_M_32,ipc_bienes_servicios_varios_cuyo,IPC. Bienes y servicios varios. Cuyo. Base dic 2016. Mensual.,R/P1M,2016-12-01,2026-07-01,Índice,Índice de Precios al Consumidor Nacional (IPC). Base diciembre 2016.,Subsecretaría de Programación Macroeconómica,Instituto Nacional de Estadística y Censos (INDEC),Precios
146.3_ICOMUNIANA_DICI_M_27,ipc_comunicaciones_pampeana,IPC. Comunicaciones. Región pampeana. Base dic 2016. Mensual.,R/P1M,2016-12-01,2026-07-01,Índice,Índice de Precios al Consumidor Nacional (IPC). Base diciembre 2016.,Subsecretaría de Programación Macroeconómica,Instituto Nacional de Estadística y Censos (INDEC),Precios
146.3_ICOMUNIGBA_DICI_M_22,ipc_comunicaciones_gba,IPC. Comunicaciones. GBA. Base dic 2016. Mensual.,R/P1M,2016-12-01,2026-07-01,Índice,Índice de Precios al Consumidor Nacional (IPC). Base diciembre 2016.,Subsecretaría de Programación Macroeconómica,Instituto Nacional de Estadística y Censos (INDEC),Precios
146.3_ICOMUNINAL_DICI_M_27,ipc_comunicaciones_nacional,IPC. Comunicaciones. Nacional. Base dic 2016. Mensual.,R/P1M,2016-12-01,2026-07-01,Índice,Índice de Precios al Consumidor Nacional (IPC). Base diciembre 2016.,Subsecretaría de Programación Macroeconómica,Instituto Nacional de Estadística y Censos (INDEC),Precios
146.3_ICOMUNINEA_DICI_M_22,ipc_comunicaciones_nea,IPC. Comunicaciones. Región noreste. Base dic 2016. Mensual.,R/P1M,2016-12-01,2026-07-01,Índice,Índice de Precios al Consumidor Nacional (IPC). Base diciembre 2016.,Subsecretaría de Programación Macroeconómica,Instituto Nacional de Estadística y Censos (INDEC),Precios
146.3_ICOMUNINIA_DICI_M_28,ipc_comunicaciones_patagonia,IPC. Comunicaciones. Patagonia. Base dic 2016. Mensual.,R/P1M,2016-12-01,2026-07-01,Índice,Índice de Precios al Consumidor Nacional (IPC). Base diciembre 2016.,Subsecretaría de Programación Macroeconómica,Instituto Nacional de Estadística y Censos (INDEC),Precios
146.3_ICOMUNINOA_DICI_M_22,ipc_comunicaciones_noa,IPC. Comunicaciones. Región noroeste. Base dic 2016. Mensual.,R/P1M,2016-12-01,2026-07-01,Índice,Índice de Precios al Consumidor Nacional (IPC). Base diciembre 2016.,Subsecretaría de Programación Macroeconómica,Instituto Nacional de Estadística y Censos (INDEC),Precios
146.3_ICOMUNIUYO_DICI_M_23,ipc_comunicaciones_cuyo,IPC. Comunicaciones. Cuyo. Base dic 2016. Mensual.,R/P1M,2016-12-01,2026-07-01,Índice,Índice de Precios al Consumidor Nacional (IPC). Base diciembre 2016.,Subsecretaría de Programación Macroeconómica,Instituto Nacional de Estadística y Censos (INDEC),Precios
146.3_IEDUCACANA_DICI_M_22,ipc_educacion_pampeana,IPC. Educación. Región pampeana. Base dic 2016. Mensual.,R/P1M,2016-12-01,2026-07-01,Índice,Índice de Precios al Consumidor Nacional (IPC). Base diciembre 2016.,Subsecretaría de Programación Macroeconómica,Instituto Nacional de Estadística y Censos (INDEC),Precios
146.3_IEDUCACGBA_DICI_M_17,ipc_educacion_gba,IPC. Educación. GBA. Base dic 2016. Mensual.,R/P1M,2016-12-01,2026-07-01,Índice,Índice de Precios al Consumidor Nacional (IPC). Base diciembre 2016.,Subsecretaría de Programación Macroeconómica,Instituto Nacional de Estadística y Censos (INDEC),Precios
146.3_IEDUCACNAL_DICI_M_22,ipc_educacion_nacional,IPC. Educación. Nacional. Base dic 2016. Mensual.,R/P1M,2016-12-01,2026-07-01,Índice,Índice de Precios al Consumidor Nacional (IPC). Base diciembre 2016.,Subsecretaría de Programación Macroeconómica,Instituto Nacional de Estadística y Censos (INDEC),Precios
146.3_IEDUCACNEA_DICI_M_17,ipc_educacion_nea,IPC. Educación. Región noreste. Base dic 2016. Mensual.,R/P1M,2016-12-01,2026-07-01,Índice,Índice de Precios al Consumidor Nacional (IPC). Base diciembre 2016.,Subsecretaría de Programación Macroeconómica,Instituto Nacional de Estadística y Censos (INDEC),Precios
146.3_IEDUCACNIA_DICI_M_23,ipc_educacion_patagonia,IPC. Educación. Patagonia. Base dic 2016. Mensual.,R/P1M,2016-12-01,2026-07-01,Índice,Índice de Precios al Consumidor Nacional (IPC). Base diciembre 2016.,Subsecretaría de Programación Macroeconómica,Instituto Nacional de Estadística y Censos (INDEC),Precios
146.3_IEDUCACNOA_DICI_M_17,ipc_educacion_noa,IPC. Educación. Región noroeste. Base dic 2016. Mensual.,R/P1M,2016-12-01,2026-07-01,Índice,Índice de Precios al Consumidor Nacional (IPC). Base diciembre 2016.,Subsecretaría de Programación Macroeconómica,Instituto Nacional de Estadística y Censos (INDEC),Precios
146.3_IEDUCACUYO_DICI_M_18,ipc_educacion_cuyo,IPC. Educación. Cuyo. Base dic 2016. Mensual.,R/P1M,2016-12-01,2026-07-01,Índice,Índice de Precios al Consumidor Nacional (IPC). Base diciembre 2016.,Subsecretaría de Programación Macroeconómica,Instituto Nacional de Estadística y Censos (INDEC),Precios
146.3_IEQUIPAANA_DICI_M_46,ipc_equipamiento_mantenimientos_hogar_pampeana,IPC. Equipamiento y mantenimiento del hogar. Región pampeana. Base dic 2016. Mensual.,R/P1M,2016-12-01,2026-07-01,Índice,Índice de Precios al Consumidor Nacional (IPC). Base diciembre 2016.,Subsecretaría de Programación Macroeconómica,Instituto Nacional de Estadística y Censos (INDEC),Precios
146.3_IEQUIPAGBA_DICI_M_41,ipc_equipamiento_mantenimientos_hogar_gba,IPC. Equipamiento y mantenimiento del hogar. GBA. Base dic 2016. Mensual.,R/P1M,2016-12-01,2026-07-01,Índice,Índice de Precios al Consumidor Nacional (IPC). Base diciembre 2016.,Subsecretaría de Programación Macroeconómica,Instituto Nacional de Estadística y Censos (INDEC),Precios
146.3_IEQUIPANAL_DICI_M_46,ipc_equipamiento_mantenimientos_hogar_nacional,IPC. Equipamiento y mantenimiento del hogar. Nacional. Base dic 2016. Mensual.,R/P1M,2016-12-01,2026-07-01,Índice,Índice de Precios al Consumidor Nacional (IPC). Base diciembre 2016.,Subsecretaría de Programación Macroeconómica,Instituto Nacional de Estadística y Censos (INDEC),Precios
146.3_IEQUIPANEA_DICI_M_41,ipc_equipamiento_mantenimientos_hogar_nea,IPC. Equipamiento y mantenimiento del hogar. Región noreste. Base dic 2016. Mensual.,R/P1M,2016-12-01,2026-07-01,Índice,Índice de Precios al Consumidor Nacional (IPC). Base diciembre 2016.,Subsecretaría de Programación Macroeconómica,Instituto Nacional de Estadística y Censos (INDEC),Precios
146.3_IEQUIPANIA_DICI_M_47,ipc_equipamiento_mantenimientos_hogar_patagonia,IPC. Equipamiento y mantenimiento del hogar. Patagonia. Base dic 2016. Mensual.,R/P1M,2016-12-01,2026-07-01,Índice,Índice de Precios al Consumidor Nacional (IPC). Base diciembre 2016.,Subsecretaría de Programación Macroeconómica,Instituto Nacional de Estadística y Censos (INDEC),Precios
146.3_IEQUIPANOA_DICI_M_41,ipc_equipamiento_mantenimientos_hogar_noa,IPC. Equipamiento y mantenimiento del hogar. Región noroeste. Base dic 2016. Mensual.,R/P1M,2016-12-01,2026-07-01,Índice,Índice de Precios al Consumidor Nacional (IPC). Base diciembre 2016.,Subsecretaría de Programación Macroeconómica,Instituto Nacional de Estadística y Censos (INDEC),Precios
146.3_IEQUIPAUYO_DICI_M_42,ipc_equipamiento_mantenimientos_hogar_cuyo,IPC. Equipamiento y mantenimiento del hogar. Cuyo. Base dic 2016. Mensual.,R/P1M,2016-12-01,2026-07-01,Índice,Índice de Precios al Consumidor Nacional (IPC). Base diciembre 2016.,Subsecretaría de Programación Macroeconómica,Instituto Nacional de Estadística y Censos (INDEC),Precios
146.3_IPRENDAANA_DICI_M_35,ipc_prendas_vestir_calzado_pampeana,IPC. Prendas de vestir y calzado. Región pampeana. Base dic 2016. Mensual.,R/P1M,2016-12-01,2026-07-01,Índice,Índice de Precios al Consumidor Nacional (IPC). Base diciembre 2016.,Subsecretaría de Programación Macroeconómica,Instituto Nacional de Estadística y Censos (INDEC),Precios
146.3_IPRENDAGBA_DICI_M_30,ipc_prendas_vestir_calzado_gba,IPC. Prendas de vestir y calzado. GBA. Base dic 2016. Mensual.,R/P1M,2016-12-01,2026-07-01,Índice,Índice de Precios al Consumidor Nacional (IPC). Base diciembre 2016.,Subsecretaría de Programación Macroeconómica,Instituto Nacional de Estadística y Censos (INDEC),Precios
146.3_IPRENDANAL_DICI_M_35,ipc_prendas_vestir_calzado_nacional,IPC. Prendas de vestir y calzado. Nacional. Base dic 2016. Mensual.,R/P1M,2016-12-01,2026-07-01,Índice,Índice de Precios al Consumidor Nacional (IPC). Base diciembre 2016.,Subsecretaría de Programación Macroeconómica,Instituto Nacional de Estadística y Censos (INDEC),Precios
146.3_IPRENDANEA_DICI_M_30,ipc_prendas_vestir_calzado_nea,IPC. Prendas de vestir y calzado. Región noreste. Base dic 2016. Mensual.,R/P1M,2016-12-01,2026-07-01,Índice,Índice de Precios al Consumidor Nacional (IPC). Base diciembre 2016.,Subsecretaría de Programación Macroeconómica,Instituto Nacional de Estadística y Censos (INDEC),Precios
146.3_IPRENDANIA_DICI_M_36,ipc_prendas_vestir_calzado_patagonia,IPC. Prendas de vestir y calzado. Patagonia. Base dic 2016. Mensual.,R/P1M,2016-12-01,2026-07-01,Índice,Índice de Precios al Consumidor Nacional (IPC). Base diciembre 2016.,Subsecretaría de Programación Macroeconómica,Instituto Nacional de Estadística y Censos (INDEC),Precios
146.3_IPRENDANOA_DICI_M_30,ipc_prendas_vestir_calzado_noa,IPC. Prendas de vestir y calzado. Región noroeste. Base dic 2016. Mensual.,R/P1M,2016-12-01,2026-07-01,Índice,Índice de Precios al Consumidor Nacional (IPC). Base diciembre 2016.,Subsecretaría de Programación Macroeconómica,Instituto Nacional de Estadística y Censos (INDEC),Precios
146.3_IPRENDAUYO_DICI_M_31,ipc_prendas_vestir_calzado_cuyo,IPC. Prendas de vestir y calzado. Cuyo. Base dic 2016. Mensual.,R/P1M,2016-12-01,2026-07-01,Índice,Índice de Precios al Consumidor Nacional (IPC). Base diciembre 2016.,Subsecretaría de Programación Macroeconómica,Instituto Nacional de Estadística y Censos (INDEC),Precios
146.3_IRECREAANA_DICI_M_31,ipc_recreacion_cultura_pampeana,IPC. Recreación y cultura. Región pampeana. Base dic 2016. Mensual.,R/P1M,2016-12-01,2026-07-01,Índice,Índice de Precios al Consumidor Nacional (IPC). Base diciembre 2016.,Subsecretaría de Programación Macroeconómica,Instituto Nacional de Estadística y Censos (INDEC),Precios
146.3_IRECREAGBA_DICI_M_26,ipc_recreacion_cultura_gba,IPC. Recreación y cultura. GBA. Base dic 2016. Mensual.,R/P1M,2016-12-01,2026-07-01,Índice,Índice de Precios al Consumidor Nacional (IPC). Base diciembre 2016.,Subsecretaría de Programación Macroeconómica,Instituto Nacional de Estadística y Censos (INDEC),Precios
146.3_IRECREANAL_DICI_M_31,ipc_recreacion_cultura_nacional,IPC. Recreación y cultura. Nacional. Base dic 2016. Mensual.,R/P1M,2016-12-01,2026-07-01,Índice,Índice de Precios al Consumidor Nacional (IPC). Base diciembre 2016.,Subsecretaría de Programación Macroeconómica,Instituto Nacional de Estadística y Censos (INDEC),Precios
146.3_IRECREANEA_DICI_M_26,ipc_recreacion_cultura_nea,IPC. Recreación y cultura. Región noreste. Base dic 2016. Mensual.,R/P1M,2016-12-01,2026-07-01,Índice,Índice de Precios al Consumidor Nacional (IPC). Base diciembre 2016.,Subsecretaría de Programación Macroeconómica,Instituto Nacional de Estadística y Censos (INDEC),Precios
146.3_IRECREANIA_DICI_M_32,ipc_recreacion_cultura_patagonia,IPC. Recreación y cultura. Patagonia. Base dic 2016. Mensual.,R/P1M,2016-12-01,2026-07-01,Índice,Índice de Precios al Consumidor Nacional (IPC). Base diciembre 2016.,Subsecretaría de Programación Macroeconómica,Instituto Nacional de Estadística y Censos (INDEC),Precios
146.3_IRECREANOA_DICI_M_26,ipc_recreacion_cultura_noa,IPC. Recreación y cultura. Región noroeste. Base dic 2016. Mensual.,R/P1M,2016-12-01,2026-07-01,Índice,Índice de Precios al Consumidor Nacional (IPC). Base diciembre 2016.,Subsecretaría de Programación Macroeconómica,Instituto Nacional de Estadística y Censos (INDEC),Precios
146.3_IRECREAUYO_DICI_M_27,ipc_recreacion_cultura_cuyo,IPC. Recreación y cultura. Cuyo. Base dic 2016. Mensual.,R/P1M,2016-12-01,2026-07-01,Índice,Índice de Precios al Consumidor Nacional (IPC). Base diciembre 2016.,Subsecretaría de Programación Macroeconómica,Instituto Nacional de Estadística y Censos (INDEC),Precios
146.3_IRESTAUANA_DICI_M_33,ipc_restaurantes_hoteles_pampeana,IPC. Hoteles y restaurantes. Región pampeana. Base dic 2016. Mensual.,R/P1M,2016-12-01,2026-07-01,Índice,Índice de Precios al Consumidor Nacional (IPC). Base diciembre 2016.,Subsecretaría de Programación Macroeconómica,Instituto Nacional de Estadística y Censos (INDEC),Precios
146.3_IRESTAUGBA_DICI_M_28,ipc_restaurantes_hoteles_gba,IPC. Hoteles y restaurantes. GBA. Base dic 2016. Mensual.,R/P1M,2016-12-01,2026-07-01,Índice,Índice de Precios al Consumidor Nacional (IPC). Base diciembre 2016.,Subsecretaría de Programación Macroeconómica,Instituto Nacional de Estadística y Censos (INDEC),Precios
146.3_IRESTAUNAL_DICI_M_33,ipc_restaurantes_hoteles_nacional,IPC. Hoteles y restaurantes. Nacional. Base dic 2016. Mensual.,R/P1M,2016-12-01,2026-07-01,Índice,Índice de Precios al Consumidor Nacional (IPC). Base diciembre 2016.,Subsecretaría de Programación Macroeconómica,Instituto Nacional de Estadística y Censos (INDEC),Precios
146.3_IRESTAUNEA_DICI_M_28,ipc_restaurantes_hoteles_nea,IPC. Hoteles y restaurantes. Región noreste. Base dic 2016. Mensual.,R/P1M,2016-12-01,2026-07-01,Índice,Índice de Precios al Consumidor Nacional (IPC). Base diciembre 2016.,Subsecretaría de Programación Macroeconómica,Instituto Nacional de Estadística y Censos (INDEC),Precios
146.3_IRESTAUNIA_DICI_M_34,ipc_restaurantes_hoteles_patagonia,IPC. Hoteles y restaurantes. Patagonia. Base dic 2016. Mensual.,R/P1M,2016-12-01,2026-07-01,Índice,Índice de Precios al Consumidor Nacional (IPC). Base diciembre 2016.,Subsecretaría de Programación Macroeconómica,Instituto Nacional de Estadística y Censos (INDEC),Precios
146.3_IRESTAUNOA_DICI_M_28,ipc_restaurantes_hoteles_noa,IPC. Hoteles y restaurantes. Región noroeste. Base dic 2016. Mensual.,R/P1M,2016-12-01,2026-07-01,Índice,Índice de Precios al Consumidor Nacional (IPC). Base diciembre 2016.,Subsecretaría de Programación Macroeconómica,Instituto Nacional de Estadística y Censos (INDEC),Precios
146.3_IRESTAUUYO_DICI_M_29,ipc_restaurantes_hoteles_cuyo,IPC. Hoteles y restaurantes. Cuyo. Base dic 2016. Mensual.,R/P1M,2016-12-01,2026-07-01,Índice,Índice de Precios al Consumidor Nacional (IPC). Base diciembre 2016.,Subsecretaría de Programación Macroeconómica,Instituto Nacional de Estadística y Censos (INDEC),Precios
146.3_ISALUDANA_DICI_M_18,ipc_salud_pampeana,IPC. Salud. Región pampeana. Base dic 2016. Mensual.,R/P1M,2016-12-01,2026-07-01,Índice,Índice de Precios al Consumidor Nacional (IPC). Base diciembre 2016.,Subsecretaría de Programación Macroeconómica,Instituto Nacional de Estadística y Censos (INDEC),Precios
146.3_ISALUDGBA_DICI_M_13,ipc_salud_gba,IPC. Salud. GBA. Base dic 2016. Mensual.,R/P1M,2016-12-01,2026-07-01,Índice,Índice de Precios al Consumidor Nacional (IPC). Base diciembre 2016.,Subsecretaría de Programación Macroeconómica,Instituto Nacional de Estadística y Censos (INDEC),Precios
146.3_ISALUDNAL_DICI_M_18,ipc_salud_nacional,IPC. Salud. Nacional. Base dic 2016. Mensual.,R/P1M,2016-12-01,2026-07-01,Índice,Índice de Precios al Consumidor Nacional (IPC). Base diciembre 2016.,Subsecretaría de Programación Macroeconómica,Instituto Nacional de Estadística y Censos (INDEC),Precios
146.3_ISALUDNEA_DICI_M_13,ipc_salud_nea,IPC. Salud. Región noreste. Base dic 2016. Mensual.,R/P1M,2016-12-01,2026-07-01,Índice,Índice de Precios al Consumidor Nacional (IPC). Base diciembre 2016.,Subsecretaría de Programación Macroeconómica,Instituto Nacional de Estadística y Censos (INDEC),Precios
146.3_ISALUDNIA_DICI_M_19,ipc_salud_patagonia,IPC. Salud. Patagonia. Base dic 2016. Mensual.,R/P1M,2016-12-01,2026-07-01,Índice,Índice de Precios al Consumidor Nacional (IPC). Base diciembre 2016.,Subsecretaría de Programación Macroeconómica,Instituto Nacional de Estadística y Censos (INDEC),Precios
146.3_ISALUDNOA_DICI_M_13,ipc_salud_noa,IPC. Salud. Región noroeste. Base dic 2016. Mensual.,R/P1M,2016-12-01,2026-07-01,Índice,Índice de Precios al Consumidor Nacional (IPC). Base diciembre 2016.,Subsecretaría de Programación Macroeconómica,Instituto Nacional de Estadística y Censos (INDEC),Precios
146.3_ISALUDUYO_DICI_M_14,ipc_salud_cuyo,IPC. Salud. Cuyo. Base dic 2016. Mensual.,R/P1M,2016-12-01,2026-07-01,Índice,Índice de Precios al Consumidor Nacional (IPC). Base diciembre 2016.,Subsecretaría de Programación Macroeconómica,Instituto Nacional de Estadística y Censos (INDEC),Precios
146.3_ITRANSPANA_DICI_M_23,ipc_transporte_pampeana,IPC. Transporte. Región pampeana. Base dic 2016. Mensual.,R/P1M,2016-12-01,2026-07-01,Índice,Índice de Precios al Consumidor Nacional (IPC). Base diciembre 2016.,Subsecretaría de Programación Macroeconómica,Instituto Nacional de Estadística y Censos (INDEC),Precios
146.3_ITRANSPGBA_DICI_M_18,ipc_transporte_gba,IPC. Transporte. GBA. Base dic 2016. Mensual.,R/P1M,2016-12-01,2026-07-01,Índice,Índice de Precios al Consumidor Nacional (IPC). Base diciembre 2016.,Subsecretaría de Programación Macroeconómica,Instituto Nacional de Estadística y Censos (INDEC),Precios
146.3_ITRANSPNAL_DICI_M_23,ipc_transporte_nacional,IPC. Transporte. Nacional. Base dic 2016. Mensual.,R/P1M,2016-12-01,2026-07-01,Índice,Índice de Precios al Consumidor Nacional (IPC). Base diciembre 2016.,Subsecretaría de Programación Macroeconómica,Instituto Nacional de Estadística y Censos (INDEC),Precios
146.3_ITRANSPNEA_DICI_M_18,ipc_transporte_nea,IPC. Transporte. Región noreste. Base dic 2016. Mensual.,R/P1M,2016-12-01,2026-07-01,Índice,Índice de Precios al Consumidor Nacional (IPC). Base diciembre 2016.,Subsecretaría de Programación Macroeconómica,Instituto Nacional de Estadística y Censos (INDEC),Precios
146.3_ITRANSPNIA_DICI_M_24,ipc_transporte_patagonia,IPC. Transporte. Patagonia. Base dic 2016. Mensual.,R/P1M,2016-12-01,2026-07-01,Índice,Índice de Precios al Consumidor Nacional (IPC). Base diciembre 2016.,Subsecretaría de Programación Macroeconómica,Instituto Nacional de Estadística y Censos (INDEC),Precios
146.3_ITRANSPNOA_DICI_M_18,ipc_transporte_noa,IPC. Transporte. Región noroeste. Base dic 2016. Mensual.,R/P1M,2016-12-01,2026-07-01,Índice,Índice de Precios al Consumidor Nacional (IPC). Base diciembre 2016.,Subsecretaría de Programación Macroeconómica,Instituto Nacional de Estadística y Censos (INDEC),Precios
146.3_ITRANSPUYO_DICI_M_19,ipc_transporte_cuyo,IPC. Transporte. Cuyo. Base dic 2016. Mensual.,R/P1M,2016-12-01,2026-07-01,Índice,Índice de Precios al Consumidor Nacional (IPC). Base diciembre 2016.,Subsecretaría de Programación Macroeconómica,Instituto Nacional de Estadística y Censos (INDEC),Precios
146.3_IVIVIENANA_DICI_M_52,ipc_vivienda_agua_electricidad_combustibles_pampeana,"IPC. Vivienda, agua, electricidad, y otros combustibles. Región pampeana. Base dic 2016. Mensual.",R/P1M,2016-12-01,2026-07-01,Índice,Índice de Precios al Consumidor Nacional (IPC). Base diciembre 2016.,Subsecretaría de Programación Macroeconómica,Instituto Nacional de Estadística y Censos (INDEC),Precios
146.3_IVIVIENGBA_DICI_M_47,ipc_vivienda_agua_electricidad_combustibles_gba,"IPC. Vivienda, agua, electricidad, y otros combustibles. GBA. Base dic 2016. Mensual.",R/P1M,2016-12-01,2026-07-01,Índice,Índice de Precios al Consumidor Nacional (IPC). Base diciembre 2016.,Subsecretaría de Programación Macroeconómica,Instituto Nacional de Estadística y Censos (INDEC),Precios
146.3_IVIVIENNAL_DICI_M_52,ipc_vivienda_agua_electricidad_combustibles_nacional,"IPC. Vivienda, agua, electricidad, y otros combustibles. Nacional. Base dic 2016. Mensual.",R/P1M,2016-12-01,2026-07-01,Índice,Índice de Precios al Consumidor Nacional (IPC). Base diciembre 2016.,Subsecretaría de Programación Macroeconómica,Instituto Nacional de Estadística y Censos (INDEC),Precios
146.3_IVIVIENNEA_DICI_M_47,ipc_vivienda_agua_electricidad_combustibles_nea,"IPC. Vivienda, agua, electricidad, y otros combustibles. Región noreste. Base dic 2016. Mensual.",R/P1M,2016-12-01,2026-07-01,Índice,Índice de Precios al Consumidor Nacional (IPC). Base diciembre 2016.,Subsecretaría de Programación Macroeconómica,Instituto Nacional de Estadística y Censos (INDEC),Precios
146.3_IVIVIENNIA_DICI_M_53,ipc_vivienda_agua_electricidad_combustibles_patagonia,"IPC. Vivienda, agua, electricidad, y otros combustibles. Patagonia. Base dic 2016. Mensual.",R/P1M,2016-12-01,2026-07-01,Índice,Índice de Precios al Consumidor Nacional (IPC). Base diciembre 2016.,Subsecretaría de Programación Macroeconómica,Instituto Nacional de Estadística y Censos (INDEC),Precios
146.3_IVIVIENNOA_DICI_M_47,ipc_vivienda_agua_electricidad_combustibles_noa,"IPC. Vivienda, agua, electricidad, y otros combustibles. Región noroeste. Base dic 2016. Mensual.",R/P1M,2016-12-01,2026-07-01,Índice,Índice de Precios al Consumidor Nacional (IPC). Base diciembre 2016.,Subsecretaría de Programación Macroeconómica,Instituto Nacional de Estadística y Censos (INDEC),Precios
146.3_IVIVIENUYO_DICI_M_48,ipc_vivienda_agua_electricidad_combustibles_cuyo,"IPC. Vivienda, agua, electricidad, y otros combustibles. Cuyo. Base dic 2016. Mensual.",R/P1M,2016-12-01,2026-07-01,Índice,Índice de Precios al Consumidor Nacional (IPC). Base diciembre 2016.,Subsecretaría de Programación Macroeconómica,Instituto Nacional de Estadística y Censos (INDEC),Precios
147.1_IPC_BIENESANA_DICI_T_19,ipc_bienes_pampeana,IPC. Bienes. Región pampeana. Base dic 2016. Trimestral.,R/P3M,2017-01-01,2026-04-01,Índice,Índice de Precios al Consumidor Nacional (IPC). Base diciembre 2016.,Subsecretaría de Programación Macroeconómica,Instituto Nacional de Estadística y Censos (INDEC),Precios
147.1_IPC_BIENESGBA_DICI_T_14,ipc_bienes_gba,IPC. Bienes. GBA. Base dic 2016. Trimestral.,R/P3M,2017-01-01,2026-04-01,Índice,Índice de Precios al Consumidor Nacional (IPC). Base diciembre 2016.,Subsecretaría de Programación Macroeconómica,Instituto Nacional de Estadística y Censos (INDEC),Precios
147.1_IPC_BIENESNAL_DICI_T_19,ipc_bienes_nacional,IPC. Bienes. Nacional. Base dic 2016. Trimestral.,R/P3M,2017-01-01,2026-04-01,Índice,Índice de Precios al Consumidor Nacional (IPC). Base diciembre 2016.,Subsecretaría de Programación Macroeconómica,Instituto Nacional de Estadística y Censos (INDEC),Precios
147.1_IPC_BIENESNEA_DICI_T_14,ipc_bienes_nea,IPC. Bienes. Región noreste. Base dic 2016. Trimestral.,R/P3M,2017-01-01,2026-04-01,Índice,Índice de Precios al Consumidor Nacional (IPC). Base diciembre 2016.,Subsecretaría de Programación Macroeconómica,Instituto Nacional de Estadística y Censos (INDEC),Precios
147.1_IPC_BIENESNIA_DICI_T_20,ipc_bienes_patagonia,IPC. Bienes. Patagonia. Base dic 2016. Trimestral.,R/P3M,2017-01-01,2026-04-01,Índice,Índice de Precios al Consumidor Nacional (IPC). Base diciembre 2016.,Subsecretaría de Programación Macroeconómica,Instituto Nacional de Estadística y Censos (INDEC),Precios
147.1_IPC_BIENESNOA_DICI_T_14,ipc_bienes_noa,IPC. Bienes. Región noroeste. Base dic 2016. Trimestral.,R/P3M,2017-01-01,2026-04-01,Índice,Índice de Precios al Consumidor Nacional (IPC). Base diciembre 2016.,Subsecretaría de Programación Macroeconómica,Instituto Nacional de Estadística y Censos (INDEC),Precios
147.1_IPC_BIENESUYO_DICI_T_15,ipc_bienes_cuyo,IPC. Bienes. Cuyo. Base dic 2016. Trimestral.,R/P3M,2017-01-01,2026-04-01,Índice,Índice de Precios al Consumidor Nacional (IPC). Base diciembre 2016.,Subsecretaría de Programación Macroeconómica,Instituto Nacional de Estadística y Censos (INDEC),Precios
147.1_IPC_SERVICANA_DICI_T_22,ipc_servicios_pampeana,IPC. Servicios. Región pampeana. Base dic 2016. Trimestral.,R/P3M,2017-01-01,2026-04-01,Índice,Índice de Precios al Consumidor Nacional (IPC). Base diciembre 2016.,Subsecretaría de Programación Macroeconómica,Instituto Nacional de Estadística y Censos (INDEC),Precios
147.1_IPC_SERVICGBA_DICI_T_17,ipc_servicios_gba,IPC. Servicios. GBA. Base dic 2016. Trimestral.,R/P3M,2017-01-01,2026-04-01,Índice,Índice de Precios al Consumidor Nacional (IPC). Base diciembre 2016.,Subsecretaría de Programación Macroeconómica,Instituto Nacional de Estadística y Censos (INDEC),Precios
147.1_IPC_SERVICNAL_DICI_T_22,ipc_servicios_nacional,IPC. Servicios. Nacional. Base dic 2016. Trimestral.,R/P3M,2017-01-01,2026-04-01,Índice,Índice de Precios al Consumidor Nacional (IPC). Base diciembre 2016.,Subsecretaría de Programación Macroeconómica,Instituto Nacional de Estadística y Censos (INDEC),Precios
147.1_IPC_SERVICNEA_DICI_T_17,ipc_servicios_nea,IPC. Servicios. Región noreste. Base dic 2016. Trimestral.,R/P3M,2017-01-01,2026-04-01,Índice,Índice de Precios al Consumidor Nacional (IPC). Base diciembre 2016.,Subsecretaría de Programación Macroeconómica,Instituto Nacional de Estadística y Censos (INDEC),Precios
147.1_IPC_SERVICNIA_DICI_T_23,ipc_servicios_patagonia,IPC. Servicios. Patagonia. Base dic 2016. Trimestral.,R/P3M,2017-01-01,2026-04-01,Índice,Índice de Precios al Consumidor Nacional (IPC). Base diciembre 2016.,Subsecretaría de Programación Macroeconómica,Instituto Nacional de Estadística y Censos (INDEC),Precios
147.1_IPC_SERVICNOA_DICI_T_17,ipc_servicios_noa,IPC. Servicios. Región noroeste. Base dic 2016. Trimestral.,R/P3M,2017-01-01,2026-04-01,Índice,Índice de Precios al Consumidor Nacional (IPC). Base diciembre 2016.,Subsecretaría de Programación Macroeconómica,Instituto Nacional de Estadística y Censos (INDEC),Precios
147.1_IPC_SERVICUYO_DICI_T_18,ipc_servicios_cuyo,IPC. Servicios. Cuyo. Base dic 2016. Trimestral.,R/P3M,2017-01-01,2026-04-01,Índice,Índice de Precios al Consumidor Nacional (IPC). Base diciembre 2016.,Subsecretaría de Programación Macroeconómica,Instituto Nacional de Estadística y Censos (INDEC),Precios
147.3_IBIENESANA_DICI_T_19,ipc_bienes_pampeana,IPC. Bienes. Región pampeana. Base dic 2016. Mensual.,R/P1M,2016-12-01,2026-07-01,Índice,Índice de Precios al Consumidor Nacional (IPC). Base diciembre 2016.,Subsecretaría de Programación Macroeconómica,Instituto Nacional de Estadística y Censos (INDEC),Precios
147.3_IBIENESGBA_DICI_T_14,ipc_bienes_gba,IPC. Bienes. GBA. Base dic 2016. Mensual.,R/P1M,2016-12-01,2026-07-01,Índice,Índice de Precios al Consumidor Nacional (IPC). Base diciembre 2016.,Subsecretaría de Programación Macroeconómica,Instituto Nacional de Estadística y Censos (INDEC),Precios
147.3_IBIENESNAL_DICI_T_19,ipc_bienes_nacional,IPC. Bienes. Nacional. Base dic 2016. Mensual.,R/P1M,2016-12-01,2026-07-01,Índice,Índice de Precios al Consumidor Nacional (IPC). Base diciembre 2016.,Subsecretaría de Programación Macroeconómica,Instituto Nacional de Estadística y Censos (INDEC),Precios
147.3_IBIENESNEA_DICI_T_14,ipc_bienes_nea,IPC. Bienes. Región noreste. Base dic 2016. Mensual.,R/P1M,2016-12-01,2026-07-01,Índice,Índice de Precios al Consumidor Nacional (IPC). Base diciembre 2016.,Subsecretaría de Programación Macroeconómica,Instituto Nacional de Estadística y Censos (INDEC),Precios
147.3_IBIENESNIA_DICI_T_20,ipc_bienes_patagonia,IPC. Bienes. Patagonia. Base dic 2016. Mensual.,R/P1M,2016-12-01,2026-07-01,Índice,Índice de Precios al Consumidor Nacional (IPC). Base diciembre 2016.,Subsecretaría de Programación Macroeconómica,Instituto Nacional de Estadística y Censos (INDEC),Precios
147.3_IBIENESNOA_DICI_T_14,ipc_bienes_noa,IPC. Bienes. Región noroeste. Base dic 2016. Mensual.,R/P1M,2016-12-01,2026-07-01,Índice,Índice de Precios al Consumidor Nacional (IPC). Base diciembre 2016.,Subsecretaría de Programación Macroeconómica,Instituto Nacional de Estadística y Censos (INDEC),Precios
147.3_IBIENESUYO_DICI_T_15,ipc_bienes_cuyo,IPC. Bienes. Cuyo. Base dic 2016. Mensual.,R/P1M,2016-12-01,2026-07-01,Índice,Índice de Precios al Consumidor Nacional (IPC). Base diciembre 2016.,Subsecretaría de Programación Macroeconómica,Instituto Nacional de Estadística y Censos (INDEC),Precios
147.3_ISERVICANA_DICI_T_22,ipc_servicios_pampeana,IPC. Servicios. Región pampeana. Base dic 2016. Mensual.,R/P1M,2016-12-01,2026-07-01,Índice,Índice de Precios al Consumidor Nacional (IPC). Base diciembre 2016.,Subsecretaría de Programación Macroeconómica,Instituto Nacional de Estadística y Censos (INDEC),Precios
147.3_ISERVICGBA_DICI_T_17,ipc_servicios_gba,IPC. Servicios. GBA. Base dic 2016. Mensual.,R/P1M,2016-12-01,2026-07-01,Índice,Índice de Precios al Consumidor Nacional (IPC). Base diciembre 2016.,Subsecretaría de Programación Macroeconómica,Instituto Nacional de Estadística y Censos (INDEC),Precios
147.3_ISERVICNAL_DICI_T_22,ipc_servicios_nacional,IPC. Servicios. Nacional. Base dic 2016. Mensual.,R/P1M,2016-12-01,2026-07-01,Índice,Índice de Precios al Consumidor Nacional (IPC). Base diciembre 2016.,Subsecretaría de Programación Macroeconómica,Instituto Nacional de Estadística y Censos (INDEC),Precios
147.3_ISERVICNEA_DICI_T_17,ipc_servicios_nea,IPC. Servicios. Región noreste. Base dic 2016. Mensual.,R/P1M,2016-12-01,2026-07-01,Índice,Índice de Precios al Consumidor Nacional (IPC). Base diciembre 2016.,Subsecretaría de Programación Macroeconómica,Instituto Nacional de Estadística y Censos (INDEC),Precios
147.3_ISERVICNIA_DICI_T_23,ipc_servicios_patagonia,IPC. Servicios. Patagonia. Base dic 2016. Mensual.,R/P1M,2016-12-01,2026-07-01,Índice,Índice de Precios al Consumidor Nacional (IPC). Base diciembre 2016.,Subsecretaría de Programación Macroeconómica,Instituto Nacional de Estadística y Censos (INDEC),Precios
147.3_ISERVICNOA_DICI_T_17,ipc_servicios_noa,IPC. Servicios. Región noroeste. Base dic 2016. Mensual.,R/P1M,2016-12-01,2026-07-01,Índice,Índice de Precios al Consumidor Nacional (IPC). Base diciembre 2016.,Subsecretaría de Programación Macroeconómica,Instituto Nacional de Estadística y Censos (INDEC),Precios
147.3_ISERVICUYO_DICI_T_18,ipc_servicios_cuyo,IPC. Servicios. Cuyo. Base dic 2016. Mensual.,R/P1M,2016-12-01,2026-07-01,Índice,Índice de Precios al Consumidor Nacional (IPC). Base diciembre 2016.,Subsecretaría de Programación Macroeconómica,Instituto Nacional de Estadística y Censos (INDEC),Precios
148.1_IPC_ESTACIANA_DICI_T_25,ipc_estacionales_pampeana,IPC. Estacionales. Región pampeana. Base dic 2016. Trimestral.,R/P3M,2017-01-01,2026-04-01,Índice,Índice de Precios al Consumidor Nacional (IPC). Base diciembre 2016.,Subsecretaría de Programación Macroeconómica,Instituto Nacional de Estadística y Censos (INDEC),Precios
148.1_IPC_ESTACIGBA_DICI_T_20,ipc_estacionales_gba,IPC. Estacionales. GBA. Base dic 2016. Trimestral.,R/P3M,2017-01-01,2026-04-01,Índice,Índice de Precios al Consumidor Nacional (IPC). Base diciembre 2016.,Subsecretaría de Programación Macroeconómica,Instituto Nacional de Estadística y Censos (INDEC),Precios
148.1_IPC_ESTACINAL_DICI_T_25,ipc_estacionales_nacional,IPC. Estacionales. Nacional. Base dic 2016. Trimestral.,R/P3M,2017-01-01,2026-04-01,Índice,Índice de Precios al Consumidor Nacional (IPC). Base diciembre 2016.,Subsecretaría de Programación Macroeconómica,Instituto Nacional de Estadística y Censos (INDEC),Precios
148.1_IPC_ESTACINEA_DICI_T_20,ipc_estacionales_nea,IPC. Estacionales. Región noreste. Base dic 2016. Trimestral.,R/P3M,2017-01-01,2026-04-01,Índice,Índice de Precios al Consumidor Nacional (IPC). Base diciembre 2016.,Subsecretaría de Programación Macroeconómica,Instituto Nacional de Estadística y Censos (INDEC),Precios
148.1_IPC_ESTACINIA_DICI_T_26,ipc_estacionales_patagonia,IPC. Estacionales. Patagonia. Base dic 2016. Trimestral.,R/P3M,2017-01-01,2026-04-01,Índice,Índice de Precios al Consumidor Nacional (IPC). Base diciembre 2016.,Subsecretaría de Programación Macroeconómica,Instituto Nacional de Estadística y Censos (INDEC),Precios
148.1_IPC_ESTACINOA_DICI_T_20,ipc_estacionales_noa,IPC. Estacionales. Región noroeste. Base dic 2016. Trimestral.,R/P3M,2017-01-01,2026-04-01,Índice,Índice de Precios al Consumidor Nacional (IPC). Base diciembre 2016.,Subsecretaría de Programación Macroeconómica,Instituto Nacional de Estadística y Censos (INDEC),Precios
148.1_IPC_ESTACIUYO_DICI_T_21,ipc_estacionales_cuyo,IPC. Estacionales. Cuyo. Base dic 2016. Trimestral.,R/P3M,2017-01-01,2026-04-01,Índice,Índice de Precios al Consumidor Nacional (IPC). Base diciembre 2016.,Subsecretaría de Programación Macroeconómica,Instituto Nacional de Estadística y Censos (INDEC),Precios
148.1_IPC_NIVEL_ANA_DICI_T_26,ipc_nivel_general_pampeana,IPC. Nivel General Región pampeana. Base dic 2016. Trimestral.,R/P3M,2017-01-01,2026-04-01,Índice,Índice de Precios al Consumidor Nacional (IPC). Base diciembre 2016.,Subsecretaría de Programación Macroeconómica,Instituto Nacional de Estadística y Censos (INDEC),Precios
148.1_IPC_NIVEL_GBA_DICI_T_21,ipc_nivel_general_gba,IPC. Nivel General. GBA. Base dic 2016. Trimestral.,R/P3M,2017-01-01,2026-04-01,Índice,Índice de Precios al Consumidor Nacional (IPC). Base diciembre 2016.,Subsecretaría de Programación Macroeconómica,Instituto Nacional de Estadística y Censos (INDEC),Precios
148.1_IPC_NIVEL_NAL_DICI_T_26,ipc_nivel_general_nacional,IPC. Nivel General Nacional. Base dic 2016. Trimestral.,R/P3M,2017-01-01,2026-04-01,Índice,Índice de Precios al Consumidor Nacional (IPC). Base diciembre 2016.,Subsecretaría de Programación Macroeconómica,Instituto Nacional de Estadística y Censos (INDEC),Precios
148.1_IPC_NIVEL_NEA_DICI_T_21,ipc_nivel_general_nea,IPC. Nivel General Región noreste. Base dic 2016. Trimestral.,R/P3M,2017-01-01,2026-04-01,Índice,Índice de Precios al Consumidor Nacional (IPC). Base diciembre 2016.,Subsecretaría de Programación Macroeconómica,Instituto Nacional de Estadística y Censos (INDEC),Precios
148.1_IPC_NIVEL_NIA_DICI_T_27,ipc_nivel_general_patagonia,IPC. Nivel General Patagonia. Base dic 2016. Trimestral.,R/P3M,2017-01-01,2026-04-01,Índice,Índice de Precios al Consumidor Nacional (IPC). Base diciembre 2016.,Subsecretaría de Programación Macroeconómica,Instituto Nacional de Estadística y Censos (INDEC),Precios
148.1_IPC_NIVEL_NOA_DICI_T_21,ipc_nivel_general_noa,IPC. Nivel General Región noroeste. Base dic 2016. Trimestral.,R/P3M,2017-01-01,2026-04-01,Índice,Índice de Precios al Consumidor Nacional (IPC). Base diciembre 2016.,Subsecretaría de Programación Macroeconómica,Instituto Nacional de Estadística y Censos (INDEC),Precios
148.1_IPC_NIVEL_UYO_DICI_T_22,ipc_nivel_general_cuyo,IPC. Nivel General Cuyo. Base dic 2016. Trimestral.,R/P3M,2017-01-01,2026-04-01,Índice,Índice de Precios al Consumidor Nacional (IPC). Base diciembre 2016.,Subsecretaría de Programación Macroeconómica,Instituto Nacional de Estadística y Censos (INDEC),Precios
148.1_IPC_NUCLEOANA_DICI_T_19,ipc_nucleo_pampeana,IPC. Núcleo. Región pampeana. Base dic 2016. Trimestral.,R/P3M,2017-01-01,2026-04-01,Índice,Índice de Precios al Consumidor Nacional (IPC). Base diciembre 2016.,Subsecretaría de Programación Macroeconómica,Instituto Nacional de Estadística y Censos (INDEC),Precios
148.1_IPC_NUCLEOGBA_DICI_T_14,ipc_nucleo_gba,IPC. Núcleo. GBA. Base dic 2016. Trimestral.,R/P3M,2017-01-01,2026-04-01,Índice,Índice de Precios al Consumidor Nacional (IPC). Base diciembre 2016.,Subsecretaría de Programación Macroeconómica,Instituto Nacional de Estadística y Censos (INDEC),Precios
148.1_IPC_NUCLEONAL_DICI_T_19,ipc_nucleo_nacional,IPC. Núcleo. Nacional. Base dic 2016. Trimestral.,R/P3M,2017-01-01,2026-04-01,Índice,Índice de Precios al Consumidor Nacional (IPC). Base diciembre 2016.,Subsecretaría de Programación Macroeconómica,Instituto Nacional de Estadística y Censos (INDEC),Precios
148.1_IPC_NUCLEONEA_DICI_T_14,ipc_nucleo_nea,IPC. Núcleo. Región noreste. Base dic 2016. Trimestral.,R/P3M,2017-01-01,2026-04-01,Índice,Índice de Precios al Consumidor Nacional (IPC). Base diciembre 2016.,Subsecretaría de Programación Macroeconómica,Instituto Nacional de Estadística y Censos (INDEC),Precios
148.1_IPC_NUCLEONIA_DICI_T_20,ipc_nucleo_patagonia,IPC. Núcleo. Patagonia. Base dic 2016. Trimestral.,R/P3M,2017-01-01,2026-04-01,Índice,Índice de Precios al Consumidor Nacional (IPC). Base diciembre 2016.,Subsecretaría de Programación Macroeconómica,Instituto Nacional de Estadística y Censos (INDEC),Precios
148.1_IPC_NUCLEONOA_DICI_T_14,ipc_nucleo_noa,IPC. Núcleo. Región noroeste. Base dic 2016. Trimestral.,R/P3M,2017-01-01,2026-04-01,Índice,Índice de Precios al Consumidor Nacional (IPC). Base diciembre 2016.,Subsecretaría de Programación Macroeconómica,Instituto Nacional de Estadística y Censos (INDEC),Precios
148.1_IPC_NUCLEOUYO_DICI_T_15,ipc_nucleo_cuyo,IPC. Núcleo. Cuyo. Base dic 2016. Trimestral.,R/P3M,2017-01-01,2026-04-01,Índice,Índice de Precios al Consumidor Nacional (IPC). Base diciembre 2016.,Subsecretaría de Programación Macroeconómica,Instituto Nacional de Estadística y Censos (INDEC),Precios
148.1_IPC_REGULAANA_DICI_T_22,ipc_regulados_pampeana,IPC. Regulados. Región pampeana. Base dic 2016. Trimestral.,R/P3M,2017-01-01,2026-04-01,Índice,Índice de Precios al Consumidor Nacional (IPC). Base diciembre 2016.,Subsecretaría de Programación Macroeconómica,Instituto Nacional de Estadística y Censos (INDEC),Precios
148.1_IPC_REGULAGBA_DICI_T_17,ipc_regulados_gba,IPC. Regulados. GBA. Base dic 2016. Trimestral.,R/P3M,2017-01-01,2026-04-01,Índice,Índice de Precios al Consumidor Nacional (IPC). Base diciembre 2016.,Subsecretaría de Programación Macroeconómica,Instituto Nacional de Estadística y Censos (INDEC),Precios
148.1_IPC_REGULANAL_DICI_T_22,ipc_regulados_nacional,IPC. Regulados Nacional. Base dic 2016. Trimestral.,R/P3M,2017-01-01,2026-04-01,Índice,Índice de Precios al Consumidor Nacional (IPC). Base diciembre 2016.,Subsecretaría de Programación Macroeconómica,Instituto Nacional de Estadística y Censos (INDEC),Precios
148.1_IPC_REGULANEA_DICI_T_17,ipc_regulados_nea,IPC. Regulados. Región noreste. Base dic 2016. Trimestral.,R/P3M,2017-01-01,2026-04-01,Índice,Índice de Precios al Consumidor Nacional (IPC). Base diciembre 2016.,Subsecretaría de Programación Macroeconómica,Instituto Nacional de Estadística y Censos (INDEC),Precios
148.1_IPC_REGULANIA_DICI_T_23,ipc_regulados_patagonia,IPC. Regulados. Patagonia. Base dic 2016. Trimestral.,R/P3M,2017-01-01,2026-04-01,Índice,Índice de Precios al Consumidor Nacional (IPC). Base diciembre 2016.,Subsecretaría de Programación Macroeconómica,Instituto Nacional de Estadística y Censos (INDEC),Precios
148.1_IPC_REGULANOA_DICI_T_17,ipc_regulados_noa,IPC. Regulados. Región noroeste. Base dic 2016. Trimestral.,R/P3M,2017-01-01,2026-04-01,Índice,Índice de Precios al Consumidor Nacional (IPC). Base diciembre 2016.,Subsecretaría de Programación Macroeconómica,Instituto Nacional de Estadística y Censos (INDEC),Precios
148.1_IPC_REGULAUYO_DICI_T_18,ipc_regulados_cuyo,IPC. Regulados. Cuyo. Base dic 2016. Trimestral.,R/P3M,2017-01-01,2026-04-01,Índice,Índice de Precios al Consumidor Nacional (IPC). Base diciembre 2016.,Subsecretaría de Programación Macroeconómica,Instituto Nacional de Estadística y Censos (INDEC),Precios
148.3_IESTACIANA_DICI_M_25,ipc_estacionales_pampeana,IPC. Estacionales. Región pampeana. Base dic 2016. Mensual.,R/P1M,2016-12-01,2026-07-01,Índice,Índice de Precios al Consumidor Nacional (IPC). Base diciembre 2016.,Subsecretaría de Programación Macroeconómica,Instituto Nacional de Estadística y Censos (INDEC),Precios
148.3_IESTACIGBA_DICI_M_20,ipc_estacionales_gba,IPC. Estacionales. GBA. Base dic 2016. Mensual.,R/P1M,2016-12-01,2026-07-01,Índice,Índice de Precios al Consumidor Nacional (IPC). Base diciembre 2016.,Subsecretaría de Programación Macroeconómica,Instituto Nacional de Estadística y Censos (INDEC),Precios
148.3_IESTACINAL_DICI_M_25,ipc_estacionales_nacional,IPC. Estacionales. Nacional. Base dic 2016. Mensual.,R/P1M,2016-12-01,2026-07-01,Índice,Índice de Precios al Consumidor Nacional (IPC). Base diciembre 2016.,Subsecretaría de Programación Macroeconómica,Instituto Nacional de Estadística y Censos (INDEC),Precios
148.3_IESTACINEA_DICI_M_20,ipc_estacionales_nea,IPC. Estacionales. Región noreste. Base dic 2016. Mensual.,R/P1M,2016-12-01,2026-07-01,Índice,Índice de Precios al Consumidor Nacional (IPC). Base diciembre 2016.,Subsecretaría de Programación Macroeconómica,Instituto Nacional de Estadística y Censos (INDEC),Precios
148.3_IESTACINIA_DICI_M_26,ipc_estacionales_patagonia,IPC. Estacionales. Patagonia. Base dic 2016. Mensual.,R/P1M,2016-12-01,2026-07-01,Índice,Índice de Precios al Consumidor Nacional (IPC). Base diciembre 2016.,Subsecretaría de Programación Macroeconómica,Instituto Nacional de Estadística y Censos (INDEC),Precios
148.3_IESTACINOA_DICI_M_20,ipc_estacionales_noa,IPC. Estacionales. Región noroeste. Base dic 2016. Mensual.,R/P1M,2016-12-01,2026-07-01,Índice,Índice de Precios al Consumidor Nacional (IPC). Base diciembre 2016.,Subsecretaría de Programación Macroeconómica,Instituto Nacional de Estadística y Censos (INDEC),Precios
148.3_IESTACIUYO_DICI_M_21,ipc_estacionales_cuyo,IPC. Estacionales. Cuyo. Base dic 2016. Mensual.,R/P1M,2016-12-01,2026-07-01,Índice,Índice de Precios al Consumidor Nacional (IPC). Base diciembre 2016.,Subsecretaría de Programación Macroeconómica,Instituto Nacional de Estadística y Censos (INDEC),Precios
148.3_INIVELANA_DICI_M_26,ipc_nivel_general_pampeana,IPC. Nivel General Región pampeana. Base dic 2016. Mensual.,R/P1M,2016-12-01,2026-07-01,Índice,Índice de Precios al Consumidor Nacional (IPC). Base diciembre 2016.,Subsecretaría de Programación Macroeconómica,Instituto Nacional de Estadística y Censos (INDEC),Precios
148.3_INIVELGBA_DICI_M_21,ipc_nivel_general_gba,IPC. Nivel General. GBA. Base dic 2016. Mensual.,R/P1M,2016-12-01,2026-07-01,Índice,Índice de Precios al Consumidor Nacional (IPC). Base diciembre 2016.,Subsecretaría de Programación Macroeconómica,Instituto Nacional de Estadística y Censos (INDEC),Precios
148.3_INIVELNAL_DICI_M_26,ipc_nivel_general_nacional,IPC. Nivel General Nacional. Base dic 2016. Mensual.,R/P1M,2016-12-01,2026-07-01,Índice,Índice de Precios al Consumidor Nacional (IPC). Base diciembre 2016.,Subsecretaría de Programación Macroeconómica,Instituto Nacional de Estadística y Censos (INDEC),Precios
148.3_INIVELNEA_DICI_M_21,ipc_nivel_general_nea,IPC. Nivel General Región noreste. Base dic 2016. Mensual.,R/P1M,2016-12-01,2026-07-01,Índice,Índice de Precios al Consumidor Nacional (IPC). Base diciembre 2016.,Subsecretaría de Programación Macroeconómica,Instituto Nacional de Estadística y Censos (INDEC),Precios
148.3_INIVELNIA_DICI_M_27,ipc_nivel_general_patagonia,IPC. Nivel General Patagonia. Base dic 2016. Mensual.,R/P1M,2016-12-01,2026-07-01,Índice,Índice de Precios al Consumidor Nacional (IPC). Base diciembre 2016.,Subsecretaría de Programación Macroeconómica,Instituto Nacional de Estadística y Censos (INDEC),Precios
148.3_INIVELNOA_DICI_M_21,ipc_nivel_general_noa,IPC. Nivel General Región noroeste. Base dic 2016. Mensual.,R/P1M,2016-12-01,2026-07-01,Índice,Índice de Precios al Consumidor Nacional (IPC). Base diciembre 2016.,Subsecretaría de Programación Macroeconómica,Instituto Nacional de Estadística y Censos (INDEC),Precios
148.3_INIVELUYO_DICI_M_22,ipc_nivel_general_cuyo,IPC. Nivel General Cuyo. Base dic 2016. Mensual.,R/P1M,2016-12-01,2026-07-01,Índice,Índice de Precios al Consumidor Nacional (IPC). Base diciembre 2016.,Subsecretaría de Programación Macroeconómica,Instituto Nacional de Estadística y Censos (INDEC),Precios
148.3_INUCLEOANA_DICI_M_19,ipc_nucleo_pampeana,IPC. Núcleo. Región pampeana. Base dic 2016. Mensual.,R/P1M,2016-12-01,2026-07-01,Índice,Índice de Precios al Consumidor Nacional (IPC). Base diciembre 2016.,Subsecretaría de Programación Macroeconómica,Instituto Nacional de Estadística y Censos (INDEC),Precios
148.3_INUCLEOGBA_DICI_M_14,ipc_nucleo_gba,IPC. Núcleo. GBA. Base dic 2016. Mensual.,R/P1M,2016-12-01,2026-07-01,Índice,Índice de Precios al Consumidor Nacional (IPC). Base diciembre 2016.,Subsecretaría de Programación Macroeconómica,Instituto Nacional de Estadística y Censos (INDEC),Precios
148.3_INUCLEONAL_DICI_M_19,ipc_nucleo_nacional,IPC. Núcleo. Nacional. Base dic 2016. Mensual.,R/P1M,2016-12-01,2026-07-01,Índice,Índice de Precios al Consumidor Nacional (IPC). Base diciembre 2016.,Subsecretaría de Programación Macroeconómica,Instituto Nacional de Estadística y Censos (INDEC),Precios
148.3_INUCLEONEA_DICI_M_14,ipc_nucleo_nea,IPC. Núcleo. Región noreste. Base dic 2016. Mensual.,R/P1M,2016-12-01,2026-07-01,Índice,Índice de Precios al Consumidor Nacional (IPC). Base diciembre 2016.,Subsecretaría de Programación Macroeconómica,Instituto Nacional de Estadística y Censos (INDEC),Precios
148.3_INUCLEONIA_DICI_M_20,ipc_nucleo_patagonia,IPC. Núcleo. Patagonia. Base dic 2016. Mensual.,R/P1M,2016-12-01,2026-07-01,Índice,Índice de Precios al Consumidor Nacional (IPC). Base diciembre 2016.,Subsecretaría de Programación Macroeconómica,Instituto Nacional de Estadística y Censos (INDEC),Precios
148.3_INUCLEONOA_DICI_M_14,ipc_nucleo_noa,IPC. Núcleo. Región noroeste. Base dic 2016. Mensual.,R/P1M,2016-12-01,2026-07-01,Índice,Índice de Precios al Consumidor Nacional (IPC). Base diciembre 2016.,Subsecretaría de Programación Macroeconómica,Instituto Nacional de Estadística y Censos (INDEC),Precios
148.3_INUCLEOUYO_DICI_M_15,ipc_nucleo_cuyo,IPC. Núcleo. Cuyo. Base dic 2016. Mensual.,R/P1M,2016-12-01,2026-07-01,Índice,Índice de Precios al Consumidor Nacional (IPC). Base diciembre 2016.,Subsecretaría de Programación Macroeconómica,Instituto Nacional de Estadística y Censos (INDEC),Precios
148.3_IREGULAANA_DICI_M_22,ipc_regulados_pampeana,IPC. Regulados. Región pampeana. Base dic 2016. Mensual.,R/P1M,2016-12-01,2026-07-01,Índice,Índice de Precios al Consumidor Nacional (IPC). Base diciembre 2016.,Subsecretaría de Programación Macroeconómica,Instituto Nacional de Estadística y Censos (INDEC),Precios
148.3_IREGULAGBA_DICI_M_17,ipc_regulados_gba,IPC. Regulados. GBA. Base dic 2016. Mensual.,R/P1M,2016-12-01,2026-07-01,Índice,Índice de Precios al Consumidor Nacional (IPC). Base diciembre 2016.,Subsecretaría de Programación Macroeconómica,Instituto Nacional de Estadística y Censos (INDEC),Precios
148.3_IREGULANAL_DICI_M_22,ipc_regulados_nacional,IPC. Regulados Nacional. Base dic 2016. Mensual.,R/P1M,2016-12-01,2026-07-01,Índice,Índice de Precios al Consumidor Nacional (IPC). Base diciembre 2016.,Subsecretaría de Programación Macroeconómica,Instituto Nacional de Estadística y Censos (INDEC),Precios
148.3_IREGULANEA_DICI_M_17,ipc_regulados_nea,IPC. Regulados. Región noreste. Base dic 2016. Mensual.,R/P1M,2016-12-01,2026-07-01,Índice,Índice de Precios al Consumidor Nacional (IPC). Base diciembre 2016.,Subsecretaría de Programación Macroeconómica,Instituto Nacional de Estadística y Censos (INDEC),Precios
148.3_IREGULANIA_DICI_M_23,ipc_regulados_patagonia,IPC. Regulados. Patagonia. Base dic 2016. Mensual.,R/P1M,2016-12-01,2026-07-01,Índice,Índice de Precios al Consumidor Nacional (IPC). Base diciembre 2016.,Subsecretaría de Programación Macroeconómica,Instituto Nacional de Estadística y Censos (INDEC),Precios
148.3_IREGULANOA_DICI_M_17,ipc_regulados_noa,IPC. Regulados. Región noroeste. Base dic 2016. Mensual.,R/P1M,2016-12-01,2026-07-01,Índice,Índice de Precios al Consumidor Nacional (IPC). Base diciembre 2016.,Subsecretaría de Programación Macroeconómica,Instituto Nacional de Estadística y Censos (INDEC),Precios
148.3_IREGULAUYO_DICI_M_18,ipc_regulados_cuyo,IPC. Regulados. Cuyo. Base dic 2016. Mensual.,R/P1M,2016-12-01,2026-07-01,Índice,Índice de Precios al Consumidor Nacional (IPC). Base diciembre 2016.,Subsecretaría de Programación Macroeconómica,Instituto Nacional de Estadística y Censos (INDEC),Precios
150.1_CSTA_BARIA_0_D_26,canasta_basica_alimentaria,Canasta básica alimentaria desde 2016. Pesos corrientes.,R/P1M,2016-04-01,2026-07-01,Pesos corrientes,Valores de la Canasta Básica de Alimentos  y Canasta Básica Total.,Subsecretaría de Programación Macroeconómica,Instituto Nacional de Estadística y Censos (INDEC),Precios
150.1_CSTA_BATAL_0_D_20,canasta_basica_total,Canasta básica total desde 2016. Pesos corrientes.,R/P1M,2016-04-01,2026-07-01,Pesos corrientes,Valores de la Canasta Básica de Alimentos  y Canasta Básica Total.,Subsecretaría de Programación Macroeconómica,Instituto Nacional de Estadística y Censos (INDEC),Precios
150.1_IRSA_COGEL_0_D_25,inversa_coeficiente_engel,Índice de Coeficiente de Engel desde 2016,R/P1M,2016-04-01,2026-07-01,Pesos corrientes,Valores de la Canasta Básica de Alimentos  y Canasta Básica Total.,Subsecretaría de Programación Macroeconómica,Instituto Nacional de Estadística y Censos (INDEC),Precios
150.1_LA_INDICIA_0_D_16,linea_indigencia,Línea de indigencia desde 2016. Pesos corrientes.,R/P1M,2016-04-01,2026-07-01,Pesos corrientes,Valores de la Canasta Básica de Alimentos  y Canasta Básica Total.,Subsecretaría de Programación Macroeconómica,Instituto Nacional de Estadística y Censos (INDEC),Precios
150.1_LA_POBREZA_0_D_13,linea_pobreza,Línea de pobreza desde 2016. Pesos corrientes.,R/P1M,2016-04-01,2026-07-01,Pesos corrientes,Valores de la Canasta Básica de Alimentos  y Canasta Básica Total.,Subsecretaría de Programación Macroeconómica,Instituto Nacional de Estadística y Censos (INDEC),Precios
173.1_ECIONALLES_DIC-_0_12,estacionales,IPC estacionales,R/P1M,2017-01-01,2026-07-01,Variación porcentual,IPC Nacional. Tasas de variación mensual por Categorías. Base Dic-2016,Subsecretaría de Programación Macroeconómica,Instituto Nacional de Estadística y Censos (INDEC),Precios
173.1_INUCLEOLEO_DIC-_0_10,ipc_nucleo,IPC núcleo,R/P1M,2017-01-01,2026-07-01,Variación porcentual,IPC Nacional. Tasas de variación mensual por Categorías. Base Dic-2016,Subsecretaría de Programación Macroeconómica,Instituto Nacional de Estadística y Censos (INDEC),Precios
173.1_RLADOSDOS_DIC-_0_9,ipc_regulados,IPC Regulados,R/P1M,2017-01-01,2026-07-01,Variación porcentual,IPC Nacional. Tasas de variación mensual por Categorías. Base Dic-2016,Subsecretaría de Programación Macroeconómica,Instituto Nacional de Estadística y Censos (INDEC),Precios
176.1_AARCAR_1988_0_6,azucar,Azúcar,R/P1M,1989-05-01,2000-10-01,Índice base 100,Índice de Precios al Consumidor GBA - Base 1988. SERIE DISCONTINUADA,Subsecretaría de Programación Macroeconómica,Instituto Nacional de Estadística y Censos (INDEC),Precios
176.1_AAR_DULCAO_1988_0_19,azucar_dulces_cacao,"Azúcar, dulces y cacao",R/P1M,1989-05-01,2000-10-01,Índice base 100,Índice de Precios al Consumidor GBA - Base 1988. SERIE DISCONTINUADA,Subsecretaría de Programación Macroeconómica,Instituto Nacional de Estadística y Censos (INDEC),Precios
176.1_AATOS_R_TV_1988_0_17,aparatos_radio_tv,Aparatos de radio y TV,R/P1M,1989-05-01,2000-10-01,Índice base 100,Índice de Precios al Consumidor GBA - Base 1988. SERIE DISCONTINUADA,Subsecretaría de Programación Macroeconómica,Instituto Nacional de Estadística y Censos (INDEC),Precios
176.1_ACULOS_DOR_1988_0_17,articulos_tocador,Artículos de tocador,R/P1M,1989-05-01,2000-10-01,Índice base 100,Índice de Precios al Consumidor GBA - Base 1988. SERIE DISCONTINUADA,Subsecretaría de Programación Macroeconómica,Instituto Nacional de Estadística y Censos (INDEC),Precios
176.1_ACULOS_EZA_1988_0_17,articulos_belleza,Artículos de belleza,R/P1M,1989-05-01,2000-10-01,Índice base 100,Índice de Precios al Consumidor GBA - Base 1988. SERIE DISCONTINUADA,Subsecretaría de Programación Macroeconómica,Instituto Nacional de Estadística y Censos (INDEC),Precios
176.1_ACULOS_LES_1988_0_22,articulos_descartables,Artículos descartables,R/P1M,1989-05-01,2000-10-01,Índice base 100,Índice de Precios al Consumidor GBA - Base 1988. SERIE DISCONTINUADA,Subsecretaría de Programación Macroeconómica,Instituto Nacional de Estadística y Censos (INDEC),Precios
176.1_ACULOS_LES_1988_0_30,articulos_tocador_descartables,Artículos de tocador descartables,R/P1M,1989-05-01,2000-10-01,Índice base 100,Índice de Precios al Consumidor GBA - Base 1988. SERIE DISCONTINUADA,Subsecretaría de Programación Macroeconómica,Instituto Nacional de Estadística y Censos (INDEC),Precios
176.1_ACULOS_NAL_1988_0_45,articulos_para_la_higiene_el_cuidado_personal,Artículos para la higiene y el cuidado personal,R/P1M,1989-05-01,2000-10-01,Índice base 100,Índice de Precios al Consumidor GBA - Base 1988. SERIE DISCONTINUADA,Subsecretaría de Programación Macroeconómica,Instituto Nacional de Estadística y Censos (INDEC),Precios
176.1_ACULOS_NTO_1988_0_28,articulos_para_mantenimiento,Artículos para mantenimiento,R/P1M,1989-05-01,2000-10-01,Índice base 100,Índice de Precios al Consumidor GBA - Base 1988. SERIE DISCONTINUADA,Subsecretaría de Programación Macroeconómica,Instituto Nacional de Estadística y Censos (INDEC),Precios
176.1_ACULOS_NTO_1988_0_37,articulos_para_limpieza_mantenimiento,Artículos para limpieza y mantenimiento,R/P1M,1989-05-01,2000-10-01,Índice base 100,Índice de Precios al Consumidor GBA - Base 1988. SERIE DISCONTINUADA,Subsecretaría de Programación Macroeconómica,Instituto Nacional de Estadística y Censos (INDEC),Precios
176.1_ACULOS_RIA_1988_0_18,articulos_merceria,Artículos de mercería,R/P1M,1989-05-01,2000-10-01,Índice base 100,Índice de Precios al Consumidor GBA - Base 1988. SERIE DISCONTINUADA,Subsecretaría de Programación Macroeconómica,Instituto Nacional de Estadística y Censos (INDEC),Precios
176.1_ACULOS_RIA_1988_0_20,articulos_ferreteria,Artículos de ferretería,R/P1M,1989-05-01,2000-10-01,Índice base 100,Índice de Precios al Consumidor GBA - Base 1988. SERIE DISCONTINUADA,Subsecretaría de Programación Macroeconómica,Instituto Nacional de Estadística y Censos (INDEC),Precios
176.1_ACULOS_RIA_1988_0_23,articulos_marroquineria,Artículos de marroquinería,R/P1M,1989-05-01,2000-10-01,Índice base 100,Índice de Precios al Consumidor GBA - Base 1988. SERIE DISCONTINUADA,Subsecretaría de Programación Macroeconómica,Instituto Nacional de Estadística y Censos (INDEC),Precios
176.1_ACULOS_RIA_1988_0_27,articulos_joyeria_relojeria,Artículos de joyeria y relojería,R/P1M,1989-05-01,2000-10-01,Índice base 100,Índice de Precios al Consumidor GBA - Base 1988. SERIE DISCONTINUADA,Subsecretaría de Programación Macroeconómica,Instituto Nacional de Estadística y Censos (INDEC),Precios
176.1_ACULOS_VOS_1988_0_20,articulos_deportivos,Artículos deportivos,R/P1M,1989-05-01,2000-10-01,Índice base 100,Índice de Precios al Consumidor GBA - Base 1988. SERIE DISCONTINUADA,Subsecretaría de Programación Macroeconómica,Instituto Nacional de Estadística y Censos (INDEC),Precios
176.1_AENTOS_DAS_1988_0_17,alimentos_bebidas,Alimentos Y Bebidas,R/P1M,1989-05-01,2000-10-01,Índice base 100,Índice de Precios al Consumidor GBA - Base 1988. SERIE DISCONTINUADA,Subsecretaría de Programación Macroeconómica,Instituto Nacional de Estadística y Censos (INDEC),Precios
176.1_AENTOS_DOS_1988_0_24,alimentos_semipreparados,Alimentos semipreparados,R/P1M,1989-05-01,2000-10-01,Índice base 100,Índice de Precios al Consumidor GBA - Base 1988. SERIE DISCONTINUADA,Subsecretaría de Programación Macroeconómica,Instituto Nacional de Estadística y Censos (INDEC),Precios
176.1_AENTOS_GAR_1988_0_36,alimentos_consumidos_fuera_del_hogar,Alimentos consumidos fuera del hogar,R/P1M,1989-05-01,2000-10-01,Índice base 100,Índice de Precios al Consumidor GBA - Base 1988. SERIE DISCONTINUADA,Subsecretaría de Programación Macroeconómica,Instituto Nacional de Estadística y Censos (INDEC),Precios
176.1_AENTOS_MIR_1988_0_41,alimentos_preparados_listos_para_consumir,Alimentos preparados Listos Para Consumir,R/P1M,1989-05-01,2000-10-01,Índice base 100,Índice de Precios al Consumidor GBA - Base 1988. SERIE DISCONTINUADA,Subsecretaría de Programación Macroeconómica,Instituto Nacional de Estadística y Censos (INDEC),Precios
176.1_AERZORZO_1988_0_8,almuerzo,Almuerzo,R/P1M,1989-05-01,2000-10-01,Índice base 100,Índice de Precios al Consumidor GBA - Base 1988. SERIE DISCONTINUADA,Subsecretaría de Programación Macroeconómica,Instituto Nacional de Estadística y Censos (INDEC),Precios
176.1_AEZOSZOS_1988_0_8,aderezos,Aderezos,R/P1M,1989-05-01,2000-10-01,Índice base 100,Índice de Precios al Consumidor GBA - Base 1988. SERIE DISCONTINUADA,Subsecretaría de Programación Macroeconómica,Instituto Nacional de Estadística y Censos (INDEC),Precios
176.1_AFACTOSCOS_1988_0_21,artefactos_domesticos,Artefactos domésticos,R/P1M,1989-05-01,2000-10-01,Índice base 100,Índice de Precios al Consumidor GBA - Base 1988. SERIE DISCONTINUADA,Subsecretaría de Programación Macroeconómica,Instituto Nacional de Estadística y Censos (INDEC),Precios
176.1_AFACTOSGAS_1988_0_16,artefactos_a_gas,Artefactos a gas,R/P1M,1989-05-01,2000-10-01,Índice base 100,Índice de Precios al Consumidor GBA - Base 1988. SERIE DISCONTINUADA,Subsecretaría de Programación Macroeconómica,Instituto Nacional de Estadística y Censos (INDEC),Precios
176.1_AILERLER_1988_0_8,alquiler,Alquiler,R/P1M,1989-05-01,2000-10-01,Índice base 100,Índice de Precios al Consumidor GBA - Base 1988. SERIE DISCONTINUADA,Subsecretaría de Programación Macroeconómica,Instituto Nacional de Estadística y Censos (INDEC),Precios
176.1_AILER_LNDA_1988_0_20,alquiler_la_vivienda,Alquiler de la vivienda,R/P1M,1989-05-01,2000-10-01,Índice base 100,Índice de Precios al Consumidor GBA - Base 1988. SERIE DISCONTINUADA,Subsecretaría de Programación Macroeconómica,Instituto Nacional de Estadística y Censos (INDEC),Precios
176.1_AMOVILELES_1988_0_11,automoviles,Automóviles,R/P1M,1989-05-01,2000-10-01,Índice base 100,Índice de Precios al Consumidor GBA - Base 1988. SERIE DISCONTINUADA,Subsecretaría de Programación Macroeconómica,Instituto Nacional de Estadística y Censos (INDEC),Precios
176.1_ARAS_MECAS_1988_0_27,achuras_menudencias_frescas,Achuras y menudencias frescas,R/P1M,1989-05-01,2000-10-01,Índice base 100,Índice de Precios al Consumidor GBA - Base 1988. SERIE DISCONTINUADA,Subsecretaría de Programación Macroeconómica,Instituto Nacional de Estadística y Censos (INDEC),Precios
176.1_ASORIOSCOS_1988_0_23,accesorios_terapeuticos,Accesorios terapéuticos,R/P1M,1989-05-01,2000-10-01,Índice base 100,Índice de Precios al Consumidor GBA - Base 1988. SERIE DISCONTINUADA,Subsecretaría de Programación Macroeconómica,Instituto Nacional de Estadística y Censos (INDEC),Precios
176.1_ASORIOSTIR_1988_0_22,accesorios_para_vestir,Accesorios para vestir,R/P1M,1989-05-01,2000-10-01,Índice base 100,Índice de Precios al Consumidor GBA - Base 1988. SERIE DISCONTINUADA,Subsecretaría de Programación Macroeconómica,Instituto Nacional de Estadística y Censos (INDEC),Precios
176.1_ATES_GRSAS_1988_0_14,aceites_grasas,Aceites y grasas,R/P1M,1989-05-01,2000-10-01,Índice base 100,Índice de Precios al Consumidor GBA - Base 1988. SERIE DISCONTINUADA,Subsecretaría de Programación Macroeconómica,Instituto Nacional de Estadística y Censos (INDEC),Precios
176.1_ATE_MEZCLA_1988_0_13,aceite_mezcla,Aceite mezcla,R/P1M,1989-05-01,2000-10-01,Índice base 100,Índice de Precios al Consumidor GBA - Base 1988. SERIE DISCONTINUADA,Subsecretaría de Programación Macroeconómica,Instituto Nacional de Estadística y Censos (INDEC),Precios
176.1_ATE_PURURO_1988_0_11,aceite_puro,Aceite puro,R/P1M,1989-05-01,2000-10-01,Índice base 100,Índice de Precios al Consumidor GBA - Base 1988. SERIE DISCONTINUADA,Subsecretaría de Programación Macroeconómica,Instituto Nacional de Estadística y Censos (INDEC),Precios
176.1_AZROZ_1988_0_5,arroz,Arroz,R/P1M,1989-05-01,2000-10-01,Índice base 100,Índice de Precios al Consumidor GBA - Base 1988. SERIE DISCONTINUADA,Subsecretaría de Programación Macroeconómica,Instituto Nacional de Estadística y Censos (INDEC),Precios
176.1_BCO_MANRIA_1988_0_17,blanco_manteleria,Blanco y mantelería,R/P1M,1989-05-01,2000-10-01,Índice base 100,Índice de Precios al Consumidor GBA - Base 1988. SERIE DISCONTINUADA,Subsecretaría de Programación Macroeconómica,Instituto Nacional de Estadística y Censos (INDEC),Precios
176.1_BDAS_ALCAS_1988_0_19,bebidas_alcoholicas,Bebidas alcohólicas,R/P1M,1989-05-01,2000-10-01,Índice base 100,Índice de Precios al Consumidor GBA - Base 1988. SERIE DISCONTINUADA,Subsecretaría de Programación Macroeconómica,Instituto Nacional de Estadística y Censos (INDEC),Precios
176.1_BDAS_NOCAS_1988_0_22,bebidas_no_alcoholicas,Bebidas no alcohólicas,R/P1M,1989-05-01,2000-10-01,Índice base 100,Índice de Precios al Consumidor GBA - Base 1988. SERIE DISCONTINUADA,Subsecretaría de Programación Macroeconómica,Instituto Nacional de Estadística y Censos (INDEC),Precios
176.1_BES_SERIOS_1988_0_23,bienes_servicios_varios,BIENES Y SERVICIOS VARIOS,R/P1M,1989-05-01,2000-10-01,Índice base 100,Índice de Precios al Consumidor GBA - Base 1988. SERIE DISCONTINUADA,Subsecretaría de Programación Macroeconómica,Instituto Nacional de Estadística y Censos (INDEC),Precios
176.1_BRIA_COTOS_1988_0_24,bateria_cocina_cubiertos,Batería de cocina y cubiertos,R/P1M,1989-05-01,2000-10-01,Índice base 100,Índice de Precios al Consumidor GBA - Base 1988. SERIE DISCONTINUADA,Subsecretaría de Programación Macroeconómica,Instituto Nacional de Estadística y Censos (INDEC),Precios
176.1_CADOADO_1988_0_7,calzado,Calzado,R/P1M,1989-05-01,2000-10-01,Índice base 100,Índice de Precios al Consumidor GBA - Base 1988. SERIE DISCONTINUADA,Subsecretaría de Programación Macroeconómica,Instituto Nacional de Estadística y Censos (INDEC),Precios
176.1_CADO_DEJER_1988_0_35,calzado_deportivo_para_hombre_mujer,Calzado deportivo para hombre y mujer,R/P1M,1989-05-01,2000-10-01,Índice base 100,Índice de Precios al Consumidor GBA - Base 1988. SERIE DISCONTINUADA,Subsecretaría de Programación Macroeconómica,Instituto Nacional de Estadística y Censos (INDEC),Precios
176.1_CADO_DEOJA_1988_0_30,calzado_deportivo_para_ninio,Calzado deportivo para niño/a,R/P1M,1989-05-01,2000-10-01,Índice base 100,Índice de Precios al Consumidor GBA - Base 1988. SERIE DISCONTINUADA,Subsecretaría de Programación Macroeconómica,Instituto Nacional de Estadística y Censos (INDEC),Precios
176.1_CADO_PABRE_1988_0_19,calzado_para_hombre,Calzado para hombre,R/P1M,1989-05-01,2000-10-01,Índice base 100,Índice de Precios al Consumidor GBA - Base 1988. SERIE DISCONTINUADA,Subsecretaría de Programación Macroeconómica,Instituto Nacional de Estadística y Censos (INDEC),Precios
176.1_CADO_PAJER_1988_0_18,calzado_para_mujer,Calzado para mujer,R/P1M,1989-05-01,2000-10-01,Índice base 100,Índice de Precios al Consumidor GBA - Base 1988. SERIE DISCONTINUADA,Subsecretaría de Programación Macroeconómica,Instituto Nacional de Estadística y Censos (INDEC),Precios
176.1_CADO_PAOJA_1988_0_20,calzado_para_ninio,Calzado para niño/a,R/P1M,1989-05-01,2000-10-01,Índice base 100,Índice de Precios al Consumidor GBA - Base 1988. SERIE DISCONTINUADA,Subsecretaría de Programación Macroeconómica,Instituto Nacional de Estadística y Censos (INDEC),Precios
176.1_CAFE_1988_0_4,cafe,Café,R/P1M,1989-05-01,2000-10-01,Índice base 100,Índice de Precios al Consumidor GBA - Base 1988. SERIE DISCONTINUADA,Subsecretaría de Programación Macroeconómica,Instituto Nacional de Estadística y Censos (INDEC),Precios
176.1_CALES_DDOS_1988_0_18,cereales_derivados,Cereales Y Derivados,R/P1M,1989-05-01,2000-10-01,Índice base 100,Índice de Precios al Consumidor GBA - Base 1988. SERIE DISCONTINUADA,Subsecretaría de Programación Macroeconómica,Instituto Nacional de Estadística y Censos (INDEC),Precios
176.1_CDAS_PRDAS_1988_0_18,comidas_preparadas,Comidas preparadas,R/P1M,1989-05-01,2000-10-01,Índice base 100,Índice de Precios al Consumidor GBA - Base 1988. SERIE DISCONTINUADA,Subsecretaría de Programación Macroeconómica,Instituto Nacional de Estadística y Censos (INDEC),Precios
176.1_CECCIONION_1988_0_21,confeccion_reparacion,Confeccion y reparación,R/P1M,1989-05-01,2000-10-01,Índice base 100,Índice de Precios al Consumidor GBA - Base 1988. SERIE DISCONTINUADA,Subsecretaría de Programación Macroeconómica,Instituto Nacional de Estadística y Censos (INDEC),Precios
176.1_CEOREO_1988_0_6,correo,Correo,R/P1M,1989-05-01,2000-10-01,Índice base 100,Índice de Precios al Consumidor GBA - Base 1988. SERIE DISCONTINUADA,Subsecretaría de Programación Macroeconómica,Instituto Nacional de Estadística y Censos (INDEC),Precios
176.1_CERTAS_NES_1988_0_32,cubiertas_repuestos_reparaciones,"Cubiertas, repuestos y reparaciones",R/P1M,1989-05-01,2000-10-01,Índice base 100,Índice de Precios al Consumidor GBA - Base 1988. SERIE DISCONTINUADA,Subsecretaría de Programación Macroeconómica,Instituto Nacional de Estadística y Censos (INDEC),Precios
176.1_CERVAS_ADO_1988_0_28,conservas_preparados_pescado,Conservas y preparados de pescado,R/P1M,1989-05-01,2000-10-01,Índice base 100,Índice de Precios al Consumidor GBA - Base 1988. SERIE DISCONTINUADA,Subsecretaría de Programación Macroeconómica,Instituto Nacional de Estadística y Censos (INDEC),Precios
176.1_CESNES_1988_0_6,carnes,Carnes,R/P1M,1989-05-01,2000-10-01,Índice base 100,Índice de Precios al Consumidor GBA - Base 1988. SERIE DISCONTINUADA,Subsecretaría de Programación Macroeconómica,Instituto Nacional de Estadística y Censos (INDEC),Precios
176.1_CEZAEZA_1988_0_7,cerveza,Cerveza,R/P1M,1989-05-01,2000-10-01,Índice base 100,Índice de Precios al Consumidor GBA - Base 1988. SERIE DISCONTINUADA,Subsecretaría de Programación Macroeconómica,Instituto Nacional de Estadística y Censos (INDEC),Precios
176.1_CE_AVE_SCA_1988_0_16,carne_ave_fresca,Carne de ave fresca,R/P1M,1989-05-01,2000-10-01,Índice base 100,Índice de Precios al Consumidor GBA - Base 1988. SERIE DISCONTINUADA,Subsecretaría de Programación Macroeconómica,Instituto Nacional de Estadística y Censos (INDEC),Precios
176.1_CE_PORCSCA_1988_0_26,carne_porcina_ovina_fresca,Carne porcina y ovina fresca,R/P1M,1989-05-01,2000-10-01,Índice base 100,Índice de Precios al Consumidor GBA - Base 1988. SERIE DISCONTINUADA,Subsecretaría de Programación Macroeconómica,Instituto Nacional de Estadística y Censos (INDEC),Precios
176.1_CE_VACUOS_1988_0_36,carne_vacuna_fresca_cortes_traseros,Carne vacuna fresca(cortes traseros),R/P1M,1989-05-01,2000-10-01,Índice base 100,Índice de Precios al Consumidor GBA - Base 1988. SERIE DISCONTINUADA,Subsecretaría de Programación Macroeconómica,Instituto Nacional de Estadística y Censos (INDEC),Precios
176.1_CE_VACUOS_1988_0_39,carne_vacuna_fresca_cortes_delanteros,Carne vacuna fresca (cortes delanteros),R/P1M,1989-05-01,2000-10-01,Índice base 100,Índice de Precios al Consumidor GBA - Base 1988. SERIE DISCONTINUADA,Subsecretaría de Programación Macroeconómica,Instituto Nacional de Estadística y Censos (INDEC),Precios
176.1_CIMENTOTOS_1988_0_11,condimentos,Condimentos,R/P1M,1989-05-01,2000-10-01,Índice base 100,Índice de Precios al Consumidor GBA - Base 1988. SERIE DISCONTINUADA,Subsecretaría de Programación Macroeconómica,Instituto Nacional de Estadística y Censos (INDEC),Precios
176.1_CINAS_AIOS_1988_0_29,cortinas_alfombras_accesorios,"Cortinas, alfombras y accesorios",R/P1M,1989-05-01,2000-10-01,Índice base 100,Índice de Precios al Consumidor GBA - Base 1988. SERIE DISCONTINUADA,Subsecretaría de Programación Macroeconómica,Instituto Nacional de Estadística y Censos (INDEC),Precios
176.1_CNICACINES_1988_0_14,comunicaciones,Comunicaciones,R/P1M,1989-05-01,2000-10-01,Índice base 100,Índice de Precios al Consumidor GBA - Base 1988. SERIE DISCONTINUADA,Subsecretaría de Programación Macroeconómica,Instituto Nacional de Estadística y Censos (INDEC),Precios
176.1_COS_SOPDOS_1988_0_25,caldos_sopas_concentrados,Caldos y sopas concentrados,R/P1M,1989-05-01,2000-10-01,Índice base 100,Índice de Precios al Consumidor GBA - Base 1988. SERIE DISCONTINUADA,Subsecretaría de Programación Macroeconómica,Instituto Nacional de Estadística y Censos (INDEC),Precios
176.1_CO_SUS_DOS_1988_0_19,cacao_sus_derivados,Cacao y sus derivados,R/P1M,1989-05-01,2000-10-01,Índice base 100,Índice de Precios al Consumidor GBA - Base 1988. SERIE DISCONTINUADA,Subsecretaría de Programación Macroeconómica,Instituto Nacional de Estadística y Censos (INDEC),Precios
176.1_CRRILLOACO_1988_0_18,cigarrillos_tabaco,Cigarrillos y tabaco,R/P1M,1989-05-01,2000-10-01,Índice base 100,Índice de Precios al Consumidor GBA - Base 1988. SERIE DISCONTINUADA,Subsecretaría de Programación Macroeconómica,Instituto Nacional de Estadística y Censos (INDEC),Precios
176.1_CS_TEATROS_1988_0_13,cines_teatros,Cines y teatros,R/P1M,1989-05-01,2000-10-01,Índice base 100,Índice de Precios al Consumidor GBA - Base 1988. SERIE DISCONTINUADA,Subsecretaría de Programación Macroeconómica,Instituto Nacional de Estadística y Censos (INDEC),Precios
176.1_CTALERIOZA_1988_0_16,cristaleria_loza,Cristalería y loza,R/P1M,1989-05-01,2000-10-01,Índice base 100,Índice de Precios al Consumidor GBA - Base 1988. SERIE DISCONTINUADA,Subsecretaría de Programación Macroeconómica,Instituto Nacional de Estadística y Censos (INDEC),Precios
176.1_CUSTIBLTES_1988_0_24,combustibles_lubricantes,Combustibles y lubricantes,R/P1M,1989-05-01,2000-10-01,Índice base 100,Índice de Precios al Consumidor GBA - Base 1988. SERIE DISCONTINUADA,Subsecretaría de Programación Macroeconómica,Instituto Nacional de Estadística y Censos (INDEC),Precios
176.1_C_ESPECVOS_1988_0_28,club_espectaculos_deportivos,Club y espectáculos deportivos,R/P1M,1989-05-01,2000-10-01,Índice base 100,Índice de Precios al Consumidor GBA - Base 1988. SERIE DISCONTINUADA,Subsecretaría de Programación Macroeconómica,Instituto Nacional de Estadística y Censos (INDEC),Precios
176.1_DESCES_1988_0_6,dulces,Dulces,R/P1M,1989-05-01,2000-10-01,Índice base 100,Índice de Precios al Consumidor GBA - Base 1988. SERIE DISCONTINUADA,Subsecretaría de Programación Macroeconómica,Instituto Nacional de Estadística y Censos (INDEC),Precios
176.1_DIOSIOS_1988_0_7,diarios,Diarios,R/P1M,1989-05-01,2000-10-01,Índice base 100,Índice de Precios al Consumidor GBA - Base 1988. SERIE DISCONTINUADA,Subsecretaría de Programación Macroeconómica,Instituto Nacional de Estadística y Censos (INDEC),Precios
176.1_DRGENTETES_1988_0_26,detergentes_desinfectantes,Detergentes y desinfectantes,R/P1M,1989-05-01,2000-10-01,Índice base 100,Índice de Precios al Consumidor GBA - Base 1988. SERIE DISCONTINUADA,Subsecretaría de Programación Macroeconómica,Instituto Nacional de Estadística y Censos (INDEC),Precios
176.1_EACIONION_1988_0_9,educacion,Educación,R/P1M,1989-05-01,2000-10-01,Índice base 100,Índice de Precios al Consumidor GBA - Base 1988. SERIE DISCONTINUADA,Subsecretaría de Programación Macroeconómica,Instituto Nacional de Estadística y Censos (INDEC),Precios
176.1_EACION_MAL_1988_0_16,educacion_formal,Educación formal,R/P1M,1989-05-01,2000-10-01,Índice base 100,Índice de Precios al Consumidor GBA - Base 1988. SERIE DISCONTINUADA,Subsecretaría de Programación Macroeconómica,Instituto Nacional de Estadística y Censos (INDEC),Precios
176.1_EENTOS_FIA_1988_0_37,elementos_para_audio_video_fotografia,"Elementos para audio, video y fotografía",R/P1M,1989-05-01,2000-10-01,Índice base 100,Índice de Precios al Consumidor GBA - Base 1988. SERIE DISCONTINUADA,Subsecretaría de Programación Macroeconómica,Instituto Nacional de Estadística y Censos (INDEC),Precios
176.1_EENTOS_ION_1988_0_26,elementos_para_iluminacion,Elementos para iluminación,R/P1M,1989-05-01,2000-10-01,Índice base 100,Índice de Precios al Consumidor GBA - Base 1988. SERIE DISCONTINUADA,Subsecretaría de Programación Macroeconómica,Instituto Nacional de Estadística y Censos (INDEC),Precios
176.1_EENTOS_IOS_1988_0_32,elementos_para_primeros_auxilios,Elementos para primeros auxilios,R/P1M,1989-05-01,2000-10-01,Índice base 100,Índice de Precios al Consumidor GBA - Base 1988. SERIE DISCONTINUADA,Subsecretaría de Programación Macroeconómica,Instituto Nacional de Estadística y Censos (INDEC),Precios
176.1_EENTOS_RIA_1988_0_37,elementos_para_iluminacion_ferreteria,Elementos para Iluminación y ferretería,R/P1M,1989-05-01,2000-10-01,Índice base 100,Índice de Precios al Consumidor GBA - Base 1988. SERIE DISCONTINUADA,Subsecretaría de Programación Macroeconómica,Instituto Nacional de Estadística y Censos (INDEC),Precios
176.1_EETENIMTOS_1988_0_16,entretenimientos,Entretenimientos,R/P1M,1989-05-01,2000-10-01,Índice base 100,Índice de Precios al Consumidor GBA - Base 1988. SERIE DISCONTINUADA,Subsecretaría de Programación Macroeconómica,Instituto Nacional de Estadística y Censos (INDEC),Precios
176.1_ENADAS_ZAS_1988_0_16,empanadas_pizzas,Empanadas y pizzas,R/P1M,1989-05-01,2000-10-01,Índice base 100,Índice de Precios al Consumidor GBA - Base 1988. SERIE DISCONTINUADA,Subsecretaría de Programación Macroeconómica,Instituto Nacional de Estadística y Censos (INDEC),Precios
176.1_EPAMIENGAR_1988_0_37,equipamiento_funcionamiento_del_hogar,Equipamiento y funcionamiento del hogar,R/P1M,1989-05-01,2000-10-01,Índice base 100,Índice de Precios al Consumidor GBA - Base 1988. SERIE DISCONTINUADA,Subsecretaría de Programación Macroeconómica,Instituto Nacional de Estadística y Censos (INDEC),Precios
176.1_EPOS_AUFIA_1988_0_30,equipos_audio_video_fotografia,"Equipos de audio, video y fotografía",R/P1M,1989-05-01,2000-10-01,Índice base 100,Índice de Precios al Consumidor GBA - Base 1988. SERIE DISCONTINUADA,Subsecretaría de Programación Macroeconómica,Instituto Nacional de Estadística y Censos (INDEC),Precios
176.1_EPOS_ELDEO_1988_0_38,equipos_elementos_serv_de_audio_video,"Equipos, Elementos Y Serv. De Audio, Video",R/P1M,1989-05-01,2000-10-01,Índice base 100,Índice de Precios al Consumidor GBA - Base 1988. SERIE DISCONTINUADA,Subsecretaría de Programación Macroeconómica,Instituto Nacional de Estadística y Censos (INDEC),Precios
176.1_ERCIMIENTO_1988_0_13,esparcimiento,Esparcimiento,R/P1M,1989-05-01,2000-10-01,Índice base 100,Índice de Precios al Consumidor GBA - Base 1988. SERIE DISCONTINUADA,Subsecretaría de Programación Macroeconómica,Instituto Nacional de Estadística y Censos (INDEC),Precios
176.1_ETIDOS_RNE_1988_0_36,embutidos_conservas_preparados_carne,"Embutidos, conservas y preparados de carne",R/P1M,1989-05-01,2000-10-01,Índice base 100,Índice de Precios al Consumidor GBA - Base 1988. SERIE DISCONTINUADA,Subsecretaría de Programación Macroeconómica,Instituto Nacional de Estadística y Censos (INDEC),Precios
176.1_ETRICIDDAD_1988_0_12,electricidad,Electricidad,R/P1M,1989-05-01,2000-10-01,Índice base 100,Índice de Precios al Consumidor GBA - Base 1988. SERIE DISCONTINUADA,Subsecretaría de Programación Macroeconómica,Instituto Nacional de Estadística y Censos (INDEC),Precios
176.1_ETRICIDROS_1988_0_39,electricidad_serv_sanitarios_gas_otros,"Electricidad, serv. sanitarios, gas y otros",R/P1M,1989-05-01,2000-10-01,Índice base 100,Índice de Precios al Consumidor GBA - Base 1988. SERIE DISCONTINUADA,Subsecretaría de Programación Macroeconómica,Instituto Nacional de Estadística y Censos (INDEC),Precios
176.1_ETRODOMCOS_1988_0_17,electrodomesticos,Electrodomésticos,R/P1M,1989-05-01,2000-10-01,Índice base 100,Índice de Precios al Consumidor GBA - Base 1988. SERIE DISCONTINUADA,Subsecretaría de Programación Macroeconómica,Instituto Nacional de Estadística y Censos (INDEC),Precios
176.1_FASTAS_1988_0_6,frutas,Frutas,R/P1M,1989-05-01,2000-10-01,Índice base 100,Índice de Precios al Consumidor GBA - Base 1988. SERIE DISCONTINUADA,Subsecretaría de Programación Macroeconómica,Instituto Nacional de Estadística y Censos (INDEC),Precios
176.1_FAS_FRECAS_1988_0_14,frutas_frescas,Frutas frescas,R/P1M,1989-05-01,2000-10-01,Índice base 100,Índice de Precios al Consumidor GBA - Base 1988. SERIE DISCONTINUADA,Subsecretaría de Programación Macroeconómica,Instituto Nacional de Estadística y Censos (INDEC),Precios
176.1_FAS_SECRVA_1988_0_24,frutas_secas_en_conserva,Frutas secas y en conserva,R/P1M,1989-05-01,2000-10-01,Índice base 100,Índice de Precios al Consumidor GBA - Base 1988. SERIE DISCONTINUADA,Subsecretaría de Programación Macroeconómica,Instituto Nacional de Estadística y Censos (INDEC),Precios
176.1_FBRESRES_1988_0_8,fiambres,Fiambres,R/P1M,1989-05-01,2000-10-01,Índice base 100,Índice de Precios al Consumidor GBA - Base 1988. SERIE DISCONTINUADA,Subsecretaría de Programación Macroeconómica,Instituto Nacional de Estadística y Censos (INDEC),Precios
176.1_FIONAMILOS_1988_0_41,funcionamiento_mantenimiento_de_vehiculos,Funcionamiento Y Mantenimiento De Vehículos,R/P1M,1989-05-01,2000-10-01,Índice base 100,Índice de Precios al Consumidor GBA - Base 1988. SERIE DISCONTINUADA,Subsecretaría de Programación Macroeconómica,Instituto Nacional de Estadística y Censos (INDEC),Precios
176.1_FOS_SECCOS_1988_0_12,fideos_secos,Fideos secos,R/P1M,1989-05-01,2000-10-01,Índice base 100,Índice de Precios al Consumidor GBA - Base 1988. SERIE DISCONTINUADA,Subsecretaría de Programación Macroeconómica,Instituto Nacional de Estadística y Censos (INDEC),Precios
176.1_FURASRAS_1988_0_8,facturas,Facturas,R/P1M,1989-05-01,2000-10-01,Índice base 100,Índice de Precios al Consumidor GBA - Base 1988. SERIE DISCONTINUADA,Subsecretaría de Programación Macroeconómica,Instituto Nacional de Estadística y Censos (INDEC),Precios
176.1_GETITASCES_1988_0_17,galletitas_dulces,Galletitas dulces,R/P1M,1989-05-01,2000-10-01,Índice base 100,Índice de Precios al Consumidor GBA - Base 1988. SERIE DISCONTINUADA,Subsecretaría de Programación Macroeconómica,Instituto Nacional de Estadística y Censos (INDEC),Precios
176.1_GETITASDAS_1988_0_18,galletitas_saladas,Galletitas saladas,R/P1M,1989-05-01,2000-10-01,Índice base 100,Índice de Precios al Consumidor GBA - Base 1988. SERIE DISCONTINUADA,Subsecretaría de Programación Macroeconómica,Instituto Nacional de Estadística y Censos (INDEC),Precios
176.1_GOSASSAS_1988_0_8,gaseosas,Gaseosas,R/P1M,1989-05-01,2000-10-01,Índice base 100,Índice de Precios al Consumidor GBA - Base 1988. SERIE DISCONTINUADA,Subsecretaría de Programación Macroeconómica,Instituto Nacional de Estadística y Censos (INDEC),Precios
176.1_GSINASNAS_1988_0_9,golosinas,Golosinas,R/P1M,1989-05-01,2000-10-01,Índice base 100,Índice de Precios al Consumidor GBA - Base 1988. SERIE DISCONTINUADA,Subsecretaría de Programación Macroeconómica,Instituto Nacional de Estadística y Censos (INDEC),Precios
176.1_HDOSDOS_1988_0_7,helados,Helados,R/P1M,1989-05-01,2000-10-01,Índice base 100,Índice de Precios al Consumidor GBA - Base 1988. SERIE DISCONTINUADA,Subsecretaría de Programación Macroeconómica,Instituto Nacional de Estadística y Censos (INDEC),Precios
176.1_HDOS_PAJER_1988_0_18,hilados_para_tejer,Hilados para tejer,R/P1M,1989-05-01,2000-10-01,Índice base 100,Índice de Precios al Consumidor GBA - Base 1988. SERIE DISCONTINUADA,Subsecretaría de Programación Macroeconómica,Instituto Nacional de Estadística y Censos (INDEC),Precios
176.1_HL_EXCUNES_1988_0_17,hotel_excursiones,Hotel y excursiones,R/P1M,1989-05-01,2000-10-01,Índice base 100,Índice de Precios al Consumidor GBA - Base 1988. SERIE DISCONTINUADA,Subsecretaría de Programación Macroeconómica,Instituto Nacional de Estadística y Censos (INDEC),Precios
176.1_HNAS_TRIGO_1988_0_13,harinas_trigo,Harinas de trigo,R/P1M,1989-05-01,2000-10-01,Índice base 100,Índice de Precios al Consumidor GBA - Base 1988. SERIE DISCONTINUADA,Subsecretaría de Programación Macroeconómica,Instituto Nacional de Estadística y Censos (INDEC),Precios
176.1_HOSVOS_1988_0_6,huevos,Huevos,R/P1M,1989-05-01,2000-10-01,Índice base 100,Índice de Precios al Consumidor GBA - Base 1988. SERIE DISCONTINUADA,Subsecretaría de Programación Macroeconómica,Instituto Nacional de Estadística y Censos (INDEC),Precios
176.1_IMENTARRIA_1988_0_12,indumentaria,Indumentaria,R/P1M,1989-05-01,2000-10-01,Índice base 100,Índice de Precios al Consumidor GBA - Base 1988. SERIE DISCONTINUADA,Subsecretaría de Programación Macroeconómica,Instituto Nacional de Estadística y Censos (INDEC),Precios
176.1_ISIONESNES_1988_0_10,infusiones,Infusiones,R/P1M,1989-05-01,2000-10-01,Índice base 100,Índice de Precios al Consumidor GBA - Base 1988. SERIE DISCONTINUADA,Subsecretaría de Programación Macroeconómica,Instituto Nacional de Estadística y Censos (INDEC),Precios
176.1_JNES_LIEZA_1988_0_16,jabones_limpieza,Jabones de limpieza,R/P1M,1989-05-01,2000-10-01,Índice base 100,Índice de Precios al Consumidor GBA - Base 1988. SERIE DISCONTINUADA,Subsecretaría de Programación Macroeconómica,Instituto Nacional de Estadística y Censos (INDEC),Precios
176.1_JOS_JUGDOS_1988_0_23,juegos_juguetes_rodados,"Juegos, juguetes y rodados",R/P1M,1989-05-01,2000-10-01,Índice base 100,Índice de Precios al Consumidor GBA - Base 1988. SERIE DISCONTINUADA,Subsecretaría de Programación Macroeconómica,Instituto Nacional de Estadística y Censos (INDEC),Precios
176.1_JS_REFRCOS_1988_0_15,jugos_refrescos,Jugos y refrescos,R/P1M,1989-05-01,2000-10-01,Índice base 100,Índice de Precios al Consumidor GBA - Base 1988. SERIE DISCONTINUADA,Subsecretaría de Programación Macroeconómica,Instituto Nacional de Estadística y Censos (INDEC),Precios
176.1_LEPRODUVOS_1988_0_29,lecheproductos_lacteos_huevos,"Leche,productos lacteos y huevos",R/P1M,1989-05-01,2000-10-01,Índice base 100,Índice de Precios al Consumidor GBA - Base 1988. SERIE DISCONTINUADA,Subsecretaría de Programación Macroeconómica,Instituto Nacional de Estadística y Censos (INDEC),Precios
176.1_LE_EN_PLVO_1988_0_14,leche_en_polvo,Leche en polvo,R/P1M,1989-05-01,2000-10-01,Índice base 100,Índice de Precios al Consumidor GBA - Base 1988. SERIE DISCONTINUADA,Subsecretaría de Programación Macroeconómica,Instituto Nacional de Estadística y Censos (INDEC),Precios
176.1_LE_FRESSCA_1988_0_12,leche_fresca,Leche fresca,R/P1M,1989-05-01,2000-10-01,Índice base 100,Índice de Precios al Consumidor GBA - Base 1988. SERIE DISCONTINUADA,Subsecretaría de Programación Macroeconómica,Instituto Nacional de Estadística y Censos (INDEC),Precios
176.1_LIEZA_ROPA_1988_0_13,limpieza_ropa,Limpieza de ropa,R/P1M,1989-05-01,2000-10-01,Índice base 100,Índice de Precios al Consumidor GBA - Base 1988. SERIE DISCONTINUADA,Subsecretaría de Programación Macroeconómica,Instituto Nacional de Estadística y Censos (INDEC),Precios
176.1_LOS_DIATAS_1988_0_23,libros_diarios_revistas,"Libros, Diarios Y Revistas",R/P1M,1989-05-01,2000-10-01,Índice base 100,Índice de Precios al Consumidor GBA - Base 1988. SERIE DISCONTINUADA,Subsecretaría de Programación Macroeconómica,Instituto Nacional de Estadística y Censos (INDEC),Precios
176.1_LOS_NO_RES_1988_0_19,libros_no_escolares,Libros no escolares,R/P1M,1989-05-01,2000-10-01,Índice base 100,Índice de Precios al Consumidor GBA - Base 1988. SERIE DISCONTINUADA,Subsecretaría de Programación Macroeconómica,Instituto Nacional de Estadística y Censos (INDEC),Precios
176.1_LOS_TEXXTO_1988_0_12,libros_texto,Libros de texto,R/P1M,1989-05-01,2000-10-01,Índice base 100,Índice de Precios al Consumidor GBA - Base 1988. SERIE DISCONTINUADA,Subsecretaría de Programación Macroeconómica,Instituto Nacional de Estadística y Censos (INDEC),Precios
176.1_MARINA_SAS_1988_0_22,margarina_otras_grasas,Margarina y otras grasas,R/P1M,1989-05-01,2000-10-01,Índice base 100,Índice de Precios al Consumidor GBA - Base 1988. SERIE DISCONTINUADA,Subsecretaría de Programación Macroeconómica,Instituto Nacional de Estadística y Censos (INDEC),Precios
176.1_MCAMENTTOS_1988_0_12,medicamentos,Medicamentos,R/P1M,1989-05-01,2000-10-01,Índice base 100,Índice de Precios al Consumidor GBA - Base 1988. SERIE DISCONTINUADA,Subsecretaría de Programación Macroeconómica,Instituto Nacional de Estadística y Censos (INDEC),Precios
176.1_MCOS_ODGOS_1988_0_19,medicos_odontologos,Médicos y odontólogos,R/P1M,1989-05-01,2000-10-01,Índice base 100,Índice de Precios al Consumidor GBA - Base 1988. SERIE DISCONTINUADA,Subsecretaría de Programación Macroeconómica,Instituto Nacional de Estadística y Censos (INDEC),Precios
176.1_MECA_CREMA_1988_0_13,manteca_crema,Manteca y crema,R/P1M,1989-05-01,2000-10-01,Índice base 100,Índice de Precios al Consumidor GBA - Base 1988. SERIE DISCONTINUADA,Subsecretaría de Programación Macroeconómica,Instituto Nacional de Estadística y Censos (INDEC),Precios
176.1_MJEAJE_1988_0_6,menaje,Menaje,R/P1M,1989-05-01,2000-10-01,Índice base 100,Índice de Precios al Consumidor GBA - Base 1988. SERIE DISCONTINUADA,Subsecretaría de Programación Macroeconómica,Instituto Nacional de Estadística y Censos (INDEC),Precios
176.1_MLES_ACIOS_1988_0_18,muebles_accesorios_401,Muebles y accesorios 401,R/P1M,1989-05-01,2000-10-01,Índice base 100,Índice de Precios al Consumidor GBA - Base 1988. SERIE DISCONTINUADA,Subsecretaría de Programación Macroeconómica,Instituto Nacional de Estadística y Censos (INDEC),Precios
176.1_MLES_ACIOS_I_1988_0_24,muebles_accesorios_40101,Muebles y accesorios_40101,R/P1M,1989-05-01,2000-10-01,Índice base 100,Índice de Precios al Consumidor GBA - Base 1988. SERIE DISCONTINUADA,Subsecretaría de Programación Macroeconómica,Instituto Nacional de Estadística y Censos (INDEC),Precios
176.1_MRIALESBRA_1988_0_20,materiales_mano_obra,Materiales y mano de obra,R/P1M,1989-05-01,2000-10-01,Índice base 100,Índice de Precios al Consumidor GBA - Base 1988. SERIE DISCONTINUADA,Subsecretaría de Programación Macroeconómica,Instituto Nacional de Estadística y Censos (INDEC),Precios
176.1_MS_PRECPAS_1988_0_22,masas_precocidas_tapas,Masas precocidas y tapas,R/P1M,1989-05-01,2000-10-01,Índice base 100,Índice de Precios al Consumidor GBA - Base 1988. SERIE DISCONTINUADA,Subsecretaría de Programación Macroeconómica,Instituto Nacional de Estadística y Censos (INDEC),Precios
176.1_NL_GENERAL_1988_0_13,nivel_general,Nivel General,R/P1M,1989-05-01,2000-10-01,Índice base 100,Índice de Precios al Consumidor GBA - Base 1988. SERIE DISCONTINUADA,Subsecretaría de Programación Macroeconómica,Instituto Nacional de Estadística y Censos (INDEC),Precios
176.1_OBUS_COCIA_1988_0_23,omnibus_corta_distancia,Ómnibus de corta distancia,R/P1M,1989-05-01,2000-10-01,Índice base 100,Índice de Precios al Consumidor GBA - Base 1988. SERIE DISCONTINUADA,Subsecretaría de Programación Macroeconómica,Instituto Nacional de Estadística y Censos (INDEC),Precios
176.1_OS_BEBICAS_1988_0_25,otras_bebidas_alcoholicas,Otras bebidas alcohólicas,R/P1M,1989-05-01,2000-10-01,Índice base 100,Índice de Precios al Consumidor GBA - Base 1988. SERIE DISCONTINUADA,Subsecretaría de Programación Macroeconómica,Instituto Nacional de Estadística y Censos (INDEC),Precios
176.1_OS_HARINAS_1988_0_13,otras_harinas,Otras harinas,R/P1M,1989-05-01,2000-10-01,Índice base 100,Índice de Precios al Consumidor GBA - Base 1988. SERIE DISCONTINUADA,Subsecretaría de Programación Macroeconómica,Instituto Nacional de Estadística y Censos (INDEC),Precios
176.1_OS_MEDIRTE_1988_0_23,otros_medios_transporte,Otros medios de transporte,R/P1M,1989-05-01,2000-10-01,Índice base 100,Índice de Precios al Consumidor GBA - Base 1988. SERIE DISCONTINUADA,Subsecretaría de Programación Macroeconómica,Instituto Nacional de Estadística y Censos (INDEC),Precios
176.1_OS_SERVIOS_1988_0_15,otros_servicios,Otros Servicios,R/P1M,1989-05-01,2000-10-01,Índice base 100,Índice de Precios al Consumidor GBA - Base 1988. SERIE DISCONTINUADA,Subsecretaría de Programación Macroeconómica,Instituto Nacional de Estadística y Censos (INDEC),Precios
176.1_OS_SERVVOS_1988_0_26,otros_servicios_educativos,Otros servicios educativos,R/P1M,1989-05-01,2000-10-01,Índice base 100,Índice de Precios al Consumidor GBA - Base 1988. SERIE DISCONTINUADA,Subsecretaría de Programación Macroeconómica,Instituto Nacional de Estadística y Censos (INDEC),Precios
176.1_PADOS_MCOS_1988_0_25,pescados_mariscos_frescos,Pescados y mariscos frescos,R/P1M,1989-05-01,2000-10-01,Índice base 100,Índice de Precios al Consumidor GBA - Base 1988. SERIE DISCONTINUADA,Subsecretaría de Programación Macroeconómica,Instituto Nacional de Estadística y Censos (INDEC),Precios
176.1_PAS_FRECAS_1988_0_14,pastas_frescas,Pastas frescas,R/P1M,1989-05-01,2000-10-01,Índice base 100,Índice de Precios al Consumidor GBA - Base 1988. SERIE DISCONTINUADA,Subsecretaría de Programación Macroeconómica,Instituto Nacional de Estadística y Censos (INDEC),Precios
176.1_PENVASAADO_1988_0_12,pan_envasado,Pan envasado,R/P1M,1989-05-01,2000-10-01,Índice base 100,Índice de Precios al Consumidor GBA - Base 1988. SERIE DISCONTINUADA,Subsecretaría de Programación Macroeconómica,Instituto Nacional de Estadística y Censos (INDEC),Precios
176.1_PFRESCOSCO_1988_0_10,pan_fresco,Pan fresco,R/P1M,1989-05-01,2000-10-01,Índice base 100,Índice de Precios al Consumidor GBA - Base 1988. SERIE DISCONTINUADA,Subsecretaría de Programación Macroeconómica,Instituto Nacional de Estadística y Censos (INDEC),Precios
176.1_POS_PARRES_1988_0_19,polvos_para_postres,Polvos para postres,R/P1M,1989-05-01,2000-10-01,Índice base 100,Índice de Precios al Consumidor GBA - Base 1988. SERIE DISCONTINUADA,Subsecretaría de Programación Macroeconómica,Instituto Nacional de Estadística y Censos (INDEC),Precios
176.1_PTAS_ANCOS_1988_0_27,plantas_animales_domesticos,Plantas y animales domésticos,R/P1M,1989-05-01,2000-10-01,Índice base 100,Índice de Precios al Consumidor GBA - Base 1988. SERIE DISCONTINUADA,Subsecretaría de Programación Macroeconómica,Instituto Nacional de Estadística y Censos (INDEC),Precios
176.1_PUCTOS_COS_1988_0_47,productos_farmaceuticos_accesorios_terapeuticos,Productos farmacéuticos y accesorios terapéuticos,R/P1M,1989-05-01,2000-10-01,Índice base 100,Índice de Precios al Consumidor GBA - Base 1988. SERIE DISCONTINUADA,Subsecretaría de Programación Macroeconómica,Instituto Nacional de Estadística y Censos (INDEC),Precios
176.1_PUCTOS_RIA_1988_0_20,productos_pasteleria,Productos de pastelería,R/P1M,1989-05-01,2000-10-01,Índice base 100,Índice de Precios al Consumidor GBA - Base 1988. SERIE DISCONTINUADA,Subsecretaría de Programación Macroeconómica,Instituto Nacional de Estadística y Censos (INDEC),Precios
176.1_QOS_BLALES_1988_0_23,quesos_blandos_untables,Quesos blandos y untables,R/P1M,1989-05-01,2000-10-01,Índice base 100,Índice de Precios al Consumidor GBA - Base 1988. SERIE DISCONTINUADA,Subsecretaría de Programación Macroeconómica,Instituto Nacional de Estadística y Censos (INDEC),Precios
176.1_QOS_DURROS_1988_0_12,quesos_duros,Quesos duros,R/P1M,1989-05-01,2000-10-01,Índice base 100,Índice de Precios al Consumidor GBA - Base 1988. SERIE DISCONTINUADA,Subsecretaría de Programación Macroeconómica,Instituto Nacional de Estadística y Censos (INDEC),Precios
176.1_QOS_SEMROS_1988_0_16,quesos_semiduros,Quesos semiduros,R/P1M,1989-05-01,2000-10-01,Índice base 100,Índice de Precios al Consumidor GBA - Base 1988. SERIE DISCONTINUADA,Subsecretaría de Programación Macroeconómica,Instituto Nacional de Estadística y Censos (INDEC),Precios
176.1_RIGERIORIO_1988_0_10,refrigerio,Refrigerio,R/P1M,1989-05-01,2000-10-01,Índice base 100,Índice de Precios al Consumidor GBA - Base 1988. SERIE DISCONTINUADA,Subsecretaría de Programación Macroeconómica,Instituto Nacional de Estadística y Censos (INDEC),Precios
176.1_RRACIONCOS_1988_0_30,reparacion_aparatos_electricos,Reparación de aparatos electricos,R/P1M,1989-05-01,2000-10-01,Índice base 100,Índice de Precios al Consumidor GBA - Base 1988. SERIE DISCONTINUADA,Subsecretaría de Programación Macroeconómica,Instituto Nacional de Estadística y Censos (INDEC),Precios
176.1_RRACIONNDA_1988_0_39,reparacion_mantenimiento_de_la_vivienda,Reparación y mantenimiento de la vivienda,R/P1M,1989-05-01,2000-10-01,Índice base 100,Índice de Precios al Consumidor GBA - Base 1988. SERIE DISCONTINUADA,Subsecretaría de Programación Macroeconómica,Instituto Nacional de Estadística y Censos (INDEC),Precios
176.1_RSTASTAS_1988_0_8,revistas,Revistas,R/P1M,1989-05-01,2000-10-01,Índice base 100,Índice de Precios al Consumidor GBA - Base 1988. SERIE DISCONTINUADA,Subsecretaría de Programación Macroeconómica,Instituto Nacional de Estadística y Censos (INDEC),Precios
176.1_R_EXTERBRE_1988_0_25,ropa_exterior_para_hombre,Ropa exterior para hombre,R/P1M,1989-05-01,2000-10-01,Índice base 100,Índice de Precios al Consumidor GBA - Base 1988. SERIE DISCONTINUADA,Subsecretaría de Programación Macroeconómica,Instituto Nacional de Estadística y Censos (INDEC),Precios
176.1_R_EXTERIOR_1988_0_13,ropa_exterior,Ropa exterior,R/P1M,1989-05-01,2000-10-01,Índice base 100,Índice de Precios al Consumidor GBA - Base 1988. SERIE DISCONTINUADA,Subsecretaría de Programación Macroeconómica,Instituto Nacional de Estadística y Censos (INDEC),Precios
176.1_R_EXTERJER_1988_0_24,ropa_exterior_para_mujer,Ropa exterior para mujer,R/P1M,1989-05-01,2000-10-01,Índice base 100,Índice de Precios al Consumidor GBA - Base 1988. SERIE DISCONTINUADA,Subsecretaría de Programación Macroeconómica,Instituto Nacional de Estadística y Censos (INDEC),Precios
176.1_R_EXTEROJA_1988_0_26,ropa_exterior_para_ninio,Ropa exterior para niño/a,R/P1M,1989-05-01,2000-10-01,Índice base 100,Índice de Precios al Consumidor GBA - Base 1988. SERIE DISCONTINUADA,Subsecretaría de Programación Macroeconómica,Instituto Nacional de Estadística y Censos (INDEC),Precios
176.1_R_INTERBRE_1988_0_25,ropa_interior_para_hombre,Ropa interior para hombre,R/P1M,1989-05-01,2000-10-01,Índice base 100,Índice de Precios al Consumidor GBA - Base 1988. SERIE DISCONTINUADA,Subsecretaría de Programación Macroeconómica,Instituto Nacional de Estadística y Censos (INDEC),Precios
176.1_R_INTERIOR_1988_0_13,ropa_interior,Ropa Interior,R/P1M,1989-05-01,2000-10-01,Índice base 100,Índice de Precios al Consumidor GBA - Base 1988. SERIE DISCONTINUADA,Subsecretaría de Programación Macroeconómica,Instituto Nacional de Estadística y Censos (INDEC),Precios
176.1_R_INTERJER_1988_0_24,ropa_interior_para_mujer,Ropa interior para mujer,R/P1M,1989-05-01,2000-10-01,Índice base 100,Índice de Precios al Consumidor GBA - Base 1988. SERIE DISCONTINUADA,Subsecretaría de Programación Macroeconómica,Instituto Nacional de Estadística y Censos (INDEC),Precios
176.1_R_INTEROJA_1988_0_26,ropa_interior_para_ninio,Ropa interior para niño/a,R/P1M,1989-05-01,2000-10-01,Índice base 100,Índice de Precios al Consumidor GBA - Base 1988. SERIE DISCONTINUADA,Subsecretaría de Programación Macroeconómica,Instituto Nacional de Estadística y Censos (INDEC),Precios
176.1_SDLUD_1988_0_5,salud,SALUD,R/P1M,1989-05-01,2000-10-01,Índice base 100,Índice de Precios al Consumidor GBA - Base 1988. SERIE DISCONTINUADA,Subsecretaría de Programación Macroeconómica,Instituto Nacional de Estadística y Censos (INDEC),Precios
176.1_SESPECIIAS_1988_0_12,sal_especias,Sal y especias,R/P1M,1989-05-01,2000-10-01,Índice base 100,Índice de Precios al Consumidor GBA - Base 1988. SERIE DISCONTINUADA,Subsecretaría de Programación Macroeconómica,Instituto Nacional de Estadística y Censos (INDEC),Precios
176.1_SICIOS_ADO_1988_0_36,servicios_peluqueria_para_el_cuidado,Servicios de peluquería y para el cuidado,R/P1M,1989-05-01,2000-10-01,Índice base 100,Índice de Precios al Consumidor GBA - Base 1988. SERIE DISCONTINUADA,Subsecretaría de Programación Macroeconómica,Instituto Nacional de Estadística y Censos (INDEC),Precios
176.1_SICIOS_FIA_1988_0_37,servicios_para_audio_video_fotografia,"Servicios para audio, video y fotografía",R/P1M,1989-05-01,2000-10-01,Índice base 100,Índice de Precios al Consumidor GBA - Base 1988. SERIE DISCONTINUADA,Subsecretaría de Programación Macroeconómica,Instituto Nacional de Estadística y Censos (INDEC),Precios
176.1_SICIOS_GAR_1988_0_23,servicios_para_el_hogar,Servicios para el hogar,R/P1M,1989-05-01,2000-10-01,Índice base 100,Índice de Precios al Consumidor GBA - Base 1988. SERIE DISCONTINUADA,Subsecretaría de Programación Macroeconómica,Instituto Nacional de Estadística y Censos (INDEC),Precios
176.1_SICIOS_IOS_1988_0_16,servicios_varios,Servicios varios,R/P1M,1989-05-01,2000-10-01,Índice base 100,Índice de Precios al Consumidor GBA - Base 1988. SERIE DISCONTINUADA,Subsecretaría de Programación Macroeconómica,Instituto Nacional de Estadística y Censos (INDEC),Precios
176.1_SICIOS_LES_1988_0_43,servicios_sanitarios_gas_otros_combustibles,"Servicios sanitarios, gas y otros combustibles",R/P1M,1989-05-01,2000-10-01,Índice base 100,Índice de Precios al Consumidor GBA - Base 1988. SERIE DISCONTINUADA,Subsecretaría de Programación Macroeconómica,Instituto Nacional de Estadística y Censos (INDEC),Precios
176.1_SICIOS_LUD_1988_0_23,servicios_para_la_salud,Servicios para la salud,R/P1M,1989-05-01,2000-10-01,Índice base 100,Índice de Precios al Consumidor GBA - Base 1988. SERIE DISCONTINUADA,Subsecretaría de Programación Macroeconómica,Instituto Nacional de Estadística y Censos (INDEC),Precios
176.1_SICIOS_NAL_1988_0_34,servicios_para_el_cuidado_personal,Servicios para el cuidado personal,R/P1M,1989-05-01,2000-10-01,Índice base 100,Índice de Precios al Consumidor GBA - Base 1988. SERIE DISCONTINUADA,Subsecretaría de Programación Macroeconómica,Instituto Nacional de Estadística y Censos (INDEC),Precios
176.1_SICIOS_NTO_1988_0_26,servicios_de_esparcimiento,Servicios De Esparcimiento,R/P1M,1989-05-01,2000-10-01,Índice base 100,Índice de Precios al Consumidor GBA - Base 1988. SERIE DISCONTINUADA,Subsecretaría de Programación Macroeconómica,Instituto Nacional de Estadística y Censos (INDEC),Precios
176.1_SICIOS_RES_1988_0_29,servicios_prepagos_auxiliares,Servicios prepagos y auxiliares,R/P1M,1989-05-01,2000-10-01,Índice base 100,Índice de Precios al Consumidor GBA - Base 1988. SERIE DISCONTINUADA,Subsecretaría de Programación Macroeconómica,Instituto Nacional de Estadística y Censos (INDEC),Precios
176.1_SICIOS_RIA_1988_0_30,servicios_para_la_indumentaria,Servicios para la indumentaria,R/P1M,1989-05-01,2000-10-01,Índice base 100,Índice de Precios al Consumidor GBA - Base 1988. SERIE DISCONTINUADA,Subsecretaría de Programación Macroeconómica,Instituto Nacional de Estadística y Censos (INDEC),Precios
176.1_SICIOS_VOS_1988_0_20,servicios_educativos,Servicios Educativos,R/P1M,1989-05-01,2000-10-01,Índice base 100,Índice de Precios al Consumidor GBA - Base 1988. SERIE DISCONTINUADA,Subsecretaría de Programación Macroeconómica,Instituto Nacional de Estadística y Censos (INDEC),Precios
176.1_SICIO_DROS_1988_0_24,servicio_domestico_otros,Servicio doméstico y otros,R/P1M,1989-05-01,2000-10-01,Índice base 100,Índice de Precios al Consumidor GBA - Base 1988. SERIE DISCONTINUADA,Subsecretaría de Programación Macroeconómica,Instituto Nacional de Estadística y Censos (INDEC),Precios
176.1_SRO_ESTIOS_1988_0_38,seguro_estacionamiento_otros_servicios,"Seguro, estacionamiento y otros servicios",R/P1M,1989-05-01,2000-10-01,Índice base 100,Índice de Precios al Consumidor GBA - Base 1988. SERIE DISCONTINUADA,Subsecretaría de Programación Macroeconómica,Instituto Nacional de Estadística y Censos (INDEC),Precios
176.1_S_AGUA_RAL_1988_0_17,soda_agua_mineral,Soda y agua mineral,R/P1M,1989-05-01,2000-10-01,Índice base 100,Índice de Precios al Consumidor GBA - Base 1988. SERIE DISCONTINUADA,Subsecretaría de Programación Macroeconómica,Instituto Nacional de Estadística y Censos (INDEC),Precios
176.1_TCOACO_1988_0_6,tabaco,Bienes Y Servicios Varios,R/P1M,1989-05-01,2000-10-01,Índice base 100,Índice de Precios al Consumidor GBA - Base 1988. SERIE DISCONTINUADA,Subsecretaría de Programación Macroeconómica,Instituto Nacional de Estadística y Censos (INDEC),Precios
176.1_TFONOONO_1988_0_8,telefono,Teléfono,R/P1M,1989-05-01,2000-10-01,Índice base 100,Índice de Precios al Consumidor GBA - Base 1988. SERIE DISCONTINUADA,Subsecretaría de Programación Macroeconómica,Instituto Nacional de Estadística y Censos (INDEC),Precios
176.1_TILES_AION_1988_0_35,textiles_accesorios_para_decoracion,Textiles y accesorios Para Decoración,R/P1M,1989-05-01,2000-10-01,Índice base 100,Índice de Precios al Consumidor GBA - Base 1988. SERIE DISCONTINUADA,Subsecretaría de Programación Macroeconómica,Instituto Nacional de Estadística y Censos (INDEC),Precios
176.1_TOS_UTIRES_1988_0_23,textos_utiles_escolares,Textos y útiles escolares,R/P1M,1989-05-01,2000-10-01,Índice base 100,Índice de Precios al Consumidor GBA - Base 1988. SERIE DISCONTINUADA,Subsecretaría de Programación Macroeconómica,Instituto Nacional de Estadística y Censos (INDEC),Precios
176.1_TSLAS_1988_0_5,telas,Telas,R/P1M,1989-05-01,2000-10-01,Índice base 100,Índice de Precios al Consumidor GBA - Base 1988. SERIE DISCONTINUADA,Subsecretaría de Programación Macroeconómica,Instituto Nacional de Estadística y Censos (INDEC),Precios
176.1_TSMOSMO_1988_0_7,turismo,Turismo,R/P1M,1989-05-01,2000-10-01,Índice base 100,Índice de Precios al Consumidor GBA - Base 1988. SERIE DISCONTINUADA,Subsecretaría de Programación Macroeconómica,Instituto Nacional de Estadística y Censos (INDEC),Precios
176.1_TSPORTENES_1988_0_25,transporte_comunicaciones,Transporte y comunicaciones,R/P1M,1989-05-01,2000-10-01,Índice base 100,Índice de Precios al Consumidor GBA - Base 1988. SERIE DISCONTINUADA,Subsecretaría de Programación Macroeconómica,Instituto Nacional de Estadística y Censos (INDEC),Precios
176.1_TSPORTEROS_1988_0_31,transporte_publico_de_pasajeros,Transporte público de pasajeros,R/P1M,1989-05-01,2000-10-01,Índice base 100,Índice de Precios al Consumidor GBA - Base 1988. SERIE DISCONTINUADA,Subsecretaría de Programación Macroeconómica,Instituto Nacional de Estadística y Censos (INDEC),Precios
176.1_TSPORTERTE_1988_0_10,transporte,Transporte,R/P1M,1989-05-01,2000-10-01,Índice base 100,Índice de Precios al Consumidor GBA - Base 1988. SERIE DISCONTINUADA,Subsecretaría de Programación Macroeconómica,Instituto Nacional de Estadística y Censos (INDEC),Precios
176.1_TS_HILARIA_1988_0_35,telas_hilados_articulos_de_merceria,"Telas, hilados y artículos de mercería",R/P1M,1989-05-01,2000-10-01,Índice base 100,Índice de Precios al Consumidor GBA - Base 1988. SERIE DISCONTINUADA,Subsecretaría de Programación Macroeconómica,Instituto Nacional de Estadística y Censos (INDEC),Precios
176.1_TTE_1988_0_2,te,Té,R/P1M,1989-05-01,2000-10-01,Índice base 100,Índice de Precios al Consumidor GBA - Base 1988. SERIE DISCONTINUADA,Subsecretaría de Programación Macroeconómica,Instituto Nacional de Estadística y Censos (INDEC),Precios
176.1_T_CORTACIA_1988_0_20,tren_corta_distancia,Tren de corta distancia,R/P1M,1989-05-01,2000-10-01,Índice base 100,Índice de Precios al Consumidor GBA - Base 1988. SERIE DISCONTINUADA,Subsecretaría de Programación Macroeconómica,Instituto Nacional de Estadística y Censos (INDEC),Precios
176.1_UES_ESCRES_1988_0_16,utiles_escolares,Útiles escolares,R/P1M,1989-05-01,2000-10-01,Índice base 100,Índice de Precios al Consumidor GBA - Base 1988. SERIE DISCONTINUADA,Subsecretaría de Programación Macroeconómica,Instituto Nacional de Estadística y Censos (INDEC),Precios
176.1_USILIOSEZA_1988_0_19,utensilios_limpieza,Utensilios de limpieza,R/P1M,1989-05-01,2000-10-01,Índice base 100,Índice de Precios al Consumidor GBA - Base 1988. SERIE DISCONTINUADA,Subsecretaría de Programación Macroeconómica,Instituto Nacional de Estadística y Censos (INDEC),Precios
176.1_VCULOS_NAL_1988_0_34,vehiculos_para_transporte_personal,Vehículos Para Transporte Personal,R/P1M,1989-05-01,2000-10-01,Índice base 100,Índice de Precios al Consumidor GBA - Base 1988. SERIE DISCONTINUADA,Subsecretaría de Programación Macroeconómica,Instituto Nacional de Estadística y Censos (INDEC),Precios
176.1_VENDANDA_1988_0_8,vivienda,Vivienda,R/P1M,1989-05-01,2000-10-01,Índice base 100,Índice de Precios al Consumidor GBA - Base 1988. SERIE DISCONTINUADA,Subsecretaría de Programación Macroeconómica,Instituto Nacional de Estadística y Censos (INDEC),Precios
176.1_VINO_1988_0_4,vino,Vino,R/P1M,1989-05-01,2000-10-01,Índice base 100,Índice de Precios al Consumidor GBA - Base 1988. SERIE DISCONTINUADA,Subsecretaría de Programación Macroeconómica,Instituto Nacional de Estadística y Censos (INDEC),Precios
176.1_VURASTURES_1988_0_28,verdurastuberculos_legumbres,"Verduras,tubérculos y legumbres",R/P1M,1989-05-01,2000-10-01,Índice base 100,Índice de Precios al Consumidor GBA - Base 1988. SERIE DISCONTINUADA,Subsecretaría de Programación Macroeconómica,Instituto Nacional de Estadística y Censos (INDEC),Precios
176.1_VURAS_LRVA_1988_0_36,verduras_legumbres_secas_en_conserva,Verduras y legumbres secas y en conserva,R/P1M,1989-05-01,2000-10-01,Índice base 100,Índice de Precios al Consumidor GBA - Base 1988. SERIE DISCONTINUADA,Subsecretaría de Programación Macroeconómica,Instituto Nacional de Estadística y Censos (INDEC),Precios
176.1_VURAS_TCAS_1988_0_37,verduras_tuberculos_legumbres_frescas,"Verduras, tubérculos y legumbres frescas",R/P1M,1989-05-01,2000-10-01,Índice base 100,Índice de Precios al Consumidor GBA - Base 1988. SERIE DISCONTINUADA,Subsecretaría de Programación Macroeconómica,Instituto Nacional de Estadística y Censos (INDEC),Precios
176.1_YA_MATEATE_1988_0_10,yerba_mate,Yerba mate,R/P1M,1989-05-01,2000-10-01,Índice base 100,Índice de Precios al Consumidor GBA - Base 1988. SERIE DISCONTINUADA,Subsecretaría de Programación Macroeconómica,Instituto Nacional de Estadística y Censos (INDEC),Precios
176.1_YURT_POEOS_1988_0_23,yoghurt_postres_lacteos,Yoghurt y postres lacteos,R/P1M,1989-05-01,2000-10-01,Índice base 100,Índice de Precios al Consumidor GBA - Base 1988. SERIE DISCONTINUADA,Subsecretaría de Programación Macroeconómica,Instituto Nacional de Estadística y Censos (INDEC),Precios
177.1_AAR_DULDOS_1974_0_38,azucar_dulce_golosinas_cacao_derivados,"Azúcar, dulce, golosinas, cacao y derivados",R/P1M,1979-01-01,1989-04-01,Índice base 100,Índice de Precios al Consumidor GBA - Base 1974. SERIE DISCONTINUADA,Subsecretaría de Programación Macroeconómica,Instituto Nacional de Estadística y Censos (INDEC),Precios
177.1_AATOS_ACOS_1974_0_32,aparatos_accesorios_terapeuticos,Aparatos y accesorios terapéuticos,R/P1M,1979-01-01,1989-04-01,Índice base 100,Índice de Precios al Consumidor GBA - Base 1974. SERIE DISCONTINUADA,Subsecretaría de Programación Macroeconómica,Instituto Nacional de Estadística y Censos (INDEC),Precios
177.1_ACION_MLUD_1974_0_33,atencion_medica_gastos_para_salud,Atención medica y gastos para la salud,R/P1M,1979-01-01,1989-04-01,Índice base 100,Índice de Precios al Consumidor GBA - Base 1974. SERIE DISCONTINUADA,Subsecretaría de Programación Macroeconómica,Instituto Nacional de Estadística y Censos (INDEC),Precios
177.1_ACULOS_GAR_1974_0_29,articulos_textiles_para_hogar,Art. textiles para el hogar,R/P1M,1979-01-01,1989-04-01,Índice base 100,Índice de Precios al Consumidor GBA - Base 1974. SERIE DISCONTINUADA,Subsecretaría de Programación Macroeconómica,Instituto Nacional de Estadística y Censos (INDEC),Precios
177.1_ACULOS_NAL_1974_0_36,articulos_servicios_cuidado_personal,art. y servicios p/cuidado personal,R/P1M,1979-01-01,1989-04-01,Índice base 100,Índice de Precios al Consumidor GBA - Base 1974. SERIE DISCONTINUADA,Subsecretaría de Programación Macroeconómica,Instituto Nacional de Estadística y Censos (INDEC),Precios
177.1_AENTOS_DAS_1974_0_17,alimentos_bebidas,Nivel general alimentos y bebidas,R/P1M,1979-01-01,1989-04-01,Índice base 100,Índice de Precios al Consumidor GBA - Base 1974. SERIE DISCONTINUADA,Subsecretaría de Programación Macroeconómica,Instituto Nacional de Estadística y Censos (INDEC),Precios
177.1_AENTOS_DOS_1974_0_35,alimentos_preparados_semipreparados,Alimentos preparados y semipreparados,R/P1M,1979-01-01,1989-04-01,Índice base 100,Índice de Precios al Consumidor GBA - Base 1974. SERIE DISCONTINUADA,Subsecretaría de Programación Macroeconómica,Instituto Nacional de Estadística y Censos (INDEC),Precios
177.1_AFACTOSTOS_1974_0_10,artefactos,Artefactos,R/P1M,1979-01-01,1989-04-01,Índice base 100,Índice de Precios al Consumidor GBA - Base 1974. SERIE DISCONTINUADA,Subsecretaría de Programación Macroeconómica,Instituto Nacional de Estadística y Censos (INDEC),Precios
177.1_ATE_GRASAS_1974_0_13,aceite_grasas,Aceite y grasas,R/P1M,1979-01-01,1989-04-01,Índice base 100,Índice de Precios al Consumidor GBA - Base 1974. SERIE DISCONTINUADA,Subsecretaría de Programación Macroeconómica,Instituto Nacional de Estadística y Censos (INDEC),Precios
177.1_BDASDAS_1974_0_7,bebidas,Bebidas,R/P1M,1979-01-01,1989-04-01,Índice base 100,Índice de Precios al Consumidor GBA - Base 1974. SERIE DISCONTINUADA,Subsecretaría de Programación Macroeconómica,Instituto Nacional de Estadística y Censos (INDEC),Precios
177.1_BDAS_ALCAS_1974_0_19,bebidas_alcoholicas,Bebidas alcohólicas,R/P1M,1979-01-01,1989-04-01,Índice base 100,Índice de Precios al Consumidor GBA - Base 1974. SERIE DISCONTINUADA,Subsecretaría de Programación Macroeconómica,Instituto Nacional de Estadística y Censos (INDEC),Precios
177.1_BDAS_NOCAS_1974_0_22,bebidas_no_alcoholicas,Bebidas no alcohólicas,R/P1M,1979-01-01,1989-04-01,Índice base 100,Índice de Precios al Consumidor GBA - Base 1974. SERIE DISCONTINUADA,Subsecretaría de Programación Macroeconómica,Instituto Nacional de Estadística y Censos (INDEC),Precios
177.1_BESNES_III_1974_0_12,bienes_80201,Bienes 80201,R/P1M,1979-01-01,1989-04-01,Índice base 100,Índice de Precios al Consumidor GBA - Base 1974. SERIE DISCONTINUADA,Subsecretaría de Programación Macroeconómica,Instituto Nacional de Estadística y Censos (INDEC),Precios
177.1_BES_406601_V_II_1974_0_12,bienes_40601,Bienes 40601,R/P1M,1979-01-01,1989-04-01,Índice base 100,Índice de Precios al Consumidor GBA - Base 1974. SERIE DISCONTINUADA,Subsecretaría de Programación Macroeconómica,Instituto Nacional de Estadística y Censos (INDEC),Precios
177.1_BES_SERIOS_1974_0_23,bienes_servicios_varios_406,Bienes y servicios varios 406,R/P1M,1979-01-01,1989-04-01,Índice base 100,Índice de Precios al Consumidor GBA - Base 1974. SERIE DISCONTINUADA,Subsecretaría de Programación Macroeconómica,Instituto Nacional de Estadística y Censos (INDEC),Precios
177.1_BES_SERIOS_II_1974_0_25,bienes_servicios_varios_8,bienes y servicios varios 8,R/P1M,1979-01-01,1989-04-01,Índice base 100,Índice de Precios al Consumidor GBA - Base 1974. SERIE DISCONTINUADA,Subsecretaría de Programación Macroeconómica,Instituto Nacional de Estadística y Censos (INDEC),Precios
177.1_BES_VARNTE_1974_0_40,bienes_varios_no_incluidos_anteriormente,bienes varios no incluidos anteriormente,R/P1M,1979-01-01,1989-04-01,Índice base 100,Índice de Precios al Consumidor GBA - Base 1974. SERIE DISCONTINUADA,Subsecretaría de Programación Macroeconómica,Instituto Nacional de Estadística y Censos (INDEC),Precios
177.1_CADOADO_O_1974_0_13,calzado_20203,Calzado 20203,R/P1M,1979-01-01,1989-04-01,Índice base 100,Índice de Precios al Consumidor GBA - Base 1974. SERIE DISCONTINUADA,Subsecretaría de Programación Macroeconómica,Instituto Nacional de Estadística y Censos (INDEC),Precios
177.1_CADOADO_O_I_1974_0_13,calzado_20303,Calzado 20303,R/P1M,1979-01-01,1989-04-01,Índice base 100,Índice de Precios al Consumidor GBA - Base 1974. SERIE DISCONTINUADA,Subsecretaría de Programación Macroeconómica,Instituto Nacional de Estadística y Censos (INDEC),Precios
177.1_CADO_20103_1974_0_13,calzado_20103,Calzado 20103,R/P1M,1979-01-01,1989-04-01,Índice base 100,Índice de Precios al Consumidor GBA - Base 1974. SERIE DISCONTINUADA,Subsecretaría de Programación Macroeconómica,Instituto Nacional de Estadística y Censos (INDEC),Precios
177.1_CALES_DDOS_1974_0_18,cereales_derivados,Nivel general cereales y derivados,R/P1M,1979-01-01,1989-04-01,Índice base 100,Índice de Precios al Consumidor GBA - Base 1974. SERIE DISCONTINUADA,Subsecretaría de Programación Macroeconómica,Instituto Nacional de Estadística y Censos (INDEC),Precios
177.1_CDAIDA_1974_0_6,comida,Comida,R/P1M,1979-01-01,1989-04-01,Índice base 100,Índice de Precios al Consumidor GBA - Base 1974. SERIE DISCONTINUADA,Subsecretaría de Programación Macroeconómica,Instituto Nacional de Estadística y Censos (INDEC),Precios
177.1_CDAS_TOGAR_1974_0_27,comidas_tomadas_fuera_hogar,Comidas tomadas fuera del hogar,R/P1M,1979-01-01,1989-04-01,Índice base 100,Índice de Precios al Consumidor GBA - Base 1974. SERIE DISCONTINUADA,Subsecretaría de Programación Macroeconómica,Instituto Nacional de Estadística y Censos (INDEC),Precios
177.1_CES_EMBRES_1974_0_25,carnes_embutidos_fiambres,"Carnes, embutidos y fiambres",R/P1M,1979-01-01,1989-04-01,Índice base 100,Índice de Precios al Consumidor GBA - Base 1974. SERIE DISCONTINUADA,Subsecretaría de Programación Macroeconómica,Instituto Nacional de Estadística y Censos (INDEC),Precios
177.1_CES_FRECAS_1974_0_14,carnes_frescas,Carnes frescas,R/P1M,1979-01-01,1989-04-01,Índice base 100,Índice de Precios al Consumidor GBA - Base 1974. SERIE DISCONTINUADA,Subsecretaría de Programación Macroeconómica,Instituto Nacional de Estadística y Censos (INDEC),Precios
177.1_CNICACINES_1974_0_14,comunicaciones,comunicaciones,R/P1M,1979-01-01,1989-04-01,Índice base 100,Índice de Precios al Consumidor GBA - Base 1974. SERIE DISCONTINUADA,Subsecretaría de Programación Macroeconómica,Instituto Nacional de Estadística y Censos (INDEC),Precios
177.1_CUSTIBLBLE_1974_0_11,combustible,Combustible,R/P1M,1979-01-01,1989-04-01,Índice base 100,Índice de Precios al Consumidor GBA - Base 1974. SERIE DISCONTINUADA,Subsecretaría de Programación Macroeconómica,Instituto Nacional de Estadística y Censos (INDEC),Precios
177.1_CUSTIBLDAD_1974_0_24,combustible_electricidad,combustible y electricidad,R/P1M,1979-01-01,1989-04-01,Índice base 100,Índice de Precios al Consumidor GBA - Base 1974. SERIE DISCONTINUADA,Subsecretaría de Programación Macroeconómica,Instituto Nacional de Estadística y Censos (INDEC),Precios
177.1_C_TE_YENES_1974_0_35,cafe_te_yerba_mate_otras_infusiones,"Cafe, té, yerba mate y otras infusiones",R/P1M,1979-01-01,1989-04-01,Índice base 100,Índice de Precios al Consumidor GBA - Base 1974. SERIE DISCONTINUADA,Subsecretaría de Programación Macroeconómica,Instituto Nacional de Estadística y Censos (INDEC),Precios
177.1_EENTOS_IOS_1974_0_27,elementos_primeros_auxilios,Elementos p/primeros auxilios,R/P1M,1979-01-01,1989-04-01,Índice base 100,Índice de Precios al Consumidor GBA - Base 1974. SERIE DISCONTINUADA,Subsecretaría de Programación Macroeconómica,Instituto Nacional de Estadística y Censos (INDEC),Precios
177.1_EPAMIENGAR_1974_0_33,equipamiento_funcionamiento_hogar,Equipamiento y funcionamiento del hogar,R/P1M,1979-01-01,1989-04-01,Índice base 100,Índice de Precios al Consumidor GBA - Base 1974. SERIE DISCONTINUADA,Subsecretaría de Programación Macroeconómica,Instituto Nacional de Estadística y Censos (INDEC),Precios
177.1_EPOS_ACNES_1974_0_31,equipos_accesorios_reparaciones,"equipos, accesorios y sus reparaciones",R/P1M,1979-01-01,1989-04-01,Índice base 100,Índice de Precios al Consumidor GBA - Base 1974. SERIE DISCONTINUADA,Subsecretaría de Programación Macroeconómica,Instituto Nacional de Estadística y Censos (INDEC),Precios
177.1_ERCIMIEION_1974_0_23,esparcimiento_educacion,esparcimiento y educación,R/P1M,1979-01-01,1989-04-01,Índice base 100,Índice de Precios al Consumidor GBA - Base 1974. SERIE DISCONTINUADA,Subsecretaría de Programación Macroeconómica,Instituto Nacional de Estadística y Censos (INDEC),Precios
177.1_ETIDOS_CAS_1974_0_31,embutidos_fiambres_carnes_secas,"Embutidos y fiambres, carnes secas",R/P1M,1979-01-01,1989-04-01,Índice base 100,Índice de Precios al Consumidor GBA - Base 1974. SERIE DISCONTINUADA,Subsecretaría de Programación Macroeconómica,Instituto Nacional de Estadística y Censos (INDEC),Precios
177.1_ETRICIDDAD_1974_0_12,electricidad,Electricidad,R/P1M,1979-01-01,1989-04-01,Índice base 100,Índice de Precios al Consumidor GBA - Base 1974. SERIE DISCONTINUADA,Subsecretaría de Programación Macroeconómica,Instituto Nacional de Estadística y Censos (INDEC),Precios
177.1_FAS_FRERVA_1974_0_29,frutas_frescas_secas_conserva,"Frutas frescas, secas y en conserva",R/P1M,1979-01-01,1989-04-01,Índice base 100,Índice de Precios al Consumidor GBA - Base 1974. SERIE DISCONTINUADA,Subsecretaría de Programación Macroeconómica,Instituto Nacional de Estadística y Censos (INDEC),Precios
177.1_FAS_VERRES_1974_0_25,frutas_verduras_legumbres,"Frutas, verduras y legumbres",R/P1M,1979-01-01,1989-04-01,Índice base 100,Índice de Precios al Consumidor GBA - Base 1974. SERIE DISCONTINUADA,Subsecretaría de Programación Macroeconómica,Instituto Nacional de Estadística y Censos (INDEC),Precios
177.1_FIONAMINAL_1974_0_44,funcionamiento_vehiculos_transporte_personal,Func.de los vehículos p/transp. personal,R/P1M,1979-01-01,1989-04-01,Índice base 100,Índice de Precios al Consumidor GBA - Base 1974. SERIE DISCONTINUADA,Subsecretaría de Programación Macroeconómica,Instituto Nacional de Estadística y Censos (INDEC),Precios
177.1_FOS_DEMIAS_1974_0_32,fideos_demas_pastas_alimenticias,Fideos y demás pastas alimenticias,R/P1M,1979-01-01,1989-04-01,Índice base 100,Índice de Precios al Consumidor GBA - Base 1974. SERIE DISCONTINUADA,Subsecretaría de Programación Macroeconómica,Instituto Nacional de Estadística y Censos (INDEC),Precios
177.1_GOS_DE_RTE_1974_0_20,gastos_de_transporte,gastos de transporte,R/P1M,1979-01-01,1989-04-01,Índice base 100,Índice de Precios al Consumidor GBA - Base 1974. SERIE DISCONTINUADA,Subsecretaría de Programación Macroeconómica,Instituto Nacional de Estadística y Censos (INDEC),Precios
177.1_GOS_VIVNDA_1974_0_15,gastos_vivienda,Gastos por la vivienda,R/P1M,1979-01-01,1989-04-01,Índice base 100,Índice de Precios al Consumidor GBA - Base 1974. SERIE DISCONTINUADA,Subsecretaría de Programación Macroeconómica,Instituto Nacional de Estadística y Censos (INDEC),Precios
177.1_HAMIENTROS_1974_0_18,herramientas_otros,Herramientas y otros,R/P1M,1979-01-01,1989-04-01,Índice base 100,Índice de Precios al Consumidor GBA - Base 1974. SERIE DISCONTINUADA,Subsecretaría de Programación Macroeconómica,Instituto Nacional de Estadística y Censos (INDEC),Precios
177.1_HNA_ARRROZ_1974_0_12,harina_arroz,Harina y arroz,R/P1M,1979-01-01,1989-04-01,Índice base 100,Índice de Precios al Consumidor GBA - Base 1974. SERIE DISCONTINUADA,Subsecretaría de Programación Macroeconómica,Instituto Nacional de Estadística y Censos (INDEC),Precios
177.1_IMENTARBRE_1974_0_27,indumentaria_calzado_hombre,Indumentaria y calzado p/hombre,R/P1M,1979-01-01,1989-04-01,Índice base 100,Índice de Precios al Consumidor GBA - Base 1974. SERIE DISCONTINUADA,Subsecretaría de Programación Macroeconómica,Instituto Nacional de Estadística y Censos (INDEC),Precios
177.1_IMENTARIOS_1974_0_35,indumentaria_calzado_ninio_13_anios,indumentaria y calzado p/niño - 13 años,R/P1M,1979-01-01,1989-04-01,Índice base 100,Índice de Precios al Consumidor GBA - Base 1974. SERIE DISCONTINUADA,Subsecretaría de Programación Macroeconómica,Instituto Nacional de Estadística y Censos (INDEC),Precios
177.1_IMENTARJER_1974_0_26,indumentaria_calzado_mujer,Indumentaria y calzado p/mujer,R/P1M,1979-01-01,1989-04-01,Índice base 100,Índice de Precios al Consumidor GBA - Base 1974. SERIE DISCONTINUADA,Subsecretaría de Programación Macroeconómica,Instituto Nacional de Estadística y Censos (INDEC),Precios
177.1_IMENTARRIA_1974_0_12,indumentaria,Indumentaria,R/P1M,1979-01-01,1989-04-01,Índice base 100,Índice de Precios al Consumidor GBA - Base 1974. SERIE DISCONTINUADA,Subsecretaría de Programación Macroeconómica,Instituto Nacional de Estadística y Censos (INDEC),Precios
177.1_LMBRES_RVA_1974_0_32,legumbres_frescas_secas_conserva,"Legumbres frescas, secas y en conserva",R/P1M,1979-01-01,1989-04-01,Índice base 100,Índice de Precios al Consumidor GBA - Base 1974. SERIE DISCONTINUADA,Subsecretaría de Programación Macroeconómica,Instituto Nacional de Estadística y Censos (INDEC),Precios
177.1_LOS_PERRIA_1974_0_45,libros_periodicos_revistas_articulos_libreria,"libros, periódicos, revistas y art. librería",R/P1M,1979-01-01,1989-04-01,Índice base 100,Índice de Precios al Consumidor GBA - Base 1974. SERIE DISCONTINUADA,Subsecretaría de Programación Macroeconómica,Instituto Nacional de Estadística y Censos (INDEC),Precios
177.1_MLES_ACIOS_1974_0_18,muebles_accesorios,Muebles y accesorios,R/P1M,1979-01-01,1989-04-01,Índice base 100,Índice de Precios al Consumidor GBA - Base 1974. SERIE DISCONTINUADA,Subsecretaría de Programación Macroeconómica,Instituto Nacional de Estadística y Censos (INDEC),Precios
177.1_NA_ACEIASA_1974_0_18,nafta_aceite_grasa,"Nafta, aceite y grasa",R/P1M,1979-01-01,1989-04-01,Índice base 100,Índice de Precios al Consumidor GBA - Base 1974. SERIE DISCONTINUADA,Subsecretaría de Programación Macroeconómica,Instituto Nacional de Estadística y Censos (INDEC),Precios
177.1_NL_GENERAL_1974_0_13,nivel_general,Nivel General,R/P1M,1979-01-01,1989-04-01,Índice base 100,Índice de Precios al Consumidor GBA - Base 1974. SERIE DISCONTINUADA,Subsecretaría de Programación Macroeconómica,Instituto Nacional de Estadística y Censos (INDEC),Precios
177.1_OS_GASTTOS_1974_0_12,otros_gastos,Otros gastos,R/P1M,1979-01-01,1989-04-01,Índice base 100,Índice de Precios al Consumidor GBA - Base 1974. SERIE DISCONTINUADA,Subsecretaría de Programación Macroeconómica,Instituto Nacional de Estadística y Censos (INDEC),Precios
177.1_OS_SERVNTE_1974_0_42,otros_servicios_no_incluidos_anteriormente,otros serv. no incluidos anteriormente,R/P1M,1979-01-01,1989-04-01,Índice base 100,Índice de Precios al Consumidor GBA - Base 1974. SERIE DISCONTINUADA,Subsecretaría de Programación Macroeconómica,Instituto Nacional de Estadística y Censos (INDEC),Precios
177.1_PADOS_MRVA_1974_0_34,pescados_mariscos_frescos_conserva,"Pescados y mariscos, frescos y en conserva",R/P1M,1979-01-01,1989-04-01,Índice base 100,Índice de Precios al Consumidor GBA - Base 1974. SERIE DISCONTINUADA,Subsecretaría de Programación Macroeconómica,Instituto Nacional de Estadística y Censos (INDEC),Precios
177.1_PES_DIVNES_1974_0_39,partes_diversas_accesorios_reparaciones,"Partes diversas, accesorios y reparaciones",R/P1M,1979-01-01,1989-04-01,Índice base 100,Índice de Precios al Consumidor GBA - Base 1974. SERIE DISCONTINUADA,Subsecretaría de Programación Macroeconómica,Instituto Nacional de Estadística y Censos (INDEC),Precios
177.1_PUCTOS_COS_1974_0_35,productos_medicinales_farmaceuticos,Produc. medicinales y farmacéuticos,R/P1M,1979-01-01,1989-04-01,Índice base 100,Índice de Precios al Consumidor GBA - Base 1974. SERIE DISCONTINUADA,Subsecretaría de Programación Macroeconómica,Instituto Nacional de Estadística y Censos (INDEC),Precios
177.1_PUCTOS_COS_1974_0_59,productos_medicinales_farmaceuticos_accesorios_terapeuticos,"Prod. medic., farmac. y acces. terapéuticos",R/P1M,1979-01-01,1989-04-01,Índice base 100,Índice de Precios al Consumidor GBA - Base 1974. SERIE DISCONTINUADA,Subsecretaría de Programación Macroeconómica,Instituto Nacional de Estadística y Censos (INDEC),Precios
177.1_PUCTOS_RIA_1974_0_19,productos_panaderia,Productos de panadería,R/P1M,1979-01-01,1989-04-01,Índice base 100,Índice de Precios al Consumidor GBA - Base 1974. SERIE DISCONTINUADA,Subsecretaría de Programación Macroeconómica,Instituto Nacional de Estadística y Censos (INDEC),Precios
177.1_PUCTOS_VOS_1974_0_24,productos_lacteos_huevos,Productos lácteos y huevos,R/P1M,1979-01-01,1989-04-01,Índice base 100,Índice de Precios al Consumidor GBA - Base 1974. SERIE DISCONTINUADA,Subsecretaría de Programación Macroeconómica,Instituto Nacional de Estadística y Censos (INDEC),Precios
177.1_RIGERIORIO_1974_0_10,refrigerio,Refrigerio,R/P1M,1979-01-01,1989-04-01,Índice base 100,Índice de Precios al Consumidor GBA - Base 1974. SERIE DISCONTINUADA,Subsecretaría de Programación Macroeconómica,Instituto Nacional de Estadística y Censos (INDEC),Precios
177.1_R_EXTER102_1974_0_30,ropa_exterior_accesorios_20102,Ropa exterior y accesorios 20102,R/P1M,1979-01-01,1989-04-01,Índice base 100,Índice de Precios al Consumidor GBA - Base 1974. SERIE DISCONTINUADA,Subsecretaría de Programación Macroeconómica,Instituto Nacional de Estadística y Censos (INDEC),Precios
177.1_R_EXTERIOS_O_1974_0_30,ropa_exterior_accesorios_20202,Ropa exterior y accesorios 20202,R/P1M,1979-01-01,1989-04-01,Índice base 100,Índice de Precios al Consumidor GBA - Base 1974. SERIE DISCONTINUADA,Subsecretaría de Programación Macroeconómica,Instituto Nacional de Estadística y Censos (INDEC),Precios
177.1_R_EXTERIOS_O_I_1974_0_30,ropa_exterior_accesorios_20302,Ropa exterior y accesorios 203302,R/P1M,1979-01-01,1989-04-01,Índice base 100,Índice de Precios al Consumidor GBA - Base 1974. SERIE DISCONTINUADA,Subsecretaría de Programación Macroeconómica,Instituto Nacional de Estadística y Censos (INDEC),Precios
177.1_R_INTER101_4_1974_0_19,ropa_interior_20101,Ropa interior 20101,R/P1M,1979-01-01,1989-04-01,Índice base 100,Índice de Precios al Consumidor GBA - Base 1974. SERIE DISCONTINUADA,Subsecretaría de Programación Macroeconómica,Instituto Nacional de Estadística y Censos (INDEC),Precios
177.1_R_INTERIOR_O_III_1974_0_13,ropa_interior,Ropa interior,R/P1M,1979-01-01,1989-04-01,Índice base 100,Índice de Precios al Consumidor GBA - Base 1974. SERIE DISCONTINUADA,Subsecretaría de Programación Macroeconómica,Instituto Nacional de Estadística y Censos (INDEC),Precios
177.1_R_INTERIOR_O_I_1974_0_19,ropa_interior_20201,Ropa interior 20201,R/P1M,1979-01-01,1989-04-01,Índice base 100,Índice de Precios al Consumidor GBA - Base 1974. SERIE DISCONTINUADA,Subsecretaría de Programación Macroeconómica,Instituto Nacional de Estadística y Censos (INDEC),Precios
177.1_SICIOSIOS_1974_0_9,servicios_40602,Servicios 40602,R/P1M,1979-01-01,1989-04-01,Índice base 100,Índice de Precios al Consumidor GBA - Base 1974. SERIE DISCONTINUADA,Subsecretaría de Programación Macroeconómica,Instituto Nacional de Estadística y Censos (INDEC),Precios
177.1_SICIOSIOS_I_1974_0_15,servicios_80202,Servicios 80202,R/P1M,1979-01-01,1989-04-01,Índice base 100,Índice de Precios al Consumidor GBA - Base 1974. SERIE DISCONTINUADA,Subsecretaría de Programación Macroeconómica,Instituto Nacional de Estadística y Censos (INDEC),Precios
177.1_SICIOS_GAR_1974_0_31,servicios_domesticos_para_hogar,Serv. domésticos para el hogar,R/P1M,1979-01-01,1989-04-01,Índice base 100,Índice de Precios al Consumidor GBA - Base 1974. SERIE DISCONTINUADA,Subsecretaría de Programación Macroeconómica,Instituto Nacional de Estadística y Censos (INDEC),Precios
177.1_SICIOS_IAR_1974_0_36,servicios_prestados_medicos_auxiliar,Servicios prestados p/medicos y auxiliar,R/P1M,1979-01-01,1989-04-01,Índice base 100,Índice de Precios al Consumidor GBA - Base 1974. SERIE DISCONTINUADA,Subsecretaría de Programación Macroeconómica,Instituto Nacional de Estadística y Censos (INDEC),Precios
177.1_SICIOS_NTO_1974_0_34,servicios_culturales_esparcimiento,servicios culturales y de esparcimiento,R/P1M,1979-01-01,1989-04-01,Índice base 100,Índice de Precios al Consumidor GBA - Base 1974. SERIE DISCONTINUADA,Subsecretaría de Programación Macroeconómica,Instituto Nacional de Estadística y Censos (INDEC),Precios
177.1_SICIOS_VOS_1974_0_20,servicios_educativos,servicios educativos,R/P1M,1979-01-01,1989-04-01,Índice base 100,Índice de Precios al Consumidor GBA - Base 1974. SERIE DISCONTINUADA,Subsecretaría de Programación Macroeconómica,Instituto Nacional de Estadística y Censos (INDEC),Precios
177.1_TCOACO_1974_0_6,tabaco,tabaco,R/P1M,1979-01-01,1989-04-01,Índice base 100,Índice de Precios al Consumidor GBA - Base 1974. SERIE DISCONTINUADA,Subsecretaría de Programación Macroeconómica,Instituto Nacional de Estadística y Censos (INDEC),Precios
177.1_TSPORTENES_1974_0_25,transporte_comunicaciones,Transporte y comunicaciones,R/P1M,1979-01-01,1989-04-01,Índice base 100,Índice de Precios al Consumidor GBA - Base 1974. SERIE DISCONTINUADA,Subsecretaría de Programación Macroeconómica,Instituto Nacional de Estadística y Censos (INDEC),Precios
177.1_TS_ACCEIOS_1974_0_33,telas_accesorios_servicios_varios,"telas, accesorios y serv.varios",R/P1M,1979-01-01,1989-04-01,Índice base 100,Índice de Precios al Consumidor GBA - Base 1974. SERIE DISCONTINUADA,Subsecretaría de Programación Macroeconómica,Instituto Nacional de Estadística y Censos (INDEC),Precios
177.1_USILIOSGAR_1974_0_27,utensilios_accesorios_hogar,Utensilios y accesorios p/el hogar,R/P1M,1979-01-01,1989-04-01,Índice base 100,Índice de Precios al Consumidor GBA - Base 1974. SERIE DISCONTINUADA,Subsecretaría de Programación Macroeconómica,Instituto Nacional de Estadística y Censos (INDEC),Precios
177.1_USILIOSIOS_1974_0_10,utensilios,Utensilios,R/P1M,1979-01-01,1989-04-01,Índice base 100,Índice de Precios al Consumidor GBA - Base 1974. SERIE DISCONTINUADA,Subsecretaría de Programación Macroeconómica,Instituto Nacional de Estadística y Censos (INDEC),Precios
177.1_VCIONESSMO_1974_0_18,vacaciones_turismo,vacaciones y turismo,R/P1M,1979-01-01,1989-04-01,Índice base 100,Índice de Precios al Consumidor GBA - Base 1974. SERIE DISCONTINUADA,Subsecretaría de Programación Macroeconómica,Instituto Nacional de Estadística y Censos (INDEC),Precios
177.1_VCULOS_NAL_1974_0_29,vehiculos_transporte_personal,Vehículos p/el transporte personal,R/P1M,1979-01-01,1989-04-01,Índice base 100,Índice de Precios al Consumidor GBA - Base 1974. SERIE DISCONTINUADA,Subsecretaría de Programación Macroeconómica,Instituto Nacional de Estadística y Censos (INDEC),Precios
177.1_VENDA_CDAD_1974_0_33,vivienda_combustible_electricidad,"Vivienda, combustible y electricidad",R/P1M,1979-01-01,1989-04-01,Índice base 100,Índice de Precios al Consumidor GBA - Base 1974. SERIE DISCONTINUADA,Subsecretaría de Programación Macroeconómica,Instituto Nacional de Estadística y Censos (INDEC),Precios
177.1_VGRES_ENES_1974_0_43,vinagres_especias_salsas_condimentos_afines,"Vinagres, especias, salsas, cond. y afines",R/P1M,1979-01-01,1989-04-01,Índice base 100,Índice de Precios al Consumidor GBA - Base 1974. SERIE DISCONTINUADA,Subsecretaría de Programación Macroeconómica,Instituto Nacional de Estadística y Censos (INDEC),Precios
177.1_VLLALLA_1974_0_7,vajilla,Vajilla,R/P1M,1979-01-01,1989-04-01,Índice base 100,Índice de Precios al Consumidor GBA - Base 1974. SERIE DISCONTINUADA,Subsecretaría de Programación Macroeconómica,Instituto Nacional de Estadística y Censos (INDEC),Precios
177.1_VURAS_FRVA_1974_0_31,verduras_frescas_secas_conserva,"Verduras frescas, secas y en conserva",R/P1M,1979-01-01,1989-04-01,Índice base 100,Índice de Precios al Consumidor GBA - Base 1974. SERIE DISCONTINUADA,Subsecretaría de Programación Macroeconómica,Instituto Nacional de Estadística y Censos (INDEC),Precios
178.1_ACION_MLUD_0_0_21,atencion_medica_salud,Atención médica y salud,R/P1M,1977-04-01,2008-04-01,Índice base 100,Índice de Precios al Consumidor histórico. SERIE DISCONTINUADA,Subsecretaría de Programación Macroeconómica,Instituto Nacional de Estadística y Censos (INDEC),Precios
178.1_AENTOS_DAS_0_0_17,alimentos_bebidas,Alimentos y bebidas,R/P1M,1977-04-01,2008-04-01,Índice base 100,Índice de Precios al Consumidor histórico. SERIE DISCONTINUADA,Subsecretaría de Programación Macroeconómica,Instituto Nacional de Estadística y Censos (INDEC),Precios
178.1_BES_SERIOS_0_0_23,bienes_servicios_varios,Bienes y servicios varios,R/P1M,1977-04-01,2008-04-01,Índice base 100,Índice de Precios al Consumidor histórico. SERIE DISCONTINUADA,Subsecretaría de Programación Macroeconómica,Instituto Nacional de Estadística y Censos (INDEC),Precios
178.1_EACIONION_0_0_9,educacion,Educación,R/P1M,1989-06-01,2008-04-01,Índice base 100,Índice de Precios al Consumidor histórico. SERIE DISCONTINUADA,Subsecretaría de Programación Macroeconómica,Instituto Nacional de Estadística y Censos (INDEC),Precios
178.1_EPAMIENGAR_0_0_32,equipamiento_mantenimiento_hogar,Equipamiento y mant. del hogar,R/P1M,1977-04-01,2008-04-01,Índice base 100,Índice de Precios al Consumidor histórico. SERIE DISCONTINUADA,Subsecretaría de Programación Macroeconómica,Instituto Nacional de Estadística y Censos (INDEC),Precios
178.1_ERCIMIENTO_0_0_13,esparcimiento,Esparcimiento,R/P1M,1989-06-01,2008-04-01,Índice base 100,Índice de Precios al Consumidor histórico. SERIE DISCONTINUADA,Subsecretaría de Programación Macroeconómica,Instituto Nacional de Estadística y Censos (INDEC),Precios
178.1_IMENTARRIA_0_0_12,indumentaria,Indumentaria,R/P1M,1977-04-01,2008-04-01,Índice base 100,Índice de Precios al Consumidor histórico. SERIE DISCONTINUADA,Subsecretaría de Programación Macroeconómica,Instituto Nacional de Estadística y Censos (INDEC),Precios
178.1_NL_GENERAL_0_0_13,nivel_general,Nivel General,R/P1M,1943-01-01,2008-04-01,Índice base 100,Índice de Precios al Consumidor histórico. SERIE DISCONTINUADA,Subsecretaría de Programación Macroeconómica,Instituto Nacional de Estadística y Censos (INDEC),Precios
178.1_TSPORTENES_0_0_25,transporte_comunicaciones,Transporte y comunicaciones,R/P1M,1977-04-01,2008-04-01,Índice base 100,Índice de Precios al Consumidor histórico. SERIE DISCONTINUADA,Subsecretaría de Programación Macroeconómica,Instituto Nacional de Estadística y Censos (INDEC),Precios
178.1_VENDA_SCOS_0_0_26,vivienda_servicios_basicos,Vivienda y Servicios Básicos,R/P1M,1977-04-01,2008-04-01,Índice base 100,Índice de Precios al Consumidor histórico. SERIE DISCONTINUADA,Subsecretaría de Programación Macroeconómica,Instituto Nacional de Estadística y Censos (INDEC),Precios
193.1_ALIMENTOS_CAS_JULI_0_32,alimentos_bebidas_no_alcoholicas,Nivel de precios de alimentos bebidas no alcoholicas,R/P1M,2012-07-01,2022-02-01,Índice base 100,Índice de Precios al Consumidor de la Ciudad de Buenos Aires.,Subsecretaría de Programación Macroeconómica,Instituto de Estadística y Censos - Ciudad Autónoma de Buenos Aires,Precios
193.1_BEBIDAS_ALACO_JULI_0_26,bebidas_alcoholicas_tabaco,Nivel de precios de bebidas alcoholicas tabaco,R/P1M,2012-07-01,2022-02-01,Índice base 100,Índice de Precios al Consumidor de la Ciudad de Buenos Aires.,Subsecretaría de Programación Macroeconómica,Instituto de Estadística y Censos - Ciudad Autónoma de Buenos Aires,Precios
193.1_BIENES_SERIOS_JULI_0_23,bienes_servicios_varios,Nivel de precios de bienes servicios varios,R/P1M,2012-07-01,2022-02-01,Índice base 100,Índice de Precios al Consumidor de la Ciudad de Buenos Aires.,Subsecretaría de Programación Macroeconómica,Instituto de Estadística y Censos - Ciudad Autónoma de Buenos Aires,Precios
193.1_COMUNICACINES_JULI_0_14,comunicaciones,Nivel de precios de comunicaciones,R/P1M,2012-07-01,2022-02-01,Índice base 100,Índice de Precios al Consumidor de la Ciudad de Buenos Aires.,Subsecretaría de Programación Macroeconómica,Instituto de Estadística y Censos - Ciudad Autónoma de Buenos Aires,Precios
193.1_EDUCACIONION_JULI_0_9,educacion,Nivel de precios de educacion,R/P1M,2012-07-01,2022-02-01,Índice base 100,Índice de Precios al Consumidor de la Ciudad de Buenos Aires.,Subsecretaría de Programación Macroeconómica,Instituto de Estadística y Censos - Ciudad Autónoma de Buenos Aires,Precios
193.1_EQUIPAMIENGAR_JULI_0_32,equipamiento_mantenimiento_hogar,Nivel de precios de equipamiento mantenimiento hogar,R/P1M,2012-07-01,2022-02-01,Índice base 100,Índice de Precios al Consumidor de la Ciudad de Buenos Aires.,Subsecretaría de Programación Macroeconómica,Instituto de Estadística y Censos - Ciudad Autónoma de Buenos Aires,Precios
193.1_ESTACIONALLES_JULI_0_12,estacionales,Nivel de precios de estacionales,R/P1M,2012-07-01,2022-02-01,Índice base 100,Índice de Precios al Consumidor de la Ciudad de Buenos Aires.,Subsecretaría de Programación Macroeconómica,Instituto de Estadística y Censos - Ciudad Autónoma de Buenos Aires,Precios
193.1_NIVEL_GENERAL_JULI_0_13,nivel_general,Nivel de precios de nivel general,R/P1M,2012-07-01,2022-02-01,Índice base 100,Índice de Precios al Consumidor de la Ciudad de Buenos Aires.,Subsecretaría de Programación Macroeconómica,Instituto de Estadística y Censos - Ciudad Autónoma de Buenos Aires,Precios
193.1_PRENDAS_VEADO_JULI_0_22,prendas_vestir_calzado,Nivel de precios de prendas vestir calzado,R/P1M,2012-07-01,2022-02-01,Índice base 100,Índice de Precios al Consumidor de la Ciudad de Buenos Aires.,Subsecretaría de Programación Macroeconómica,Instituto de Estadística y Censos - Ciudad Autónoma de Buenos Aires,Precios
193.1_RECREACIONURA_JULI_0_18,recreacion_cultura,Nivel de precios de recreacion cultura,R/P1M,2012-07-01,2022-02-01,Índice base 100,Índice de Precios al Consumidor de la Ciudad de Buenos Aires.,Subsecretaría de Programación Macroeconómica,Instituto de Estadística y Censos - Ciudad Autónoma de Buenos Aires,Precios
193.1_REGULADOSDOS_JULI_0_9,regulados,Nivel de precios de regulados,R/P1M,2012-07-01,2022-02-01,Índice base 100,Índice de Precios al Consumidor de la Ciudad de Buenos Aires.,Subsecretaría de Programación Macroeconómica,Instituto de Estadística y Censos - Ciudad Autónoma de Buenos Aires,Precios
193.1_RESTAURANTLES_JULI_0_20,restaurantes_hoteles,Nivel de precios de restaurantes hoteles,R/P1M,2012-07-01,2022-02-01,Índice base 100,Índice de Precios al Consumidor de la Ciudad de Buenos Aires.,Subsecretaría de Programación Macroeconómica,Instituto de Estadística y Censos - Ciudad Autónoma de Buenos Aires,Precios
193.1_RESTOSTO_JULI_0_5,resto,Nivel de precios de resto,R/P1M,2012-07-01,2022-02-01,Índice base 100,Índice de Precios al Consumidor de la Ciudad de Buenos Aires.,Subsecretaría de Programación Macroeconómica,Instituto de Estadística y Censos - Ciudad Autónoma de Buenos Aires,Precios
193.1_SALUDLUD_JULI_0_5,salud,Nivel de precios de salud,R/P1M,2012-07-01,2022-02-01,Índice base 100,Índice de Precios al Consumidor de la Ciudad de Buenos Aires.,Subsecretaría de Programación Macroeconómica,Instituto de Estadística y Censos - Ciudad Autónoma de Buenos Aires,Precios
193.1_TRANSPORTERTE_JULI_0_10,transporte,Nivel de precios de transporte,R/P1M,2012-07-01,2022-02-01,Índice base 100,Índice de Precios al Consumidor de la Ciudad de Buenos Aires.,Subsecretaría de Programación Macroeconómica,Instituto de Estadística y Censos - Ciudad Autónoma de Buenos Aires,Precios
193.1_VIVIENDA_ALES_JULI_0_45,vivienda_agua_electricidad_otros_combustibles,Nivel de precios de vivienda agua electricidad otros combustibles,R/P1M,2012-07-01,2022-02-01,Índice base 100,Índice de Precios al Consumidor de la Ciudad de Buenos Aires.,Subsecretaría de Programación Macroeconómica,Instituto de Estadística y Censos - Ciudad Autónoma de Buenos Aires,Precios
193.2_ALIMENTOS_CAS_2021_0_32_80,alimentos_bebidas_no_alcoholicas,Nivel de precios de alimentos bebidas no alcoholicas,R/P1M,2022-02-01,2026-01-01,Índice base 100,Índice de Precios al Consumidor de la Ciudad de Buenos Aires.,Subsecretaría de Programación Macroeconómica,Instituto de Estadística y Censos - Ciudad Autónoma de Buenos Aires,Precios
193.2_BEBIDAS_ALACO_2021_0_26_81,bebidas_alcoholicas_tabaco,Nivel de precios de bebidas alcoholicas tabaco,R/P1M,2022-02-01,2026-01-01,Índice base 100,Índice de Precios al Consumidor de la Ciudad de Buenos Aires.,Subsecretaría de Programación Macroeconómica,Instituto de Estadística y Censos - Ciudad Autónoma de Buenos Aires,Precios
193.2_CUIDADO_PEROS_2021_0_40_67,cuidado_personal_proteccion_social_otros,Nivel de precios de cuidado personal proteccion social otros,R/P1M,2022-02-01,2026-01-01,Índice base 100,Índice de Precios al Consumidor de la Ciudad de Buenos Aires.,Subsecretaría de Programación Macroeconómica,Instituto de Estadística y Censos - Ciudad Autónoma de Buenos Aires,Precios
193.2_EDUCACIONION_2021_0_9_53,educacion,Nivel de precios de educacion,R/P1M,2022-02-01,2026-01-01,Índice base 100,Índice de Precios al Consumidor de la Ciudad de Buenos Aires.,Subsecretaría de Programación Macroeconómica,Instituto de Estadística y Censos - Ciudad Autónoma de Buenos Aires,Precios
193.2_EQUIPAMIENGAR_2021_0_32_39,equipamiento_mantenimiento_hogar,Nivel de precios de equipamiento mantenimiento hogar,R/P1M,2022-02-01,2026-01-01,Índice base 100,Índice de Precios al Consumidor de la Ciudad de Buenos Aires.,Subsecretaría de Programación Macroeconómica,Instituto de Estadística y Censos - Ciudad Autónoma de Buenos Aires,Precios
193.2_ESTACIONALLES_2021_0_12_84,estacionales,Nivel de precios de estacionales,R/P1M,2022-02-01,2026-01-01,Índice base 100,Índice de Precios al Consumidor de la Ciudad de Buenos Aires.,Subsecretaría de Programación Macroeconómica,Instituto de Estadística y Censos - Ciudad Autónoma de Buenos Aires,Precios
193.2_INFORMACIOION_2021_0_24_37,informacion_comunicacion,Nivel de precios de informacion y comunicaciones,R/P1M,2022-02-01,2026-01-01,Índice base 100,Índice de Precios al Consumidor de la Ciudad de Buenos Aires.,Subsecretaría de Programación Macroeconómica,Instituto de Estadística y Censos - Ciudad Autónoma de Buenos Aires,Precios
193.2_NIVEL_GENERAL_2021_0_13_2,nivel_general,Nivel de precios de nivel general,R/P1M,2022-02-01,2026-01-01,Índice base 100,Índice de Precios al Consumidor de la Ciudad de Buenos Aires.,Subsecretaría de Programación Macroeconómica,Instituto de Estadística y Censos - Ciudad Autónoma de Buenos Aires,Precios
193.2_PRENDAS_VEADO_2021_0_22_9,prendas_vestir_calzado,Nivel de precios de prendas vestir calzado,R/P1M,2022-02-01,2026-01-01,Índice base 100,Índice de Precios al Consumidor de la Ciudad de Buenos Aires.,Subsecretaría de Programación Macroeconómica,Instituto de Estadística y Censos - Ciudad Autónoma de Buenos Aires,Precios
193.2_RECREACIONURA_2021_0_18_78,recreacion_cultura,Nivel de precios de recreacion cultura,R/P1M,2022-02-01,2026-01-01,Índice base 100,Índice de Precios al Consumidor de la Ciudad de Buenos Aires.,Subsecretaría de Programación Macroeconómica,Instituto de Estadística y Censos - Ciudad Autónoma de Buenos Aires,Precios
193.2_REGULADOSDOS_2021_0_9_38,regulados,Nivel de precios de regulados,R/P1M,2022-02-01,2026-01-01,Índice base 100,Índice de Precios al Consumidor de la Ciudad de Buenos Aires.,Subsecretaría de Programación Macroeconómica,Instituto de Estadística y Censos - Ciudad Autónoma de Buenos Aires,Precios
193.2_RESTAURANTLES_2021_0_20_90,restaurantes_hoteles,Nivel de precios de restaurantes hoteles,R/P1M,2022-02-01,2026-01-01,Índice base 100,Índice de Precios al Consumidor de la Ciudad de Buenos Aires.,Subsecretaría de Programación Macroeconómica,Instituto de Estadística y Censos - Ciudad Autónoma de Buenos Aires,Precios
193.2_RESTOSTO_2021_0_5_9,resto,Nivel de precios de resto,R/P1M,2022-02-01,2026-01-01,Índice base 100,Índice de Precios al Consumidor de la Ciudad de Buenos Aires.,Subsecretaría de Programación Macroeconómica,Instituto de Estadística y Censos - Ciudad Autónoma de Buenos Aires,Precios
193.2_SALUDLUD_2021_0_5_15,salud,Nivel de precios de salud,R/P1M,2022-02-01,2026-01-01,Índice base 100,Índice de Precios al Consumidor de la Ciudad de Buenos Aires.,Subsecretaría de Programación Macroeconómica,Instituto de Estadística y Censos - Ciudad Autónoma de Buenos Aires,Precios
193.2_SEGUROS_SEROS_2021_0_29_0,seguros_servicios_financieros,Nivel de precios de bienes seguros y servicios financieros,R/P1M,2022-02-01,2026-01-01,Índice base 100,Índice de Precios al Consumidor de la Ciudad de Buenos Aires.,Subsecretaría de Programación Macroeconómica,Instituto de Estadística y Censos - Ciudad Autónoma de Buenos Aires,Precios
193.2_TRANSPORTERTE_2021_0_10_1,transporte,Nivel de precios de transporte,R/P1M,2022-02-01,2026-01-01,Índice base 100,Índice de Precios al Consumidor de la Ciudad de Buenos Aires.,Subsecretaría de Programación Macroeconómica,Instituto de Estadística y Censos - Ciudad Autónoma de Buenos Aires,Precios
193.2_VIVIENDA_ALES_2021_0_45_98,vivienda_agua_electricidad_otros_combustibles,Nivel de precios de vivienda agua electricidad otros combustibles,R/P1M,2022-02-01,2026-01-01,Índice base 100,Índice de Precios al Consumidor de la Ciudad de Buenos Aires.,Subsecretaría de Programación Macroeconómica,Instituto de Estadística y Censos - Ciudad Autónoma de Buenos Aires,Precios
194.1_ALIMENTOS_DAS_2014_0_17,alimentos_bebidas,Nivel de precios de alimentos bebidas,R/P1M,2013-07-01,2025-08-01,Índice base 100,Índice de Precios al Consumidor de la Provincia de Córdoba. Base 2014 = 100,Subsecretaría de Programación Macroeconómica,Dirección General de Estadística y Censos - Provincia de Córdoba,Precios
194.1_BIENES_SERIOS_2014_0_23,bienes_servicios_varios,Nivel de precios de bienes servicios varios,R/P1M,2013-07-01,2025-08-01,Índice base 100,Índice de Precios al Consumidor de la Provincia de Córdoba. Base 2014 = 100,Subsecretaría de Programación Macroeconómica,Dirección General de Estadística y Censos - Provincia de Córdoba,Precios
194.1_ENSENIANZANZA_2014_0_10,ensenianza,Nivel de precios de ensenianza,R/P1M,2013-07-01,2025-08-01,Índice base 100,Índice de Precios al Consumidor de la Provincia de Córdoba. Base 2014 = 100,Subsecretaría de Programación Macroeconómica,Dirección General de Estadística y Censos - Provincia de Córdoba,Precios
194.1_EQUIPAMIENGAR_2014_0_32,equipamiento_mantenimiento_hogar,Nivel de precios de equipamiento mantenimiento hogar,R/P1M,2013-07-01,2025-08-01,Índice base 100,Índice de Precios al Consumidor de la Provincia de Córdoba. Base 2014 = 100,Subsecretaría de Programación Macroeconómica,Dirección General de Estadística y Censos - Provincia de Córdoba,Precios
194.1_ESPARCIMIENTO_2014_0_13,esparcimiento,Nivel de precios de esparcimiento,R/P1M,2013-07-01,2025-08-01,Índice base 100,Índice de Precios al Consumidor de la Provincia de Córdoba. Base 2014 = 100,Subsecretaría de Programación Macroeconómica,Dirección General de Estadística y Censos - Provincia de Córdoba,Precios
194.1_INDUMENTARADO_2014_0_20,indumentaria_calzado,Nivel de precios de indumentaria calzado,R/P1M,2013-07-01,2025-08-01,Índice base 100,Índice de Precios al Consumidor de la Provincia de Córdoba. Base 2014 = 100,Subsecretaría de Programación Macroeconómica,Dirección General de Estadística y Censos - Provincia de Córdoba,Precios
194.1_NIVEL_GENERAL_2014_0_13,nivel_general,Nivel de precios de nivel general,R/P1M,2013-07-01,2025-08-01,Índice base 100,Índice de Precios al Consumidor de la Provincia de Córdoba. Base 2014 = 100,Subsecretaría de Programación Macroeconómica,Dirección General de Estadística y Censos - Provincia de Córdoba,Precios
194.1_PROPIEDADEDAD_2014_0_42,propiedades_combustibles_agua_electricidad,Nivel de precios de propiedades combustibles agua electricidad,R/P1M,2013-07-01,2025-08-01,Índice base 100,Índice de Precios al Consumidor de la Provincia de Córdoba. Base 2014 = 100,Subsecretaría de Programación Macroeconómica,Dirección General de Estadística y Censos - Provincia de Córdoba,Precios
194.1_SALUDLUD_2014_0_5,salud,Nivel de precios de salud,R/P1M,2013-07-01,2025-08-01,Índice base 100,Índice de Precios al Consumidor de la Provincia de Córdoba. Base 2014 = 100,Subsecretaría de Programación Macroeconómica,Dirección General de Estadística y Censos - Provincia de Córdoba,Precios
194.1_TRANSPORTENES_2014_0_25,transporte_comunicaciones,Nivel de precios de transporte comunicaciones,R/P1M,2013-07-01,2025-08-01,Índice base 100,Índice de Precios al Consumidor de la Provincia de Córdoba. Base 2014 = 100,Subsecretaría de Programación Macroeconómica,Dirección General de Estadística y Censos - Provincia de Córdoba,Precios
195.1_ALIMENTOS_DAS_0_0_17,alimentos_bebidas,Nivel de precios de alimentos bebidas,R/P1M,1973-01-01,2026-06-01,Índice base 100,Índice de Precios al Consumidor de la Provincia de Mendoza. Base 2010 = 100,Subsecretaría de Programación Macroeconómica,Dirección de Estadísticas e Investigaciones Económicas (DEIE) - Provincia de Mendoza,Precios
195.1_ATENCION_MLUD_0_0_28,atencion_medica_gastos_salud,Nivel de precios de atención medica gastos salud,R/P1M,2005-10-01,2026-06-01,Índice base 100,Índice de Precios al Consumidor de la Provincia de Mendoza. Base 2010 = 100,Subsecretaría de Programación Macroeconómica,Dirección de Estadísticas e Investigaciones Económicas (DEIE) - Provincia de Mendoza,Precios
195.1_EDUCACIONION_0_0_9,educacion,Nivel de precios de educacion,R/P1M,2005-10-01,2026-06-01,Índice base 100,Índice de Precios al Consumidor de la Provincia de Mendoza. Base 2010 = 100,Subsecretaría de Programación Macroeconómica,Dirección de Estadísticas e Investigaciones Económicas (DEIE) - Provincia de Mendoza,Precios
195.1_EQUIPAMIENGAR_0_0_32,equipamiento_mantenimiento_hogar,Nivel de precios de equipamiento mantenimiento hogar,R/P1M,2005-10-01,2026-06-01,Índice base 100,Índice de Precios al Consumidor de la Provincia de Mendoza. Base 2010 = 100,Subsecretaría de Programación Macroeconómica,Dirección de Estadísticas e Investigaciones Económicas (DEIE) - Provincia de Mendoza,Precios
195.1_ESPARCIMIENTO_0_0_13,esparcimiento,Nivel de precios de esparcimiento,R/P1M,2005-10-01,2026-06-01,Índice base 100,Índice de Precios al Consumidor de la Provincia de Mendoza. Base 2010 = 100,Subsecretaría de Programación Macroeconómica,Dirección de Estadísticas e Investigaciones Económicas (DEIE) - Provincia de Mendoza,Precios
195.1_INDUMENTARRIA_0_0_12,indumentaria,Nivel de precios de indumentaria,R/P1M,1973-01-01,2026-06-01,Índice base 100,Índice de Precios al Consumidor de la Provincia de Mendoza. Base 2010 = 100,Subsecretaría de Programación Macroeconómica,Dirección de Estadísticas e Investigaciones Económicas (DEIE) - Provincia de Mendoza,Precios
195.1_NIVEL_GENERAL_0_0_13,nivel_general,Nivel de precios del nivel general,R/P1M,1968-01-01,2026-06-01,Índice base 100,Índice de Precios al Consumidor de la Provincia de Mendoza. Base 2010 = 100,Subsecretaría de Programación Macroeconómica,Dirección de Estadísticas e Investigaciones Económicas (DEIE) - Provincia de Mendoza,Precios
195.1_OTROS_BIENIOS_0_0_29,otros_bienes_servicios_varios,Nivel de precios de otros bienes servicios varios,R/P1M,2005-10-01,2026-06-01,Índice base 100,Índice de Precios al Consumidor de la Provincia de Mendoza. Base 2010 = 100,Subsecretaría de Programación Macroeconómica,Dirección de Estadísticas e Investigaciones Económicas (DEIE) - Provincia de Mendoza,Precios
195.1_TRANSPORTENES_0_0_25,transporte_comunicaciones,Nivel de precios de transporte comunicaciones,R/P1M,2005-10-01,2026-06-01,Índice base 100,Índice de Precios al Consumidor de la Provincia de Mendoza. Base 2010 = 100,Subsecretaría de Programación Macroeconómica,Dirección de Estadísticas e Investigaciones Económicas (DEIE) - Provincia de Mendoza,Precios
195.1_VIVIENDA_SCOS_0_0_26,vivienda_servicios_basicos,Nivel de precios de vivienda servicios basicos,R/P1M,2005-10-01,2026-06-01,Índice base 100,Índice de Precios al Consumidor de la Provincia de Mendoza. Base 2010 = 100,Subsecretaría de Programación Macroeconómica,Dirección de Estadísticas e Investigaciones Económicas (DEIE) - Provincia de Mendoza,Precios
196.1_NIVEL_GENERAL_2014_0_13,nivel_general,Nivel de precios del nivel general,R/P1M,2001-11-01,2026-01-01,Índice base 100,Índice de Precios al Consumidor de la Provincia de Neuquén. Base Enero 2007 = 100,Subsecretaría de Programación Macroeconómica,Dirección Provincial de Estadística y Censos - Provincia de Neuquén,Precios
197.1_ALIMENTOS_DAS_2014_0_17,alimentos_bebidas,Nivel de precios de alimentos bebidas,R/P1M,2005-10-01,2026-06-01,Índice base 100,Índice de Precios al Consumidor de la Provincia de San Luis. Base 2003 = 100,Subsecretaría de Programación Macroeconómica,Dirección Provincial de Estadística y Censos - Provincia de San Luis,Precios
197.1_ATENCION_MLUD_2014_0_28,atencion_medica_gastos_salud,Nivel de precios de atención medica gastos salud,R/P1M,2005-10-01,2026-06-01,Índice base 100,Índice de Precios al Consumidor de la Provincia de San Luis. Base 2003 = 100,Subsecretaría de Programación Macroeconómica,Dirección Provincial de Estadística y Censos - Provincia de San Luis,Precios
197.1_EDUCACIONION_2014_0_9,educacion,Nivel de precios de educacion,R/P1M,2005-10-01,2026-06-01,Índice base 100,Índice de Precios al Consumidor de la Provincia de San Luis. Base 2003 = 100,Subsecretaría de Programación Macroeconómica,Dirección Provincial de Estadística y Censos - Provincia de San Luis,Precios
197.1_EQUIPAMIENGAR_2014_0_32,equipamiento_mantenimiento_hogar,Nivel de precios de equipamiento mantenimiento hogar,R/P1M,2005-10-01,2026-06-01,Índice base 100,Índice de Precios al Consumidor de la Provincia de San Luis. Base 2003 = 100,Subsecretaría de Programación Macroeconómica,Dirección Provincial de Estadística y Censos - Provincia de San Luis,Precios
197.1_ESPARCIMIENTO_2014_0_13,esparcimiento,Nivel de precios de esparcimiento,R/P1M,2005-10-01,2026-06-01,Índice base 100,Índice de Precios al Consumidor de la Provincia de San Luis. Base 2003 = 100,Subsecretaría de Programación Macroeconómica,Dirección Provincial de Estadística y Censos - Provincia de San Luis,Precios
197.1_INDUMENTARRIA_2014_0_12,indumentaria,Nivel de precios de indumentaria,R/P1M,2005-10-01,2026-06-01,Índice base 100,Índice de Precios al Consumidor de la Provincia de San Luis. Base 2003 = 100,Subsecretaría de Programación Macroeconómica,Dirección Provincial de Estadística y Censos - Provincia de San Luis,Precios
197.1_NIVEL_GENERAL_2014_0_13,nivel_general,Nivel de precios del nivel general,R/P1M,2005-10-01,2026-06-01,Índice base 100,Índice de Precios al Consumidor de la Provincia de San Luis. Base 2003 = 100,Subsecretaría de Programación Macroeconómica,Dirección Provincial de Estadística y Censos - Provincia de San Luis,Precios
197.1_OTROS_BIENIOS_2014_0_29,otros_bienes_servicios_varios,Nivel de precios de otros bienes servicios varios,R/P1M,2005-10-01,2026-06-01,Índice base 100,Índice de Precios al Consumidor de la Provincia de San Luis. Base 2003 = 100,Subsecretaría de Programación Macroeconómica,Dirección Provincial de Estadística y Censos - Provincia de San Luis,Precios
197.1_TRANSPORTENES_2014_0_25,transporte_comunicaciones,Nivel de precios de transporte comunicaciones,R/P1M,2005-10-01,2026-06-01,Índice base 100,Índice de Precios al Consumidor de la Provincia de San Luis. Base 2003 = 100,Subsecretaría de Programación Macroeconómica,Dirección Provincial de Estadística y Censos - Provincia de San Luis,Precios
197.1_VIVIENDA_SCOS_2014_0_26,vivienda_servicios_basicos,Nivel de precios de vivienda servicios basicos,R/P1M,2005-10-01,2026-06-01,Índice base 100,Índice de Precios al Consumidor de la Provincia de San Luis. Base 2003 = 100,Subsecretaría de Programación Macroeconómica,Dirección Provincial de Estadística y Censos - Provincia de San Luis,Precios
198.1_ALIMENTOS_DAS_2014_0_17,alimentos_bebidas,Nivel de precio alimentos bebidas,R/P1M,2016-08-01,2026-06-01,Índice base 100,Índice de Precios al Consumidor de la Provincia de Santa Fe. Base 2014 = 100,Subsecretaría de Programación Macroeconómica,Instituto Provincial de Estadística y Censos - Provincia de Santa Fe,Precios
198.1_EDUCACIONION_2014_0_9,educacion,Nivel de precio educacion,R/P1M,2016-08-01,2026-06-01,Índice base 100,Índice de Precios al Consumidor de la Provincia de Santa Fe. Base 2014 = 100,Subsecretaría de Programación Macroeconómica,Instituto Provincial de Estadística y Censos - Provincia de Santa Fe,Precios
198.1_EQUIPAMIENGAR_2014_0_18,equipamiento_hogar,Nivel de precio equipamiento hogar,R/P1M,2016-08-01,2026-06-01,Índice base 100,Índice de Precios al Consumidor de la Provincia de Santa Fe. Base 2014 = 100,Subsecretaría de Programación Macroeconómica,Instituto Provincial de Estadística y Censos - Provincia de Santa Fe,Precios
198.1_ESPARCIMIENTO_2014_0_13,esparcimiento,Nivel de precio esparcimiento,R/P1M,2016-08-01,2026-06-01,Índice base 100,Índice de Precios al Consumidor de la Provincia de Santa Fe. Base 2014 = 100,Subsecretaría de Programación Macroeconómica,Instituto Provincial de Estadística y Censos - Provincia de Santa Fe,Precios
198.1_INDUMENTARRIA_2014_0_12,indumentaria,Nivel de precio indumentaria,R/P1M,2016-08-01,2026-06-01,Índice base 100,Índice de Precios al Consumidor de la Provincia de Santa Fe. Base 2014 = 100,Subsecretaría de Programación Macroeconómica,Instituto Provincial de Estadística y Censos - Provincia de Santa Fe,Precios
198.1_NIVEL_GENERAL_2014_0_13,nivel_general,Nivel de precio nivel general,R/P1M,2013-12-01,2026-06-01,Índice base 100,Índice de Precios al Consumidor de la Provincia de Santa Fe. Base 2014 = 100,Subsecretaría de Programación Macroeconómica,Instituto Provincial de Estadística y Censos - Provincia de Santa Fe,Precios
198.1_OTROSROS_2014_0_5,otros,Nivel de precio otros,R/P1M,2016-08-01,2026-06-01,Índice base 100,Índice de Precios al Consumidor de la Provincia de Santa Fe. Base 2014 = 100,Subsecretaría de Programación Macroeconómica,Instituto Provincial de Estadística y Censos - Provincia de Santa Fe,Precios
198.1_SALUDLUD_2014_0_5,salud,Nivel de precio salud,R/P1M,2016-08-01,2026-06-01,Índice base 100,Índice de Precios al Consumidor de la Provincia de Santa Fe. Base 2014 = 100,Subsecretaría de Programación Macroeconómica,Instituto Provincial de Estadística y Censos - Provincia de Santa Fe,Precios
198.1_TRANSPORTERTE_2014_0_10,transporte,Nivel de precio transporte,R/P1M,2016-08-01,2026-06-01,Índice base 100,Índice de Precios al Consumidor de la Provincia de Santa Fe. Base 2014 = 100,Subsecretaría de Programación Macroeconómica,Instituto Provincial de Estadística y Censos - Provincia de Santa Fe,Precios
198.1_VIVIENDANDA_2014_0_8,vivienda,Nivel de precio vivienda,R/P1M,2016-08-01,2026-06-01,Índice base 100,Índice de Precios al Consumidor de la Provincia de Santa Fe. Base 2014 = 100,Subsecretaría de Programación Macroeconómica,Instituto Provincial de Estadística y Censos - Provincia de Santa Fe,Precios
199.1_NIVEL_GENERAL_2014_0_13,nivel_general,Nivel de precio nivel general,R/P1M,1968-01-01,2026-06-01,Índice base 100,Índice de Precios al Consumidor de la Provincia de Tucumán.,Subsecretaría de Programación Macroeconómica,Dirección de Estadística - Provincia de Tucumán,Precios
199.2_NIVEL_GENERAL_DICI_0_13_51,nivel_general,Nivel de precio nivel general,R/P1M,1968-01-01,2026-01-01,Índice base 100,Índice de Precios al Consumidor de la Provincia de Tucumán.,Subsecretaría de Programación Macroeconómica,Dirección de Estadística - Provincia de Tucumán,Precios
345.1_CUYO_ALIMEADA__47,cuyo_alimentos_bebidas_no_alcoholicas_acumulada,Cuyo alimentos bebidas no alcoholicas acumulada,R/P1M,2017-06-01,2026-07-01,Índice,Índice de Precios al Consumidor Nacional (IPC). Base diciembre 2016.,Subsecretaría de Programación Macroeconómica,Instituto Nacional de Estadística y Censos (INDEC),Precios
345.1_CUYO_ALIMEUAL__45,cuyo_alimentos_bebidas_no_alcoholicas_mensual,Cuyo alimentos bebidas no alcoholicas mensual,R/P1M,2017-06-01,2026-07-01,Índice,Índice de Precios al Consumidor Nacional (IPC). Base diciembre 2016.,Subsecretaría de Programación Macroeconómica,Instituto Nacional de Estadística y Censos (INDEC),Precios
345.1_CUYO_BEBIDADA__41,cuyo_bebidas_alcoholicas_tabaco_acumulada,Cuyo bebidas alcoholicas tabaco acumulada,R/P1M,2017-06-01,2026-07-01,Índice,Índice de Precios al Consumidor Nacional (IPC). Base diciembre 2016.,Subsecretaría de Programación Macroeconómica,Instituto Nacional de Estadística y Censos (INDEC),Precios
345.1_CUYO_BEBIDUAL__39,cuyo_bebidas_alcoholicas_tabaco_mensual,Cuyo bebidas alcoholicas tabaco mensual,R/P1M,2017-06-01,2026-07-01,Índice,Índice de Precios al Consumidor Nacional (IPC). Base diciembre 2016.,Subsecretaría de Programación Macroeconómica,Instituto Nacional de Estadística y Censos (INDEC),Precios
345.1_CUYO_COMUNADA__29,cuyo_comunicaciones_acumulada,Cuyo comunicaciones acumulada,R/P1M,2017-06-01,2026-07-01,Índice,Índice de Precios al Consumidor Nacional (IPC). Base diciembre 2016.,Subsecretaría de Programación Macroeconómica,Instituto Nacional de Estadística y Censos (INDEC),Precios
345.1_CUYO_COMUNUAL__27,cuyo_comunicaciones_mensual,Cuyo comunicaciones mensual,R/P1M,2017-06-01,2026-07-01,Índice,Índice de Precios al Consumidor Nacional (IPC). Base diciembre 2016.,Subsecretaría de Programación Macroeconómica,Instituto Nacional de Estadística y Censos (INDEC),Precios
345.1_CUYO_EDUCAADA__24,cuyo_educacion_acumulada,Cuyo educacion acumulada,R/P1M,2017-06-01,2026-07-01,Índice,Índice de Precios al Consumidor Nacional (IPC). Base diciembre 2016.,Subsecretaría de Programación Macroeconómica,Instituto Nacional de Estadística y Censos (INDEC),Precios
345.1_CUYO_EDUCAUAL__22,cuyo_educacion_mensual,Cuyo educacion mensual,R/P1M,2017-06-01,2026-07-01,Índice,Índice de Precios al Consumidor Nacional (IPC). Base diciembre 2016.,Subsecretaría de Programación Macroeconómica,Instituto Nacional de Estadística y Censos (INDEC),Precios
345.1_CUYO_EQUIPADA__47,cuyo_equipamiento_mantenimiento_hogar_acumulada,Cuyo equipamiento mantenimiento hogar acumulada,R/P1M,2017-06-01,2026-07-01,Índice,Índice de Precios al Consumidor Nacional (IPC). Base diciembre 2016.,Subsecretaría de Programación Macroeconómica,Instituto Nacional de Estadística y Censos (INDEC),Precios
345.1_CUYO_EQUIPUAL__45,cuyo_equipamiento_mantenimiento_hogar_mensual,Cuyo equipamiento mantenimiento hogar mensual,R/P1M,2017-06-01,2026-07-01,Índice,Índice de Precios al Consumidor Nacional (IPC). Base diciembre 2016.,Subsecretaría de Programación Macroeconómica,Instituto Nacional de Estadística y Censos (INDEC),Precios
345.1_CUYO_OTROSADA__37,cuyo_otros_bienes_servicios_acumulada,Cuyo otros bienes servicios acumulada,R/P1M,2017-06-01,2026-07-01,Índice,Índice de Precios al Consumidor Nacional (IPC). Base diciembre 2016.,Subsecretaría de Programación Macroeconómica,Instituto Nacional de Estadística y Censos (INDEC),Precios
345.1_CUYO_OTROSUAL__35,cuyo_otros_bienes_servicios_mensual,Cuyo otros bienes servicios mensual,R/P1M,2017-06-01,2026-07-01,Índice,Índice de Precios al Consumidor Nacional (IPC). Base diciembre 2016.,Subsecretaría de Programación Macroeconómica,Instituto Nacional de Estadística y Censos (INDEC),Precios
345.1_CUYO_PRENDADA__37,cuyo_prendas_vestir_calzado_acumulada,Cuyo prendas vestir calzado acumulada,R/P1M,2017-06-01,2026-07-01,Índice,Índice de Precios al Consumidor Nacional (IPC). Base diciembre 2016.,Subsecretaría de Programación Macroeconómica,Instituto Nacional de Estadística y Censos (INDEC),Precios
345.1_CUYO_PRENDUAL__35,cuyo_prendas_vestir_calzado_mensual,Cuyo prendas vestir calzado mensual,R/P1M,2017-06-01,2026-07-01,Índice,Índice de Precios al Consumidor Nacional (IPC). Base diciembre 2016.,Subsecretaría de Programación Macroeconómica,Instituto Nacional de Estadística y Censos (INDEC),Precios
345.1_CUYO_RECREADA__33,cuyo_recreacion_cultura_acumulada,Cuyo recreacion cultura acumulada,R/P1M,2017-06-01,2026-07-01,Índice,Índice de Precios al Consumidor Nacional (IPC). Base diciembre 2016.,Subsecretaría de Programación Macroeconómica,Instituto Nacional de Estadística y Censos (INDEC),Precios
345.1_CUYO_RECREUAL__31,cuyo_recreacion_cultura_mensual,Cuyo recreacion cultura mensual,R/P1M,2017-06-01,2026-07-01,Índice,Índice de Precios al Consumidor Nacional (IPC). Base diciembre 2016.,Subsecretaría de Programación Macroeconómica,Instituto Nacional de Estadística y Censos (INDEC),Precios
345.1_CUYO_RESTAADA__35,cuyo_restaurantes_hoteles_acumulada,Cuyo restaurantes hoteles acumulada,R/P1M,2017-06-01,2026-07-01,Índice,Índice de Precios al Consumidor Nacional (IPC). Base diciembre 2016.,Subsecretaría de Programación Macroeconómica,Instituto Nacional de Estadística y Censos (INDEC),Precios
345.1_CUYO_RESTAUAL__33,cuyo_restaurantes_hoteles_mensual,Cuyo restaurantes hoteles mensual,R/P1M,2017-06-01,2026-07-01,Índice,Índice de Precios al Consumidor Nacional (IPC). Base diciembre 2016.,Subsecretaría de Programación Macroeconómica,Instituto Nacional de Estadística y Censos (INDEC),Precios
345.1_CUYO_SALUDADA__20,cuyo_salud_acumulada,Cuyo salud acumulada,R/P1M,2017-06-01,2026-07-01,Índice,Índice de Precios al Consumidor Nacional (IPC). Base diciembre 2016.,Subsecretaría de Programación Macroeconómica,Instituto Nacional de Estadística y Censos (INDEC),Precios
345.1_CUYO_SALUDUAL__18,cuyo_salud_mensual,Cuyo salud mensual,R/P1M,2017-06-01,2026-07-01,Índice,Índice de Precios al Consumidor Nacional (IPC). Base diciembre 2016.,Subsecretaría de Programación Macroeconómica,Instituto Nacional de Estadística y Censos (INDEC),Precios
345.1_CUYO_TRANSADA__25,cuyo_transporte_acumulada,Cuyo transporte acumulada,R/P1M,2017-06-01,2026-07-01,Índice,Índice de Precios al Consumidor Nacional (IPC). Base diciembre 2016.,Subsecretaría de Programación Macroeconómica,Instituto Nacional de Estadística y Censos (INDEC),Precios
345.1_CUYO_TRANSUAL__23,cuyo_transporte_mensual,Cuyo transporte mensual,R/P1M,2017-06-01,2026-07-01,Índice,Índice de Precios al Consumidor Nacional (IPC). Base diciembre 2016.,Subsecretaría de Programación Macroeconómica,Instituto Nacional de Estadística y Censos (INDEC),Precios
345.1_CUYO_VIVIEADA__60,cuyo_vivienda_agua_electricidad_otros_combustibles_acumulada,Cuyo vivienda agua electricidad otros combustibles acumulada,R/P1M,2017-06-01,2026-07-01,Índice,Índice de Precios al Consumidor Nacional (IPC). Base diciembre 2016.,Subsecretaría de Programación Macroeconómica,Instituto Nacional de Estadística y Censos (INDEC),Precios
345.1_CUYO_VIVIEUAL__58,cuyo_vivienda_agua_electricidad_otros_combustibles_mensual,Cuyo vivienda agua electricidad otros combustibles mensual,R/P1M,2017-06-01,2026-07-01,Índice,Índice de Precios al Consumidor Nacional (IPC). Base diciembre 2016.,Subsecretaría de Programación Macroeconómica,Instituto Nacional de Estadística y Censos (INDEC),Precios
345.1_GBA_ALIMENADA__46,gba_alimentos_bebidas_no_alcoholicas_acumulada,GBA alimentos bebidas no alcoholicas acumulada,R/P1M,2017-06-01,2026-07-01,Índice,Índice de Precios al Consumidor Nacional (IPC). Base diciembre 2016.,Subsecretaría de Programación Macroeconómica,Instituto Nacional de Estadística y Censos (INDEC),Precios
345.1_GBA_ALIMENUAL__44,gba_alimentos_bebidas_no_alcoholicas_mensual,GBA alimentos bebidas no alcoholicas mensual,R/P1M,2017-06-01,2026-07-01,Índice,Índice de Precios al Consumidor Nacional (IPC). Base diciembre 2016.,Subsecretaría de Programación Macroeconómica,Instituto Nacional de Estadística y Censos (INDEC),Precios
345.1_GBA_BEBIDAADA__40,gba_bebidas_alcoholicas_tabaco_acumulada,GBA bebidas alcoholicas tabaco acumulada,R/P1M,2017-06-01,2026-07-01,Índice,Índice de Precios al Consumidor Nacional (IPC). Base diciembre 2016.,Subsecretaría de Programación Macroeconómica,Instituto Nacional de Estadística y Censos (INDEC),Precios
345.1_GBA_BEBIDAUAL__38,gba_bebidas_alcoholicas_tabaco_mensual,GBA bebidas alcoholicas tabaco mensual,R/P1M,2017-06-01,2026-07-01,Índice,Índice de Precios al Consumidor Nacional (IPC). Base diciembre 2016.,Subsecretaría de Programación Macroeconómica,Instituto Nacional de Estadística y Censos (INDEC),Precios
345.1_GBA_COMUNIADA__28,gba_comunicaciones_acumulada,GBA comunicaciones acumulada,R/P1M,2017-06-01,2026-07-01,Índice,Índice de Precios al Consumidor Nacional (IPC). Base diciembre 2016.,Subsecretaría de Programación Macroeconómica,Instituto Nacional de Estadística y Censos (INDEC),Precios
345.1_GBA_COMUNIUAL__26,gba_comunicaciones_mensual,GBA comunicaciones mensual,R/P1M,2017-06-01,2026-07-01,Índice,Índice de Precios al Consumidor Nacional (IPC). Base diciembre 2016.,Subsecretaría de Programación Macroeconómica,Instituto Nacional de Estadística y Censos (INDEC),Precios
345.1_GBA_EDUCACADA__23,gba_educacion_acumulada,GBA educacion acumulada,R/P1M,2017-06-01,2026-07-01,Índice,Índice de Precios al Consumidor Nacional (IPC). Base diciembre 2016.,Subsecretaría de Programación Macroeconómica,Instituto Nacional de Estadística y Censos (INDEC),Precios
345.1_GBA_EDUCACUAL__21,gba_educacion_mensual,GBA educacion mensual,R/P1M,2017-06-01,2026-07-01,Índice,Índice de Precios al Consumidor Nacional (IPC). Base diciembre 2016.,Subsecretaría de Programación Macroeconómica,Instituto Nacional de Estadística y Censos (INDEC),Precios
345.1_GBA_EQUIPAADA__46,gba_equipamiento_mantenimiento_hogar_acumulada,GBA equipamiento mantenimiento hogar acumulada,R/P1M,2017-06-01,2026-07-01,Índice,Índice de Precios al Consumidor Nacional (IPC). Base diciembre 2016.,Subsecretaría de Programación Macroeconómica,Instituto Nacional de Estadística y Censos (INDEC),Precios
345.1_GBA_EQUIPAUAL__44,gba_equipamiento_mantenimiento_hogar_mensual,GBA equipamiento mantenimiento hogar mensual,R/P1M,2017-06-01,2026-07-01,Índice,Índice de Precios al Consumidor Nacional (IPC). Base diciembre 2016.,Subsecretaría de Programación Macroeconómica,Instituto Nacional de Estadística y Censos (INDEC),Precios
345.1_GBA_OTROS_ADA__36,gba_otros_bienes_servicios_acumulada,GBA otros bienes servicios acumulada,R/P1M,2017-06-01,2026-07-01,Índice,Índice de Precios al Consumidor Nacional (IPC). Base diciembre 2016.,Subsecretaría de Programación Macroeconómica,Instituto Nacional de Estadística y Censos (INDEC),Precios
345.1_GBA_OTROS_UAL__34,gba_otros_bienes_servicios_mensual,GBA otros bienes servicios mensual,R/P1M,2017-06-01,2026-07-01,Índice,Índice de Precios al Consumidor Nacional (IPC). Base diciembre 2016.,Subsecretaría de Programación Macroeconómica,Instituto Nacional de Estadística y Censos (INDEC),Precios
345.1_GBA_PRENDAADA__36,gba_prendas_vestir_calzado_acumulada,GBA prendas vestir calzado acumulada,R/P1M,2017-06-01,2026-07-01,Índice,Índice de Precios al Consumidor Nacional (IPC). Base diciembre 2016.,Subsecretaría de Programación Macroeconómica,Instituto Nacional de Estadística y Censos (INDEC),Precios
345.1_GBA_PRENDAUAL__34,gba_prendas_vestir_calzado_mensual,GBA prendas vestir calzado mensual,R/P1M,2017-06-01,2026-07-01,Índice,Índice de Precios al Consumidor Nacional (IPC). Base diciembre 2016.,Subsecretaría de Programación Macroeconómica,Instituto Nacional de Estadística y Censos (INDEC),Precios
345.1_GBA_RECREAADA__32,gba_recreacion_cultura_acumulada,GBA recreacion cultura acumulada,R/P1M,2017-06-01,2026-07-01,Índice,Índice de Precios al Consumidor Nacional (IPC). Base diciembre 2016.,Subsecretaría de Programación Macroeconómica,Instituto Nacional de Estadística y Censos (INDEC),Precios
345.1_GBA_RECREAUAL__30,gba_recreacion_cultura_mensual,GBA recreacion cultura mensual,R/P1M,2017-06-01,2026-07-01,Índice,Índice de Precios al Consumidor Nacional (IPC). Base diciembre 2016.,Subsecretaría de Programación Macroeconómica,Instituto Nacional de Estadística y Censos (INDEC),Precios
345.1_GBA_RESTAUADA__34,gba_restaurantes_hoteles_acumulada,GBA restaurantes hoteles acumulada,R/P1M,2017-06-01,2026-07-01,Índice,Índice de Precios al Consumidor Nacional (IPC). Base diciembre 2016.,Subsecretaría de Programación Macroeconómica,Instituto Nacional de Estadística y Censos (INDEC),Precios
345.1_GBA_RESTAUUAL__32,gba_restaurantes_hoteles_mensual,GBA restaurantes hoteles mensual,R/P1M,2017-06-01,2026-07-01,Índice,Índice de Precios al Consumidor Nacional (IPC). Base diciembre 2016.,Subsecretaría de Programación Macroeconómica,Instituto Nacional de Estadística y Censos (INDEC),Precios
345.1_GBA_SALUD_ADA__19,gba_salud_acumulada,GBA salud acumulada,R/P1M,2017-06-01,2026-07-01,Índice,Índice de Precios al Consumidor Nacional (IPC). Base diciembre 2016.,Subsecretaría de Programación Macroeconómica,Instituto Nacional de Estadística y Censos (INDEC),Precios
345.1_GBA_SALUD_UAL__17,gba_salud_mensual,GBA salud mensual,R/P1M,2017-06-01,2026-07-01,Índice,Índice de Precios al Consumidor Nacional (IPC). Base diciembre 2016.,Subsecretaría de Programación Macroeconómica,Instituto Nacional de Estadística y Censos (INDEC),Precios
345.1_GBA_TRANSPADA__24,gba_transporte_acumulada,GBA transporte acumulada,R/P1M,2017-06-01,2026-07-01,Índice,Índice de Precios al Consumidor Nacional (IPC). Base diciembre 2016.,Subsecretaría de Programación Macroeconómica,Instituto Nacional de Estadística y Censos (INDEC),Precios
345.1_GBA_TRANSPUAL__22,gba_transporte_mensual,GBA transporte mensual,R/P1M,2017-06-01,2026-07-01,Índice,Índice de Precios al Consumidor Nacional (IPC). Base diciembre 2016.,Subsecretaría de Programación Macroeconómica,Instituto Nacional de Estadística y Censos (INDEC),Precios
345.1_GBA_VIVIENADA__59,gba_vivienda_agua_electricidad_otros_combustibles_acumulada,GBA vivienda agua electricidad otros combustibles acumulada,R/P1M,2017-06-01,2026-07-01,Índice,Índice de Precios al Consumidor Nacional (IPC). Base diciembre 2016.,Subsecretaría de Programación Macroeconómica,Instituto Nacional de Estadística y Censos (INDEC),Precios
345.1_GBA_VIVIENUAL__57,gba_vivienda_agua_electricidad_otros_combustibles_mensual,GBA vivienda agua electricidad otros combustibles mensual,R/P1M,2017-06-01,2026-07-01,Índice,Índice de Precios al Consumidor Nacional (IPC). Base diciembre 2016.,Subsecretaría de Programación Macroeconómica,Instituto Nacional de Estadística y Censos (INDEC),Precios
345.1_NEA_ALIMENADA__46,nea_alimentos_bebidas_no_alcoholicas_acumulada,NEA alimentos bebidas no alcoholicas acumulada,R/P1M,2017-06-01,2026-07-01,Índice,Índice de Precios al Consumidor Nacional (IPC). Base diciembre 2016.,Subsecretaría de Programación Macroeconómica,Instituto Nacional de Estadística y Censos (INDEC),Precios
345.1_NEA_ALIMENUAL__44,nea_alimentos_bebidas_no_alcoholicas_mensual,NEA alimentos bebidas no alcoholicas mensual,R/P1M,2017-06-01,2026-07-01,Índice,Índice de Precios al Consumidor Nacional (IPC). Base diciembre 2016.,Subsecretaría de Programación Macroeconómica,Instituto Nacional de Estadística y Censos (INDEC),Precios
345.1_NEA_BEBIDAADA__40,nea_bebidas_alcoholicas_tabaco_acumulada,NEA bebidas alcoholicas tabaco acumulada,R/P1M,2017-06-01,2026-07-01,Índice,Índice de Precios al Consumidor Nacional (IPC). Base diciembre 2016.,Subsecretaría de Programación Macroeconómica,Instituto Nacional de Estadística y Censos (INDEC),Precios
345.1_NEA_BEBIDAUAL__38,nea_bebidas_alcoholicas_tabaco_mensual,NEA bebidas alcoholicas tabaco mensual,R/P1M,2017-06-01,2026-07-01,Índice,Índice de Precios al Consumidor Nacional (IPC). Base diciembre 2016.,Subsecretaría de Programación Macroeconómica,Instituto Nacional de Estadística y Censos (INDEC),Precios
345.1_NEA_COMUNIADA__28,nea_comunicaciones_acumulada,NEA comunicaciones acumulada,R/P1M,2017-06-01,2026-07-01,Índice,Índice de Precios al Consumidor Nacional (IPC). Base diciembre 2016.,Subsecretaría de Programación Macroeconómica,Instituto Nacional de Estadística y Censos (INDEC),Precios
345.1_NEA_COMUNIUAL__26,nea_comunicaciones_mensual,NEA comunicaciones mensual,R/P1M,2017-06-01,2026-07-01,Índice,Índice de Precios al Consumidor Nacional (IPC). Base diciembre 2016.,Subsecretaría de Programación Macroeconómica,Instituto Nacional de Estadística y Censos (INDEC),Precios
345.1_NEA_EDUCACADA__23,nea_educacion_acumulada,NEA educacion acumulada,R/P1M,2017-06-01,2026-07-01,Índice,Índice de Precios al Consumidor Nacional (IPC). Base diciembre 2016.,Subsecretaría de Programación Macroeconómica,Instituto Nacional de Estadística y Censos (INDEC),Precios
345.1_NEA_EDUCACUAL__21,nea_educacion_mensual,NEA educacion mensual,R/P1M,2017-06-01,2026-07-01,Índice,Índice de Precios al Consumidor Nacional (IPC). Base diciembre 2016.,Subsecretaría de Programación Macroeconómica,Instituto Nacional de Estadística y Censos (INDEC),Precios
345.1_NEA_EQUIPAADA__46,nea_equipamiento_mantenimiento_hogar_acumulada,NEA equipamiento mantenimiento hogar acumulada,R/P1M,2017-06-01,2026-07-01,Índice,Índice de Precios al Consumidor Nacional (IPC). Base diciembre 2016.,Subsecretaría de Programación Macroeconómica,Instituto Nacional de Estadística y Censos (INDEC),Precios
345.1_NEA_EQUIPAUAL__44,nea_equipamiento_mantenimiento_hogar_mensual,NEA equipamiento mantenimiento hogar mensual,R/P1M,2017-06-01,2026-07-01,Índice,Índice de Precios al Consumidor Nacional (IPC). Base diciembre 2016.,Subsecretaría de Programación Macroeconómica,Instituto Nacional de Estadística y Censos (INDEC),Precios
345.1_NEA_OTROS_ADA__36,nea_otros_bienes_servicios_acumulada,NEA otros bienes servicios acumulada,R/P1M,2017-06-01,2026-07-01,Índice,Índice de Precios al Consumidor Nacional (IPC). Base diciembre 2016.,Subsecretaría de Programación Macroeconómica,Instituto Nacional de Estadística y Censos (INDEC),Precios
345.1_NEA_OTROS_UAL__34,nea_otros_bienes_servicios_mensual,NEA otros bienes servicios mensual,R/P1M,2017-06-01,2026-07-01,Índice,Índice de Precios al Consumidor Nacional (IPC). Base diciembre 2016.,Subsecretaría de Programación Macroeconómica,Instituto Nacional de Estadística y Censos (INDEC),Precios
345.1_NEA_PRENDAADA__36,nea_prendas_vestir_calzado_acumulada,NEA prendas vestir calzado acumulada,R/P1M,2017-06-01,2026-07-01,Índice,Índice de Precios al Consumidor Nacional (IPC). Base diciembre 2016.,Subsecretaría de Programación Macroeconómica,Instituto Nacional de Estadística y Censos (INDEC),Precios
345.1_NEA_PRENDAUAL__34,nea_prendas_vestir_calzado_mensual,NEA prendas vestir calzado mensual,R/P1M,2017-06-01,2026-07-01,Índice,Índice de Precios al Consumidor Nacional (IPC). Base diciembre 2016.,Subsecretaría de Programación Macroeconómica,Instituto Nacional de Estadística y Censos (INDEC),Precios
345.1_NEA_RECREAADA__32,nea_recreacion_cultura_acumulada,NEA recreacion cultura acumulada,R/P1M,2017-06-01,2026-07-01,Índice,Índice de Precios al Consumidor Nacional (IPC). Base diciembre 2016.,Subsecretaría de Programación Macroeconómica,Instituto Nacional de Estadística y Censos (INDEC),Precios
345.1_NEA_RECREAUAL__30,nea_recreacion_cultura_mensual,NEA recreacion cultura mensual,R/P1M,2017-06-01,2026-07-01,Índice,Índice de Precios al Consumidor Nacional (IPC). Base diciembre 2016.,Subsecretaría de Programación Macroeconómica,Instituto Nacional de Estadística y Censos (INDEC),Precios
345.1_NEA_RESTAUADA__34,nea_restaurantes_hoteles_acumulada,NEA restaurantes hoteles acumulada,R/P1M,2017-06-01,2026-07-01,Índice,Índice de Precios al Consumidor Nacional (IPC). Base diciembre 2016.,Subsecretaría de Programación Macroeconómica,Instituto Nacional de Estadística y Censos (INDEC),Precios
345.1_NEA_RESTAUUAL__32,nea_restaurantes_hoteles_mensual,NEA restaurantes hoteles mensual,R/P1M,2017-06-01,2026-07-01,Índice,Índice de Precios al Consumidor Nacional (IPC). Base diciembre 2016.,Subsecretaría de Programación Macroeconómica,Instituto Nacional de Estadística y Censos (INDEC),Precios
345.1_NEA_SALUD_ADA__19,nea_salud_acumulada,NEA salud acumulada,R/P1M,2017-06-01,2026-07-01,Índice,Índice de Precios al Consumidor Nacional (IPC). Base diciembre 2016.,Subsecretaría de Programación Macroeconómica,Instituto Nacional de Estadística y Censos (INDEC),Precios
345.1_NEA_SALUD_UAL__17,nea_salud_mensual,NEA salud mensual,R/P1M,2017-06-01,2026-07-01,Índice,Índice de Precios al Consumidor Nacional (IPC). Base diciembre 2016.,Subsecretaría de Programación Macroeconómica,Instituto Nacional de Estadística y Censos (INDEC),Precios
345.1_NEA_TRANSPADA__24,nea_transporte_acumulada,NEA transporte acumulada,R/P1M,2017-06-01,2026-07-01,Índice,Índice de Precios al Consumidor Nacional (IPC). Base diciembre 2016.,Subsecretaría de Programación Macroeconómica,Instituto Nacional de Estadística y Censos (INDEC),Precios
345.1_NEA_TRANSPUAL__22,nea_transporte_mensual,NEA transporte mensual,R/P1M,2017-06-01,2026-07-01,Índice,Índice de Precios al Consumidor Nacional (IPC). Base diciembre 2016.,Subsecretaría de Programación Macroeconómica,Instituto Nacional de Estadística y Censos (INDEC),Precios
345.1_NEA_VIVIENADA__59,nea_vivienda_agua_electricidad_otros_combustibles_acumulada,NEA vivienda agua electricidad otros combustibles acumulada,R/P1M,2017-06-01,2026-07-01,Índice,Índice de Precios al Consumidor Nacional (IPC). Base diciembre 2016.,Subsecretaría de Programación Macroeconómica,Instituto Nacional de Estadística y Censos (INDEC),Precios
345.1_NEA_VIVIENUAL__57,nea_vivienda_agua_electricidad_otros_combustibles_mensual,NEA vivienda agua electricidad otros combustibles mensual,R/P1M,2017-06-01,2026-07-01,Índice,Índice de Precios al Consumidor Nacional (IPC). Base diciembre 2016.,Subsecretaría de Programación Macroeconómica,Instituto Nacional de Estadística y Censos (INDEC),Precios
345.1_NOA_ALIMENADA__46,noa_alimentos_bebidas_no_alcoholicas_acumulada,NOA alimentos bebidas no alcoholicas acumulada,R/P1M,2017-06-01,2026-07-01,Índice,Índice de Precios al Consumidor Nacional (IPC). Base diciembre 2016.,Subsecretaría de Programación Macroeconómica,Instituto Nacional de Estadística y Censos (INDEC),Precios
345.1_NOA_ALIMENUAL__44,noa_alimentos_bebidas_no_alcoholicas_mensual,NOA alimentos bebidas no alcoholicas mensual,R/P1M,2017-06-01,2026-07-01,Índice,Índice de Precios al Consumidor Nacional (IPC). Base diciembre 2016.,Subsecretaría de Programación Macroeconómica,Instituto Nacional de Estadística y Censos (INDEC),Precios
345.1_NOA_BEBIDAADA__40,noa_bebidas_alcoholicas_tabaco_acumulada,NOA bebidas alcoholicas tabaco acumulada,R/P1M,2017-06-01,2026-07-01,Índice,Índice de Precios al Consumidor Nacional (IPC). Base diciembre 2016.,Subsecretaría de Programación Macroeconómica,Instituto Nacional de Estadística y Censos (INDEC),Precios
345.1_NOA_BEBIDAUAL__38,noa_bebidas_alcoholicas_tabaco_mensual,NOA bebidas alcoholicas tabaco mensual,R/P1M,2017-06-01,2026-07-01,Índice,Índice de Precios al Consumidor Nacional (IPC). Base diciembre 2016.,Subsecretaría de Programación Macroeconómica,Instituto Nacional de Estadística y Censos (INDEC),Precios
345.1_NOA_COMUNIADA__28,noa_comunicaciones_acumulada,NOA comunicaciones acumulada,R/P1M,2017-06-01,2026-07-01,Índice,Índice de Precios al Consumidor Nacional (IPC). Base diciembre 2016.,Subsecretaría de Programación Macroeconómica,Instituto Nacional de Estadística y Censos (INDEC),Precios
345.1_NOA_COMUNIUAL__26,noa_comunicaciones_mensual,NOA comunicaciones mensual,R/P1M,2017-06-01,2026-07-01,Índice,Índice de Precios al Consumidor Nacional (IPC). Base diciembre 2016.,Subsecretaría de Programación Macroeconómica,Instituto Nacional de Estadística y Censos (INDEC),Precios
345.1_NOA_EDUCACADA__23,noa_educacion_acumulada,NOA educacion acumulada,R/P1M,2017-06-01,2026-07-01,Índice,Índice de Precios al Consumidor Nacional (IPC). Base diciembre 2016.,Subsecretaría de Programación Macroeconómica,Instituto Nacional de Estadística y Censos (INDEC),Precios
345.1_NOA_EDUCACUAL__21,noa_educacion_mensual,NOA educacion mensual,R/P1M,2017-06-01,2026-07-01,Índice,Índice de Precios al Consumidor Nacional (IPC). Base diciembre 2016.,Subsecretaría de Programación Macroeconómica,Instituto Nacional de Estadística y Censos (INDEC),Precios
345.1_NOA_EQUIPAADA__46,noa_equipamiento_mantenimiento_hogar_acumulada,NOA equipamiento mantenimiento hogar acumulada,R/P1M,2017-06-01,2026-07-01,Índice,Índice de Precios al Consumidor Nacional (IPC). Base diciembre 2016.,Subsecretaría de Programación Macroeconómica,Instituto Nacional de Estadística y Censos (INDEC),Precios
345.1_NOA_EQUIPAUAL__44,noa_equipamiento_mantenimiento_hogar_mensual,NOA equipamiento mantenimiento hogar mensual,R/P1M,2017-06-01,2026-07-01,Índice,Índice de Precios al Consumidor Nacional (IPC). Base diciembre 2016.,Subsecretaría de Programación Macroeconómica,Instituto Nacional de Estadística y Censos (INDEC),Precios
345.1_NOA_OTROS_ADA__36,noa_otros_bienes_servicios_acumulada,NOA otros bienes servicios acumulada,R/P1M,2017-06-01,2026-07-01,Índice,Índice de Precios al Consumidor Nacional (IPC). Base diciembre 2016.,Subsecretaría de Programación Macroeconómica,Instituto Nacional de Estadística y Censos (INDEC),Precios
345.1_NOA_OTROS_UAL__34,noa_otros_bienes_servicios_mensual,NOA otros bienes servicios mensual,R/P1M,2017-06-01,2026-07-01,Índice,Índice de Precios al Consumidor Nacional (IPC). Base diciembre 2016.,Subsecretaría de Programación Macroeconómica,Instituto Nacional de Estadística y Censos (INDEC),Precios
345.1_NOA_PRENDAADA__36,noa_prendas_vestir_calzado_acumulada,NOA prendas vestir calzado acumulada,R/P1M,2017-06-01,2026-07-01,Índice,Índice de Precios al Consumidor Nacional (IPC). Base diciembre 2016.,Subsecretaría de Programación Macroeconómica,Instituto Nacional de Estadística y Censos (INDEC),Precios
345.1_NOA_PRENDAUAL__34,noa_prendas_vestir_calzado_mensual,NOA prendas vestir calzado mensual,R/P1M,2017-06-01,2026-07-01,Índice,Índice de Precios al Consumidor Nacional (IPC). Base diciembre 2016.,Subsecretaría de Programación Macroeconómica,Instituto Nacional de Estadística y Censos (INDEC),Precios
345.1_NOA_RECREAADA__32,noa_recreacion_cultura_acumulada,NOA recreacion cultura acumulada,R/P1M,2017-06-01,2026-07-01,Índice,Índice de Precios al Consumidor Nacional (IPC). Base diciembre 2016.,Subsecretaría de Programación Macroeconómica,Instituto Nacional de Estadística y Censos (INDEC),Precios
345.1_NOA_RECREAUAL__30,noa_recreacion_cultura_mensual,NOA recreacion cultura mensual,R/P1M,2017-06-01,2026-07-01,Índice,Índice de Precios al Consumidor Nacional (IPC). Base diciembre 2016.,Subsecretaría de Programación Macroeconómica,Instituto Nacional de Estadística y Censos (INDEC),Precios
345.1_NOA_RESTAUADA__34,noa_restaurantes_hoteles_acumulada,NOA restaurantes hoteles acumulada,R/P1M,2017-06-01,2026-07-01,Índice,Índice de Precios al Consumidor Nacional (IPC). Base diciembre 2016.,Subsecretaría de Programación Macroeconómica,Instituto Nacional de Estadística y Censos (INDEC),Precios
345.1_NOA_RESTAUUAL__32,noa_restaurantes_hoteles_mensual,NOA restaurantes hoteles mensual,R/P1M,2017-06-01,2026-07-01,Índice,Índice de Precios al Consumidor Nacional (IPC). Base diciembre 2016.,Subsecretaría de Programación Macroeconómica,Instituto Nacional de Estadística y Censos (INDEC),Precios
345.1_NOA_SALUD_ADA__19,noa_salud_acumulada,NOA salud acumulada,R/P1M,2017-06-01,2026-07-01,Índice,Índice de Precios al Consumidor Nacional (IPC). Base diciembre 2016.,Subsecretaría de Programación Macroeconómica,Instituto Nacional de Estadística y Censos (INDEC),Precios
345.1_NOA_SALUD_UAL__17,noa_salud_mensual,NOA salud mensual,R/P1M,2017-06-01,2026-07-01,Índice,Índice de Precios al Consumidor Nacional (IPC). Base diciembre 2016.,Subsecretaría de Programación Macroeconómica,Instituto Nacional de Estadística y Censos (INDEC),Precios
345.1_NOA_TRANSPADA__24,noa_transporte_acumulada,NOA transporte acumulada,R/P1M,2017-06-01,2026-07-01,Índice,Índice de Precios al Consumidor Nacional (IPC). Base diciembre 2016.,Subsecretaría de Programación Macroeconómica,Instituto Nacional de Estadística y Censos (INDEC),Precios
345.1_NOA_TRANSPUAL__22,noa_transporte_mensual,NOA transporte mensual,R/P1M,2017-06-01,2026-07-01,Índice,Índice de Precios al Consumidor Nacional (IPC). Base diciembre 2016.,Subsecretaría de Programación Macroeconómica,Instituto Nacional de Estadística y Censos (INDEC),Precios
345.1_NOA_VIVIENADA__59,noa_vivienda_agua_electricidad_otros_combustibles_acumulada,NOA vivienda agua electricidad otros combustibles acumulada,R/P1M,2017-06-01,2026-07-01,Índice,Índice de Precios al Consumidor Nacional (IPC). Base diciembre 2016.,Subsecretaría de Programación Macroeconómica,Instituto Nacional de Estadística y Censos (INDEC),Precios
345.1_NOA_VIVIENUAL__57,noa_vivienda_agua_electricidad_otros_combustibles_mensual,NOA vivienda agua electricidad otros combustibles mensual,R/P1M,2017-06-01,2026-07-01,Índice,Índice de Precios al Consumidor Nacional (IPC). Base diciembre 2016.,Subsecretaría de Programación Macroeconómica,Instituto Nacional de Estadística y Censos (INDEC),Precios
345.1_PAMPEANA_AADA__51,pampeana_alimentos_bebidas_no_alcoholicas_acumulada,Pampeana alimentos bebidas no alcoholicas acumulada,R/P1M,2017-06-01,2026-07-01,Índice,Índice de Precios al Consumidor Nacional (IPC). Base diciembre 2016.,Subsecretaría de Programación Macroeconómica,Instituto Nacional de Estadística y Censos (INDEC),Precios
345.1_PAMPEANA_AUAL__49,pampeana_alimentos_bebidas_no_alcoholicas_mensual,Pampeana alimentos bebidas no alcoholicas mensual,R/P1M,2017-06-01,2026-07-01,Índice,Índice de Precios al Consumidor Nacional (IPC). Base diciembre 2016.,Subsecretaría de Programación Macroeconómica,Instituto Nacional de Estadística y Censos (INDEC),Precios
345.1_PAMPEANA_BADA__45,pampeana_bebidas_alcoholicas_tabaco_acumulada,Pampeana bebidas alcoholicas tabaco acumulada,R/P1M,2017-06-01,2026-07-01,Índice,Índice de Precios al Consumidor Nacional (IPC). Base diciembre 2016.,Subsecretaría de Programación Macroeconómica,Instituto Nacional de Estadística y Censos (INDEC),Precios
345.1_PAMPEANA_BUAL__43,pampeana_bebidas_alcoholicas_tabaco_mensual,Pampeana bebidas alcoholicas tabaco mensual,R/P1M,2017-06-01,2026-07-01,Índice,Índice de Precios al Consumidor Nacional (IPC). Base diciembre 2016.,Subsecretaría de Programación Macroeconómica,Instituto Nacional de Estadística y Censos (INDEC),Precios
345.1_PAMPEANA_CADA__33,pampeana_comunicaciones_acumulada,Pampeana comunicaciones acumulada,R/P1M,2017-06-01,2026-07-01,Índice,Índice de Precios al Consumidor Nacional (IPC). Base diciembre 2016.,Subsecretaría de Programación Macroeconómica,Instituto Nacional de Estadística y Censos (INDEC),Precios
345.1_PAMPEANA_CUAL__31,pampeana_comunicaciones_mensual,Pampeana comunicaciones mensual,R/P1M,2017-06-01,2026-07-01,Índice,Índice de Precios al Consumidor Nacional (IPC). Base diciembre 2016.,Subsecretaría de Programación Macroeconómica,Instituto Nacional de Estadística y Censos (INDEC),Precios
345.1_PAMPEANA_EADA__28,pampeana_educacion_acumulada,Pampeana educacion acumulada,R/P1M,2017-06-01,2026-07-01,Índice,Índice de Precios al Consumidor Nacional (IPC). Base diciembre 2016.,Subsecretaría de Programación Macroeconómica,Instituto Nacional de Estadística y Censos (INDEC),Precios
345.1_PAMPEANA_EADA__51,pampeana_equipamiento_mantenimiento_hogar_acumulada,Pampeana equipamiento mantenimiento hogar acumulada,R/P1M,2017-06-01,2026-07-01,Índice,Índice de Precios al Consumidor Nacional (IPC). Base diciembre 2016.,Subsecretaría de Programación Macroeconómica,Instituto Nacional de Estadística y Censos (INDEC),Precios
345.1_PAMPEANA_EUAL__26,pampeana_educacion_mensual,Pampeana educacion mensual,R/P1M,2017-06-01,2026-07-01,Índice,Índice de Precios al Consumidor Nacional (IPC). Base diciembre 2016.,Subsecretaría de Programación Macroeconómica,Instituto Nacional de Estadística y Censos (INDEC),Precios
345.1_PAMPEANA_EUAL__49,pampeana_equipamiento_mantenimiento_hogar_mensual,Pampeana equipamiento mantenimiento hogar mensual,R/P1M,2017-06-01,2026-07-01,Índice,Índice de Precios al Consumidor Nacional (IPC). Base diciembre 2016.,Subsecretaría de Programación Macroeconómica,Instituto Nacional de Estadística y Censos (INDEC),Precios
345.1_PAMPEANA_OADA__41,pampeana_otros_bienes_servicios_acumulada,Pampeana otros bienes servicios acumulada,R/P1M,2017-06-01,2026-07-01,Índice,Índice de Precios al Consumidor Nacional (IPC). Base diciembre 2016.,Subsecretaría de Programación Macroeconómica,Instituto Nacional de Estadística y Censos (INDEC),Precios
345.1_PAMPEANA_OUAL__39,pampeana_otros_bienes_servicios_mensual,Pampeana otros bienes servicios mensual,R/P1M,2017-06-01,2026-07-01,Índice,Índice de Precios al Consumidor Nacional (IPC). Base diciembre 2016.,Subsecretaría de Programación Macroeconómica,Instituto Nacional de Estadística y Censos (INDEC),Precios
345.1_PAMPEANA_PADA__41,pampeana_prendas_vestir_calzado_acumulada,Pampeana prendas vestir calzado acumulada,R/P1M,2017-06-01,2026-07-01,Índice,Índice de Precios al Consumidor Nacional (IPC). Base diciembre 2016.,Subsecretaría de Programación Macroeconómica,Instituto Nacional de Estadística y Censos (INDEC),Precios
345.1_PAMPEANA_PUAL__39,pampeana_prendas_vestir_calzado_mensual,Pampeana prendas vestir calzado mensual,R/P1M,2017-06-01,2026-07-01,Índice,Índice de Precios al Consumidor Nacional (IPC). Base diciembre 2016.,Subsecretaría de Programación Macroeconómica,Instituto Nacional de Estadística y Censos (INDEC),Precios
345.1_PAMPEANA_RADA__37,pampeana_recreacion_cultura_acumulada,Pampeana recreacion cultura acumulada,R/P1M,2017-06-01,2026-07-01,Índice,Índice de Precios al Consumidor Nacional (IPC). Base diciembre 2016.,Subsecretaría de Programación Macroeconómica,Instituto Nacional de Estadística y Censos (INDEC),Precios
345.1_PAMPEANA_RADA__39,pampeana_restaurantes_hoteles_acumulada,Pampeana restaurantes hoteles acumulada,R/P1M,2017-06-01,2026-07-01,Índice,Índice de Precios al Consumidor Nacional (IPC). Base diciembre 2016.,Subsecretaría de Programación Macroeconómica,Instituto Nacional de Estadística y Censos (INDEC),Precios
345.1_PAMPEANA_RUAL__35,pampeana_recreacion_cultura_mensual,Pampeana recreacion cultura mensual,R/P1M,2017-06-01,2026-07-01,Índice,Índice de Precios al Consumidor Nacional (IPC). Base diciembre 2016.,Subsecretaría de Programación Macroeconómica,Instituto Nacional de Estadística y Censos (INDEC),Precios
345.1_PAMPEANA_RUAL__37,pampeana_restaurantes_hoteles_mensual,Pampeana restaurantes hoteles mensual,R/P1M,2017-06-01,2026-07-01,Índice,Índice de Precios al Consumidor Nacional (IPC). Base diciembre 2016.,Subsecretaría de Programación Macroeconómica,Instituto Nacional de Estadística y Censos (INDEC),Precios
345.1_PAMPEANA_SADA__24,pampeana_salud_acumulada,Pampeana salud acumulada,R/P1M,2017-06-01,2026-07-01,Índice,Índice de Precios al Consumidor Nacional (IPC). Base diciembre 2016.,Subsecretaría de Programación Macroeconómica,Instituto Nacional de Estadística y Censos (INDEC),Precios
345.1_PAMPEANA_SUAL__22,pampeana_salud_mensual,Pampeana salud mensual,R/P1M,2017-06-01,2026-07-01,Índice,Índice de Precios al Consumidor Nacional (IPC). Base diciembre 2016.,Subsecretaría de Programación Macroeconómica,Instituto Nacional de Estadística y Censos (INDEC),Precios
345.1_PAMPEANA_TADA__29,pampeana_transporte_acumulada,Pampeana transporte acumulada,R/P1M,2017-06-01,2026-07-01,Índice,Índice de Precios al Consumidor Nacional (IPC). Base diciembre 2016.,Subsecretaría de Programación Macroeconómica,Instituto Nacional de Estadística y Censos (INDEC),Precios
345.1_PAMPEANA_TUAL__27,pampeana_transporte_mensual,Pampeana transporte mensual,R/P1M,2017-06-01,2026-07-01,Índice,Índice de Precios al Consumidor Nacional (IPC). Base diciembre 2016.,Subsecretaría de Programación Macroeconómica,Instituto Nacional de Estadística y Censos (INDEC),Precios
345.1_PAMPEANA_VADA__56,pampeana_vivienda_agua_elec_otros_combustibles_acumulada,Pampeana vivienda agua electricidad otros combustibles acumulada,R/P1M,2017-06-01,2026-07-01,Índice,Índice de Precios al Consumidor Nacional (IPC). Base diciembre 2016.,Subsecretaría de Programación Macroeconómica,Instituto Nacional de Estadística y Censos (INDEC),Precios
345.1_PAMPEANA_VUAL__62,pampeana_vivienda_agua_electr_otros_combustibles_mensual,Pampeana vivienda agua electricidad otros combustibles mensual,R/P1M,2017-06-01,2026-07-01,Índice,Índice de Precios al Consumidor Nacional (IPC). Base diciembre 2016.,Subsecretaría de Programación Macroeconómica,Instituto Nacional de Estadística y Censos (INDEC),Precios
345.1_PATAGONIA_ADA_I2__52,patagonia_equipamiento_mantenimiento_hogar_acumulada,Patagonia equipamiento mantenimiento hogar acumulada,R/P1M,2017-06-01,2026-07-01,Índice,Índice de Precios al Consumidor Nacional (IPC). Base diciembre 2016.,Subsecretaría de Programación Macroeconómica,Instituto Nacional de Estadística y Censos (INDEC),Precios
345.1_PATAGONIA_ADA_III__42,patagonia_otros_bienes_servicios_acumulada,Patagonia otros bienes servicios acumulada,R/P1M,2017-06-01,2026-07-01,Índice,Índice de Precios al Consumidor Nacional (IPC). Base diciembre 2016.,Subsecretaría de Programación Macroeconómica,Instituto Nacional de Estadística y Censos (INDEC),Precios
345.1_PATAGONIA_ADA__25,patagonia_salud_acumulada,Patagonia salud acumulada,R/P1M,2017-06-01,2026-07-01,Índice,Índice de Precios al Consumidor Nacional (IPC). Base diciembre 2016.,Subsecretaría de Programación Macroeconómica,Instituto Nacional de Estadística y Censos (INDEC),Precios
345.1_PATAGONIA_ADA__29,patagonia_educacion_acumulada,Patagonia educacion acumulada,R/P1M,2017-06-01,2026-07-01,Índice,Índice de Precios al Consumidor Nacional (IPC). Base diciembre 2016.,Subsecretaría de Programación Macroeconómica,Instituto Nacional de Estadística y Censos (INDEC),Precios
345.1_PATAGONIA_ADA__30,patagonia_transporte_acumulada,Patagonia transporte acumulada,R/P1M,2017-06-01,2026-07-01,Índice,Índice de Precios al Consumidor Nacional (IPC). Base diciembre 2016.,Subsecretaría de Programación Macroeconómica,Instituto Nacional de Estadística y Censos (INDEC),Precios
345.1_PATAGONIA_ADA__34,patagonia_comunicaciones_acumulada,Patagonia comunicaciones acumulada,R/P1M,2017-06-01,2026-07-01,Índice,Índice de Precios al Consumidor Nacional (IPC). Base diciembre 2016.,Subsecretaría de Programación Macroeconómica,Instituto Nacional de Estadística y Censos (INDEC),Precios
345.1_PATAGONIA_ADA__38,patagonia_recreacion_cultura_acumulada,Patagonia recreacion cultura acumulada,R/P1M,2017-06-01,2026-07-01,Índice,Índice de Precios al Consumidor Nacional (IPC). Base diciembre 2016.,Subsecretaría de Programación Macroeconómica,Instituto Nacional de Estadística y Censos (INDEC),Precios
345.1_PATAGONIA_ADA__40,patagonia_restaurantes_hoteles_acumulada,Patagonia restaurantes hoteles acumulada,R/P1M,2017-06-01,2026-07-01,Índice,Índice de Precios al Consumidor Nacional (IPC). Base diciembre 2016.,Subsecretaría de Programación Macroeconómica,Instituto Nacional de Estadística y Censos (INDEC),Precios
345.1_PATAGONIA_ADA__42,patagonia_prendas_vestir_calzado_acumulada,Patagonia prendas vestir calzado acumulada,R/P1M,2017-06-01,2026-07-01,Índice,Índice de Precios al Consumidor Nacional (IPC). Base diciembre 2016.,Subsecretaría de Programación Macroeconómica,Instituto Nacional de Estadística y Censos (INDEC),Precios
345.1_PATAGONIA_ADA__46,patagonia_bebidas_alcoholicas_tabaco_acumulada,Patagonia bebidas alcoholicas tabaco acumulada,R/P1M,2017-06-01,2026-07-01,Índice,Índice de Precios al Consumidor Nacional (IPC). Base diciembre 2016.,Subsecretaría de Programación Macroeconómica,Instituto Nacional de Estadística y Censos (INDEC),Precios
345.1_PATAGONIA_ADA__52,patagonia_alimentos_bebidas_no_alcoholicas_acumulada,Patagonia alimentos bebidas no alcoholicas acumulada,R/P1M,2017-06-01,2026-07-01,Índice,Índice de Precios al Consumidor Nacional (IPC). Base diciembre 2016.,Subsecretaría de Programación Macroeconómica,Instituto Nacional de Estadística y Censos (INDEC),Precios
345.1_PATAGONIA_ADA__65,patagonia_vivienda_agua_electr_otros_combust_acumulada,Patagonia vivienda agua electricidad otros combustibles acumulada,R/P1M,2017-06-01,2026-07-01,Índice,Índice de Precios al Consumidor Nacional (IPC). Base diciembre 2016.,Subsecretaría de Programación Macroeconómica,Instituto Nacional de Estadística y Censos (INDEC),Precios
345.1_PATAGONIA_UAL_II__50,patagonia_equipamiento_mantenimiento_hogar_mensual,Patagonia equipamiento mantenimiento hogar mensual,R/P1M,2017-06-01,2026-07-01,Índice,Índice de Precios al Consumidor Nacional (IPC). Base diciembre 2016.,Subsecretaría de Programación Macroeconómica,Instituto Nacional de Estadística y Censos (INDEC),Precios
345.1_PATAGONIA_UAL_IV__40,patagonia_otros_bienes_servicios_mensual,Patagonia otros bienes servicios mensual,R/P1M,2017-06-01,2026-07-01,Índice,Índice de Precios al Consumidor Nacional (IPC). Base diciembre 2016.,Subsecretaría de Programación Macroeconómica,Instituto Nacional de Estadística y Censos (INDEC),Precios
345.1_PATAGONIA_UAL__23,patagonia_salud_mensual,Patagonia salud mensual,R/P1M,2017-06-01,2026-07-01,Índice,Índice de Precios al Consumidor Nacional (IPC). Base diciembre 2016.,Subsecretaría de Programación Macroeconómica,Instituto Nacional de Estadística y Censos (INDEC),Precios
345.1_PATAGONIA_UAL__27,patagonia_educacion_mensual,Patagonia educacion mensual,R/P1M,2017-06-01,2026-07-01,Índice,Índice de Precios al Consumidor Nacional (IPC). Base diciembre 2016.,Subsecretaría de Programación Macroeconómica,Instituto Nacional de Estadística y Censos (INDEC),Precios
345.1_PATAGONIA_UAL__28,patagonia_transporte_mensual,Patagonia transporte mensual,R/P1M,2017-06-01,2026-07-01,Índice,Índice de Precios al Consumidor Nacional (IPC). Base diciembre 2016.,Subsecretaría de Programación Macroeconómica,Instituto Nacional de Estadística y Censos (INDEC),Precios
345.1_PATAGONIA_UAL__32,patagonia_comunicaciones_mensual,Patagonia comunicaciones mensual,R/P1M,2017-06-01,2026-07-01,Índice,Índice de Precios al Consumidor Nacional (IPC). Base diciembre 2016.,Subsecretaría de Programación Macroeconómica,Instituto Nacional de Estadística y Censos (INDEC),Precios
345.1_PATAGONIA_UAL__36,patagonia_recreacion_cultura_mensual,Patagonia recreacion cultura mensual,R/P1M,2017-06-01,2026-07-01,Índice,Índice de Precios al Consumidor Nacional (IPC). Base diciembre 2016.,Subsecretaría de Programación Macroeconómica,Instituto Nacional de Estadística y Censos (INDEC),Precios
345.1_PATAGONIA_UAL__38,patagonia_restaurantes_hoteles_mensual,Patagonia restaurantes hoteles mensual,R/P1M,2017-06-01,2026-07-01,Índice,Índice de Precios al Consumidor Nacional (IPC). Base diciembre 2016.,Subsecretaría de Programación Macroeconómica,Instituto Nacional de Estadística y Censos (INDEC),Precios
345.1_PATAGONIA_UAL__40,patagonia_prendas_vestir_calzado_mensual,Patagonia prendas vestir calzado mensual,R/P1M,2017-06-01,2026-07-01,Índice,Índice de Precios al Consumidor Nacional (IPC). Base diciembre 2016.,Subsecretaría de Programación Macroeconómica,Instituto Nacional de Estadística y Censos (INDEC),Precios
345.1_PATAGONIA_UAL__44,patagonia_bebidas_alcoholicas_tabaco_mensual,Patagonia bebidas alcoholicas tabaco mensual,R/P1M,2017-06-01,2026-07-01,Índice,Índice de Precios al Consumidor Nacional (IPC). Base diciembre 2016.,Subsecretaría de Programación Macroeconómica,Instituto Nacional de Estadística y Censos (INDEC),Precios
345.1_PATAGONIA_UAL__50,patagonia_alimentos_bebidas_no_alcoholicas_mensual,Patagonia alimentos bebidas no alcoholicas mensual,R/P1M,2017-06-01,2026-07-01,Índice,Índice de Precios al Consumidor Nacional (IPC). Base diciembre 2016.,Subsecretaría de Programación Macroeconómica,Instituto Nacional de Estadística y Censos (INDEC),Precios
345.1_PATAGONIA_UAL__56,patagonia_vivienda_agua_elect_otros_combustibles_mensual,Patagonia vivienda agua electricidad otros combustibles mensual,R/P1M,2017-06-01,2026-07-01,Índice,Índice de Precios al Consumidor Nacional (IPC). Base diciembre 2016.,Subsecretaría de Programación Macroeconómica,Instituto Nacional de Estadística y Censos (INDEC),Precios
346.1_CUYO_BIENENES__11,cuyo_bienes,Indice de incidencia cuyo de bienes,R/P1M,2017-06-01,2026-07-01,Índice,Índice de Precios al Consumidor Nacional (IPC). Base diciembre 2016.,Subsecretaría de Programación Macroeconómica,Instituto Nacional de Estadística y Censos (INDEC),Precios
346.1_CUYO_SERVIIOS__14,cuyo_servicios,Indice de incidencia cuyo de servicios,R/P1M,2017-06-01,2026-07-01,Índice,Índice de Precios al Consumidor Nacional (IPC). Base diciembre 2016.,Subsecretaría de Programación Macroeconómica,Instituto Nacional de Estadística y Censos (INDEC),Precios
346.1_GBA_BIENESNES__10,gba_bienes,Indice de incidencia GBA de bienes,R/P1M,2017-06-01,2026-07-01,Índice,Índice de Precios al Consumidor Nacional (IPC). Base diciembre 2016.,Subsecretaría de Programación Macroeconómica,Instituto Nacional de Estadística y Censos (INDEC),Precios
346.1_GBA_SERVICIOS__13,gba_servicios,Indice de incidencia GBA de servicios,R/P1M,2017-06-01,2026-07-01,Índice,Índice de Precios al Consumidor Nacional (IPC). Base diciembre 2016.,Subsecretaría de Programación Macroeconómica,Instituto Nacional de Estadística y Censos (INDEC),Precios
346.1_NACIONAL_BNES__15,nacional_bienes,Indice de incidencia nacional de bienes,R/P1M,2017-06-01,2026-07-01,Índice,Índice de Precios al Consumidor Nacional (IPC). Base diciembre 2016.,Subsecretaría de Programación Macroeconómica,Instituto Nacional de Estadística y Censos (INDEC),Precios
346.1_NACIONAL_SIOS__18,nacional_servicios,Indice de incidencia nacional de servicios,R/P1M,2017-06-01,2026-07-01,Índice,Índice de Precios al Consumidor Nacional (IPC). Base diciembre 2016.,Subsecretaría de Programación Macroeconómica,Instituto Nacional de Estadística y Censos (INDEC),Precios
346.1_NEA_BIENESNES__10,nea_bienes,Indice de incidencia NEA de bienes,R/P1M,2017-06-01,2026-07-01,Índice,Índice de Precios al Consumidor Nacional (IPC). Base diciembre 2016.,Subsecretaría de Programación Macroeconómica,Instituto Nacional de Estadística y Censos (INDEC),Precios
346.1_NEA_SERVICIOS__13,nea_servicios,Indice de incidencia NEA de servicios,R/P1M,2017-06-01,2026-07-01,Índice,Índice de Precios al Consumidor Nacional (IPC). Base diciembre 2016.,Subsecretaría de Programación Macroeconómica,Instituto Nacional de Estadística y Censos (INDEC),Precios
346.1_NOA_BIENESNES__10,noa_bienes,Indice de incidencia NOA de bienes,R/P1M,2017-06-01,2026-07-01,Índice,Índice de Precios al Consumidor Nacional (IPC). Base diciembre 2016.,Subsecretaría de Programación Macroeconómica,Instituto Nacional de Estadística y Censos (INDEC),Precios
346.1_NOA_SERVICIOS__13,noa_servicios,Indice de incidencia NOA de servicios,R/P1M,2017-06-01,2026-07-01,Índice,Índice de Precios al Consumidor Nacional (IPC). Base diciembre 2016.,Subsecretaría de Programación Macroeconómica,Instituto Nacional de Estadística y Censos (INDEC),Precios
346.1_PAMPEANA_BNES__15,pampeana_bienes,Indice de incidencia pampeana de bienes,R/P1M,2017-06-01,2026-07-01,Índice,Índice de Precios al Consumidor Nacional (IPC). Base diciembre 2016.,Subsecretaría de Programación Macroeconómica,Instituto Nacional de Estadística y Censos (INDEC),Precios
346.1_PAMPEANA_SIOS__18,pampeana_servicios,Indice de incidencia pampeana de servicios,R/P1M,2017-06-01,2026-07-01,Índice,Índice de Precios al Consumidor Nacional (IPC). Base diciembre 2016.,Subsecretaría de Programación Macroeconómica,Instituto Nacional de Estadística y Censos (INDEC),Precios
346.1_PATAGONIA_IOS__19,patagonia_servicios,Indice de incidencia patagonia de servicios,R/P1M,2017-06-01,2026-07-01,Índice,Índice de Precios al Consumidor Nacional (IPC). Base diciembre 2016.,Subsecretaría de Programación Macroeconómica,Instituto Nacional de Estadística y Censos (INDEC),Precios
346.1_PATAGONIA_NES__16,patagonia_bienes,Indice de incidencia patagonia de bienes,R/P1M,2017-06-01,2026-07-01,Índice,Índice de Precios al Consumidor Nacional (IPC). Base diciembre 2016.,Subsecretaría de Programación Macroeconómica,Instituto Nacional de Estadística y Censos (INDEC),Precios
347.1_CUYO_ESTACADA__27,cuyo_estacionales_acumulada,Incidencia absoluta acumulada cuyo estacionales,R/P1M,2017-06-01,2026-07-01,Índice,Índice de Precios al Consumidor Nacional (IPC). Base diciembre 2016.,Subsecretaría de Programación Macroeconómica,Instituto Nacional de Estadística y Censos (INDEC),Precios
347.1_CUYO_ESTACUAL__25,cuyo_estacionales_mensual,Incidencia absoluta mensual cuyo estacionales,R/P1M,2017-06-01,2026-07-01,Índice,Índice de Precios al Consumidor Nacional (IPC). Base diciembre 2016.,Subsecretaría de Programación Macroeconómica,Instituto Nacional de Estadística y Censos (INDEC),Precios
347.1_CUYO_IPC_NADA__25,cuyo_ipc_nucleo_acumulada,Incidencia absoluta acumulada cuyo ipc nucleo,R/P1M,2017-06-01,2026-07-01,Índice,Índice de Precios al Consumidor Nacional (IPC). Base diciembre 2016.,Subsecretaría de Programación Macroeconómica,Instituto Nacional de Estadística y Censos (INDEC),Precios
347.1_CUYO_IPC_NUAL__23,cuyo_ipc_nucleo_mensual,Incidencia absoluta mensual cuyo ipc nucleo,R/P1M,2017-06-01,2026-07-01,Índice,Índice de Precios al Consumidor Nacional (IPC). Base diciembre 2016.,Subsecretaría de Programación Macroeconómica,Instituto Nacional de Estadística y Censos (INDEC),Precios
347.1_CUYO_NIVELADA__28,cuyo_nivel_general_acumulada,Incidencia absoluta acumulada cuyo nivel general,R/P1M,2017-06-01,2026-07-01,Índice,Índice de Precios al Consumidor Nacional (IPC). Base diciembre 2016.,Subsecretaría de Programación Macroeconómica,Instituto Nacional de Estadística y Censos (INDEC),Precios
347.1_CUYO_NIVELUAL__26,cuyo_nivel_general_mensual,Incidencia absoluta mensual cuyo nivel general,R/P1M,2017-06-01,2026-07-01,Índice,Índice de Precios al Consumidor Nacional (IPC). Base diciembre 2016.,Subsecretaría de Programación Macroeconómica,Instituto Nacional de Estadística y Censos (INDEC),Precios
347.1_CUYO_REGULADA__24,cuyo_regulados_acumulada,Incidencia absoluta acumulada cuyo regulados,R/P1M,2017-06-01,2026-07-01,Índice,Índice de Precios al Consumidor Nacional (IPC). Base diciembre 2016.,Subsecretaría de Programación Macroeconómica,Instituto Nacional de Estadística y Censos (INDEC),Precios
347.1_CUYO_REGULUAL__22,cuyo_regulados_mensual,Incidencia absoluta mensual cuyo regulados,R/P1M,2017-06-01,2026-07-01,Índice,Índice de Precios al Consumidor Nacional (IPC). Base diciembre 2016.,Subsecretaría de Programación Macroeconómica,Instituto Nacional de Estadística y Censos (INDEC),Precios
347.1_GBA_ESTACIADA__26,gba_estacionales_acumulada,Incidencia absoluta acumulada GBA estacionales,R/P1M,2017-06-01,2026-07-01,Índice,Índice de Precios al Consumidor Nacional (IPC). Base diciembre 2016.,Subsecretaría de Programación Macroeconómica,Instituto Nacional de Estadística y Censos (INDEC),Precios
347.1_GBA_ESTACIUAL__24,gba_estacionales_mensual,Incidencia absoluta mensual GBA estacionales,R/P1M,2017-06-01,2026-07-01,Índice,Índice de Precios al Consumidor Nacional (IPC). Base diciembre 2016.,Subsecretaría de Programación Macroeconómica,Instituto Nacional de Estadística y Censos (INDEC),Precios
347.1_GBA_IPC_NUADA__24,gba_ipc_nucleo_acumulada,Incidencia absoluta acumulada GBA ipc nucleo,R/P1M,2017-06-01,2026-07-01,Índice,Índice de Precios al Consumidor Nacional (IPC). Base diciembre 2016.,Subsecretaría de Programación Macroeconómica,Instituto Nacional de Estadística y Censos (INDEC),Precios
347.1_GBA_IPC_NUUAL__22,gba_ipc_nucleo_mensual,Incidencia absoluta mensual GBA ipc nucleo,R/P1M,2017-06-01,2026-07-01,Índice,Índice de Precios al Consumidor Nacional (IPC). Base diciembre 2016.,Subsecretaría de Programación Macroeconómica,Instituto Nacional de Estadística y Censos (INDEC),Precios
347.1_GBA_NIVEL_ADA__27,gba_nivel_general_acumulada,Incidencia absoluta acumulada GBA nivel general,R/P1M,2017-06-01,2026-07-01,Índice,Índice de Precios al Consumidor Nacional (IPC). Base diciembre 2016.,Subsecretaría de Programación Macroeconómica,Instituto Nacional de Estadística y Censos (INDEC),Precios
347.1_GBA_NIVEL_UAL__25,gba_nivel_general_mensual,Incidencia absoluta mensual GBA nivel general,R/P1M,2017-06-01,2026-07-01,Índice,Índice de Precios al Consumidor Nacional (IPC). Base diciembre 2016.,Subsecretaría de Programación Macroeconómica,Instituto Nacional de Estadística y Censos (INDEC),Precios
347.1_GBA_REGULAADA__23,gba_regulados_acumulada,Incidencia absoluta acumulada GBA regulados,R/P1M,2017-06-01,2026-07-01,Índice,Índice de Precios al Consumidor Nacional (IPC). Base diciembre 2016.,Subsecretaría de Programación Macroeconómica,Instituto Nacional de Estadística y Censos (INDEC),Precios
347.1_GBA_REGULAUAL__21,gba_regulados_mensual,Incidencia absoluta mensual GBA regulados,R/P1M,2017-06-01,2026-07-01,Índice,Índice de Precios al Consumidor Nacional (IPC). Base diciembre 2016.,Subsecretaría de Programación Macroeconómica,Instituto Nacional de Estadística y Censos (INDEC),Precios
347.1_NEA_ESTACIADA__26,nea_estacionales_acumulada,Incidencia absoluta acumulada NEA estacionales,R/P1M,2017-06-01,2026-07-01,Índice,Índice de Precios al Consumidor Nacional (IPC). Base diciembre 2016.,Subsecretaría de Programación Macroeconómica,Instituto Nacional de Estadística y Censos (INDEC),Precios
347.1_NEA_ESTACIUAL__24,nea_estacionales_mensual,Incidencia absoluta mensual NEA estacionales,R/P1M,2017-06-01,2026-07-01,Índice,Índice de Precios al Consumidor Nacional (IPC). Base diciembre 2016.,Subsecretaría de Programación Macroeconómica,Instituto Nacional de Estadística y Censos (INDEC),Precios
347.1_NEA_IPC_NUADA__24,nea_ipc_nucleo_acumulada,Incidencia absoluta acumulada NEA ipc nucleo,R/P1M,2017-06-01,2026-07-01,Índice,Índice de Precios al Consumidor Nacional (IPC). Base diciembre 2016.,Subsecretaría de Programación Macroeconómica,Instituto Nacional de Estadística y Censos (INDEC),Precios
347.1_NEA_IPC_NUUAL__22,nea_ipc_nucleo_mensual,Incidencia absoluta mensual NEA ipc nucleo,R/P1M,2017-06-01,2026-07-01,Índice,Índice de Precios al Consumidor Nacional (IPC). Base diciembre 2016.,Subsecretaría de Programación Macroeconómica,Instituto Nacional de Estadística y Censos (INDEC),Precios
347.1_NEA_NIVEL_ADA__27,nea_nivel_general_acumulada,Incidencia absoluta acumulada NEA nivel general,R/P1M,2017-06-01,2026-07-01,Índice,Índice de Precios al Consumidor Nacional (IPC). Base diciembre 2016.,Subsecretaría de Programación Macroeconómica,Instituto Nacional de Estadística y Censos (INDEC),Precios
347.1_NEA_NIVEL_UAL__25,nea_nivel_general_mensual,Incidencia absoluta mensual NEA nivel general,R/P1M,2017-06-01,2026-07-01,Índice,Índice de Precios al Consumidor Nacional (IPC). Base diciembre 2016.,Subsecretaría de Programación Macroeconómica,Instituto Nacional de Estadística y Censos (INDEC),Precios
347.1_NEA_REGULAADA__23,nea_regulados_acumulada,Incidencia absoluta acumulada NEA regulados,R/P1M,2017-06-01,2026-07-01,Índice,Índice de Precios al Consumidor Nacional (IPC). Base diciembre 2016.,Subsecretaría de Programación Macroeconómica,Instituto Nacional de Estadística y Censos (INDEC),Precios
347.1_NEA_REGULAUAL__21,nea_regulados_mensual,Incidencia absoluta mensual NEA regulados,R/P1M,2017-06-01,2026-07-01,Índice,Índice de Precios al Consumidor Nacional (IPC). Base diciembre 2016.,Subsecretaría de Programación Macroeconómica,Instituto Nacional de Estadística y Censos (INDEC),Precios
347.1_NOA_ESTACIADA__26,noa_estacionales_acumulada,Incidencia absoluta acumulada NOA estacionales,R/P1M,2017-06-01,2026-07-01,Índice,Índice de Precios al Consumidor Nacional (IPC). Base diciembre 2016.,Subsecretaría de Programación Macroeconómica,Instituto Nacional de Estadística y Censos (INDEC),Precios
347.1_NOA_ESTACIUAL__24,noa_estacionales_mensual,Incidencia absoluta mensual NOA estacionales,R/P1M,2017-06-01,2026-07-01,Índice,Índice de Precios al Consumidor Nacional (IPC). Base diciembre 2016.,Subsecretaría de Programación Macroeconómica,Instituto Nacional de Estadística y Censos (INDEC),Precios
347.1_NOA_IPC_NUADA__24,noa_ipc_nucleo_acumulada,Incidencia absoluta acumulada NOA ipc nucleo,R/P1M,2017-06-01,2026-07-01,Índice,Índice de Precios al Consumidor Nacional (IPC). Base diciembre 2016.,Subsecretaría de Programación Macroeconómica,Instituto Nacional de Estadística y Censos (INDEC),Precios
347.1_NOA_IPC_NUUAL__22,noa_ipc_nucleo_mensual,Incidencia absoluta mensual NOA ipc nucleo,R/P1M,2017-06-01,2026-07-01,Índice,Índice de Precios al Consumidor Nacional (IPC). Base diciembre 2016.,Subsecretaría de Programación Macroeconómica,Instituto Nacional de Estadística y Censos (INDEC),Precios
347.1_NOA_NIVEL_ADA__27,noa_nivel_general_acumulada,Incidencia absoluta acumulada NOA nivel general,R/P1M,2017-06-01,2026-07-01,Índice,Índice de Precios al Consumidor Nacional (IPC). Base diciembre 2016.,Subsecretaría de Programación Macroeconómica,Instituto Nacional de Estadística y Censos (INDEC),Precios
347.1_NOA_NIVEL_UAL__25,noa_nivel_general_mensual,Incidencia absoluta mensual NOA nivel general,R/P1M,2017-06-01,2026-07-01,Índice,Índice de Precios al Consumidor Nacional (IPC). Base diciembre 2016.,Subsecretaría de Programación Macroeconómica,Instituto Nacional de Estadística y Censos (INDEC),Precios
347.1_NOA_REGULAADA__23,noa_regulados_acumulada,Incidencia absoluta acumulada NOA regulados,R/P1M,2017-06-01,2026-07-01,Índice,Índice de Precios al Consumidor Nacional (IPC). Base diciembre 2016.,Subsecretaría de Programación Macroeconómica,Instituto Nacional de Estadística y Censos (INDEC),Precios
347.1_NOA_REGULAUAL__21,noa_regulados_mensual,Incidencia absoluta mensual NOA regulados,R/P1M,2017-06-01,2026-07-01,Índice,Índice de Precios al Consumidor Nacional (IPC). Base diciembre 2016.,Subsecretaría de Programación Macroeconómica,Instituto Nacional de Estadística y Censos (INDEC),Precios
347.1_PAMPEANA_EADA__31,pampeana_estacionales_acumulada,Incidencia absoluta acumulada pampeana estacionales,R/P1M,2017-06-01,2026-07-01,Índice,Índice de Precios al Consumidor Nacional (IPC). Base diciembre 2016.,Subsecretaría de Programación Macroeconómica,Instituto Nacional de Estadística y Censos (INDEC),Precios
347.1_PAMPEANA_EUAL__29,pampeana_estacionales_mensual,Incidencia absoluta mensual pampeana estacionales,R/P1M,2017-06-01,2026-07-01,Índice,Índice de Precios al Consumidor Nacional (IPC). Base diciembre 2016.,Subsecretaría de Programación Macroeconómica,Instituto Nacional de Estadística y Censos (INDEC),Precios
347.1_PAMPEANA_IADA__29,pampeana_ipc_nucleo_acumulada,Incidencia absoluta acumulada pampeana ipc nucleo,R/P1M,2017-06-01,2026-07-01,Índice,Índice de Precios al Consumidor Nacional (IPC). Base diciembre 2016.,Subsecretaría de Programación Macroeconómica,Instituto Nacional de Estadística y Censos (INDEC),Precios
347.1_PAMPEANA_IUAL__27,pampeana_ipc_nucleo_mensual,Incidencia absoluta mensual pampeana ipc nucleo,R/P1M,2017-06-01,2026-07-01,Índice,Índice de Precios al Consumidor Nacional (IPC). Base diciembre 2016.,Subsecretaría de Programación Macroeconómica,Instituto Nacional de Estadística y Censos (INDEC),Precios
347.1_PAMPEANA_NADA__32,pampeana_nivel_general_acumulada,Incidencia absoluta acumulada pampeana nivel general,R/P1M,2017-06-01,2026-07-01,Índice,Índice de Precios al Consumidor Nacional (IPC). Base diciembre 2016.,Subsecretaría de Programación Macroeconómica,Instituto Nacional de Estadística y Censos (INDEC),Precios
347.1_PAMPEANA_NUAL__30,pampeana_nivel_general_mensual,Incidencia absoluta mensual pampeana nivel general,R/P1M,2017-06-01,2026-07-01,Índice,Índice de Precios al Consumidor Nacional (IPC). Base diciembre 2016.,Subsecretaría de Programación Macroeconómica,Instituto Nacional de Estadística y Censos (INDEC),Precios
347.1_PAMPEANA_RADA__28,pampeana_regulados_acumulada,Incidencia absoluta acumulada pampeana regulados,R/P1M,2017-06-01,2026-07-01,Índice,Índice de Precios al Consumidor Nacional (IPC). Base diciembre 2016.,Subsecretaría de Programación Macroeconómica,Instituto Nacional de Estadística y Censos (INDEC),Precios
347.1_PAMPEANA_RUAL__26,pampeana_regulados_mensual,Incidencia absoluta mensual pampeana regulados,R/P1M,2017-06-01,2026-07-01,Índice,Índice de Precios al Consumidor Nacional (IPC). Base diciembre 2016.,Subsecretaría de Programación Macroeconómica,Instituto Nacional de Estadística y Censos (INDEC),Precios
347.1_PATAGONIA_ADA__29,patagonia_regulados_acumulada,Incidencia absoluta acumulada patagonia regulados,R/P1M,2017-06-01,2026-07-01,Índice,Índice de Precios al Consumidor Nacional (IPC). Base diciembre 2016.,Subsecretaría de Programación Macroeconómica,Instituto Nacional de Estadística y Censos (INDEC),Precios
347.1_PATAGONIA_ADA__30,patagonia_ipc_nucleo_acumulada,Incidencia absoluta acumulada patagonia ipc nucleo,R/P1M,2017-06-01,2026-07-01,Índice,Índice de Precios al Consumidor Nacional (IPC). Base diciembre 2016.,Subsecretaría de Programación Macroeconómica,Instituto Nacional de Estadística y Censos (INDEC),Precios
347.1_PATAGONIA_ADA__32,patagonia_estacionales_acumulada,Incidencia absoluta acumulada patagonia estacionales,R/P1M,2017-06-01,2026-07-01,Índice,Índice de Precios al Consumidor Nacional (IPC). Base diciembre 2016.,Subsecretaría de Programación Macroeconómica,Instituto Nacional de Estadística y Censos (INDEC),Precios
347.1_PATAGONIA_ADA__33,patagonia_nivel_general_acumulada,Incidencia absoluta acumulada patagonia nivel general,R/P1M,2017-06-01,2026-07-01,Índice,Índice de Precios al Consumidor Nacional (IPC). Base diciembre 2016.,Subsecretaría de Programación Macroeconómica,Instituto Nacional de Estadística y Censos (INDEC),Precios
347.1_PATAGONIA_UAL__27,patagonia_regulados_mensual,Incidencia absoluta mensual patagonia regulados,R/P1M,2017-06-01,2026-07-01,Índice,Índice de Precios al Consumidor Nacional (IPC). Base diciembre 2016.,Subsecretaría de Programación Macroeconómica,Instituto Nacional de Estadística y Censos (INDEC),Precios
347.1_PATAGONIA_UAL__28,patagonia_ipc_nucleo_mensual,Incidencia absoluta mensual patagonia ipc nucleo,R/P1M,2017-06-01,2026-07-01,Índice,Índice de Precios al Consumidor Nacional (IPC). Base diciembre 2016.,Subsecretaría de Programación Macroeconómica,Instituto Nacional de Estadística y Censos (INDEC),Precios
347.1_PATAGONIA_UAL__30,patagonia_estacionales_mensual,Incidencia absoluta mensual patagonia estacionales,R/P1M,2017-06-01,2026-07-01,Índice,Índice de Precios al Consumidor Nacional (IPC). Base diciembre 2016.,Subsecretaría de Programación Macroeconómica,Instituto Nacional de Estadística y Censos (INDEC),Precios
347.1_PATAGONIA_UAL__31,patagonia_nivel_general_mensual,Incidencia absoluta mensual patagonia nivel general,R/P1M,2017-06-01,2026-07-01,Índice,Índice de Precios al Consumidor Nacional (IPC). Base diciembre 2016.,Subsecretaría de Programación Macroeconómica,Instituto Nacional de Estadística y Censos (INDEC),Precios
348.1_CUYO_ACEITDIO__36,cuyo_aceite_de_girasol_1_litro_medio,Precios del consumidor cuyo aceite de girasol 1 litro medio,R/P1M,2017-06-01,2026-07-01,Índice,Índice de Precios al Consumidor Nacional (IPC). Base diciembre 2016.,Subsecretaría de Programación Macroeconómica,Instituto Nacional de Estadística y Censos (INDEC),Precios
348.1_CUYO_ARROZ_KG__27,cuyo_arroz_blanco_simple_kg,Precios del consumidor cuyo arroz blanco simple kg,R/P1M,2017-06-01,2026-07-01,Índice,Índice de Precios al Consumidor Nacional (IPC). Base diciembre 2016.,Subsecretaría de Programación Macroeconómica,Instituto Nacional de Estadística y Censos (INDEC),Precios
348.1_CUYO_AZUCA_KG__14,cuyo_azucar_kg,Precios del consumidor cuyo azucar kg,R/P1M,2017-06-01,2026-07-01,Índice,Índice de Precios al Consumidor Nacional (IPC). Base diciembre 2016.,Subsecretaría de Programación Macroeconómica,Instituto Nacional de Estadística y Censos (INDEC),Precios
348.1_CUYO_CARNE_KG__26,cuyo_carne_picada_comun_kg,Precios del consumidor cuyo carne picada comun kg,R/P1M,2017-06-01,2026-07-01,Índice,Índice de Precios al Consumidor Nacional (IPC). Base diciembre 2016.,Subsecretaría de Programación Macroeconómica,Instituto Nacional de Estadística y Censos (INDEC),Precios
348.1_CUYO_DETER_CC__30,cuyo_detergente_liquido_750_cc,Precios del consumidor cuyo detergente liquido 750 cc,R/P1M,2017-06-01,2026-07-01,Índice,Índice de Precios al Consumidor Nacional (IPC). Base diciembre 2016.,Subsecretaría de Programación Macroeconómica,Instituto Nacional de Estadística y Censos (INDEC),Precios
348.1_CUYO_FIDEO_GR__37,cuyo_fideos_secos_tipo_guisero_500_gr,Precios del consumidor cuyo fideos secos tipo guisero 500 gr,R/P1M,2017-06-01,2026-07-01,Índice,Índice de Precios al Consumidor Nacional (IPC). Base diciembre 2016.,Subsecretaría de Programación Macroeconómica,Instituto Nacional de Estadística y Censos (INDEC),Precios
348.1_CUYO_HARIN_KG__33,cuyo_harina_de_trigo_comun_000_kg,Precios del consumidor cuyo harina de trigo comun 000 kg,R/P1M,2017-06-01,2026-07-01,Índice,Índice de Precios al Consumidor Nacional (IPC). Base diciembre 2016.,Subsecretaría de Programación Macroeconómica,Instituto Nacional de Estadística y Censos (INDEC),Precios
348.1_CUYO_HUEVOENA__29,cuyo_huevos_de_gallina_docena,Precios del consumidor cuyo huevos de gallina docena,R/P1M,2017-06-01,2026-07-01,Índice,Índice de Precios al Consumidor Nacional (IPC). Base diciembre 2016.,Subsecretaría de Programación Macroeconómica,Instituto Nacional de Estadística y Censos (INDEC),Precios
348.1_CUYO_JABON_GR__28,cuyo_jabon_de_tocador_125_gr,Precios del consumidor cuyo jabon de tocador 125 gr,R/P1M,2017-06-01,2026-07-01,Índice,Índice de Precios al Consumidor Nacional (IPC). Base diciembre 2016.,Subsecretaría de Programación Macroeconómica,Instituto Nacional de Estadística y Censos (INDEC),Precios
348.1_CUYO_LAVAN_CC__22,cuyo_lavandina_1000_cc,Precios del consumidor cuyo lavandina 1000 cc,R/P1M,2017-06-01,2026-07-01,Índice,Índice de Precios al Consumidor Nacional (IPC). Base diciembre 2016.,Subsecretaría de Programación Macroeconómica,Instituto Nacional de Estadística y Censos (INDEC),Precios
348.1_CUYO_LECHETRO__37,cuyo_leche_fresca_entera_sachet_litro,Precios del consumidor cuyo leche fresca entera sachet litro,R/P1M,2017-06-01,2026-07-01,Índice,Índice de Precios al Consumidor Nacional (IPC). Base diciembre 2016.,Subsecretaría de Programación Macroeconómica,Instituto Nacional de Estadística y Censos (INDEC),Precios
348.1_CUYO_PAN_F_KG__19,cuyo_pan_frances_kg,Precios del consumidor cuyo pan frances kg,R/P1M,2017-06-01,2026-07-01,Índice,Índice de Precios al Consumidor Nacional (IPC). Base diciembre 2016.,Subsecretaría de Programación Macroeconómica,Instituto Nacional de Estadística y Censos (INDEC),Precios
348.1_CUYO_PAPA_KG__12,cuyo_papa_kg,Precios del consumidor cuyo papa kg,R/P1M,2017-06-01,2026-07-01,Índice,Índice de Precios al Consumidor Nacional (IPC). Base diciembre 2016.,Subsecretaría de Programación Macroeconómica,Instituto Nacional de Estadística y Censos (INDEC),Precios
348.1_CUYO_POLLO_KG__20,cuyo_pollo_entero_kg,Precios del consumidor cuyo pollo entero kg,R/P1M,2017-06-01,2026-07-01,Índice,Índice de Precios al Consumidor Nacional (IPC). Base diciembre 2016.,Subsecretaría de Programación Macroeconómica,Instituto Nacional de Estadística y Censos (INDEC),Precios
348.1_GBA_ACEITEDIO__35,gba_aceite_de_girasol_1_litro_medio,Precios del consumidor GBA aceite de girasol 1 litro medio,R/P1M,2017-06-01,2026-07-01,Índice,Índice de Precios al Consumidor Nacional (IPC). Base diciembre 2016.,Subsecretaría de Programación Macroeconómica,Instituto Nacional de Estadística y Censos (INDEC),Precios
348.1_GBA_ARROZ_KG__26,gba_arroz_blanco_simple_kg,Precios del consumidor GBA arroz blanco simple kg,R/P1M,2017-06-01,2026-07-01,Índice,Índice de Precios al Consumidor Nacional (IPC). Base diciembre 2016.,Subsecretaría de Programación Macroeconómica,Instituto Nacional de Estadística y Censos (INDEC),Precios
348.1_GBA_AZUCAR_KG__13,gba_azucar_kg,Precios del consumidor GBA azucar kg,R/P1M,2017-06-01,2026-07-01,Índice,Índice de Precios al Consumidor Nacional (IPC). Base diciembre 2016.,Subsecretaría de Programación Macroeconómica,Instituto Nacional de Estadística y Censos (INDEC),Precios
348.1_GBA_CARNE_KG__25,gba_carne_picada_comun_kg,Precios del consumidor GBA carne picada comun kg,R/P1M,2017-06-01,2026-07-01,Índice,Índice de Precios al Consumidor Nacional (IPC). Base diciembre 2016.,Subsecretaría de Programación Macroeconómica,Instituto Nacional de Estadística y Censos (INDEC),Precios
348.1_GBA_DETERG_CC__29,gba_detergente_liquido_750_cc,Precios del consumidor GBA detergente liquido 750 cc,R/P1M,2017-06-01,2026-07-01,Índice,Índice de Precios al Consumidor Nacional (IPC). Base diciembre 2016.,Subsecretaría de Programación Macroeconómica,Instituto Nacional de Estadística y Censos (INDEC),Precios
348.1_GBA_FIDEOS_GR__36,gba_fideos_secos_tipo_guisero_500_gr,Precios del consumidor GBA fideos secos tipo guisero 500 gr,R/P1M,2017-06-01,2026-07-01,Índice,Índice de Precios al Consumidor Nacional (IPC). Base diciembre 2016.,Subsecretaría de Programación Macroeconómica,Instituto Nacional de Estadística y Censos (INDEC),Precios
348.1_GBA_HARINA_KG__32,gba_harina_de_trigo_comun_000_kg,Precios del consumidor GBA harina de trigo comun 000 kg,R/P1M,2017-06-01,2026-07-01,Índice,Índice de Precios al Consumidor Nacional (IPC). Base diciembre 2016.,Subsecretaría de Programación Macroeconómica,Instituto Nacional de Estadística y Censos (INDEC),Precios
348.1_GBA_HUEVOSENA__28,gba_huevos_de_gallina_docena,Precios del consumidor GBA huevos de gallina docena,R/P1M,2017-06-01,2026-07-01,Índice,Índice de Precios al Consumidor Nacional (IPC). Base diciembre 2016.,Subsecretaría de Programación Macroeconómica,Instituto Nacional de Estadística y Censos (INDEC),Precios
348.1_GBA_JABON_GR__27,gba_jabon_de_tocador_125_gr,Precios del consumidor GBA jabon de tocador 125 gr,R/P1M,2017-06-01,2026-07-01,Índice,Índice de Precios al Consumidor Nacional (IPC). Base diciembre 2016.,Subsecretaría de Programación Macroeconómica,Instituto Nacional de Estadística y Censos (INDEC),Precios
348.1_GBA_LAVAND_CC__21,gba_lavandina_1000_cc,Precios del consumidor GBA lavandina 1000 cc,R/P1M,2017-06-01,2026-07-01,Índice,Índice de Precios al Consumidor Nacional (IPC). Base diciembre 2016.,Subsecretaría de Programación Macroeconómica,Instituto Nacional de Estadística y Censos (INDEC),Precios
348.1_GBA_LECHE_TRO__36,gba_leche_fresca_entera_sachet_litro,Precios del consumidor GBA leche fresca entera sachet litro,R/P1M,2017-06-01,2026-07-01,Índice,Índice de Precios al Consumidor Nacional (IPC). Base diciembre 2016.,Subsecretaría de Programación Macroeconómica,Instituto Nacional de Estadística y Censos (INDEC),Precios
348.1_GBA_PAN_FR_KG__18,gba_pan_frances_kg,Precios del consumidor GBA pan frances kg,R/P1M,2017-06-01,2026-07-01,Índice,Índice de Precios al Consumidor Nacional (IPC). Base diciembre 2016.,Subsecretaría de Programación Macroeconómica,Instituto Nacional de Estadística y Censos (INDEC),Precios
348.1_GBA_PAPA_K_KG__11,gba_papa_kg,Precios del consumidor GBA papa kg,R/P1M,2017-06-01,2026-07-01,Índice,Índice de Precios al Consumidor Nacional (IPC). Base diciembre 2016.,Subsecretaría de Programación Macroeconómica,Instituto Nacional de Estadística y Censos (INDEC),Precios
348.1_GBA_POLLO_KG__19,gba_pollo_entero_kg,Precios del consumidor GBA pollo entero kg,R/P1M,2017-06-01,2026-07-01,Índice,Índice de Precios al Consumidor Nacional (IPC). Base diciembre 2016.,Subsecretaría de Programación Macroeconómica,Instituto Nacional de Estadística y Censos (INDEC),Precios
348.1_NEA_ACEITEDIO__35,nea_aceite_de_girasol_1_litro_medio,Precios del consumidor NEA aceite de girasol 1 litro medio,R/P1M,2017-06-01,2026-07-01,Índice,Índice de Precios al Consumidor Nacional (IPC). Base diciembre 2016.,Subsecretaría de Programación Macroeconómica,Instituto Nacional de Estadística y Censos (INDEC),Precios
348.1_NEA_ARROZ_KG__26,nea_arroz_blanco_simple_kg,Precios del consumidor NEA arroz blanco simple kg,R/P1M,2017-06-01,2026-07-01,Índice,Índice de Precios al Consumidor Nacional (IPC). Base diciembre 2016.,Subsecretaría de Programación Macroeconómica,Instituto Nacional de Estadística y Censos (INDEC),Precios
348.1_NEA_AZUCAR_KG__13,nea_azucar_kg,Precios del consumidor NEA azucar kg,R/P1M,2017-06-01,2026-07-01,Índice,Índice de Precios al Consumidor Nacional (IPC). Base diciembre 2016.,Subsecretaría de Programación Macroeconómica,Instituto Nacional de Estadística y Censos (INDEC),Precios
348.1_NEA_CARNE_KG__25,nea_carne_picada_comun_kg,Precios del consumidor NEA carne picada comun kg,R/P1M,2017-06-01,2026-07-01,Índice,Índice de Precios al Consumidor Nacional (IPC). Base diciembre 2016.,Subsecretaría de Programación Macroeconómica,Instituto Nacional de Estadística y Censos (INDEC),Precios
348.1_NEA_DETERG_CC__29,nea_detergente_liquido_750_cc,Precios del consumidor NEA detergente liquido 750 cc,R/P1M,2017-06-01,2026-07-01,Índice,Índice de Precios al Consumidor Nacional (IPC). Base diciembre 2016.,Subsecretaría de Programación Macroeconómica,Instituto Nacional de Estadística y Censos (INDEC),Precios
348.1_NEA_FIDEOS_GR__36,nea_fideos_secos_tipo_guisero_500_gr,Precios del consumidor NEA fideos secos tipo guisero 500 gr,R/P1M,2017-06-01,2026-07-01,Índice,Índice de Precios al Consumidor Nacional (IPC). Base diciembre 2016.,Subsecretaría de Programación Macroeconómica,Instituto Nacional de Estadística y Censos (INDEC),Precios
348.1_NEA_HARINA_KG__32,nea_harina_de_trigo_comun_000_kg,Precios del consumidor NEA harina de trigo comun 000 kg,R/P1M,2017-06-01,2026-07-01,Índice,Índice de Precios al Consumidor Nacional (IPC). Base diciembre 2016.,Subsecretaría de Programación Macroeconómica,Instituto Nacional de Estadística y Censos (INDEC),Precios
348.1_NEA_HUEVOSENA__28,nea_huevos_de_gallina_docena,Precios del consumidor NEA huevos de gallina docena,R/P1M,2017-06-01,2026-07-01,Índice,Índice de Precios al Consumidor Nacional (IPC). Base diciembre 2016.,Subsecretaría de Programación Macroeconómica,Instituto Nacional de Estadística y Censos (INDEC),Precios
348.1_NEA_JABON_GR__27,nea_jabon_de_tocador_125_gr,Precios del consumidor NEA jabon de tocador 125 gr,R/P1M,2017-06-01,2026-07-01,Índice,Índice de Precios al Consumidor Nacional (IPC). Base diciembre 2016.,Subsecretaría de Programación Macroeconómica,Instituto Nacional de Estadística y Censos (INDEC),Precios
348.1_NEA_LAVAND_CC__21,nea_lavandina_1000_cc,Precios del consumidor NEA lavandina 1000 cc,R/P1M,2017-06-01,2026-07-01,Índice,Índice de Precios al Consumidor Nacional (IPC). Base diciembre 2016.,Subsecretaría de Programación Macroeconómica,Instituto Nacional de Estadística y Censos (INDEC),Precios
348.1_NEA_LECHE_TRO__36,nea_leche_fresca_entera_sachet_litro,Precios del consumidor NEA leche fresca entera sachet litro,R/P1M,2017-06-01,2026-07-01,Índice,Índice de Precios al Consumidor Nacional (IPC). Base diciembre 2016.,Subsecretaría de Programación Macroeconómica,Instituto Nacional de Estadística y Censos (INDEC),Precios
348.1_NEA_PAN_FR_KG__18,nea_pan_frances_kg,Precios del consumidor NEA pan frances kg,R/P1M,2017-06-01,2026-07-01,Índice,Índice de Precios al Consumidor Nacional (IPC). Base diciembre 2016.,Subsecretaría de Programación Macroeconómica,Instituto Nacional de Estadística y Censos (INDEC),Precios
348.1_NEA_PAPA_K_KG__11,nea_papa_kg,Precios del consumidor NEA papa kg,R/P1M,2017-06-01,2026-07-01,Índice,Índice de Precios al Consumidor Nacional (IPC). Base diciembre 2016.,Subsecretaría de Programación Macroeconómica,Instituto Nacional de Estadística y Censos (INDEC),Precios
348.1_NEA_POLLO_KG__19,nea_pollo_entero_kg,Precios del consumidor NEA pollo entero kg,R/P1M,2017-06-01,2026-07-01,Índice,Índice de Precios al Consumidor Nacional (IPC). Base diciembre 2016.,Subsecretaría de Programación Macroeconómica,Instituto Nacional de Estadística y Censos (INDEC),Precios
348.1_NOA_ACEITEDIO__35,noa_aceite_de_girasol_1_litro_medio,Precios del consumidor NOA aceite de girasol 1 litro medio,R/P1M,2017-06-01,2026-07-01,Índice,Índice de Precios al Consumidor Nacional (IPC). Base diciembre 2016.,Subsecretaría de Programación Macroeconómica,Instituto Nacional de Estadística y Censos (INDEC),Precios
348.1_NOA_ARROZ_KG__26,noa_arroz_blanco_simple_kg,Precios del consumidor NOA arroz blanco simple kg,R/P1M,2017-06-01,2026-07-01,Índice,Índice de Precios al Consumidor Nacional (IPC). Base diciembre 2016.,Subsecretaría de Programación Macroeconómica,Instituto Nacional de Estadística y Censos (INDEC),Precios
348.1_NOA_AZUCAR_KG__13,noa_azucar_kg,Precios del consumidor NOA azucar kg,R/P1M,2017-06-01,2026-07-01,Índice,Índice de Precios al Consumidor Nacional (IPC). Base diciembre 2016.,Subsecretaría de Programación Macroeconómica,Instituto Nacional de Estadística y Censos (INDEC),Precios
348.1_NOA_CARNE_KG__25,noa_carne_picada_comun_kg,Precios del consumidor NOA carne picada comun kg,R/P1M,2017-06-01,2026-07-01,Índice,Índice de Precios al Consumidor Nacional (IPC). Base diciembre 2016.,Subsecretaría de Programación Macroeconómica,Instituto Nacional de Estadística y Censos (INDEC),Precios
348.1_NOA_DETERG_CC__29,noa_detergente_liquido_750_cc,Precios del consumidor NOA detergente liquido 750 cc,R/P1M,2017-06-01,2026-07-01,Índice,Índice de Precios al Consumidor Nacional (IPC). Base diciembre 2016.,Subsecretaría de Programación Macroeconómica,Instituto Nacional de Estadística y Censos (INDEC),Precios
348.1_NOA_FIDEOS_GR__36,noa_fideos_secos_tipo_guisero_500_gr,Precios del consumidor NOA fideos secos tipo guisero 500 gr,R/P1M,2017-06-01,2026-07-01,Índice,Índice de Precios al Consumidor Nacional (IPC). Base diciembre 2016.,Subsecretaría de Programación Macroeconómica,Instituto Nacional de Estadística y Censos (INDEC),Precios
348.1_NOA_HARINA_KG__32,noa_harina_de_trigo_comun_000_kg,Precios del consumidor NOA harina de trigo comun 000 kg,R/P1M,2017-06-01,2026-07-01,Índice,Índice de Precios al Consumidor Nacional (IPC). Base diciembre 2016.,Subsecretaría de Programación Macroeconómica,Instituto Nacional de Estadística y Censos (INDEC),Precios
348.1_NOA_HUEVOSENA__28,noa_huevos_de_gallina_docena,Precios del consumidor NOA huevos de gallina docena,R/P1M,2017-06-01,2026-07-01,Índice,Índice de Precios al Consumidor Nacional (IPC). Base diciembre 2016.,Subsecretaría de Programación Macroeconómica,Instituto Nacional de Estadística y Censos (INDEC),Precios
348.1_NOA_JABON_GR__27,noa_jabon_de_tocador_125_gr,Precios del consumidor NOA jabon de tocador 125 gr,R/P1M,2017-06-01,2026-07-01,Índice,Índice de Precios al Consumidor Nacional (IPC). Base diciembre 2016.,Subsecretaría de Programación Macroeconómica,Instituto Nacional de Estadística y Censos (INDEC),Precios
348.1_NOA_LAVAND_CC__21,noa_lavandina_1000_cc,Precios del consumidor NOA lavandina 1000 cc,R/P1M,2017-06-01,2026-07-01,Índice,Índice de Precios al Consumidor Nacional (IPC). Base diciembre 2016.,Subsecretaría de Programación Macroeconómica,Instituto Nacional de Estadística y Censos (INDEC),Precios
348.1_NOA_LECHE_TRO__36,noa_leche_fresca_entera_sachet_litro,Precios del consumidor NOA leche fresca entera sachet litro,R/P1M,2017-06-01,2026-07-01,Índice,Índice de Precios al Consumidor Nacional (IPC). Base diciembre 2016.,Subsecretaría de Programación Macroeconómica,Instituto Nacional de Estadística y Censos (INDEC),Precios
348.1_NOA_PAN_FR_KG__18,noa_pan_frances_kg,Precios del consumidor NOA pan frances kg,R/P1M,2017-06-01,2026-07-01,Índice,Índice de Precios al Consumidor Nacional (IPC). Base diciembre 2016.,Subsecretaría de Programación Macroeconómica,Instituto Nacional de Estadística y Censos (INDEC),Precios
348.1_NOA_PAPA_K_KG__11,noa_papa_kg,Precios del consumidor NOA papa kg,R/P1M,2017-06-01,2026-07-01,Índice,Índice de Precios al Consumidor Nacional (IPC). Base diciembre 2016.,Subsecretaría de Programación Macroeconómica,Instituto Nacional de Estadística y Censos (INDEC),Precios
348.1_NOA_POLLO_KG__19,noa_pollo_entero_kg,Precios del consumidor NOA pollo entero kg,R/P1M,2017-06-01,2026-07-01,Índice,Índice de Precios al Consumidor Nacional (IPC). Base diciembre 2016.,Subsecretaría de Programación Macroeconómica,Instituto Nacional de Estadística y Censos (INDEC),Precios
348.1_PAMPEANA_ADIO__40,pampeana_aceite_de_girasol_1_litro_medio,Precios del consumidor pampeana aceite de girasol 1 litro medio,R/P1M,2017-06-01,2026-07-01,Índice,Índice de Precios al Consumidor Nacional (IPC). Base diciembre 2016.,Subsecretaría de Programación Macroeconómica,Instituto Nacional de Estadística y Censos (INDEC),Precios
348.1_PAMPEANA_A_KG__18,pampeana_azucar_kg,Precios del consumidor pampeana azucar kg,R/P1M,2017-06-01,2026-07-01,Índice,Índice de Precios al Consumidor Nacional (IPC). Base diciembre 2016.,Subsecretaría de Programación Macroeconómica,Instituto Nacional de Estadística y Censos (INDEC),Precios
348.1_PAMPEANA_A_KG__31,pampeana_arroz_blanco_simple_kg,Precios del consumidor pampeana arroz blanco simple kg,R/P1M,2017-06-01,2026-07-01,Índice,Índice de Precios al Consumidor Nacional (IPC). Base diciembre 2016.,Subsecretaría de Programación Macroeconómica,Instituto Nacional de Estadística y Censos (INDEC),Precios
348.1_PAMPEANA_C_KG__30,pampeana_carne_picada_comun_kg,Precios del consumidor pampeana carne picada comun kg,R/P1M,2017-06-01,2026-07-01,Índice,Índice de Precios al Consumidor Nacional (IPC). Base diciembre 2016.,Subsecretaría de Programación Macroeconómica,Instituto Nacional de Estadística y Censos (INDEC),Precios
348.1_PAMPEANA_D_CC__34,pampeana_detergente_liquido_750_cc,Precios del consumidor pampeana detergente liquido 750 cc,R/P1M,2017-06-01,2026-07-01,Índice,Índice de Precios al Consumidor Nacional (IPC). Base diciembre 2016.,Subsecretaría de Programación Macroeconómica,Instituto Nacional de Estadística y Censos (INDEC),Precios
348.1_PAMPEANA_F_GR__41,pampeana_fideos_secos_tipo_guisero_500_gr,Precios del consumidor pampeana fideos secos tipo guisero 500 gr,R/P1M,2017-06-01,2026-07-01,Índice,Índice de Precios al Consumidor Nacional (IPC). Base diciembre 2016.,Subsecretaría de Programación Macroeconómica,Instituto Nacional de Estadística y Censos (INDEC),Precios
348.1_PAMPEANA_HENA__33,pampeana_huevos_de_gallina_docena,Precios del consumidor pampeana huevos de gallina docena,R/P1M,2017-06-01,2026-07-01,Índice,Índice de Precios al Consumidor Nacional (IPC). Base diciembre 2016.,Subsecretaría de Programación Macroeconómica,Instituto Nacional de Estadística y Censos (INDEC),Precios
348.1_PAMPEANA_H_KG__37,pampeana_harina_de_trigo_comun_000_kg,Precios del consumidor pampeana harina de trigo comun 000 kg,R/P1M,2017-06-01,2026-07-01,Índice,Índice de Precios al Consumidor Nacional (IPC). Base diciembre 2016.,Subsecretaría de Programación Macroeconómica,Instituto Nacional de Estadística y Censos (INDEC),Precios
348.1_PAMPEANA_J_GR__32,pampeana_jabon_de_tocador_125_gr,Precios del consumidor pampeana jabon de tocador 125 gr,R/P1M,2017-06-01,2026-07-01,Índice,Índice de Precios al Consumidor Nacional (IPC). Base diciembre 2016.,Subsecretaría de Programación Macroeconómica,Instituto Nacional de Estadística y Censos (INDEC),Precios
348.1_PAMPEANA_LTRO__41,pampeana_leche_fresca_entera_sachet_litro,Precios del consumidor pampeana leche fresca entera sachet litro,R/P1M,2017-06-01,2026-07-01,Índice,Índice de Precios al Consumidor Nacional (IPC). Base diciembre 2016.,Subsecretaría de Programación Macroeconómica,Instituto Nacional de Estadística y Censos (INDEC),Precios
348.1_PAMPEANA_L_CC__26,pampeana_lavandina_1000_cc,Precios del consumidor pampeana lavandina 1000 cc,R/P1M,2017-06-01,2026-07-01,Índice,Índice de Precios al Consumidor Nacional (IPC). Base diciembre 2016.,Subsecretaría de Programación Macroeconómica,Instituto Nacional de Estadística y Censos (INDEC),Precios
348.1_PAMPEANA_P_KG__16,pampeana_papa_kg,Precios del consumidor pampeana papa kg,R/P1M,2017-06-01,2026-07-01,Índice,Índice de Precios al Consumidor Nacional (IPC). Base diciembre 2016.,Subsecretaría de Programación Macroeconómica,Instituto Nacional de Estadística y Censos (INDEC),Precios
348.1_PAMPEANA_P_KG__23,pampeana_pan_frances_kg,Precios del consumidor pampeana pan frances kg,R/P1M,2017-06-01,2026-07-01,Índice,Índice de Precios al Consumidor Nacional (IPC). Base diciembre 2016.,Subsecretaría de Programación Macroeconómica,Instituto Nacional de Estadística y Censos (INDEC),Precios
348.1_PAMPEANA_P_KG__24,pampeana_pollo_entero_kg,Precios del consumidor pampeana pollo entero kg,R/P1M,2017-06-01,2026-07-01,Índice,Índice de Precios al Consumidor Nacional (IPC). Base diciembre 2016.,Subsecretaría de Programación Macroeconómica,Instituto Nacional de Estadística y Censos (INDEC),Precios
348.1_PATAGONIA_CC__27,patagonia_lavandina_1000_cc,Precios del consumidor patagonia lavandina 1000 cc,R/P1M,2017-06-01,2026-07-01,Índice,Índice de Precios al Consumidor Nacional (IPC). Base diciembre 2016.,Subsecretaría de Programación Macroeconómica,Instituto Nacional de Estadística y Censos (INDEC),Precios
348.1_PATAGONIA_CC__35,patagonia_detergente_liquido_750_cc,Precios del consumidor patagonia detergente liquido 750 cc,R/P1M,2017-06-01,2026-07-01,Índice,Índice de Precios al Consumidor Nacional (IPC). Base diciembre 2016.,Subsecretaría de Programación Macroeconómica,Instituto Nacional de Estadística y Censos (INDEC),Precios
348.1_PATAGONIA_DIO__41,patagonia_aceite_de_girasol_1_litro_medio,Precios del consumidor patagonia aceite de girasol 1 litro medio,R/P1M,2017-06-01,2026-07-01,Índice,Índice de Precios al Consumidor Nacional (IPC). Base diciembre 2016.,Subsecretaría de Programación Macroeconómica,Instituto Nacional de Estadística y Censos (INDEC),Precios
348.1_PATAGONIA_ENA__34,patagonia_huevos_de_gallina_docena,Precios del consumidor patagonia huevos de gallina docena,R/P1M,2017-06-01,2026-07-01,Índice,Índice de Precios al Consumidor Nacional (IPC). Base diciembre 2016.,Subsecretaría de Programación Macroeconómica,Instituto Nacional de Estadística y Censos (INDEC),Precios
348.1_PATAGONIA_GR__33,patagonia_jabon_de_tocador_125_gr,Precios del consumidor patagonia jabon de tocador 125 gr,R/P1M,2017-06-01,2026-07-01,Índice,Índice de Precios al Consumidor Nacional (IPC). Base diciembre 2016.,Subsecretaría de Programación Macroeconómica,Instituto Nacional de Estadística y Censos (INDEC),Precios
348.1_PATAGONIA_GR__42,patagonia_fideos_secos_tipo_guisero_500_gr,Precios del consumidor patagonia fideos secos tipo guisero 500 gr,R/P1M,2017-06-01,2026-07-01,Índice,Índice de Precios al Consumidor Nacional (IPC). Base diciembre 2016.,Subsecretaría de Programación Macroeconómica,Instituto Nacional de Estadística y Censos (INDEC),Precios
348.1_PATAGONIA_KG__17,patagonia_papa_kg,Precios del consumidor patagonia papa kg,R/P1M,2017-06-01,2026-07-01,Índice,Índice de Precios al Consumidor Nacional (IPC). Base diciembre 2016.,Subsecretaría de Programación Macroeconómica,Instituto Nacional de Estadística y Censos (INDEC),Precios
348.1_PATAGONIA_KG__19,patagonia_azucar_kg,Precios del consumidor patagonia azucar kg,R/P1M,2017-06-01,2026-07-01,Índice,Índice de Precios al Consumidor Nacional (IPC). Base diciembre 2016.,Subsecretaría de Programación Macroeconómica,Instituto Nacional de Estadística y Censos (INDEC),Precios
348.1_PATAGONIA_KG__24,patagonia_pan_frances_kg,Precios del consumidor patagonia pan frances kg,R/P1M,2017-06-01,2026-07-01,Índice,Índice de Precios al Consumidor Nacional (IPC). Base diciembre 2016.,Subsecretaría de Programación Macroeconómica,Instituto Nacional de Estadística y Censos (INDEC),Precios
348.1_PATAGONIA_KG__25,patagonia_pollo_entero_kg,Precios del consumidor patagonia pollo entero kg,R/P1M,2017-06-01,2026-07-01,Índice,Índice de Precios al Consumidor Nacional (IPC). Base diciembre 2016.,Subsecretaría de Programación Macroeconómica,Instituto Nacional de Estadística y Censos (INDEC),Precios
348.1_PATAGONIA_KG__31,patagonia_carne_picada_comun_kg,Precios del consumidor patagonia carne picada comun kg,R/P1M,2017-06-01,2026-07-01,Índice,Índice de Precios al Consumidor Nacional (IPC). Base diciembre 2016.,Subsecretaría de Programación Macroeconómica,Instituto Nacional de Estadística y Censos (INDEC),Precios
348.1_PATAGONIA_KG__32,patagonia_arroz_blanco_simple_kg,Precios del consumidor patagonia arroz blanco simple kg,R/P1M,2017-06-01,2026-07-01,Índice,Índice de Precios al Consumidor Nacional (IPC). Base diciembre 2016.,Subsecretaría de Programación Macroeconómica,Instituto Nacional de Estadística y Censos (INDEC),Precios
348.1_PATAGONIA_KG__38,patagonia_harina_de_trigo_comun_000_kg,Precios del consumidor patagonia harina de trigo comun 000 kg,R/P1M,2017-06-01,2026-07-01,Índice,Índice de Precios al Consumidor Nacional (IPC). Base diciembre 2016.,Subsecretaría de Programación Macroeconómica,Instituto Nacional de Estadística y Censos (INDEC),Precios
348.1_PATAGONIA_TRO__42,patagonia_leche_fresca_entera_sachet_litro,Precios del consumidor patagonia leche fresca entera sachet litro,R/P1M,2017-06-01,2026-07-01,Índice,Índice de Precios al Consumidor Nacional (IPC). Base diciembre 2016.,Subsecretaría de Programación Macroeconómica,Instituto Nacional de Estadística y Censos (INDEC),Precios
356.1_ALIMENTACIION__12,alimentacion,Costo de vida: alimentacion,R/P1Y,1960-01-01,1975-01-01,Índice,Costo del Nivel de Vida en la Capital Federal.,Subsecretaría de Programación Macroeconómica,Instituto Nacional de Estadística y Censos (INDEC),Precios
356.1_ALOJAMIENTNTO__11,alojamiento,Costo de vida: alojamiento,R/P1Y,1960-01-01,1975-01-01,Índice,Costo del Nivel de Vida en la Capital Federal.,Subsecretaría de Programación Macroeconómica,Instituto Nacional de Estadística y Censos (INDEC),Precios
356.1_GASTOS_GENLES__16,gastos_generales,Costo de vida: gastos generales,R/P1Y,1960-01-01,1975-01-01,Índice,Costo del Nivel de Vida en la Capital Federal.,Subsecretaría de Programación Macroeconómica,Instituto Nacional de Estadística y Censos (INDEC),Precios
356.1_INDUMENTARRIA__12,indumentaria,Costo de vida: indumentaria,R/P1Y,1960-01-01,1975-01-01,Índice,Costo del Nivel de Vida en la Capital Federal.,Subsecretaría de Programación Macroeconómica,Instituto Nacional de Estadística y Censos (INDEC),Precios
356.1_MENAJEAJE__6,menaje,Costo de vida: menaje,R/P1Y,1960-01-01,1975-01-01,Índice,Costo del Nivel de Vida en la Capital Federal.,Subsecretaría de Programación Macroeconómica,Instituto Nacional de Estadística y Censos (INDEC),Precios
356.1_NIVEL_GENELOJ__51,nivel_general_excluidos_alimentos_frescos_serv_aloj,"Costo de vida: nivel general excluidos alimentos frescos, servervicios y alojamiento",R/P1Y,1960-01-01,1975-01-01,Índice,Costo del Nivel de Vida en la Capital Federal.,Subsecretaría de Programación Macroeconómica,Instituto Nacional de Estadística y Censos (INDEC),Precios
356.1_NIVEL_GENENAL__44,nivel_general_corregido_variacion_estacional,Costo de vida: nivel general corregido variacion estacional,R/P1Y,1960-01-01,1975-01-01,Índice,Costo del Nivel de Vida en la Capital Federal.,Subsecretaría de Programación Macroeconómica,Instituto Nacional de Estadística y Censos (INDEC),Precios
356.1_NIVEL_GENERAL__13,nivel_general,Costo de vida: nivel general,R/P1Y,1960-01-01,1975-01-01,Índice,Costo del Nivel de Vida en la Capital Federal.,Subsecretaría de Programación Macroeconómica,Instituto Nacional de Estadística y Censos (INDEC),Precios
356.2_ALIMENTACIION__12,alimentacion,Costo de vida: alimentacion,R/P3M,1974-01-01,1975-10-01,Índice,Costo del Nivel de Vida en la Capital Federal.,Subsecretaría de Programación Macroeconómica,Instituto Nacional de Estadística y Censos (INDEC),Precios
356.2_ALOJAMIENTNTO__11,alojamiento,Costo de vida: alojamiento,R/P3M,1974-01-01,1975-10-01,Índice,Costo del Nivel de Vida en la Capital Federal.,Subsecretaría de Programación Macroeconómica,Instituto Nacional de Estadística y Censos (INDEC),Precios
356.2_GASTOS_GENLES__16,gastos_generales,Costo de vida: gastos generales,R/P3M,1974-01-01,1975-10-01,Índice,Costo del Nivel de Vida en la Capital Federal.,Subsecretaría de Programación Macroeconómica,Instituto Nacional de Estadística y Censos (INDEC),Precios
356.2_INDUMENTARRIA__12,indumentaria,Costo de vida: indumentaria,R/P3M,1974-01-01,1975-10-01,Índice,Costo del Nivel de Vida en la Capital Federal.,Subsecretaría de Programación Macroeconómica,Instituto Nacional de Estadística y Censos (INDEC),Precios
356.2_MENAJEAJE__6,menaje,Costo de vida: menaje,R/P3M,1974-01-01,1975-10-01,Índice,Costo del Nivel de Vida en la Capital Federal.,Subsecretaría de Programación Macroeconómica,Instituto Nacional de Estadística y Censos (INDEC),Precios
356.2_NIVEL_GENELOJ__51,nivel_general_excluidos_alimentos_frescos_serv_aloj,"Costo de vida: nivel general excluidos alimentos frescos, servervicios y alojamiento",R/P3M,1974-01-01,1975-10-01,Índice,Costo del Nivel de Vida en la Capital Federal.,Subsecretaría de Programación Macroeconómica,Instituto Nacional de Estadística y Censos (INDEC),Precios
356.2_NIVEL_GENENAL__44,nivel_general_corregido_variacion_estacional,Costo de vida: nivel general corregido variacion estacional,R/P3M,1974-01-01,1975-10-01,Índice,Costo del Nivel de Vida en la Capital Federal.,Subsecretaría de Programación Macroeconómica,Instituto Nacional de Estadística y Censos (INDEC),Precios
356.2_NIVEL_GENERAL__13,nivel_general,Costo de vida: nivel general,R/P3M,1974-01-01,1975-10-01,Índice,Costo del Nivel de Vida en la Capital Federal.,Subsecretaría de Programación Macroeconómica,Instituto Nacional de Estadística y Censos (INDEC),Precios
399.1_PRECIO_INFIOR_M_PAQU_0_15_18,precio_inferior,Precio inferior,R/P1M,2005-01-01,2025-07-01,Pesos,Precios de paquetes de cigarrillos vendidos equivalentes a veinte unidades,Subsecretaría de Programación Macroeconómica,"Secretaría de Agricultura, Ganadería y Pesca, Ministerio de Economía",Precios
399.1_PRECIO_SUPIOR_M_PAQU_0_15_54,precio_superior,Precio superior,R/P1M,2005-01-01,2025-07-01,Pesos,Precios de paquetes de cigarrillos vendidos equivalentes a veinte unidades,Subsecretaría de Programación Macroeconómica,"Secretaría de Agricultura, Ganadería y Pesca, Ministerio de Economía",Precios
399.1_PROMEDIO_PADO_M_PAQU_0_18_89,promedio_ponderado,Promedio ponderado,R/P1M,2005-01-01,2025-07-01,Pesos,Precios de paquetes de cigarrillos vendidos equivalentes a veinte unidades,Subsecretaría de Programación Macroeconómica,"Secretaría de Agricultura, Ganadería y Pesca, Ministerio de Economía",Precios
430.1_MEDIANA_IP016_M_0_0_27_16,rem_ipc_nac_var_ia_2016,REM: Mediana IPC Nacional var ia 2016,R/P1M,2016-06-01,2016-11-01,Variación Porcentual,Relevamiento de Expectativas de Mercado (REM),Subsecretaría de Programación Macroeconómica,Banco Central de la República Argentina (BCRA),Precios
430.1_MEDIANA_IP016_M_0_0_27_25,rem_tcn_var_ia_2016,REM: Mediana Tipo de Cambio Nominal var ia 2016,R/P1M,2016-06-01,2016-11-01,Variación Porcentual,Relevamiento de Expectativas de Mercado (REM),Subsecretaría de Programación Macroeconómica,Banco Central de la República Argentina (BCRA),Precios
430.1_MEDIANA_IP016_M_0_0_27_81,rem_ipc_gba_var_ia_2016,REM: Mediana IPC GBA var ia 2016,R/P1M,2016-06-01,2016-11-01,Variación Porcentual,Relevamiento de Expectativas de Mercado (REM),Subsecretaría de Programación Macroeconómica,Banco Central de la República Argentina (BCRA),Precios
430.1_MEDIANA_IP016_M_0_0_34_80,rem_ipc_gba_nucleo_var_ia_2016,REM: Mediana IPC GBA núcleo var ia 2016,R/P1M,2016-08-01,2016-11-01,Variación Porcentual,Relevamiento de Expectativas de Mercado (REM),Subsecretaría de Programación Macroeconómica,Banco Central de la República Argentina (BCRA),Precios
430.1_MEDIANA_IP016_M_0_0_37_40,rem_tasa_politica_var_ia_2016,REM:Mediana Tasa de Interés var ia 2016,R/P1M,2016-06-01,2016-11-01,Variación Porcentual,Relevamiento de Expectativas de Mercado (REM),Subsecretaría de Programación Macroeconómica,Banco Central de la República Argentina (BCRA),Precios
430.1_MEDIANA_IP016_M_0_0_44_57,rem_pib_var_ia_2016,REM: mediana PIB a precios constantes var ia 2016,R/P1M,2016-06-01,2016-11-01,Variación Porcentual,Relevamiento de Expectativas de Mercado (REM),Subsecretaría de Programación Macroeconómica,Banco Central de la República Argentina (BCRA),Precios
430.1_MEDIANA_IP016_M_0_0_47_87,rem_resultado_primario_spnf_var_ia_2016,REM:Mediana Resultado Primario Sector Público No Financiero var ia 2016,R/P1M,2016-06-01,2016-11-01,Miles de millones de pesos,Relevamiento de Expectativas de Mercado (REM),Subsecretaría de Programación Macroeconómica,Banco Central de la República Argentina (BCRA),Precios
430.1_MEDIANA_IP017_M_0_0_27_12,rem_tcn_var_ia_2017,REM: Mediana Tipo de Cambio Nominal var ia 2017,R/P1M,2016-06-01,2017-11-01,Variación Porcentual,Relevamiento de Expectativas de Mercado (REM),Subsecretaría de Programación Macroeconómica,Banco Central de la República Argentina (BCRA),Precios
430.1_MEDIANA_IP017_M_0_0_27_23,rem_ipc_nac_var_ia_2017,REM: Mediana IPC Nacional var ia 2017,R/P1M,2016-06-01,2017-11-01,Variación Porcentual,Relevamiento de Expectativas de Mercado (REM),Subsecretaría de Programación Macroeconómica,Banco Central de la República Argentina (BCRA),Precios
430.1_MEDIANA_IP017_M_0_0_27_70,rem_ipc_gba_var_ia_2017,REM: Mediana IPC GBA var ia 2017,R/P1M,2016-06-01,2017-11-01,Variación Porcentual,Relevamiento de Expectativas de Mercado (REM),Subsecretaría de Programación Macroeconómica,Banco Central de la República Argentina (BCRA),Precios
430.1_MEDIANA_IP017_M_0_0_34_31,rem_ipc_nac_nucleo_var_ia_2017,REM: Mediana IPC Nacional núcleo var ia 2017,R/P1M,2017-07-01,2017-11-01,Variación Porcentual,Relevamiento de Expectativas de Mercado (REM),Subsecretaría de Programación Macroeconómica,Banco Central de la República Argentina (BCRA),Precios
430.1_MEDIANA_IP017_M_0_0_34_45,rem_ipc_gba_nucleo_var_ia_2017,REM: Mediana IPC GBA núcleo var ia 2017,R/P1M,2016-08-01,2017-11-01,Variación Porcentual,Relevamiento de Expectativas de Mercado (REM),Subsecretaría de Programación Macroeconómica,Banco Central de la República Argentina (BCRA),Precios
430.1_MEDIANA_IP017_M_0_0_37_1,rem_tasa_politica_var_ia_2017,REM:Mediana Tasa de Interés var ia 2017,R/P1M,2016-06-01,2017-11-01,Variación Porcentual,Relevamiento de Expectativas de Mercado (REM),Subsecretaría de Programación Macroeconómica,Banco Central de la República Argentina (BCRA),Precios
430.1_MEDIANA_IP017_M_0_0_44_63,rem_pib_var_ia_2017,REM: mediana PIB a precios constantes var ia 2017,R/P1M,2016-06-01,2017-11-01,Variación Porcentual,Relevamiento de Expectativas de Mercado (REM),Subsecretaría de Programación Macroeconómica,Banco Central de la República Argentina (BCRA),Precios
430.1_MEDIANA_IP017_M_0_0_47_13,rem_resultado_primario_spnf_var_ia_2017,REM:Mediana Resultado Primario Sector Público No Financiero var ia 2017,R/P1M,2016-06-01,2017-11-01,Miles de millones de pesos,Relevamiento de Expectativas de Mercado (REM),Subsecretaría de Programación Macroeconómica,Banco Central de la República Argentina (BCRA),Precios
430.1_MEDIANA_IP018_M_0_0_27_77,rem_ipc_gba_var_ia_2018,REM: Mediana IPC GBA var ia 2018,R/P1M,2016-10-01,2017-06-01,Variación Porcentual,Relevamiento de Expectativas de Mercado (REM),Subsecretaría de Programación Macroeconómica,Banco Central de la República Argentina (BCRA),Precios
430.1_MEDIANA_IP018_M_0_0_27_8,rem_tcn_var_ia_2018,REM: Mediana Tipo de Cambio Nominal var ia 2018,R/P1M,2016-10-01,2018-11-01,Variación Porcentual,Relevamiento de Expectativas de Mercado (REM),Subsecretaría de Programación Macroeconómica,Banco Central de la República Argentina (BCRA),Precios
430.1_MEDIANA_IP018_M_0_0_27_82,rem_ipc_nac_var_ia_2018,REM: Mediana IPC Nacional var ia 2018,R/P1M,2016-10-01,2018-11-01,Variación Porcentual,Relevamiento de Expectativas de Mercado (REM),Subsecretaría de Programación Macroeconómica,Banco Central de la República Argentina (BCRA),Precios
430.1_MEDIANA_IP018_M_0_0_34_46,rem_ipc_gba_nucleo_var_ia_2018,REM: Mediana IPC GBA núcleo var ia 2018,R/P1M,2016-08-01,2017-06-01,Variación Porcentual,Relevamiento de Expectativas de Mercado (REM),Subsecretaría de Programación Macroeconómica,Banco Central de la República Argentina (BCRA),Precios
430.1_MEDIANA_IP018_M_0_0_34_87,rem_ipc_nac_nucleo_var_ia_2018,REM: Mediana IPC Nacional núcleo var ia 2018,R/P1M,2017-07-01,2018-11-01,Variación Porcentual,Relevamiento de Expectativas de Mercado (REM),Subsecretaría de Programación Macroeconómica,Banco Central de la República Argentina (BCRA),Precios
430.1_MEDIANA_IP018_M_0_0_37_58,rem_tasa_politica_var_ia_2018,REM:Mediana Tasa de Interés var ia 2018,R/P1M,2016-10-01,2018-11-01,Variación Porcentual,Relevamiento de Expectativas de Mercado (REM),Subsecretaría de Programación Macroeconómica,Banco Central de la República Argentina (BCRA),Precios
430.1_MEDIANA_IP018_M_0_0_44_3,rem_pib_var_ia_2018,REM: mediana PIB a precios constantes var ia 2018,R/P1M,2016-10-01,2018-11-01,Variación Porcentual,Relevamiento de Expectativas de Mercado (REM),Subsecretaría de Programación Macroeconómica,Banco Central de la República Argentina (BCRA),Precios
430.1_MEDIANA_IP018_M_0_0_47_74,rem_resultado_primario_spnf_var_ia_2018,REM:Mediana Resultado Primario Sector Público No Financiero var ia 2018,R/P1M,2016-10-01,2018-11-01,Miles de millones de pesos,Relevamiento de Expectativas de Mercado (REM),Subsecretaría de Programación Macroeconómica,Banco Central de la República Argentina (BCRA),Precios
430.1_MEDIANA_IP019_M_0_0_27_11,rem_ipc_gba_var_ia_2019,REM: Mediana IPC GBA var ia 2019,R/P1M,2016-12-01,2017-06-01,Variación Porcentual,Relevamiento de Expectativas de Mercado (REM),Subsecretaría de Programación Macroeconómica,Banco Central de la República Argentina (BCRA),Precios
430.1_MEDIANA_IP019_M_0_0_27_8,rem_ipc_nac_var_ia_2019,REM: Mediana IPC Nacional var ia 2019,R/P1M,2016-10-01,2019-11-01,Variación Porcentual,Relevamiento de Expectativas de Mercado (REM),Subsecretaría de Programación Macroeconómica,Banco Central de la República Argentina (BCRA),Precios
430.1_MEDIANA_IP019_M_0_0_34_29,rem_ipc_nac_nucleo_var_ia_2019,REM: Mediana IPC Nacional núcleo var ia 2019,R/P1M,2017-07-01,2019-11-01,Variación Porcentual,Relevamiento de Expectativas de Mercado (REM),Subsecretaría de Programación Macroeconómica,Banco Central de la República Argentina (BCRA),Precios
430.1_MEDIANA_IP019_M_0_0_34_46,rem_ipc_gba_nucleo_var_ia_2019,REM: Mediana IPC GBA núcleo var ia 2019,R/P1M,2016-12-01,2017-06-01,Variación Porcentual,Relevamiento de Expectativas de Mercado (REM),Subsecretaría de Programación Macroeconómica,Banco Central de la República Argentina (BCRA),Precios
430.1_MEDIANA_IP019_M_0_0_44_45,rem_pib_var_ia_2019,REM: mediana PIB a precios constantes var ia 2019,R/P1M,2016-10-01,2019-11-01,Variación Porcentual,Relevamiento de Expectativas de Mercado (REM),Subsecretaría de Programación Macroeconómica,Banco Central de la República Argentina (BCRA),Precios
430.1_MEDIANA_IP019_M_0_0_47_19,rem_resultado_primario_spnf_var_ia_2019,REM:Mediana Resultado Primario Sector Público No Financiero var ia 2019,R/P1M,2017-12-01,2019-11-01,Miles de millones de pesos,Relevamiento de Expectativas de Mercado (REM),Subsecretaría de Programación Macroeconómica,Banco Central de la República Argentina (BCRA),Precios
430.1_MEDIANA_IP020_M_0_0_27_94,rem_ipc_nac_var_ia_2020,REM: Mediana IPC Nacional var ia 2020,R/P1M,2017-12-01,2020-11-01,Variación Porcentual,Relevamiento de Expectativas de Mercado (REM),Subsecretaría de Programación Macroeconómica,Banco Central de la República Argentina (BCRA),Precios
430.1_MEDIANA_IP020_M_0_0_34_94,rem_ipc_nac_nucleo_var_ia_2020,REM: Mediana IPC Nacional núcleo var ia 2020,R/P1M,2017-12-01,2020-11-01,Variación Porcentual,Relevamiento de Expectativas de Mercado (REM),Subsecretaría de Programación Macroeconómica,Banco Central de la República Argentina (BCRA),Precios
430.1_MEDIANA_IP020_M_0_0_44_64,rem_pib_var_ia_2020,REM: mediana PIB a precios constantes var ia 2020,R/P1M,2017-12-01,2020-11-01,Variación Porcentual,Relevamiento de Expectativas de Mercado (REM),Subsecretaría de Programación Macroeconómica,Banco Central de la República Argentina (BCRA),Precios
430.1_MEDIANA_IPL_T_M_0_0_46_42,rem_pib_var_trimestral_t,REM: mediana PIB a precios constantes variación trimestral sin estacionalidad t,R/P1M,2016-10-01,2025-08-01,Variación Porcentual,Relevamiento de Expectativas de Mercado (REM),Subsecretaría de Programación Macroeconómica,Banco Central de la República Argentina (BCRA),Precios
430.1_MEDIANA_IPT_1_M_0_0_31_2,rem_tcn_var_mensual_t_1,REM: Mediana Tipo de Cambio Nominal var mensual t 1,R/P1M,2016-06-01,2025-08-01,Variación Porcentual,Relevamiento de Expectativas de Mercado (REM),Subsecretaría de Programación Macroeconómica,Banco Central de la República Argentina (BCRA),Precios
430.1_MEDIANA_IPT_1_M_0_0_31_29,rem_ipc_nac_var_mensual_t_1,REM: Mediana IPC Nacional var mensual t 1,R/P1M,2016-06-01,2025-12-01,Variación Porcentual,Relevamiento de Expectativas de Mercado (REM),Subsecretaría de Programación Macroeconómica,Banco Central de la República Argentina (BCRA),Precios
430.1_MEDIANA_IPT_1_M_0_0_31_92,rem_ipc_gba_var_mensual_t_1,REM: Mediana IPC GBA var mensual t 1,R/P1M,2016-06-01,2017-11-01,Variación Porcentual,Relevamiento de Expectativas de Mercado (REM),Subsecretaría de Programación Macroeconómica,Banco Central de la República Argentina (BCRA),Precios
430.1_MEDIANA_IPT_1_M_0_0_38_3,rem_ipc_nac_nucleo_var_mensual_t_1,REM: Mediana IPC Nacional núcleo var mensual t 1,R/P1M,2017-07-01,2025-12-01,Variación Porcentual,Relevamiento de Expectativas de Mercado (REM),Subsecretaría de Programación Macroeconómica,Banco Central de la República Argentina (BCRA),Precios
430.1_MEDIANA_IPT_1_M_0_0_38_80,rem_ipc_gba_nucleo_var_mensual_t_1,REM: Mediana IPC GBA núcleo var mensual t 1,R/P1M,2016-08-01,2017-11-01,Variación Porcentual,Relevamiento de Expectativas de Mercado (REM),Subsecretaría de Programación Macroeconómica,Banco Central de la República Argentina (BCRA),Precios
430.1_MEDIANA_IPT_1_M_0_0_41_90,rem_tasa_politica_var_mensual_t_1,REM:Mediana Tasa de Interés var mensual t 1,R/P1M,2016-06-01,2025-08-01,Variación Porcentual,Relevamiento de Expectativas de Mercado (REM),Subsecretaría de Programación Macroeconómica,Banco Central de la República Argentina (BCRA),Precios
430.1_MEDIANA_IPT_1_M_0_0_48_46,rem_pib_var_trimestral_t_1,REM: mediana PIB a precios constantes variación trimestral sin estacionalidad t 1,R/P1M,2016-10-01,2025-08-01,Variación Porcentual,Relevamiento de Expectativas de Mercado (REM),Subsecretaría de Programación Macroeconómica,Banco Central de la República Argentina (BCRA),Precios
430.1_MEDIANA_IPT_2_M_0_0_31_11,rem_tcn_var_mensual_t_2,REM: Mediana Tipo de Cambio Nominal var mensual t 2,R/P1M,2016-06-01,2025-08-01,Variación Porcentual,Relevamiento de Expectativas de Mercado (REM),Subsecretaría de Programación Macroeconómica,Banco Central de la República Argentina (BCRA),Precios
430.1_MEDIANA_IPT_2_M_0_0_31_73,rem_ipc_nac_var_mensual_t_2,REM: Mediana IPC Nacional var mensual t 2,R/P1M,2016-06-01,2025-12-01,Variación Porcentual,Relevamiento de Expectativas de Mercado (REM),Subsecretaría de Programación Macroeconómica,Banco Central de la República Argentina (BCRA),Precios
430.1_MEDIANA_IPT_2_M_0_0_31_84,rem_ipc_gba_var_mensual_t_2,REM: Mediana IPC GBA var mensual t 2,R/P1M,2016-06-01,2017-10-01,Variación Porcentual,Relevamiento de Expectativas de Mercado (REM),Subsecretaría de Programación Macroeconómica,Banco Central de la República Argentina (BCRA),Precios
430.1_MEDIANA_IPT_2_M_0_0_38_7,rem_ipc_gba_nucleo_var_mensual_t_2,REM: Mediana IPC GBA núcleo var mensual t 2,R/P1M,2016-08-01,2017-10-01,Variación Porcentual,Relevamiento de Expectativas de Mercado (REM),Subsecretaría de Programación Macroeconómica,Banco Central de la República Argentina (BCRA),Precios
430.1_MEDIANA_IPT_2_M_0_0_38_85,rem_ipc_nac_nucleo_var_mensual_t_2,REM: Mediana IPC Nacional núcleo var mensual t 2,R/P1M,2017-07-01,2025-12-01,Variación Porcentual,Relevamiento de Expectativas de Mercado (REM),Subsecretaría de Programación Macroeconómica,Banco Central de la República Argentina (BCRA),Precios
430.1_MEDIANA_IPT_2_M_0_0_41_23,rem_tasa_politica_var_mensual_t_2,REM:Mediana Tasa de Interés var mensual t 2,R/P1M,2016-06-01,2025-08-01,Variación Porcentual,Relevamiento de Expectativas de Mercado (REM),Subsecretaría de Programación Macroeconómica,Banco Central de la República Argentina (BCRA),Precios
430.1_MEDIANA_IPT_2_M_0_0_48_24,rem_pib_var_trimestral_t_2,REM: mediana PIB a precios constantes variación trimestral sin estacionalidad t 2,R/P1M,2016-12-01,2025-06-01,Variación Porcentual,Relevamiento de Expectativas de Mercado (REM),Subsecretaría de Programación Macroeconómica,Banco Central de la República Argentina (BCRA),Precios
430.1_MEDIANA_IPT_3_M_0_0_31_26,rem_ipc_nac_var_mensual_t_3,REM: Mediana IPC Nacional var mensual t 3,R/P1M,2016-06-01,2025-12-01,Variación Porcentual,Relevamiento de Expectativas de Mercado (REM),Subsecretaría de Programación Macroeconómica,Banco Central de la República Argentina (BCRA),Precios
430.1_MEDIANA_IPT_3_M_0_0_31_43,rem_ipc_gba_var_mensual_t_3,REM: Mediana IPC GBA var mensual t 3,R/P1M,2016-06-01,2017-09-01,Variación Porcentual,Relevamiento de Expectativas de Mercado (REM),Subsecretaría de Programación Macroeconómica,Banco Central de la República Argentina (BCRA),Precios
430.1_MEDIANA_IPT_3_M_0_0_31_45,rem_tcn_var_mensual_t_3,REM: Mediana Tipo de Cambio Nominal var mensual t 3,R/P1M,2016-06-01,2025-08-01,Variación Porcentual,Relevamiento de Expectativas de Mercado (REM),Subsecretaría de Programación Macroeconómica,Banco Central de la República Argentina (BCRA),Precios
430.1_MEDIANA_IPT_3_M_0_0_38_39,rem_ipc_nac_nucleo_var_mensual_t_3,REM: Mediana IPC Nacional núcleo var mensual t 3,R/P1M,2017-07-01,2025-12-01,Variación Porcentual,Relevamiento de Expectativas de Mercado (REM),Subsecretaría de Programación Macroeconómica,Banco Central de la República Argentina (BCRA),Precios
430.1_MEDIANA_IPT_3_M_0_0_38_91,rem_ipc_gba_nucleo_var_mensual_t_3,REM: Mediana IPC GBA núcleo var mensual t 3,R/P1M,2016-08-01,2017-09-01,Variación Porcentual,Relevamiento de Expectativas de Mercado (REM),Subsecretaría de Programación Macroeconómica,Banco Central de la República Argentina (BCRA),Precios
430.1_MEDIANA_IPT_3_M_0_0_41_26,rem_tasa_politica_var_mensual_t_3,REM:Mediana Tasa de Interés var mensual t 3,R/P1M,2016-06-01,2025-08-01,Variación Porcentual,Relevamiento de Expectativas de Mercado (REM),Subsecretaría de Programación Macroeconómica,Banco Central de la República Argentina (BCRA),Precios
430.1_MEDIANA_IPT_4_M_0_0_31_2,rem_ipc_gba_var_mensual_t_4,REM: Mediana IPC GBA var mensual t 4,R/P1M,2016-06-01,2017-08-01,Variación Porcentual,Relevamiento de Expectativas de Mercado (REM),Subsecretaría de Programación Macroeconómica,Banco Central de la República Argentina (BCRA),Precios
430.1_MEDIANA_IPT_4_M_0_0_31_45,rem_tcn_var_mensual_t_4,REM: Mediana Tipo de Cambio Nominal var mensual t 4,R/P1M,2016-06-01,2025-08-01,Variación Porcentual,Relevamiento de Expectativas de Mercado (REM),Subsecretaría de Programación Macroeconómica,Banco Central de la República Argentina (BCRA),Precios
430.1_MEDIANA_IPT_4_M_0_0_31_49,rem_ipc_nac_var_mensual_t_4,REM: Mediana IPC Nacional var mensual t 4,R/P1M,2016-06-01,2025-12-01,Variación Porcentual,Relevamiento de Expectativas de Mercado (REM),Subsecretaría de Programación Macroeconómica,Banco Central de la República Argentina (BCRA),Precios
430.1_MEDIANA_IPT_4_M_0_0_38_7,rem_ipc_gba_nucleo_var_mensual_t_4,REM: Mediana IPC GBA núcleo var mensual t 4,R/P1M,2016-08-01,2017-08-01,Variación Porcentual,Relevamiento de Expectativas de Mercado (REM),Subsecretaría de Programación Macroeconómica,Banco Central de la República Argentina (BCRA),Precios
430.1_MEDIANA_IPT_4_M_0_0_38_95,rem_ipc_nac_nucleo_var_mensual_t_4,REM: Mediana IPC Nacional núcleo var mensual t 4,R/P1M,2017-07-01,2025-12-01,Variación Porcentual,Relevamiento de Expectativas de Mercado (REM),Subsecretaría de Programación Macroeconómica,Banco Central de la República Argentina (BCRA),Precios
430.1_MEDIANA_IPT_4_M_0_0_41_5,rem_tasa_politica_var_mensual_t_4,REM:Mediana Tasa de Interés var mensual t 4,R/P1M,2016-06-01,2025-08-01,Variación Porcentual,Relevamiento de Expectativas de Mercado (REM),Subsecretaría de Programación Macroeconómica,Banco Central de la República Argentina (BCRA),Precios
430.1_MEDIANA_IPT_5_M_0_0_31_0,rem_tcn_var_mensual_t_5,REM: Mediana Tipo de Cambio Nominal var mensual t 5,R/P1M,2016-06-01,2025-08-01,Variación Porcentual,Relevamiento de Expectativas de Mercado (REM),Subsecretaría de Programación Macroeconómica,Banco Central de la República Argentina (BCRA),Precios
430.1_MEDIANA_IPT_5_M_0_0_31_100,rem_ipc_nac_var_mensual_t_5,REM: Mediana IPC Nacional var mensual t 5,R/P1M,2016-06-01,2025-12-01,Variación Porcentual,Relevamiento de Expectativas de Mercado (REM),Subsecretaría de Programación Macroeconómica,Banco Central de la República Argentina (BCRA),Precios
430.1_MEDIANA_IPT_5_M_0_0_31_45,rem_ipc_gba_var_mensual_t_5,REM: Mediana IPC GBA var mensual t 5,R/P1M,2016-06-01,2017-07-01,Variación Porcentual,Relevamiento de Expectativas de Mercado (REM),Subsecretaría de Programación Macroeconómica,Banco Central de la República Argentina (BCRA),Precios
430.1_MEDIANA_IPT_5_M_0_0_38_26,rem_ipc_gba_nucleo_var_mensual_t_5,REM: Mediana IPC GBA núcleo var mensual t 5,R/P1M,2016-08-01,2017-07-01,Variación Porcentual,Relevamiento de Expectativas de Mercado (REM),Subsecretaría de Programación Macroeconómica,Banco Central de la República Argentina (BCRA),Precios
430.1_MEDIANA_IPT_5_M_0_0_38_73,rem_ipc_nac_nucleo_var_mensual_t_5,REM: Mediana IPC Nacional núcleo var mensual t 5,R/P1M,2017-07-01,2025-12-01,Variación Porcentual,Relevamiento de Expectativas de Mercado (REM),Subsecretaría de Programación Macroeconómica,Banco Central de la República Argentina (BCRA),Precios
430.1_MEDIANA_IPT_5_M_0_0_41_45,rem_tasa_politica_var_mensual_t_5,REM:Mediana Tasa de Interés var mensual t 5,R/P1M,2016-06-01,2025-08-01,Variación Porcentual,Relevamiento de Expectativas de Mercado (REM),Subsecretaría de Programación Macroeconómica,Banco Central de la República Argentina (BCRA),Precios
430.1_MEDIANA_IPT_6_M_0_0_31_24,rem_ipc_nac_var_mensual_t_6,REM: Mediana IPC Nacional var mensual t 6,R/P1M,2016-06-01,2025-12-01,Variación Porcentual,Relevamiento de Expectativas de Mercado (REM),Subsecretaría de Programación Macroeconómica,Banco Central de la República Argentina (BCRA),Precios
430.1_MEDIANA_IPT_6_M_0_0_31_46,rem_tcn_var_mensual_t_6,REM: Mediana Tipo de Cambio Nominal var mensual t 6,R/P1M,2016-06-01,2025-08-01,Variación Porcentual,Relevamiento de Expectativas de Mercado (REM),Subsecretaría de Programación Macroeconómica,Banco Central de la República Argentina (BCRA),Precios
430.1_MEDIANA_IPT_6_M_0_0_31_55,rem_ipc_gba_var_mensual_t_6,REM: Mediana IPC GBA var mensual t 6,R/P1M,2016-06-01,2017-06-01,Variación Porcentual,Relevamiento de Expectativas de Mercado (REM),Subsecretaría de Programación Macroeconómica,Banco Central de la República Argentina (BCRA),Precios
430.1_MEDIANA_IPT_6_M_0_0_38_44,rem_ipc_nac_nucleo_var_mensual_t_6,REM: Mediana IPC Nacional núcleo var mensual t 6,R/P1M,2017-07-01,2025-12-01,Variación Porcentual,Relevamiento de Expectativas de Mercado (REM),Subsecretaría de Programación Macroeconómica,Banco Central de la República Argentina (BCRA),Precios
430.1_MEDIANA_IPT_6_M_0_0_38_57,rem_ipc_gba_nucleo_var_mensual_t_6,REM: Mediana IPC GBA núcleo var mensual t 6,R/P1M,2016-08-01,2017-06-01,Variación Porcentual,Relevamiento de Expectativas de Mercado (REM),Subsecretaría de Programación Macroeconómica,Banco Central de la República Argentina (BCRA),Precios
430.1_MEDIANA_IPT_6_M_0_0_41_25,rem_tasa_politica_var_mensual_t_6,REM:Mediana Tasa de Interés var mensual t 6,R/P1M,2016-06-01,2025-08-01,Variación Porcentual,Relevamiento de Expectativas de Mercado (REM),Subsecretaría de Programación Macroeconómica,Banco Central de la República Argentina (BCRA),Precios
430.1_MEDIANA_IP_12_M_0_0_27_50,rem_ipc_gba_var_ia_t_12,REM: Mediana IPC GBA var ia t 12,R/P1M,2016-06-01,2017-06-01,Variación Porcentual,Relevamiento de Expectativas de Mercado (REM),Subsecretaría de Programación Macroeconómica,Banco Central de la República Argentina (BCRA),Precios
430.1_MEDIANA_IP_12_M_0_0_27_59,rem_tcn_var_ia_t_12,REM: Mediana Tipo de Cambio Nominal var ia t 12,R/P1M,2016-06-01,2025-08-01,Variación Porcentual,Relevamiento de Expectativas de Mercado (REM),Subsecretaría de Programación Macroeconómica,Banco Central de la República Argentina (BCRA),Precios
430.1_MEDIANA_IP_12_M_0_0_27_96,rem_ipc_nac_var_ia_t_12,REM: Mediana IPC Nacional var ia t 12,R/P1M,2016-06-01,2025-12-01,Variación Porcentual,Relevamiento de Expectativas de Mercado (REM),Subsecretaría de Programación Macroeconómica,Banco Central de la República Argentina (BCRA),Precios
430.1_MEDIANA_IP_12_M_0_0_34_52,rem_ipc_nac_nucleo_var_ia_t_12,REM: Mediana IPC Nacionalional núcleo var ia t 12,R/P1M,2017-07-01,2025-12-01,Variación Porcentual,Relevamiento de Expectativas de Mercado (REM),Subsecretaría de Programación Macroeconómica,Banco Central de la República Argentina (BCRA),Precios
430.1_MEDIANA_IP_12_M_0_0_34_78,rem_ipc_gba_nucleo_var_ia_t_12,REM: Mediana IPC GBA núcleo var ia t 12,R/P1M,2016-08-01,2017-06-01,Variación Porcentual,Relevamiento de Expectativas de Mercado (REM),Subsecretaría de Programación Macroeconómica,Banco Central de la República Argentina (BCRA),Precios
430.1_MEDIANA_IP_12_M_0_0_37_52,rem_tasa_politica_var_ia_t_12,REM:Mediana Tasa de Interés var ia t 12,R/P1M,2016-06-01,2025-08-01,Variación Porcentual,Relevamiento de Expectativas de Mercado (REM),Subsecretaría de Programación Macroeconómica,Banco Central de la República Argentina (BCRA),Precios
430.1_MEDIANA_IP_24_M_0_0_28_4,rem_ipc__nac_var_ia_t_24,REM: Mediana IPC Nacional var ia t 24,R/P1M,2016-06-01,2025-12-01,Variación Porcentual,Relevamiento de Expectativas de Mercado (REM),Subsecretaría de Programación Macroeconómica,Banco Central de la República Argentina (BCRA),Precios
430.1_MEDIANA_IP_24_M_0_0_28_67,rem_ipc__gba_var_ia_t_24,REM: mediana ipc  gba var ia t 24,R/P1M,2016-06-01,2017-06-01,Variación Porcentual,Relevamiento de Expectativas de Mercado (REM),Subsecretaría de Programación Macroeconómica,Banco Central de la República Argentina (BCRA),Precios
430.1_MEDIANA_IP_24_M_0_0_35_44,rem_ipc__gba_nucleo_var_ia_t_24,REM: Mediana IPC GBA núcleo var ia t 24,R/P1M,2016-08-01,2017-06-01,Variación Porcentual,Relevamiento de Expectativas de Mercado (REM),Subsecretaría de Programación Macroeconómica,Banco Central de la República Argentina (BCRA),Precios
430.1_MEDIANA_IP_24_M_0_0_35_53,rem_ipc__nac_nucleo_var_ia_t_24,REM: Mediana IPC Nacional núcleo var ia t 24,R/P1M,2017-07-01,2025-12-01,Variación Porcentual,Relevamiento de Expectativas de Mercado (REM),Subsecretaría de Programación Macroeconómica,Banco Central de la República Argentina (BCRA),Precios
430.1_REM_DESOCU021_M_0_0_24_41,rem_desocupacion_4t_2021,REM: mediana de desocupación abierta en cuarto trimestre 2021,R/P1M,2020-12-01,2021-11-01,% de la PEA,Relevamiento de Expectativas de Mercado (REM),Subsecretaría de Programación Macroeconómica,Banco Central de la República Argentina (BCRA),Precios
430.1_REM_DESOCU022_M_0_0_24_25,rem_desocupacion_4t_2022,REM: mediana de desocupación abierta en cuarto trimestre 2022,R/P1M,2020-12-01,2022-11-01,% de la PEA,Relevamiento de Expectativas de Mercado (REM),Subsecretaría de Programación Macroeconómica,Banco Central de la República Argentina (BCRA),Precios
430.1_REM_DESOCU023_M_0_0_24_18,rem_desocupacion_4t_2024,REM: mediana de desocupación abierta en cuarto trimestre 2024,R/P1M,2022-12-01,2024-12-01,% de la PEA,Relevamiento de Expectativas de Mercado (REM),Subsecretaría de Programación Macroeconómica,Banco Central de la República Argentina (BCRA),Precios
430.1_REM_DESOCU023_M_0_0_24_53,rem_desocupacion_4t_2023,REM: mediana de desocupación abierta en cuarto trimestre 2023,R/P1M,2021-11-01,2023-11-01,% de la PEA,Relevamiento de Expectativas de Mercado (REM),Subsecretaría de Programación Macroeconómica,Banco Central de la República Argentina (BCRA),Precios
430.1_REM_DESOCU025_M_0_0_24_34,rem_desocupacion_4t_2025,REM: mediana de desocupación abierta en cuarto trimestre 2025,R/P1M,2023-12-01,2025-07-01,% de la PEA,Relevamiento de Expectativas de Mercado (REM),Subsecretaría de Programación Macroeconómica,Banco Central de la República Argentina (BCRA),Precios
430.1_REM_DESOCU026_M_0_0_24_94,rem_desocupacion_4t_2026,REM: mediana de desocupación abierta en cuarto trimestre 2026,R/P1M,2024-12-01,2025-07-01,% de la PEA,Relevamiento de Expectativas de Mercado (REM),Subsecretaría de Programación Macroeconómica,Banco Central de la República Argentina (BCRA),Precios
430.1_REM_DESOCUN_T_M_0_0_18_84,rem_desocupacion_t,REM: mediana de desocupación abierta en el trimestre t,R/P1M,2020-12-01,2025-07-01,% de la PEA,Relevamiento de Expectativas de Mercado (REM),Subsecretaría de Programación Macroeconómica,Banco Central de la República Argentina (BCRA),Precios
430.1_REM_DESOCUT_1_M_0_0_20_63,rem_desocupacion_t_1,REM: mediana de desocupación abierta en el trimestre t 1,R/P1M,2020-12-01,2025-07-01,% de la PEA,Relevamiento de Expectativas de Mercado (REM),Subsecretaría de Programación Macroeconómica,Banco Central de la República Argentina (BCRA),Precios
430.1_REM_DESOCUT_2_M_0_0_20_68,rem_desocupacion_t_2,REM: mediana de desocupación abierta en el trimestre t 2,R/P1M,2020-12-01,2025-07-01,% de la PEA,Relevamiento de Expectativas de Mercado (REM),Subsecretaría de Programación Macroeconómica,Banco Central de la República Argentina (BCRA),Precios
430.1_REM_DESOCU_MENOS_M_0_0_21_44,rem_desocupacion_t_menos_1,REM: mediana de desocupación abierta en el trimestre t -1,R/P1M,2021-01-01,2025-02-01,% de la PEA,Relevamiento de Expectativas de Mercado (REM),Subsecretaría de Programación Macroeconómica,Banco Central de la República Argentina (BCRA),Precios
430.1_REM_EXPO_A021_M_0_0_19_55,rem_expo_anual_2021,REM: mediana de exportaciones en miles de millones de dólares 2021,R/P1M,2020-12-01,2021-11-01,Miles de millones de dólares,Relevamiento de Expectativas de Mercado (REM),Subsecretaría de Programación Macroeconómica,Banco Central de la República Argentina (BCRA),Precios
430.1_REM_EXPO_A022_M_0_0_19_12,rem_expo_anual_2022,REM: mediana de exportaciones en miles de millones de dólares 2022,R/P1M,2020-12-01,2022-11-01,Miles de millones de dólares,Relevamiento de Expectativas de Mercado (REM),Subsecretaría de Programación Macroeconómica,Banco Central de la República Argentina (BCRA),Precios
430.1_REM_EXPO_A023_M_0_0_19_27,rem_expo_anual_2024,REM: mediana de exportaciones en miles de millones de dólares 2024,R/P1M,2022-12-01,2025-07-01,Miles de millones de dólares,Relevamiento de Expectativas de Mercado (REM),Subsecretaría de Programación Macroeconómica,Banco Central de la República Argentina (BCRA),Precios
430.1_REM_EXPO_A023_M_0_0_19_36,rem_expo_anual_2023,REM: mediana de exportaciones en miles de millones de dólares 2023,R/P1M,2021-11-01,2023-11-01,Miles de millones de dólares,Relevamiento de Expectativas de Mercado (REM),Subsecretaría de Programación Macroeconómica,Banco Central de la República Argentina (BCRA),Precios
430.1_REM_EXPO_A025_M_0_0_19_78,rem_expo_anual_2025,REM: mediana de exportaciones en miles de millones de dólares 2025,R/P1M,2023-12-01,2025-07-01,Miles de millones de dólares,Relevamiento de Expectativas de Mercado (REM),Subsecretaría de Programación Macroeconómica,Banco Central de la República Argentina (BCRA),Precios
430.1_REM_EXPO_ML_T_M_0_0_18_19,rem_expo_mensual_t,REM: mediana de exportaciones en miles de millones de dólares en mes t,R/P1M,2020-12-01,2025-07-01,Miles de millones de dólares,Relevamiento de Expectativas de Mercado (REM),Subsecretaría de Programación Macroeconómica,Banco Central de la República Argentina (BCRA),Precios
430.1_REM_EXPO_MT_1_M_0_0_20_82,rem_expo_mensual_t_1,REM: mediana de exportaciones en miles de millones de dólares en mes t 1,R/P1M,2020-12-01,2025-07-01,Miles de millones de dólares,Relevamiento de Expectativas de Mercado (REM),Subsecretaría de Programación Macroeconómica,Banco Central de la República Argentina (BCRA),Precios
430.1_REM_EXPO_MT_2_M_0_0_20_60,rem_expo_mensual_t_2,REM: mediana de exportaciones en miles de millones de dólares en mes t 2,R/P1M,2020-12-01,2025-07-01,Miles de millones de dólares,Relevamiento de Expectativas de Mercado (REM),Subsecretaría de Programación Macroeconómica,Banco Central de la República Argentina (BCRA),Precios
430.1_REM_EXPO_MT_3_M_0_0_20_15,rem_expo_mensual_t_3,REM: mediana de exportaciones en miles de millones de dólares en mes t 3,R/P1M,2020-12-01,2025-07-01,Miles de millones de dólares,Relevamiento de Expectativas de Mercado (REM),Subsecretaría de Programación Macroeconómica,Banco Central de la República Argentina (BCRA),Precios
430.1_REM_EXPO_MT_4_M_0_0_20_80,rem_expo_mensual_t_4,REM: mediana de exportaciones en miles de millones de dólares en mes t 4,R/P1M,2020-12-01,2025-07-01,Miles de millones de dólares,Relevamiento de Expectativas de Mercado (REM),Subsecretaría de Programación Macroeconómica,Banco Central de la República Argentina (BCRA),Precios
430.1_REM_EXPO_MT_5_M_0_0_20_15,rem_expo_mensual_t_5,REM: mediana de exportaciones en miles de millones de dólares en mes t 5,R/P1M,2020-12-01,2025-07-01,Miles de millones de dólares,Relevamiento de Expectativas de Mercado (REM),Subsecretaría de Programación Macroeconómica,Banco Central de la República Argentina (BCRA),Precios
430.1_REM_EXPO_MT_6_M_0_0_20_84,rem_expo_mensual_t_6,REM: mediana de exportaciones en miles de millones de dólares en mes t 6,R/P1M,2020-12-01,2025-07-01,Miles de millones de dólares,Relevamiento de Expectativas de Mercado (REM),Subsecretaría de Programación Macroeconómica,Banco Central de la República Argentina (BCRA),Precios
430.1_REM_IMPO_A021_M_0_0_19_99,rem_impo_anual_2021,REM: mediana de importaciones en miles de millones de dólares 2021,R/P1M,2020-12-01,2021-11-01,Miles de millones de dólares,Relevamiento de Expectativas de Mercado (REM),Subsecretaría de Programación Macroeconómica,Banco Central de la República Argentina (BCRA),Precios
430.1_REM_IMPO_A022_M_0_0_19_56,rem_impo_anual_2022,REM: mediana de importaciones en miles de millones de dólares 2022,R/P1M,2020-12-01,2022-11-01,Miles de millones de dólares,Relevamiento de Expectativas de Mercado (REM),Subsecretaría de Programación Macroeconómica,Banco Central de la República Argentina (BCRA),Precios
430.1_REM_IMPO_A023_M_0_0_19_42,rem_impo_anual_2023,REM: mediana de importaciones en miles de millones de dólares 2023,R/P1M,2021-11-01,2023-11-01,Miles de millones de dólares,Relevamiento de Expectativas de Mercado (REM),Subsecretaría de Programación Macroeconómica,Banco Central de la República Argentina (BCRA),Precios
430.1_REM_IMPO_A023_M_0_0_19_46,rem_impo_anual_2024,REM: mediana de importaciones en miles de millones de dólares 2024,R/P1M,2022-12-01,2025-07-01,Miles de millones de dólares,Relevamiento de Expectativas de Mercado (REM),Subsecretaría de Programación Macroeconómica,Banco Central de la República Argentina (BCRA),Precios
430.1_REM_IMPO_A025_M_0_0_19_94,rem_impo_anual_2025,REM: mediana de importaciones en miles de millones de dólares 2025,R/P1M,2023-12-01,2025-07-01,Miles de millones de dólares,Relevamiento de Expectativas de Mercado (REM),Subsecretaría de Programación Macroeconómica,Banco Central de la República Argentina (BCRA),Precios
430.1_REM_IMPO_ML_T_M_0_0_18_29,rem_impo_mensual_t,REM: mediana de importaciones en miles de millones de dólares en mes t,R/P1M,2020-12-01,2025-07-01,Miles de millones de dólares,Relevamiento de Expectativas de Mercado (REM),Subsecretaría de Programación Macroeconómica,Banco Central de la República Argentina (BCRA),Precios
430.1_REM_IMPO_MT_1_M_0_0_20_81,rem_impo_mensual_t_1,REM: mediana de importaciones en miles de millones de dólares en mes t 1,R/P1M,2020-12-01,2025-07-01,Miles de millones de dólares,Relevamiento de Expectativas de Mercado (REM),Subsecretaría de Programación Macroeconómica,Banco Central de la República Argentina (BCRA),Precios
430.1_REM_IMPO_MT_2_M_0_0_20_64,rem_impo_mensual_t_2,REM: mediana de importaciones en miles de millones de dólares en mes t 2,R/P1M,2020-12-01,2025-07-01,Miles de millones de dólares,Relevamiento de Expectativas de Mercado (REM),Subsecretaría de Programación Macroeconómica,Banco Central de la República Argentina (BCRA),Precios
430.1_REM_IMPO_MT_3_M_0_0_20_59,rem_impo_mensual_t_3,REM: mediana de importaciones en miles de millones de dólares en mes t 3,R/P1M,2020-12-01,2025-07-01,Miles de millones de dólares,Relevamiento de Expectativas de Mercado (REM),Subsecretaría de Programación Macroeconómica,Banco Central de la República Argentina (BCRA),Precios
430.1_REM_IMPO_MT_4_M_0_0_20_55,rem_impo_mensual_t_4,REM: mediana de importaciones en miles de millones de dólares en mes t 4,R/P1M,2020-12-01,2025-07-01,Miles de millones de dólares,Relevamiento de Expectativas de Mercado (REM),Subsecretaría de Programación Macroeconómica,Banco Central de la República Argentina (BCRA),Precios
430.1_REM_IMPO_MT_5_M_0_0_20_56,rem_impo_mensual_t_5,REM: mediana de importaciones en miles de millones de dólares en mes t 5,R/P1M,2020-12-01,2025-07-01,Miles de millones de dólares,Relevamiento de Expectativas de Mercado (REM),Subsecretaría de Programación Macroeconómica,Banco Central de la República Argentina (BCRA),Precios
430.1_REM_IMPO_MT_6_M_0_0_20_84,rem_impo_mensual_t_6,REM: mediana de importaciones en miles de millones de dólares en mes t 6,R/P1M,2020-12-01,2025-07-01,Miles de millones de dólares,Relevamiento de Expectativas de Mercado (REM),Subsecretaría de Programación Macroeconómica,Banco Central de la República Argentina (BCRA),Precios
430.1_REM_IPC_NA021_M_0_0_23_47,rem_ipc_nac_var_ia_2021,REM: Mediana IPC Nacional var ia 2021,R/P1M,2018-12-01,2021-11-01,Variación Porcentual,Relevamiento de Expectativas de Mercado (REM),Subsecretaría de Programación Macroeconómica,Banco Central de la República Argentina (BCRA),Precios
430.1_REM_IPC_NA021_M_0_0_30_49,rem_ipc_nac_nucleo_var_ia_2021,REM: Mediana IPC Nacional núcleo var ia 2021,R/P1M,2018-12-01,2021-11-01,Variación Porcentual,Relevamiento de Expectativas de Mercado (REM),Subsecretaría de Programación Macroeconómica,Banco Central de la República Argentina (BCRA),Precios
430.1_REM_IPC_NA022_M_0_0_23_41,rem_ipc_nac_var_ia_2022,REM: Mediana IPC Nacional var ia 2022,R/P1M,2019-12-01,2022-11-01,Variación Porcentual,Relevamiento de Expectativas de Mercado (REM),Subsecretaría de Programación Macroeconómica,Banco Central de la República Argentina (BCRA),Precios
430.1_REM_IPC_NA022_M_0_0_30_36,rem_ipc_nac_nucleo_var_ia_2022,REM: Mediana IPC Nacional núcleo var ia 2022,R/P1M,2019-12-01,2022-11-01,Variación Porcentual,Relevamiento de Expectativas de Mercado (REM),Subsecretaría de Programación Macroeconómica,Banco Central de la República Argentina (BCRA),Precios
430.1_REM_IPC_NA023_M_0_0_23_17,rem_ipc_nac_var_ia_2023,REM: Mediana IPC Nacional var ia 2023,R/P1M,2020-12-01,2023-11-01,Variación Porcentual,Relevamiento de Expectativas de Mercado (REM),Subsecretaría de Programación Macroeconómica,Banco Central de la República Argentina (BCRA),Precios
430.1_REM_IPC_NA023_M_0_0_30_42,rem_ipc_nac_nucleo_var_ia_2023,REM: Mediana IPC Nacional núcleo var ia 2023,R/P1M,2020-12-01,2023-11-01,Variación Porcentual,Relevamiento de Expectativas de Mercado (REM),Subsecretaría de Programación Macroeconómica,Banco Central de la República Argentina (BCRA),Precios
430.1_REM_IPC_NA024_M_0_0_23_64,rem_ipc_nac_var_ia_2024,REM: Mediana IPC Nacional var ia 2024,R/P1M,2021-11-01,2024-12-01,Variación Porcentual,Relevamiento de Expectativas de Mercado (REM),Subsecretaría de Programación Macroeconómica,Banco Central de la República Argentina (BCRA),Precios
430.1_REM_IPC_NA024_M_0_0_23_78,rem_ipc_nac_var_ia_2025,REM: Mediana IPC Nacional var ia 2025,R/P1M,2022-12-01,2025-11-01,Variación Porcentual,Relevamiento de Expectativas de Mercado (REM),Subsecretaría de Programación Macroeconómica,Banco Central de la República Argentina (BCRA),Precios
430.1_REM_IPC_NA024_M_0_0_30_46,rem_ipc_nac_nucleo_var_ia_2025,REM: Mediana IPC Nacional núcleo var ia 2025,R/P1M,2022-12-01,2025-11-01,Variación Porcentual,Relevamiento de Expectativas de Mercado (REM),Subsecretaría de Programación Macroeconómica,Banco Central de la República Argentina (BCRA),Precios
430.1_REM_IPC_NA024_M_0_0_30_99,rem_ipc_nac_nucleo_var_ia_2024,REM: Mediana IPC Nacional núcleo var ia 2024,R/P1M,2021-11-01,2024-12-01,Variación Porcentual,Relevamiento de Expectativas de Mercado (REM),Subsecretaría de Programación Macroeconómica,Banco Central de la República Argentina (BCRA),Precios
430.1_REM_IPC_NA026_M_0_0_23_8,rem_ipc_nac_var_ia_2026,REM: Mediana IPC Nacional var ia 2026,R/P1M,2023-12-01,2025-12-01,Variación Porcentual,Relevamiento de Expectativas de Mercado (REM),Subsecretaría de Programación Macroeconómica,Banco Central de la República Argentina (BCRA),Precios
430.1_REM_IPC_NA026_M_0_0_30_11,rem_ipc_nac_nucleo_var_ia_2026,REM: Mediana IPC Nacional núcleo var ia 2026,R/P1M,2023-12-01,2025-12-01,Variación Porcentual,Relevamiento de Expectativas de Mercado (REM),Subsecretaría de Programación Macroeconómica,Banco Central de la República Argentina (BCRA),Precios
430.1_REM_IPC_NA027_M_0_0_23_59,rem_ipc_nac_var_ia_2027,REM: Mediana IPC Nacional var ia 2027,R/P1M,2024-12-01,2025-12-01,Variación Porcentual,Relevamiento de Expectativas de Mercado (REM),Subsecretaría de Programación Macroeconómica,Banco Central de la República Argentina (BCRA),Precios
430.1_REM_IPC_NA027_M_0_0_30_41,rem_ipc_nac_nucleo_var_ia_2027,REM: Mediana IPC Nacional núcleo var ia 2027,R/P1M,2024-12-01,2025-12-01,Variación Porcentual,Relevamiento de Expectativas de Mercado (REM),Subsecretaría de Programación Macroeconómica,Banco Central de la República Argentina (BCRA),Precios
430.1_REM_IPC_NAL_T_M_0_0_25_28,rem_ipc_nac_var_mensual_t,REM: Mediana IPC Nacional var mensual t,R/P1M,2019-01-01,2025-12-01,Variación Porcentual,Relevamiento de Expectativas de Mercado (REM),Subsecretaría de Programación Macroeconómica,Banco Central de la República Argentina (BCRA),Precios
430.1_REM_IPC_NAL_T_M_0_0_32_63,rem_ipc_nac_nucleo_var_mensual_t,REM: Mediana IPC Nacional núcleo var mensual t,R/P1M,2019-01-01,2025-12-01,Variación Porcentual,Relevamiento de Expectativas de Mercado (REM),Subsecretaría de Programación Macroeconómica,Banco Central de la República Argentina (BCRA),Precios
430.1_REM_PIB_VA021_M_0_0_19_54,rem_pib_var_ia_2021,REM: mediana PIB a precios constantes var ia 2021,R/P1M,2018-12-01,2021-11-01,Variación Porcentual,Relevamiento de Expectativas de Mercado (REM),Subsecretaría de Programación Macroeconómica,Banco Central de la República Argentina (BCRA),Precios
430.1_REM_PIB_VA022_M_0_0_19_4,rem_pib_var_ia_2022,REM: mediana PIB a precios constantes var ia 2022,R/P1M,2019-12-01,2022-11-01,Variación Porcentual,Relevamiento de Expectativas de Mercado (REM),Subsecretaría de Programación Macroeconómica,Banco Central de la República Argentina (BCRA),Precios
430.1_REM_PIB_VA023_M_0_0_19_64,rem_pib_var_ia_2023,REM: mediana PIB a precios constantes var ia 2023,R/P1M,2020-12-01,2023-11-01,Variación Porcentual,Relevamiento de Expectativas de Mercado (REM),Subsecretaría de Programación Macroeconómica,Banco Central de la República Argentina (BCRA),Precios
430.1_REM_PIB_VA024_M_0_0_19_68,rem_pib_var_ia_2025,REM: mediana PIB a precios constantes var ia 2025,R/P1M,2022-12-01,2025-07-01,Variación Porcentual,Relevamiento de Expectativas de Mercado (REM),Subsecretaría de Programación Macroeconómica,Banco Central de la República Argentina (BCRA),Precios
430.1_REM_PIB_VA024_M_0_0_19_75,rem_pib_var_ia_2024,REM: mediana PIB a precios constantes var ia 2024,R/P1M,2021-11-01,2024-11-01,Variación Porcentual,Relevamiento de Expectativas de Mercado (REM),Subsecretaría de Programación Macroeconómica,Banco Central de la República Argentina (BCRA),Precios
430.1_REM_PIB_VA026_M_0_0_19_22,rem_pib_var_ia_2026,REM: mediana PIB a precios constantes var ia 2026,R/P1M,2023-12-01,2025-07-01,Variación Porcentual,Relevamiento de Expectativas de Mercado (REM),Subsecretaría de Programación Macroeconómica,Banco Central de la República Argentina (BCRA),Precios
430.1_REM_PIB_VA027_M_0_0_19_41,rem_pib_var_ia_2027,REM: mediana PIB a precios constantes var ia 2027,R/P1M,2024-12-01,2025-07-01,Variación Porcentual,Relevamiento de Expectativas de Mercado (REM),Subsecretaría de Programación Macroeconómica,Banco Central de la República Argentina (BCRA),Precios
430.1_REM_PIB_VA_MENOS_M_0_0_27_54,rem_pib_var_trimestral_t_menos_1,REM: mediana PIB a precios constantes variación trimestral sin estacionalidad t -1,R/P1M,2019-04-01,2025-08-01,Variación Porcentual,Relevamiento de Expectativas de Mercado (REM),Subsecretaría de Programación Macroeconómica,Banco Central de la República Argentina (BCRA),Precios
430.1_REM_RESULT020_M_0_0_39_67,rem_resultado_primario_spnf_var_ia_2020,REM:Mediana Resultado Primario Sector Público No Financiero var ia 2020,R/P1M,2018-12-01,2020-11-01,Miles de millones de pesos,Relevamiento de Expectativas de Mercado (REM),Subsecretaría de Programación Macroeconómica,Banco Central de la República Argentina (BCRA),Precios
430.1_REM_RESULT021_M_0_0_39_76,rem_resultado_primario_spnf_var_ia_2021,REM:Mediana Resultado Primario Sector Público No Financiero var ia 2021,R/P1M,2019-12-01,2021-11-01,Miles de millones de pesos,Relevamiento de Expectativas de Mercado (REM),Subsecretaría de Programación Macroeconómica,Banco Central de la República Argentina (BCRA),Precios
430.1_REM_RESULT022_M_0_0_39_58,rem_resultado_primario_spnf_var_ia_2022,REM:Mediana Resultado Primario Sector Público No Financiero var ia 2022,R/P1M,2020-12-01,2022-11-01,Miles de millones de pesos,Relevamiento de Expectativas de Mercado (REM),Subsecretaría de Programación Macroeconómica,Banco Central de la República Argentina (BCRA),Precios
430.1_REM_RESULT023_M_0_0_39_65,rem_resultado_primario_spnf_var_ia_2024,REM:Mediana Resultado Primario Sector Público No Financiero var ia 2024,R/P1M,2022-12-01,2024-11-01,Miles de millones de pesos,Relevamiento de Expectativas de Mercado (REM),Subsecretaría de Programación Macroeconómica,Banco Central de la República Argentina (BCRA),Precios
430.1_REM_RESULT023_M_0_0_39_77,rem_resultado_primario_spnf_var_ia_2023,REM:Mediana Resultado Primario Sector Público No Financiero var ia 2023,R/P1M,2021-11-01,2023-11-01,Miles de millones de pesos,Relevamiento de Expectativas de Mercado (REM),Subsecretaría de Programación Macroeconómica,Banco Central de la República Argentina (BCRA),Precios
430.1_REM_RESULT025_M_0_0_39_69,rem_resultado_primario_spnf_var_ia_2025,REM:Mediana Resultado Primario Sector Público No Financiero var ia 2025,R/P1M,2023-12-01,2025-08-01,Miles de millones de pesos,Relevamiento de Expectativas de Mercado (REM),Subsecretaría de Programación Macroeconómica,Banco Central de la República Argentina (BCRA),Precios
430.1_REM_RESULT026_M_0_0_39_81,rem_resultado_primario_spnf_var_ia_2026,REM:Mediana Resultado Primario Sector Público No Financiero var ia 2026,R/P1M,2024-12-01,2025-08-01,Miles de millones de pesos,Relevamiento de Expectativas de Mercado (REM),Subsecretaría de Programación Macroeconómica,Banco Central de la República Argentina (BCRA),Precios
430.1_REM_TASA_P019_M_0_0_29_85,rem_tasa_politica_var_ia_2019,REM:Mediana Tasa de Interés var ia 2019,R/P1M,2017-12-01,2019-12-01,Variación Porcentual,Relevamiento de Expectativas de Mercado (REM),Subsecretaría de Programación Macroeconómica,Banco Central de la República Argentina (BCRA),Precios
430.1_REM_TASA_P020_M_0_0_29_98,rem_tasa_politica_var_ia_2020,REM:Mediana Tasa de Interés var ia 2020,R/P1M,2018-12-01,2020-11-01,Variación Porcentual,Relevamiento de Expectativas de Mercado (REM),Subsecretaría de Programación Macroeconómica,Banco Central de la República Argentina (BCRA),Precios
430.1_REM_TASA_P021_M_0_0_29_57,rem_tasa_politica_var_ia_2021,REM:Mediana Tasa de Interés var ia 2021,R/P1M,2020-01-01,2021-11-01,Variación Porcentual,Relevamiento de Expectativas de Mercado (REM),Subsecretaría de Programación Macroeconómica,Banco Central de la República Argentina (BCRA),Precios
430.1_REM_TASA_P022_M_0_0_29_9,rem_tasa_politica_var_ia_2022,REM:Mediana Tasa de Interés var ia 2022,R/P1M,2020-12-01,2022-11-01,Variación Porcentual,Relevamiento de Expectativas de Mercado (REM),Subsecretaría de Programación Macroeconómica,Banco Central de la República Argentina (BCRA),Precios
430.1_REM_TASA_P023_M_0_0_29_26,rem_tasa_politica_var_ia_2024,REM:Mediana Tasa de Interés var ia 2024,R/P1M,2022-12-01,2024-11-01,Variación Porcentual,Relevamiento de Expectativas de Mercado (REM),Subsecretaría de Programación Macroeconómica,Banco Central de la República Argentina (BCRA),Precios
430.1_REM_TASA_P023_M_0_0_29_32,rem_tasa_politica_var_ia_2023,REM:Mediana Tasa de Interés var ia 2023,R/P1M,2021-11-01,2023-11-01,Variación Porcentual,Relevamiento de Expectativas de Mercado (REM),Subsecretaría de Programación Macroeconómica,Banco Central de la República Argentina (BCRA),Precios
430.1_REM_TASA_P025_M_0_0_29_27,rem_tasa_politica_var_ia_2025,REM:Mediana Tasa de Interés var ia 2025,R/P1M,2023-12-01,2025-08-01,Variación Porcentual,Relevamiento de Expectativas de Mercado (REM),Subsecretaría de Programación Macroeconómica,Banco Central de la República Argentina (BCRA),Precios
430.1_REM_TASA_P026_M_0_0_29_23,rem_tasa_politica_var_ia_2026,REM:Mediana Tasa de Interés var ia 2026,R/P1M,2024-12-01,2025-08-01,Variación Porcentual,Relevamiento de Expectativas de Mercado (REM),Subsecretaría de Programación Macroeconómica,Banco Central de la República Argentina (BCRA),Precios
430.1_REM_TCN_VA019_M_0_0_19_21,rem_tcn_var_ia_2019,REM: Mediana Tipo de Cambio Nominal var ia 2019,R/P1M,2017-12-01,2019-11-01,Variación Porcentual,Relevamiento de Expectativas de Mercado (REM),Subsecretaría de Programación Macroeconómica,Banco Central de la República Argentina (BCRA),Precios
430.1_REM_TCN_VA020_M_0_0_19_74,rem_tcn_var_ia_2020,REM: Mediana Tipo de Cambio Nominal var ia 2020,R/P1M,2018-12-01,2020-11-01,Variación Porcentual,Relevamiento de Expectativas de Mercado (REM),Subsecretaría de Programación Macroeconómica,Banco Central de la República Argentina (BCRA),Precios
430.1_REM_TCN_VA021_M_0_0_19_21,rem_tcn_var_ia_2021,REM: Mediana Tipo de Cambio Nominal var ia 2021,R/P1M,2019-12-01,2021-11-01,Variación Porcentual,Relevamiento de Expectativas de Mercado (REM),Subsecretaría de Programación Macroeconómica,Banco Central de la República Argentina (BCRA),Precios
430.1_REM_TCN_VA022_M_0_0_19_68,rem_tcn_var_ia_2022,REM: Mediana Tipo de Cambio Nominal var ia 2022,R/P1M,2020-12-01,2022-11-01,Variación Porcentual,Relevamiento de Expectativas de Mercado (REM),Subsecretaría de Programación Macroeconómica,Banco Central de la República Argentina (BCRA),Precios
430.1_REM_TCN_VA023_M_0_0_19_70,rem_tcn_var_ia_2023,REM: Mediana Tipo de Cambio Nominal var ia 2023,R/P1M,2021-11-01,2023-11-01,Variación Porcentual,Relevamiento de Expectativas de Mercado (REM),Subsecretaría de Programación Macroeconómica,Banco Central de la República Argentina (BCRA),Precios
430.1_REM_TCN_VA023_M_0_0_19_9,rem_tcn_var_ia_2024,REM: Mediana Tipo de Cambio Nominal var ia 2024,R/P1M,2022-12-01,2024-11-01,Variación Porcentual,Relevamiento de Expectativas de Mercado (REM),Subsecretaría de Programación Macroeconómica,Banco Central de la República Argentina (BCRA),Precios
430.1_REM_TCN_VA025_M_0_0_19_9,rem_tcn_var_ia_2025,REM: Mediana Tipo de Cambio Nominal var ia 2025,R/P1M,2023-12-01,2025-08-01,Variación Porcentual,Relevamiento de Expectativas de Mercado (REM),Subsecretaría de Programación Macroeconómica,Banco Central de la República Argentina (BCRA),Precios
430.1_REM_TCN_VA026_M_0_0_19_67,rem_tcn_var_ia_2026,REM: Mediana Tipo de Cambio Nominal var ia 2026,R/P1M,2024-12-01,2025-08-01,Variación Porcentual,Relevamiento de Expectativas de Mercado (REM),Subsecretaría de Programación Macroeconómica,Banco Central de la República Argentina (BCRA),Precios
431.1_EXPECTATIVANA_M_0_0_29_85,expectativa_inflacion_mediana,Expectativa inflacion 12 meses. Mediana,R/P1M,2006-08-01,2026-01-01,Variación Porcentual,Expectativas de Inflación,Subsecretaría de Programación Macroeconómica,Universidad Torcuato Di Tella (UTDT),Precios
431.1_EXPECTATIVDIO_M_0_0_30_56,expectativa_inflacion_promedio,Expectativa inflacion 12 meses. Promedio,R/P1M,2006-08-01,2026-01-01,Variación Porcentual,Expectativas de Inflación,Subsecretaría de Programación Macroeconómica,Universidad Torcuato Di Tella (UTDT),Precios
448.1_NIVEL_GENERAL_0_0_13_46,nivel_general,IPIM Nivel general,R/P1M,2015-12-01,2026-05-01,Índice Dic-2015=100,Índice de Precios Internos al por Mayor (IPIM). Dic-2015 = 100,Subsecretaría de Programación Macroeconómica,Instituto Nacional de Estadística y Censos (INDEC),Precios
449.1_NIVEL_GENERAL_0_0_13_97,nivel_general,IPIB Nivel general,R/P1M,2015-12-01,2026-05-01,Índice Dic-2015=100,Índice de Precios Internos Básicos al por Mayor. Dic-2015 = 100,Subsecretaría de Programación Macroeconómica,Instituto Nacional de Estadística y Censos (INDEC),Precios
450.1_NIVEL_GENERAL_0_0_13_92,nivel_general,IPIM Nivel general,R/P1M,2015-12-01,2026-05-01,Índice Dic-2015=100,Índice de Precios Internos Básicos del Productor. Dic-2015 = 100,Subsecretaría de Programación Macroeconómica,Instituto Nacional de Estadística y Censos (INDEC),Precios
464.1_IPC_CHACO_NG_0_0_22_93,ipc_chaco_historico_ng,Nivel General de Precios,R/P1M,1960-01-01,2026-06-01,Índice base 100 en septiembre 2010,Índice de Precios al Consumidor del Gran Resistencia Chaco,Subsecretaría de Programación Macroeconómica,Instituto Provincial de Estadísticas y Ciencia de Datos - Provincia de Chaco.,Precios
464.2_IPC_CHACO_ADO_0_0_32_90,ipc_chaco_indumentaria_y_calzado,Indumentaria y calzado,R/P1M,2010-01-01,2026-01-01,Índice base 100 en septiembre 2010,Índice de Precios al Consumidor del Gran Resistencia Chaco,Subsecretaría de Programación Macroeconómica,Instituto Provincial de Estadísticas y Ciencia de Datos - Provincia de Chaco.,Precios
464.2_IPC_CHACO_DAD_0_0_53_1,ipc_chaco_propiedad_combustible_agua_y_electricidad,"Propiedad, combustible, agua y electricidad",R/P1M,2010-01-01,2026-01-01,Índice base 100 en septiembre 2010,Índice de Precios al Consumidor del Gran Resistencia Chaco,Subsecretaría de Programación Macroeconómica,Instituto Provincial de Estadísticas y Ciencia de Datos - Provincia de Chaco.,Precios
464.2_IPC_CHACO_DAS_0_0_29_94,ipc_chaco_alimentos_y_bebidas,Alimentos y bebidas,R/P1M,2010-01-01,2026-01-01,Índice base 100 en septiembre 2010,Índice de Precios al Consumidor del Gran Resistencia Chaco,Subsecretaría de Programación Macroeconómica,Instituto Provincial de Estadísticas y Ciencia de Datos - Provincia de Chaco.,Precios
464.2_IPC_CHACO_GAR_0_0_48_32,ipc_chaco_equipamiento_y_mantenimiento_del_hogar,Equipamiento y mantenimiento del hogar,R/P1M,2010-01-01,2026-01-01,Índice base 100 en septiembre 2010,Índice de Precios al Consumidor del Gran Resistencia Chaco,Subsecretaría de Programación Macroeconómica,Instituto Provincial de Estadísticas y Ciencia de Datos - Provincia de Chaco.,Precios
464.2_IPC_CHACO_IOS_0_0_35_17,ipc_chaco_bienes_y_servicios_varios,Bienes y servicios varios,R/P1M,2010-01-01,2026-01-01,Índice base 100 en septiembre 2010,Índice de Precios al Consumidor del Gran Resistencia Chaco,Subsecretaría de Programación Macroeconómica,Instituto Provincial de Estadísticas y Ciencia de Datos - Provincia de Chaco.,Precios
464.2_IPC_CHACO_LUD_0_0_30_41,ipc_chaco_atencion_de_la_salud,Atencion de la salud,R/P1M,2010-01-01,2026-01-01,Índice base 100 en septiembre 2010,Índice de Precios al Consumidor del Gran Resistencia Chaco,Subsecretaría de Programación Macroeconómica,Instituto Provincial de Estadísticas y Ciencia de Datos - Provincia de Chaco.,Precios
464.2_IPC_CHACO_NES_0_0_37_8,ipc_chaco_transporte_y_comunicaciones,Transporte y comunicaciones,R/P1M,2010-01-01,2026-01-01,Índice base 100 en septiembre 2010,Índice de Precios al Consumidor del Gran Resistencia Chaco,Subsecretaría de Programación Macroeconómica,Instituto Provincial de Estadísticas y Ciencia de Datos - Provincia de Chaco.,Precios
464.2_IPC_CHACO_NG_0_0_12_52,ipc_chaco_ng,Nivel General de Precios,R/P1M,2010-01-01,2026-01-01,Índice base 100 en septiembre 2010,Índice de Precios al Consumidor del Gran Resistencia Chaco,Subsecretaría de Programación Macroeconómica,Instituto Provincial de Estadísticas y Ciencia de Datos - Provincia de Chaco.,Precios
464.2_IPC_CHACO_NZA_0_0_19_12,ipc_chaco_ensenanza,Ensenanza,R/P1M,2010-01-01,2026-01-01,Índice base 100 en septiembre 2010,Índice de Precios al Consumidor del Gran Resistencia Chaco,Subsecretaría de Programación Macroeconómica,Instituto Provincial de Estadísticas y Ciencia de Datos - Provincia de Chaco.,Precios
464.2_IPC_CHACO_URA_0_0_33_30,ipc_chaco_esparcimiento_y_cultura,Esparcimiento y cultura,R/P1M,2010-01-01,2026-01-01,Índice base 100 en septiembre 2010,Índice de Precios al Consumidor del Gran Resistencia Chaco,Subsecretaría de Programación Macroeconómica,Instituto Provincial de Estadísticas y Ciencia de Datos - Provincia de Chaco.,Precios
95.1_IC_0_0_12,ip_combinado,Tasas de variación del Índice de precios combinado (IPC - IPIM). En porcentaje,R/P3M,1991-01-01,2013-10-01,Porcentaje,Tasas trimestrales de variación de precios,Subsecretaría de Programación Macroeconómica,Instituto Nacional de Estadística y Censos (INDEC),Precios
95.1_IC_0_0_15,ic_construccion,Tasas de variación de precios del Índice del Costo de la Construcción (ICC). En porcentaje,R/P3M,1991-01-01,2013-10-01,Porcentaje,Tasas trimestrales de variación de precios,Subsecretaría de Programación Macroeconómica,Instituto Nacional de Estadística y Censos (INDEC),Precios
95.1_IP_0_0_4,ipbp,Tasas de variación del Índice de Precios Básicos al Productor (IPBP). En porcentaje,R/P3M,1993-04-01,2013-10-01,Porcentaje,Tasas trimestrales de variación de precios,Subsecretaría de Programación Macroeconómica,Instituto Nacional de Estadística y Censos (INDEC),Precios
95.1_I_0_0_3,ipc,Tasas de variación del Índice de Precios al Consumidor (IPC). En porcentaje,R/P3M,1991-01-01,2013-10-01,Porcentaje,Tasas trimestrales de variación de precios,Subsecretaría de Programación Macroeconómica,Instituto Nacional de Estadística y Censos (INDEC),Precios
95.1_I_0_0_4,ipim,Tasas de variación del Índice de Precios Internos al por Mayor (IPIM). En porcentaje,R/P3M,1991-01-01,2013-10-01,Porcentaje,Tasas trimestrales de variación de precios,Subsecretaría de Programación Macroeconómica,Instituto Nacional de Estadística y Censos (INDEC),Precios
95.1_I_0_0_5,ipibm,Tasas de variación del Índice de Precios Internos Básicos al por Mayor (IPIBM). En porcentaje,R/P3M,1993-04-01,2013-10-01,Porcentaje,Tasas trimestrales de variación de precios,Subsecretaría de Programación Macroeconómica,Instituto Nacional de Estadística y Censos (INDEC),Precios
96.1_IBS_2008_A_20,ipc_bienes_servicios,IPC Servicios/Bienes Base Abril 2008. Anual,R/P1Y,2006-01-01,2013-01-01,Índice abr-2008=100,Índice de Precios al Consumidor GBA (IPC-GBA). Base abril 2008. SERIE DISCONTINUADA,Subsecretaría de Programación Macroeconómica,Instituto Nacional de Estadística y Censos (INDEC),Precios
96.1_IB_2008_A_10,ipc_bienes,IPC Bienes Base Abril 2008. Anual,R/P1Y,2006-01-01,2013-01-01,Índice abr-2008=100,Índice de Precios al Consumidor GBA (IPC-GBA). Base abril 2008. SERIE DISCONTINUADA,Subsecretaría de Programación Macroeconómica,Instituto Nacional de Estadística y Censos (INDEC),Precios
96.1_ING_2008_A_17,ipc_nivel_general,IPC Nivel General Base Abril 2008. Anual,R/P1Y,1990-01-01,2013-01-01,Índice abr-2008=100,Índice de Precios al Consumidor GBA (IPC-GBA). Base abril 2008. SERIE DISCONTINUADA,Subsecretaría de Programación Macroeconómica,Instituto Nacional de Estadística y Censos (INDEC),Precios
96.1_IS_2008_A_13,ipc_servicios,IPC Servicios Base Abril 2008. Anual,R/P1Y,2006-01-01,2013-01-01,Índice abr-2008=100,Índice de Precios al Consumidor GBA (IPC-GBA). Base abril 2008. SERIE DISCONTINUADA,Subsecretaría de Programación Macroeconómica,Instituto Nacional de Estadística y Censos (INDEC),Precios
96.2_IBS_2008_T_22,ipc_bienes_servicios_t,IPC Servicios/Bienes Base Abril 2008. Trimestral,R/P3M,2006-10-01,2013-10-01,Índice abr-2008=100,Índice de Precios al Consumidor GBA (IPC-GBA). Base abril 2008. SERIE DISCONTINUADA,Subsecretaría de Programación Macroeconómica,Instituto Nacional de Estadística y Censos (INDEC),Precios
96.2_IB_2008_T_12,ipc_bienes_t,IPC Bienes Base Abril 2008. Trimestral,R/P3M,2006-10-01,2013-10-01,Índice abr-2008=100,Índice de Precios al Consumidor GBA (IPC-GBA). Base abril 2008. SERIE DISCONTINUADA,Subsecretaría de Programación Macroeconómica,Instituto Nacional de Estadística y Censos (INDEC),Precios
96.2_ING_2008_T_19,ipc_nivel_general_t,IPC Nivel General Base Abril 2008. Trimestral,R/P3M,1995-01-01,2013-10-01,Índice abr-2008=100,Índice de Precios al Consumidor GBA (IPC-GBA). Base abril 2008. SERIE DISCONTINUADA,Subsecretaría de Programación Macroeconómica,Instituto Nacional de Estadística y Censos (INDEC),Precios
96.2_IS_2008_T_15,ipc_servicios_t,IPC Servicios Base Abril 2008. Trimestral,R/P3M,2006-10-01,2013-10-01,Índice abr-2008=100,Índice de Precios al Consumidor GBA (IPC-GBA). Base abril 2008. SERIE DISCONTINUADA,Subsecretaría de Programación Macroeconómica,Instituto Nacional de Estadística y Censos (INDEC),Precios
96.3_IBSV_2008_M_23,ipc_bienes_servicios_md,IPC Servicios/Bienes. Variación % mensual,R/P1M,2007-01-01,2013-12-01,Porcentaje,Índice de Precios al Consumidor GBA (IPC-GBA). Base abril 2008. SERIE DISCONTINUADA,Subsecretaría de Programación Macroeconómica,Instituto Nacional de Estadística y Censos (INDEC),Precios
96.3_IBS_2008_M_22,ipc_bienes_servicios_m,IPC Servicios/Bienes Base Abril 2008. Mensual,R/P1M,2006-12-01,2013-12-01,Índice abr-2008=100,Índice de Precios al Consumidor GBA (IPC-GBA). Base abril 2008. SERIE DISCONTINUADA,Subsecretaría de Programación Macroeconómica,Instituto Nacional de Estadística y Censos (INDEC),Precios
96.3_IBV_2008_M_13,ipc_bienes_md,IPC Bienes. Variación % mensual,R/P1M,2007-01-01,2013-12-01,Porcentaje,Índice de Precios al Consumidor GBA (IPC-GBA). Base abril 2008. SERIE DISCONTINUADA,Subsecretaría de Programación Macroeconómica,Instituto Nacional de Estadística y Censos (INDEC),Precios
96.3_IB_2008_M_12,ipc_bienes_m,IPC Bienes Base Abril 2008. Mensual,R/P1M,2006-12-01,2013-12-01,Índice abr-2008=100,Índice de Precios al Consumidor GBA (IPC-GBA). Base abril 2008. SERIE DISCONTINUADA,Subsecretaría de Programación Macroeconómica,Instituto Nacional de Estadística y Censos (INDEC),Precios
96.3_INGV_2008_M_20,ipc_nivel_general_md,IPC Nivel General. Variación % mensual,R/P1M,1993-02-01,2013-12-01,Porcentaje,Índice de Precios al Consumidor GBA (IPC-GBA). Base abril 2008. SERIE DISCONTINUADA,Subsecretaría de Programación Macroeconómica,Instituto Nacional de Estadística y Censos (INDEC),Precios
96.3_ING_2008_M_19,ipc_nivel_general_m,IPC Nivel General Base Abril 2008. Mensual,R/P1M,1993-01-01,2013-12-01,Índice abr-2008=100,Índice de Precios al Consumidor GBA (IPC-GBA). Base abril 2008. SERIE DISCONTINUADA,Subsecretaría de Programación Macroeconómica,Instituto Nacional de Estadística y Censos (INDEC),Precios
96.3_ISV_2008_M_16,ipc_servicios_md,IPC Servicios. Variación % mensual,R/P1M,2007-01-01,2013-12-01,Porcentaje,Índice de Precios al Consumidor GBA (IPC-GBA). Base abril 2008. SERIE DISCONTINUADA,Subsecretaría de Programación Macroeconómica,Instituto Nacional de Estadística y Censos (INDEC),Precios
96.3_IS_2008_M_15,ipc_servicios_m,IPC Servicios Base Abril 2008. Mensual,R/P1M,2006-12-01,2013-12-01,Índice abr-2008=100,Índice de Precios al Consumidor GBA (IPC-GBA). Base abril 2008. SERIE DISCONTINUADA,Subsecretaría de Programación Macroeconómica,Instituto Nacional de Estadística y Censos (INDEC),Precios
97.1_IAB_2008_T_21,ipc_alimentos_bebidas,IPC Alimentos y Bebidas. Base Abril 2008. Trimestral,R/P3M,2008-04-01,2013-10-01,Índice abr-2008=100,Índice de Precios al Consumidor GBA (IPC-GBA). Base abril 2008. SERIE DISCONTINUADA,Subsecretaría de Programación Macroeconómica,Instituto Nacional de Estadística y Censos (INDEC),Precios
97.1_IAMS_2008_T_25,ipc_atencion_medica_salud,IPC Atención médica y salud. Base Abril 2008. Trimestral,R/P3M,2008-04-01,2013-10-01,Índice abr-2008=100,Índice de Precios al Consumidor GBA (IPC-GBA). Base abril 2008. SERIE DISCONTINUADA,Subsecretaría de Programación Macroeconómica,Instituto Nacional de Estadística y Censos (INDEC),Precios
97.1_IBSV_2008_T_27,ipc_bienes_servicios_varios,IPC Bienes y servicios varios. Base Abril 2008. Trimestral,R/P3M,2008-04-01,2013-10-01,Índice abr-2008=100,Índice de Precios al Consumidor GBA (IPC-GBA). Base abril 2008. SERIE DISCONTINUADA,Subsecretaría de Programación Macroeconómica,Instituto Nacional de Estadística y Censos (INDEC),Precios
97.1_IEH_2008_T_22,ipc_equipamiento_hogar,IPC Equipamiento del hogar Base. Abril 2008. Trimestral,R/P3M,2008-04-01,2013-10-01,Índice abr-2008=100,Índice de Precios al Consumidor GBA (IPC-GBA). Base abril 2008. SERIE DISCONTINUADA,Subsecretaría de Programación Macroeconómica,Instituto Nacional de Estadística y Censos (INDEC),Precios
97.1_IE_2008_T_13,ipc_educacion,IPC Educación. Base Abril 2008. Trimestral,R/P3M,2008-04-01,2013-10-01,Índice abr-2008=100,Índice de Precios al Consumidor GBA (IPC-GBA). Base abril 2008. SERIE DISCONTINUADA,Subsecretaría de Programación Macroeconómica,Instituto Nacional de Estadística y Censos (INDEC),Precios
97.1_IE_2008_T_17,ipc_esparcimiento,IPC Esparcimiento. Base Abril 2008. Trimestral,R/P3M,2008-04-01,2013-10-01,Índice abr-2008=100,Índice de Precios al Consumidor GBA (IPC-GBA). Base abril 2008. SERIE DISCONTINUADA,Subsecretaría de Programación Macroeconómica,Instituto Nacional de Estadística y Censos (INDEC),Precios
97.1_II_2008_T_16,ipc_indumentaria,IPC Indumentaria. Base Abril 2008. Trimestral,R/P3M,2008-04-01,2013-10-01,Índice abr-2008=100,Índice de Precios al Consumidor GBA (IPC-GBA). Base abril 2008. SERIE DISCONTINUADA,Subsecretaría de Programación Macroeconómica,Instituto Nacional de Estadística y Censos (INDEC),Precios
97.1_ING_2008_T_17,ipc_nivel_general,IPC Nivel General. Base Abril 2008. Trimestral,R/P3M,2008-04-01,2013-10-01,Índice abr-2008=100,Índice de Precios al Consumidor GBA (IPC-GBA). Base abril 2008. SERIE DISCONTINUADA,Subsecretaría de Programación Macroeconómica,Instituto Nacional de Estadística y Censos (INDEC),Precios
97.1_ITC_2008_T_29,ipc_transporte_comunicaciones,IPC Transporte y comunicaciones. Base Abril 2008. Trimestral,R/P3M,2008-04-01,2013-10-01,Índice abr-2008=100,Índice de Precios al Consumidor GBA (IPC-GBA). Base abril 2008. SERIE DISCONTINUADA,Subsecretaría de Programación Macroeconómica,Instituto Nacional de Estadística y Censos (INDEC),Precios
97.1_IV_2008_T_12,ipc_vivienda,IPC Vivienda. Base Abril 2008. Trimestral,R/P3M,2008-04-01,2013-10-01,Índice abr-2008=100,Índice de Precios al Consumidor GBA (IPC-GBA). Base abril 2008. SERIE DISCONTINUADA,Subsecretaría de Programación Macroeconómica,Instituto Nacional de Estadística y Censos (INDEC),Precios
97.2_IAB_2008_M_21,ipc_alimentos_bebidas,IPC Alimentos y Bebidas. Base Abril 2008. Mensual,R/P1M,1993-01-01,2013-12-01,Índice abr-2008=100,Índice de Precios al Consumidor GBA (IPC-GBA). Base abril 2008. SERIE DISCONTINUADA,Subsecretaría de Programación Macroeconómica,Instituto Nacional de Estadística y Censos (INDEC),Precios
97.2_IAMS_2008_M_25,ipc_atencion_medica_salud,IPC Atención médica y salud. Base Abril 2008. Mensual,R/P1M,1993-01-01,2013-12-01,Índice abr-2008=100,Índice de Precios al Consumidor GBA (IPC-GBA). Base abril 2008. SERIE DISCONTINUADA,Subsecretaría de Programación Macroeconómica,Instituto Nacional de Estadística y Censos (INDEC),Precios
97.2_IBSV_2008_M_27,ipc_bienes_servicios_varios,IPC Bienes y servicios varios. Base Abril 2008. Mensual,R/P1M,1993-01-01,2013-12-01,Índice abr-2008=100,Índice de Precios al Consumidor GBA (IPC-GBA). Base abril 2008. SERIE DISCONTINUADA,Subsecretaría de Programación Macroeconómica,Instituto Nacional de Estadística y Censos (INDEC),Precios
97.2_IEH_2008_M_22,ipc_equipamiento_hogar,IPC Equipamiento del hogar Base. Abril 2008. Mensual,R/P1M,1993-01-01,2013-12-01,Índice abr-2008=100,Índice de Precios al Consumidor GBA (IPC-GBA). Base abril 2008. SERIE DISCONTINUADA,Subsecretaría de Programación Macroeconómica,Instituto Nacional de Estadística y Censos (INDEC),Precios
97.2_IE_2008_M_13,ipc_educacion,IPC Educación. Base Abril 2008. Mensual,R/P1M,1993-01-01,2013-12-01,Índice abr-2008=100,Índice de Precios al Consumidor GBA (IPC-GBA). Base abril 2008. SERIE DISCONTINUADA,Subsecretaría de Programación Macroeconómica,Instituto Nacional de Estadística y Censos (INDEC),Precios
97.2_IE_2008_M_17,ipc_esparcimiento,IPC Esparcimiento. Base Abril 2008. Mensual,R/P1M,1993-01-01,2013-12-01,Índice abr-2008=100,Índice de Precios al Consumidor GBA (IPC-GBA). Base abril 2008. SERIE DISCONTINUADA,Subsecretaría de Programación Macroeconómica,Instituto Nacional de Estadística y Censos (INDEC),Precios
97.2_II_2008_M_16,ipc_indumentaria,IPC Indumentaria. Base Abril 2008. Mensual,R/P1M,1993-01-01,2013-12-01,Índice abr-2008=100,Índice de Precios al Consumidor GBA (IPC-GBA). Base abril 2008. SERIE DISCONTINUADA,Subsecretaría de Programación Macroeconómica,Instituto Nacional de Estadística y Censos (INDEC),Precios
97.2_ING_2008_M_17,ipc_nivel_general,IPC Nivel General. Base Abril 2008. Mensual,R/P1M,1993-01-01,2013-12-01,Índice abr-2008=100,Índice de Precios al Consumidor GBA (IPC-GBA). Base abril 2008. SERIE DISCONTINUADA,Subsecretaría de Programación Macroeconómica,Instituto Nacional de Estadística y Censos (INDEC),Precios
97.2_ITC_2008_M_29,ipc_transporte_comunicaciones,IPC Transporte y comunicaciones. Base Abril 2008. Mensual,R/P1M,1993-01-01,2013-12-01,Índice abr-2008=100,Índice de Precios al Consumidor GBA (IPC-GBA). Base abril 2008. SERIE DISCONTINUADA,Subsecretaría de Programación Macroeconómica,Instituto Nacional de Estadística y Censos (INDEC),Precios
97.2_IV_2008_M_12,ipc_vivienda,IPC Vivienda. Base Abril 2008. Mensual,R/P1M,1993-01-01,2013-12-01,Índice abr-2008=100,Índice de Precios al Consumidor GBA (IPC-GBA). Base abril 2008. SERIE DISCONTINUADA,Subsecretaría de Programación Macroeconómica,Instituto Nacional de Estadística y Censos (INDEC),Precios
98.2_INAB_102_0_24,ipc_nu_alimentos_bebidas,Índice de Precios al Consumidor. Alimentos y bebidas. Base 10/2013 - 9/2014. Trimestral,R/P3M,2014-01-01,2015-07-01,Índice oct-13/sep-14=100,Índice de Precios al Consumidor Nacional Urbano (IPC-NU). Base 10/2013 - 9/2014. SERIE DISCONTINUADA,Subsecretaría de Programación Macroeconómica,Instituto Nacional de Estadística y Censos (INDEC),Precios
98.2_INAMS_102_0_28,ipc_nu_atencion_medica_salud,Índice de Precios al Consumidor. Atensión médica y salud. Base 10/2013 - 9/2014. Trimestral,R/P3M,2014-01-01,2015-07-01,Índice oct-13/sep-14=100,Índice de Precios al Consumidor Nacional Urbano (IPC-NU). Base 10/2013 - 9/2014. SERIE DISCONTINUADA,Subsecretaría de Programación Macroeconómica,Instituto Nacional de Estadística y Censos (INDEC),Precios
98.2_INBSV_102_0_30,ipc_nu_bienes_servicios_varios,Índice de Precios al Consumidor. Servicios varios. Base 10/2013 - 9/2014. Trimestral,R/P3M,2014-01-01,2015-07-01,Índice oct-13/sep-14=100,Índice de Precios al Consumidor Nacional Urbano (IPC-NU). Base 10/2013 - 9/2014. SERIE DISCONTINUADA,Subsecretaría de Programación Macroeconómica,Instituto Nacional de Estadística y Censos (INDEC),Precios
98.2_INEDH_102_0_29,ipc_nu_equipamiento_del_hogar,Índice de Precios al Consumidor. Equipamiento del hogar. Base 10/2013 - 9/2014. Trimestral,R/P3M,2014-01-01,2015-07-01,Índice oct-13/sep-14=100,Índice de Precios al Consumidor Nacional Urbano (IPC-NU). Base 10/2013 - 9/2014. SERIE DISCONTINUADA,Subsecretaría de Programación Macroeconómica,Instituto Nacional de Estadística y Censos (INDEC),Precios
98.2_INE_102_0_16,ipc_nu_educacion,Índice de Precios al Consumidor. Educación. Base 10/2013 - 9/2014. Trimestral,R/P3M,2014-01-01,2015-07-01,Índice oct-13/sep-14=100,Índice de Precios al Consumidor Nacional Urbano (IPC-NU). Base 10/2013 - 9/2014. SERIE DISCONTINUADA,Subsecretaría de Programación Macroeconómica,Instituto Nacional de Estadística y Censos (INDEC),Precios
98.2_INE_102_0_20,ipc_nu_esparcimiento,Índice de Precios al Consumidor. Esparcimiento. Base 10/2013 - 9/2014. Trimestral,R/P3M,2014-01-01,2015-07-01,Índice oct-13/sep-14=100,Índice de Precios al Consumidor Nacional Urbano (IPC-NU). Base 10/2013 - 9/2014. SERIE DISCONTINUADA,Subsecretaría de Programación Macroeconómica,Instituto Nacional de Estadística y Censos (INDEC),Precios
98.2_INI_102_0_19,ipc_nu_indumentaria,Índice de Precios al Consumidor. Indumentaria. Base 10/2013 - 9/2014. Trimestral,R/P3M,2014-01-01,2015-07-01,Índice oct-13/sep-14=100,Índice de Precios al Consumidor Nacional Urbano (IPC-NU). Base 10/2013 - 9/2014. SERIE DISCONTINUADA,Subsecretaría de Programación Macroeconómica,Instituto Nacional de Estadística y Censos (INDEC),Precios
98.2_INNG_102_0_20,ipc_nu_nivel_general,Índice de Precios al Consumidor. Nivel general. Base 10/2013 - 9/2014. Trimestral,R/P3M,2014-01-01,2015-07-01,Índice oct-13/sep-14=100,Índice de Precios al Consumidor Nacional Urbano (IPC-NU). Base 10/2013 - 9/2014. SERIE DISCONTINUADA,Subsecretaría de Programación Macroeconómica,Instituto Nacional de Estadística y Censos (INDEC),Precios
98.2_INTC_102_0_32,ipc_nu_transporte_comunicaciones,Índice de Precios al Consumidor. Transporte y comunicaciones. Base 10/2013 - 9/2014. Trimestral,R/P3M,2014-01-01,2015-07-01,Índice oct-13/sep-14=100,Índice de Precios al Consumidor Nacional Urbano (IPC-NU). Base 10/2013 - 9/2014. SERIE DISCONTINUADA,Subsecretaría de Programación Macroeconómica,Instituto Nacional de Estadística y Censos (INDEC),Precios
98.2_INV_102_0_15,ipc_nu_vivienda,Índice de Precios al Consumidor. Vivienda. Nivel general. Base 10/2013 - 9/2014. Trimestral,R/P3M,2014-01-01,2015-07-01,Índice oct-13/sep-14=100,Índice de Precios al Consumidor Nacional Urbano (IPC-NU). Base 10/2013 - 9/2014. SERIE DISCONTINUADA,Subsecretaría de Programación Macroeconómica,Instituto Nacional de Estadística y Censos (INDEC),Precios
98.3_INAB_2013_0_24,ipc_nu_alimentos_bebidas,Índice de Precios al Consumidor. Alimentos y bebidas. Base 10/2013 - 9/2014. Mensual,R/P1M,2013-12-01,2015-10-01,Índice oct-13/sep-14=100,Índice de Precios al Consumidor Nacional Urbano (IPC-NU). Base 10/2013 - 9/2014. SERIE DISCONTINUADA,Subsecretaría de Programación Macroeconómica,Instituto Nacional de Estadística y Censos (INDEC),Precios
98.3_INAMS_2013_0_28,ipc_nu_atencion_medica_salud,Índice de Precios al Consumidor. Atensión médica y salud. Base 10/2013 - 9/2014. Mensual,R/P1M,2013-12-01,2015-10-01,Índice oct-13/sep-14=100,Índice de Precios al Consumidor Nacional Urbano (IPC-NU). Base 10/2013 - 9/2014. SERIE DISCONTINUADA,Subsecretaría de Programación Macroeconómica,Instituto Nacional de Estadística y Censos (INDEC),Precios
98.3_INBSV_2013_0_30,ipc_nu_bienes_servicios_varios,Índice de Precios al Consumidor. Servicios varios. Base 10/2013 - 9/2014. Mensual,R/P1M,2013-12-01,2015-10-01,Índice oct-13/sep-14=100,Índice de Precios al Consumidor Nacional Urbano (IPC-NU). Base 10/2013 - 9/2014. SERIE DISCONTINUADA,Subsecretaría de Programación Macroeconómica,Instituto Nacional de Estadística y Censos (INDEC),Precios
98.3_INEDH_2013_0_29,ipc_nu_equipamiento_del_hogar,Índice de Precios al Consumidor. Equipamiento del hogar. Base 10/2013 - 9/2014. Mensual,R/P1M,2013-12-01,2015-10-01,Índice oct-13/sep-14=100,Índice de Precios al Consumidor Nacional Urbano (IPC-NU). Base 10/2013 - 9/2014. SERIE DISCONTINUADA,Subsecretaría de Programación Macroeconómica,Instituto Nacional de Estadística y Censos (INDEC),Precios
98.3_INE_2013_0_16,ipc_nu_educacion,Índice de Precios al Consumidor. Educación. Base 10/2013 - 9/2014. Mensual,R/P1M,2013-12-01,2015-10-01,Índice oct-13/sep-14=100,Índice de Precios al Consumidor Nacional Urbano (IPC-NU). Base 10/2013 - 9/2014. SERIE DISCONTINUADA,Subsecretaría de Programación Macroeconómica,Instituto Nacional de Estadística y Censos (INDEC),Precios
98.3_INE_2013_0_20,ipc_nu_esparcimiento,Índice de Precios al Consumidor. Esparcimiento. Base 10/2013 - 9/2014. Mensual,R/P1M,2013-12-01,2015-10-01,Índice oct-13/sep-14=100,Índice de Precios al Consumidor Nacional Urbano (IPC-NU). Base 10/2013 - 9/2014. SERIE DISCONTINUADA,Subsecretaría de Programación Macroeconómica,Instituto Nacional de Estadística y Censos (INDEC),Precios
98.3_INI_2013_0_19,ipc_nu_indumentaria,Índice de Precios al Consumidor. Indumentaria. Base 10/2013 - 9/2014. Mensual,R/P1M,2013-12-01,2015-10-01,Índice oct-13/sep-14=100,Índice de Precios al Consumidor Nacional Urbano (IPC-NU). Base 10/2013 - 9/2014. SERIE DISCONTINUADA,Subsecretaría de Programación Macroeconómica,Instituto Nacional de Estadística y Censos (INDEC),Precios
98.3_INNG_2013_0_20,ipc_nu_nivel_general,Índice de Precios al Consumidor. Nivel general. Base 10/2013 - 9/2014. Mensual,R/P1M,2013-12-01,2015-10-01,Índice oct-13/sep-14=100,Índice de Precios al Consumidor Nacional Urbano (IPC-NU). Base 10/2013 - 9/2014. SERIE DISCONTINUADA,Subsecretaría de Programación Macroeconómica,Instituto Nacional de Estadística y Censos (INDEC),Precios
98.3_INTC_2013_0_32,ipc_nu_transporte_comunicaciones,Índice de Precios al Consumidor. Transporte y comunicaciones. Base 10/2013 - 9/2014. Mensual,R/P1M,2013-12-01,2015-10-01,Índice oct-13/sep-14=100,Índice de Precios al Consumidor Nacional Urbano (IPC-NU). Base 10/2013 - 9/2014. SERIE DISCONTINUADA,Subsecretaría de Programación Macroeconómica,Instituto Nacional de Estadística y Censos (INDEC),Precios
98.3_INV_2013_0_15,ipc_nu_vivienda,Índice de Precios al Consumidor. Vivienda. Nivel general. Base 10/2013 - 9/2014. Mensual,R/P1M,2013-12-01,2015-10-01,Índice oct-13/sep-14=100,Índice de Precios al Consumidor Nacional Urbano (IPC-NU). Base 10/2013 - 9/2014. SERIE DISCONTINUADA,Subsecretaría de Programación Macroeconómica,Instituto Nacional de Estadística y Censos (INDEC),Precios
99.1_IE_2008_0_16,ipc_estacionales,Índice de precios al consumidor estacionales. Anual,R/P1Y,2007-01-01,2013-01-01,Índice abr-2008=100,Índice de Precios al Consumidor GBA (IPC-GBA). Base abril 2008. SERIE DISCONTINUADA,Subsecretaría de Programación Macroeconómica,Instituto Nacional de Estadística y Censos (INDEC),Precios
99.1_ING_2008_0_17,ipc_nivel_general,Índice de precios al consumidor nivel general. Anual,R/P1Y,2007-01-01,2013-01-01,Índice abr-2008=100,Índice de Precios al Consumidor GBA (IPC-GBA). Base abril 2008. SERIE DISCONTINUADA,Subsecretaría de Programación Macroeconómica,Instituto Nacional de Estadística y Censos (INDEC),Precios
99.1_IR_2008_0_13,ipc_regulados,Índice de precios al consumidor regulados. Anual,R/P1Y,2007-01-01,2013-01-01,Índice abr-2008=100,Índice de Precios al Consumidor GBA (IPC-GBA). Base abril 2008. SERIE DISCONTINUADA,Subsecretaría de Programación Macroeconómica,Instituto Nacional de Estadística y Censos (INDEC),Precios
99.1_IR_2008_0_9,ipc_resto,Índice de precios al consumidor IPC resto. Anual,R/P1Y,2007-01-01,2013-01-01,Índice abr-2008=100,Índice de Precios al Consumidor GBA (IPC-GBA). Base abril 2008. SERIE DISCONTINUADA,Subsecretaría de Programación Macroeconómica,Instituto Nacional de Estadística y Censos (INDEC),Precios
99.1_PREIR_2008_0_40,precios_relativos_estacionales_ipc_resto,Índice de precios al consumidor precios relativos estacionales/ipc resto. Anual,R/P1Y,2007-01-01,2013-01-01,Índice abr-2008=100,Índice de Precios al Consumidor GBA (IPC-GBA). Base abril 2008. SERIE DISCONTINUADA,Subsecretaría de Programación Macroeconómica,Instituto Nacional de Estadística y Censos (INDEC),Precios
99.1_PRRIR_2008_0_37,precios_relativos_regulados_ipc_resto,Índice de precios al consumidor precios relativos regulados/ipc resto. Anual,R/P1Y,2007-01-01,2013-01-01,,Índice de Precios al Consumidor GBA (IPC-GBA). Base abril 2008. SERIE DISCONTINUADA,Subsecretaría de Programación Macroeconómica,Instituto Nacional de Estadística y Censos (INDEC),Precios
99.2_IE_2008_0_16,ipc_estacionales,Índice de precios al consumidor estacionales. Trimestral,R/P3M,2007-01-01,2013-10-01,Índice abr-2008=100,Índice de Precios al Consumidor GBA (IPC-GBA). Base abril 2008. SERIE DISCONTINUADA,Subsecretaría de Programación Macroeconómica,Instituto Nacional de Estadística y Censos (INDEC),Precios
99.2_ING_2008_0_17,ipc_nivel_general,Índice de precios al consumidor nivel general. Trimestral,R/P3M,2007-01-01,2013-10-01,Índice abr-2008=100,Índice de Precios al Consumidor GBA (IPC-GBA). Base abril 2008. SERIE DISCONTINUADA,Subsecretaría de Programación Macroeconómica,Instituto Nacional de Estadística y Censos (INDEC),Precios
99.2_IR_2008_0_13,ipc_regulados,Índice de precios al consumidor regulados. Trimestral,R/P3M,2007-01-01,2013-10-01,Índice abr-2008=100,Índice de Precios al Consumidor GBA (IPC-GBA). Base abril 2008. SERIE DISCONTINUADA,Subsecretaría de Programación Macroeconómica,Instituto Nacional de Estadística y Censos (INDEC),Precios
99.2_IR_2008_0_9,ipc_resto,Índice de precios al consumidor IPC resto. Trimestral,R/P3M,2007-01-01,2013-10-01,Índice abr-2008=100,Índice de Precios al Consumidor GBA (IPC-GBA). Base abril 2008. SERIE DISCONTINUADA,Subsecretaría de Programación Macroeconómica,Instituto Nacional de Estadística y Censos (INDEC),Precios
99.2_PREIR_2008_0_40,precios_relativos_estacionales_ipc_resto,Índice de precios al consumidor precios relativos estacionales/ipc resto. Trimestral,R/P3M,2007-01-01,2013-10-01,Índice abr-2008=100,Índice de Precios al Consumidor GBA (IPC-GBA). Base abril 2008. SERIE DISCONTINUADA,Subsecretaría de Programación Macroeconómica,Instituto Nacional de Estadística y Censos (INDEC),Precios
99.2_PRRIR_2008_0_37,precios_relativos_regulados_ipc_resto,Índice de precios al consumidor precios relativos regulados/ipc resto. Trimestral,R/P3M,2007-01-01,2013-10-01,Índice abr-2008=100,Índice de Precios al Consumidor GBA (IPC-GBA). Base abril 2008. SERIE DISCONTINUADA,Subsecretaría de Programación Macroeconómica,Instituto Nacional de Estadística y Censos (INDEC),Precios
99.3_IE_2008_0_16,ipc_estacionales,Índice de precios al consumidor estacionales. Mensual,R/P1M,2006-12-01,2013-12-01,Índice abr-2008=100,Índice de Precios al Consumidor GBA (IPC-GBA). Base abril 2008. SERIE DISCONTINUADA,Subsecretaría de Programación Macroeconómica,Instituto Nacional de Estadística y Censos (INDEC),Precios
99.3_ING_2008_0_17,ipc_nivel_general,Índice de precios al consumidor nivel general. Mensual,R/P1M,2006-12-01,2013-12-01,Índice abr-2008=100,Índice de Precios al Consumidor GBA (IPC-GBA). Base abril 2008. SERIE DISCONTINUADA,Subsecretaría de Programación Macroeconómica,Instituto Nacional de Estadística y Censos (INDEC),Precios
99.3_IR_2008_0_13,ipc_regulados,Índice de precios al consumidor regulados. Mensual,R/P1M,2006-12-01,2013-12-01,Índice abr-2008=100,Índice de Precios al Consumidor GBA (IPC-GBA). Base abril 2008. SERIE DISCONTINUADA,Subsecretaría de Programación Macroeconómica,Instituto Nacional de Estadística y Censos (INDEC),Precios
99.3_IR_2008_0_9,ipc_resto,Índice de precios al consumidor IPC resto. Mensual,R/P1M,2006-12-01,2013-12-01,Índice abr-2008=100,Índice de Precios al Consumidor GBA (IPC-GBA). Base abril 2008. SERIE DISCONTINUADA,Subsecretaría de Programación Macroeconómica,Instituto Nacional de Estadística y Censos (INDEC),Precios
99.3_PREIR_2008_0_40,precios_relativos_estacionales_ipc_resto,Índice de precios al consumidor precios relativos estacionales/ipc resto. Mensual,R/P1M,2006-12-01,2013-12-01,Índice abr-2008=100,Índice de Precios al Consumidor GBA (IPC-GBA). Base abril 2008. SERIE DISCONTINUADA,Subsecretaría de Programación Macroeconómica,Instituto Nacional de Estadística y Censos (INDEC),Precios
99.3_PRRIR_2008_0_37,precios_relativos_regulados_ipc_resto,Índice de precios al consumidor precios relativos regulados/ipc resto. Mensual,R/P1M,2006-12-01,2013-12-01,Índice abr-2008=100,Índice de Precios al Consumidor GBA (IPC-GBA). Base abril 2008. SERIE DISCONTINUADA,Subsecretaría de Programación Macroeconómica,Instituto Nacional de Estadística y Censos (INDEC),Precios
